[
  {
    "Index": 9201,
    "ObjectId": "Obj9201",
    "Attribute1": "Attr1",
    "Attribute2": "Attr2",
    "Attribute3": "Attr3",
    "Transaction": 93
  },
  {
    "Index": 9202,
    "ObjectId": "Obj9202",
    "Attribute1": "Attr1",
    "Attribute2": "Attr2",
    "Attribute3": "Attr3",
    "Transaction": 93
  },
  {
    "Index": 9203,
    "ObjectId": "Obj9203",
    "Attribute1": "Attr1",
    "Attribute2": "Attr2",
    "Attribute3": "Attr3",
    "Transaction": 93
  },
  {
    "Index": 9204,
    "ObjectId": "Obj9204",
    "Attribute1": "Attr1",
    "Attribute2": "Attr2",
    "Attribute3": "Attr3",
    "Transaction": 93
  },
  {
    "Index": 9205,
    "ObjectId": "Obj9205",
    "Attribute1": "Attr1",
    "Attribute2": "Attr2",
    "Attribute3": "Attr3",
    "Transaction": 93
  },
  {
    "Index": 9206,
    "ObjectId": "Obj9206",
    "Attribute1": "Attr1",
    "Attribute2": "Attr2",
    "Attribute3": "Attr3",
    "Transaction": 93
  },
  {
    "Index": 9207,
    "ObjectId": "Obj9207",
    "Attribute1": "Attr1",
    "Attribute2": "Attr2",
    "Attribute3": "Attr3",
    "Transaction": 93
  },
  {
    "Index": 9208,
    "ObjectId": "Obj9208",
    "Attribute1": "Attr1",
    "Attribute2": "Attr2",
    "Attribute3": "Attr3",
    "Transaction": 93
  },
  {
    "Index": 9209,
    "ObjectId": "Obj9209",
    "Attribute1": "Attr1",
    "Attribute2": "Attr2",
    "Attribute3": "Attr3",
    "Transaction": 93
  },
  {
    "Index": 9210,
    "ObjectId": "Obj9210",
    "Attribute1": "Attr1",
    "Attribute2": "Attr2",
    "Attribute3": "Attr3",
    "Transaction": 93
  },
  {
    "Index": 9211,
    "ObjectId": "Obj9211",
    "Attribute1": "Attr1",
    "Attribute2": "Attr2",
    "Attribute3": "Attr3",
    "Transaction": 93
  },
  {
    "Index": 9212,
    "ObjectId": "Obj9212",
    "Attribute1": "Attr1",
    "Attribute2": "Attr2",
    "Attribute3": "Attr3",
    "Transaction": 93
  },
  {
    "Index": 9213,
    "ObjectId": "Obj9213",
    "Attribute1": "Attr1",
    "Attribute2": "Attr2",
    "Attribute3": "Attr3",
    "Transaction": 93
  },
  {
    "Index": 9214,
    "ObjectId": "Obj9214",
    "Attribute1": "Attr1",
    "Attribute2": "Attr2",
    "Attribute3": "Attr3",
    "Transaction": 93
  },
  {
    "Index": 9215,
    "ObjectId": "Obj9215",
    "Attribute1": "Attr1",
    "Attribute2": "Attr2",
    "Attribute3": "Attr3",
    "Transaction": 93
  },
  {
    "Index": 9216,
    "ObjectId": "Obj9216",
    "Attribute1": "Attr1",
    "Attribute2": "Attr2",
    "Attribute3": "Attr3",
    "Transaction": 93
  },
  {
    "Index": 9217,
    "ObjectId": "Obj9217",
    "Attribute1": "Attr1",
    "Attribute2": "Attr2",
    "Attribute3": "Attr3",
    "Transaction": 93
  },
  {
    "Index": 9218,
    "ObjectId": "Obj9218",
    "Attribute1": "Attr1",
    "Attribute2": "Attr2",
    "Attribute3": "Attr3",
    "Transaction": 93
  },
  {
    "Index": 9219,
    "ObjectId": "Obj9219",
    "Attribute1": "Attr1",
    "Attribute2": "Attr2",
    "Attribute3": "Attr3",
    "Transaction": 93
  },
  {
    "Index": 9220,
    "ObjectId": "Obj9220",
    "Attribute1": "Attr1",
    "Attribute2": "Attr2",
    "Attribute3": "Attr3",
    "Transaction": 93
  },
  {
    "Index": 9221,
    "ObjectId": "Obj9221",
    "Attribute1": "Attr1",
    "Attribute2": "Attr2",
    "Attribute3": "Attr3",
    "Transaction": 93
  },
  {
    "Index": 9222,
    "ObjectId": "Obj9222",
    "Attribute1": "Attr1",
    "Attribute2": "Attr2",
    "Attribute3": "Attr3",
    "Transaction": 93
  },
  {
    "Index": 9223,
    "ObjectId": "Obj9223",
    "Attribute1": "Attr1",
    "Attribute2": "Attr2",
    "Attribute3": "Attr3",
    "Transaction": 93
  },
  {
    "Index": 9224,
    "ObjectId": "Obj9224",
    "Attribute1": "Attr1",
    "Attribute2": "Attr2",
    "Attribute3": "Attr3",
    "Transaction": 93
  },
  {
    "Index": 9225,
    "ObjectId": "Obj9225",
    "Attribute1": "Attr1",
    "Attribute2": "Attr2",
    "Attribute3": "Attr3",
    "Transaction": 93
  },
  {
    "Index": 9226,
    "ObjectId": "Obj9226",
    "Attribute1": "Attr1",
    "Attribute2": "Attr2",
    "Attribute3": "Attr3",
    "Transaction": 93
  },
  {
    "Index": 9227,
    "ObjectId": "Obj9227",
    "Attribute1": "Attr1",
    "Attribute2": "Attr2",
    "Attribute3": "Attr3",
    "Transaction": 93
  },
  {
    "Index": 9228,
    "ObjectId": "Obj9228",
    "Attribute1": "Attr1",
    "Attribute2": "Attr2",
    "Attribute3": "Attr3",
    "Transaction": 93
  },
  {
    "Index": 9229,
    "ObjectId": "Obj9229",
    "Attribute1": "Attr1",
    "Attribute2": "Attr2",
    "Attribute3": "Attr3",
    "Transaction": 93
  },
  {
    "Index": 9230,
    "ObjectId": "Obj9230",
    "Attribute1": "Attr1",
    "Attribute2": "Attr2",
    "Attribute3": "Attr3",
    "Transaction": 93
  },
  {
    "Index": 9231,
    "ObjectId": "Obj9231",
    "Attribute1": "Attr1",
    "Attribute2": "Attr2",
    "Attribute3": "Attr3",
    "Transaction": 93
  },
  {
    "Index": 9232,
    "ObjectId": "Obj9232",
    "Attribute1": "Attr1",
    "Attribute2": "Attr2",
    "Attribute3": "Attr3",
    "Transaction": 93
  },
  {
    "Index": 9233,
    "ObjectId": "Obj9233",
    "Attribute1": "Attr1",
    "Attribute2": "Attr2",
    "Attribute3": "Attr3",
    "Transaction": 93
  },
  {
    "Index": 9234,
    "ObjectId": "Obj9234",
    "Attribute1": "Attr1",
    "Attribute2": "Attr2",
    "Attribute3": "Attr3",
    "Transaction": 93
  },
  {
    "Index": 9235,
    "ObjectId": "Obj9235",
    "Attribute1": "Attr1",
    "Attribute2": "Attr2",
    "Attribute3": "Attr3",
    "Transaction": 93
  },
  {
    "Index": 9236,
    "ObjectId": "Obj9236",
    "Attribute1": "Attr1",
    "Attribute2": "Attr2",
    "Attribute3": "Attr3",
    "Transaction": 93
  },
  {
    "Index": 9237,
    "ObjectId": "Obj9237",
    "Attribute1": "Attr1",
    "Attribute2": "Attr2",
    "Attribute3": "Attr3",
    "Transaction": 93
  },
  {
    "Index": 9238,
    "ObjectId": "Obj9238",
    "Attribute1": "Attr1",
    "Attribute2": "Attr2",
    "Attribute3": "Attr3",
    "Transaction": 93
  },
  {
    "Index": 9239,
    "ObjectId": "Obj9239",
    "Attribute1": "Attr1",
    "Attribute2": "Attr2",
    "Attribute3": "Attr3",
    "Transaction": 93
  },
  {
    "Index": 9240,
    "ObjectId": "Obj9240",
    "Attribute1": "Attr1",
    "Attribute2": "Attr2",
    "Attribute3": "Attr3",
    "Transaction": 93
  },
  {
    "Index": 9241,
    "ObjectId": "Obj9241",
    "Attribute1": "Attr1",
    "Attribute2": "Attr2",
    "Attribute3": "Attr3",
    "Transaction": 93
  },
  {
    "Index": 9242,
    "ObjectId": "Obj9242",
    "Attribute1": "Attr1",
    "Attribute2": "Attr2",
    "Attribute3": "Attr3",
    "Transaction": 93
  },
  {
    "Index": 9243,
    "ObjectId": "Obj9243",
    "Attribute1": "Attr1",
    "Attribute2": "Attr2",
    "Attribute3": "Attr3",
    "Transaction": 93
  },
  {
    "Index": 9244,
    "ObjectId": "Obj9244",
    "Attribute1": "Attr1",
    "Attribute2": "Attr2",
    "Attribute3": "Attr3",
    "Transaction": 93
  },
  {
    "Index": 9245,
    "ObjectId": "Obj9245",
    "Attribute1": "Attr1",
    "Attribute2": "Attr2",
    "Attribute3": "Attr3",
    "Transaction": 93
  },
  {
    "Index": 9246,
    "ObjectId": "Obj9246",
    "Attribute1": "Attr1",
    "Attribute2": "Attr2",
    "Attribute3": "Attr3",
    "Transaction": 93
  },
  {
    "Index": 9247,
    "ObjectId": "Obj9247",
    "Attribute1": "Attr1",
    "Attribute2": "Attr2",
    "Attribute3": "Attr3",
    "Transaction": 93
  },
  {
    "Index": 9248,
    "ObjectId": "Obj9248",
    "Attribute1": "Attr1",
    "Attribute2": "Attr2",
    "Attribute3": "Attr3",
    "Transaction": 93
  },
  {
    "Index": 9249,
    "ObjectId": "Obj9249",
    "Attribute1": "Attr1",
    "Attribute2": "Attr2",
    "Attribute3": "Attr3",
    "Transaction": 93
  },
  {
    "Index": 9250,
    "ObjectId": "Obj9250",
    "Attribute1": "Attr1",
    "Attribute2": "Attr2",
    "Attribute3": "Attr3",
    "Transaction": 93
  },
  {
    "Index": 9251,
    "ObjectId": "Obj9251",
    "Attribute1": "Attr1",
    "Attribute2": "Attr2",
    "Attribute3": "Attr3",
    "Transaction": 93
  },
  {
    "Index": 9252,
    "ObjectId": "Obj9252",
    "Attribute1": "Attr1",
    "Attribute2": "Attr2",
    "Attribute3": "Attr3",
    "Transaction": 93
  },
  {
    "Index": 9253,
    "ObjectId": "Obj9253",
    "Attribute1": "Attr1",
    "Attribute2": "Attr2",
    "Attribute3": "Attr3",
    "Transaction": 93
  },
  {
    "Index": 9254,
    "ObjectId": "Obj9254",
    "Attribute1": "Attr1",
    "Attribute2": "Attr2",
    "Attribute3": "Attr3",
    "Transaction": 93
  },
  {
    "Index": 9255,
    "ObjectId": "Obj9255",
    "Attribute1": "Attr1",
    "Attribute2": "Attr2",
    "Attribute3": "Attr3",
    "Transaction": 93
  },
  {
    "Index": 9256,
    "ObjectId": "Obj9256",
    "Attribute1": "Attr1",
    "Attribute2": "Attr2",
    "Attribute3": "Attr3",
    "Transaction": 93
  },
  {
    "Index": 9257,
    "ObjectId": "Obj9257",
    "Attribute1": "Attr1",
    "Attribute2": "Attr2",
    "Attribute3": "Attr3",
    "Transaction": 93
  },
  {
    "Index": 9258,
    "ObjectId": "Obj9258",
    "Attribute1": "Attr1",
    "Attribute2": "Attr2",
    "Attribute3": "Attr3",
    "Transaction": 93
  },
  {
    "Index": 9259,
    "ObjectId": "Obj9259",
    "Attribute1": "Attr1",
    "Attribute2": "Attr2",
    "Attribute3": "Attr3",
    "Transaction": 93
  },
  {
    "Index": 9260,
    "ObjectId": "Obj9260",
    "Attribute1": "Attr1",
    "Attribute2": "Attr2",
    "Attribute3": "Attr3",
    "Transaction": 93
  },
  {
    "Index": 9261,
    "ObjectId": "Obj9261",
    "Attribute1": "Attr1",
    "Attribute2": "Attr2",
    "Attribute3": "Attr3",
    "Transaction": 93
  },
  {
    "Index": 9262,
    "ObjectId": "Obj9262",
    "Attribute1": "Attr1",
    "Attribute2": "Attr2",
    "Attribute3": "Attr3",
    "Transaction": 93
  },
  {
    "Index": 9263,
    "ObjectId": "Obj9263",
    "Attribute1": "Attr1",
    "Attribute2": "Attr2",
    "Attribute3": "Attr3",
    "Transaction": 93
  },
  {
    "Index": 9264,
    "ObjectId": "Obj9264",
    "Attribute1": "Attr1",
    "Attribute2": "Attr2",
    "Attribute3": "Attr3",
    "Transaction": 93
  },
  {
    "Index": 9265,
    "ObjectId": "Obj9265",
    "Attribute1": "Attr1",
    "Attribute2": "Attr2",
    "Attribute3": "Attr3",
    "Transaction": 93
  },
  {
    "Index": 9266,
    "ObjectId": "Obj9266",
    "Attribute1": "Attr1",
    "Attribute2": "Attr2",
    "Attribute3": "Attr3",
    "Transaction": 93
  },
  {
    "Index": 9267,
    "ObjectId": "Obj9267",
    "Attribute1": "Attr1",
    "Attribute2": "Attr2",
    "Attribute3": "Attr3",
    "Transaction": 93
  },
  {
    "Index": 9268,
    "ObjectId": "Obj9268",
    "Attribute1": "Attr1",
    "Attribute2": "Attr2",
    "Attribute3": "Attr3",
    "Transaction": 93
  },
  {
    "Index": 9269,
    "ObjectId": "Obj9269",
    "Attribute1": "Attr1",
    "Attribute2": "Attr2",
    "Attribute3": "Attr3",
    "Transaction": 93
  },
  {
    "Index": 9270,
    "ObjectId": "Obj9270",
    "Attribute1": "Attr1",
    "Attribute2": "Attr2",
    "Attribute3": "Attr3",
    "Transaction": 93
  },
  {
    "Index": 9271,
    "ObjectId": "Obj9271",
    "Attribute1": "Attr1",
    "Attribute2": "Attr2",
    "Attribute3": "Attr3",
    "Transaction": 93
  },
  {
    "Index": 9272,
    "ObjectId": "Obj9272",
    "Attribute1": "Attr1",
    "Attribute2": "Attr2",
    "Attribute3": "Attr3",
    "Transaction": 93
  },
  {
    "Index": 9273,
    "ObjectId": "Obj9273",
    "Attribute1": "Attr1",
    "Attribute2": "Attr2",
    "Attribute3": "Attr3",
    "Transaction": 93
  },
  {
    "Index": 9274,
    "ObjectId": "Obj9274",
    "Attribute1": "Attr1",
    "Attribute2": "Attr2",
    "Attribute3": "Attr3",
    "Transaction": 93
  },
  {
    "Index": 9275,
    "ObjectId": "Obj9275",
    "Attribute1": "Attr1",
    "Attribute2": "Attr2",
    "Attribute3": "Attr3",
    "Transaction": 93
  },
  {
    "Index": 9276,
    "ObjectId": "Obj9276",
    "Attribute1": "Attr1",
    "Attribute2": "Attr2",
    "Attribute3": "Attr3",
    "Transaction": 93
  },
  {
    "Index": 9277,
    "ObjectId": "Obj9277",
    "Attribute1": "Attr1",
    "Attribute2": "Attr2",
    "Attribute3": "Attr3",
    "Transaction": 93
  },
  {
    "Index": 9278,
    "ObjectId": "Obj9278",
    "Attribute1": "Attr1",
    "Attribute2": "Attr2",
    "Attribute3": "Attr3",
    "Transaction": 93
  },
  {
    "Index": 9279,
    "ObjectId": "Obj9279",
    "Attribute1": "Attr1",
    "Attribute2": "Attr2",
    "Attribute3": "Attr3",
    "Transaction": 93
  },
  {
    "Index": 9280,
    "ObjectId": "Obj9280",
    "Attribute1": "Attr1",
    "Attribute2": "Attr2",
    "Attribute3": "Attr3",
    "Transaction": 93
  },
  {
    "Index": 9281,
    "ObjectId": "Obj9281",
    "Attribute1": "Attr1",
    "Attribute2": "Attr2",
    "Attribute3": "Attr3",
    "Transaction": 93
  },
  {
    "Index": 9282,
    "ObjectId": "Obj9282",
    "Attribute1": "Attr1",
    "Attribute2": "Attr2",
    "Attribute3": "Attr3",
    "Transaction": 93
  },
  {
    "Index": 9283,
    "ObjectId": "Obj9283",
    "Attribute1": "Attr1",
    "Attribute2": "Attr2",
    "Attribute3": "Attr3",
    "Transaction": 93
  },
  {
    "Index": 9284,
    "ObjectId": "Obj9284",
    "Attribute1": "Attr1",
    "Attribute2": "Attr2",
    "Attribute3": "Attr3",
    "Transaction": 93
  },
  {
    "Index": 9285,
    "ObjectId": "Obj9285",
    "Attribute1": "Attr1",
    "Attribute2": "Attr2",
    "Attribute3": "Attr3",
    "Transaction": 93
  },
  {
    "Index": 9286,
    "ObjectId": "Obj9286",
    "Attribute1": "Attr1",
    "Attribute2": "Attr2",
    "Attribute3": "Attr3",
    "Transaction": 93
  },
  {
    "Index": 9287,
    "ObjectId": "Obj9287",
    "Attribute1": "Attr1",
    "Attribute2": "Attr2",
    "Attribute3": "Attr3",
    "Transaction": 93
  },
  {
    "Index": 9288,
    "ObjectId": "Obj9288",
    "Attribute1": "Attr1",
    "Attribute2": "Attr2",
    "Attribute3": "Attr3",
    "Transaction": 93
  },
  {
    "Index": 9289,
    "ObjectId": "Obj9289",
    "Attribute1": "Attr1",
    "Attribute2": "Attr2",
    "Attribute3": "Attr3",
    "Transaction": 93
  },
  {
    "Index": 9290,
    "ObjectId": "Obj9290",
    "Attribute1": "Attr1",
    "Attribute2": "Attr2",
    "Attribute3": "Attr3",
    "Transaction": 93
  },
  {
    "Index": 9291,
    "ObjectId": "Obj9291",
    "Attribute1": "Attr1",
    "Attribute2": "Attr2",
    "Attribute3": "Attr3",
    "Transaction": 93
  },
  {
    "Index": 9292,
    "ObjectId": "Obj9292",
    "Attribute1": "Attr1",
    "Attribute2": "Attr2",
    "Attribute3": "Attr3",
    "Transaction": 93
  },
  {
    "Index": 9293,
    "ObjectId": "Obj9293",
    "Attribute1": "Attr1",
    "Attribute2": "Attr2",
    "Attribute3": "Attr3",
    "Transaction": 93
  },
  {
    "Index": 9294,
    "ObjectId": "Obj9294",
    "Attribute1": "Attr1",
    "Attribute2": "Attr2",
    "Attribute3": "Attr3",
    "Transaction": 93
  },
  {
    "Index": 9295,
    "ObjectId": "Obj9295",
    "Attribute1": "Attr1",
    "Attribute2": "Attr2",
    "Attribute3": "Attr3",
    "Transaction": 93
  },
  {
    "Index": 9296,
    "ObjectId": "Obj9296",
    "Attribute1": "Attr1",
    "Attribute2": "Attr2",
    "Attribute3": "Attr3",
    "Transaction": 93
  },
  {
    "Index": 9297,
    "ObjectId": "Obj9297",
    "Attribute1": "Attr1",
    "Attribute2": "Attr2",
    "Attribute3": "Attr3",
    "Transaction": 93
  },
  {
    "Index": 9298,
    "ObjectId": "Obj9298",
    "Attribute1": "Attr1",
    "Attribute2": "Attr2",
    "Attribute3": "Attr3",
    "Transaction": 93
  },
  {
    "Index": 9299,
    "ObjectId": "Obj9299",
    "Attribute1": "Attr1",
    "Attribute2": "Attr2",
    "Attribute3": "Attr3",
    "Transaction": 93
  },
  {
    "Index": 9300,
    "ObjectId": "Obj9300",
    "Attribute1": "Attr1",
    "Attribute2": "Attr2",
    "Attribute3": "Attr3",
    "Transaction": 93
  }
]