[
  {
    "Index": 9001,
    "ObjectId": "Obj9001",
    "Attribute1": "Attr1",
    "Attribute2": "Attr2",
    "Attribute3": "Attr3",
    "Transaction": 91
  },
  {
    "Index": 9002,
    "ObjectId": "Obj9002",
    "Attribute1": "Attr1",
    "Attribute2": "Attr2",
    "Attribute3": "Attr3",
    "Transaction": 91
  },
  {
    "Index": 9003,
    "ObjectId": "Obj9003",
    "Attribute1": "Attr1",
    "Attribute2": "Attr2",
    "Attribute3": "Attr3",
    "Transaction": 91
  },
  {
    "Index": 9004,
    "ObjectId": "Obj9004",
    "Attribute1": "Attr1",
    "Attribute2": "Attr2",
    "Attribute3": "Attr3",
    "Transaction": 91
  },
  {
    "Index": 9005,
    "ObjectId": "Obj9005",
    "Attribute1": "Attr1",
    "Attribute2": "Attr2",
    "Attribute3": "Attr3",
    "Transaction": 91
  },
  {
    "Index": 9006,
    "ObjectId": "Obj9006",
    "Attribute1": "Attr1",
    "Attribute2": "Attr2",
    "Attribute3": "Attr3",
    "Transaction": 91
  },
  {
    "Index": 9007,
    "ObjectId": "Obj9007",
    "Attribute1": "Attr1",
    "Attribute2": "Attr2",
    "Attribute3": "Attr3",
    "Transaction": 91
  },
  {
    "Index": 9008,
    "ObjectId": "Obj9008",
    "Attribute1": "Attr1",
    "Attribute2": "Attr2",
    "Attribute3": "Attr3",
    "Transaction": 91
  },
  {
    "Index": 9009,
    "ObjectId": "Obj9009",
    "Attribute1": "Attr1",
    "Attribute2": "Attr2",
    "Attribute3": "Attr3",
    "Transaction": 91
  },
  {
    "Index": 9010,
    "ObjectId": "Obj9010",
    "Attribute1": "Attr1",
    "Attribute2": "Attr2",
    "Attribute3": "Attr3",
    "Transaction": 91
  },
  {
    "Index": 9011,
    "ObjectId": "Obj9011",
    "Attribute1": "Attr1",
    "Attribute2": "Attr2",
    "Attribute3": "Attr3",
    "Transaction": 91
  },
  {
    "Index": 9012,
    "ObjectId": "Obj9012",
    "Attribute1": "Attr1",
    "Attribute2": "Attr2",
    "Attribute3": "Attr3",
    "Transaction": 91
  },
  {
    "Index": 9013,
    "ObjectId": "Obj9013",
    "Attribute1": "Attr1",
    "Attribute2": "Attr2",
    "Attribute3": "Attr3",
    "Transaction": 91
  },
  {
    "Index": 9014,
    "ObjectId": "Obj9014",
    "Attribute1": "Attr1",
    "Attribute2": "Attr2",
    "Attribute3": "Attr3",
    "Transaction": 91
  },
  {
    "Index": 9015,
    "ObjectId": "Obj9015",
    "Attribute1": "Attr1",
    "Attribute2": "Attr2",
    "Attribute3": "Attr3",
    "Transaction": 91
  },
  {
    "Index": 9016,
    "ObjectId": "Obj9016",
    "Attribute1": "Attr1",
    "Attribute2": "Attr2",
    "Attribute3": "Attr3",
    "Transaction": 91
  },
  {
    "Index": 9017,
    "ObjectId": "Obj9017",
    "Attribute1": "Attr1",
    "Attribute2": "Attr2",
    "Attribute3": "Attr3",
    "Transaction": 91
  },
  {
    "Index": 9018,
    "ObjectId": "Obj9018",
    "Attribute1": "Attr1",
    "Attribute2": "Attr2",
    "Attribute3": "Attr3",
    "Transaction": 91
  },
  {
    "Index": 9019,
    "ObjectId": "Obj9019",
    "Attribute1": "Attr1",
    "Attribute2": "Attr2",
    "Attribute3": "Attr3",
    "Transaction": 91
  },
  {
    "Index": 9020,
    "ObjectId": "Obj9020",
    "Attribute1": "Attr1",
    "Attribute2": "Attr2",
    "Attribute3": "Attr3",
    "Transaction": 91
  },
  {
    "Index": 9021,
    "ObjectId": "Obj9021",
    "Attribute1": "Attr1",
    "Attribute2": "Attr2",
    "Attribute3": "Attr3",
    "Transaction": 91
  },
  {
    "Index": 9022,
    "ObjectId": "Obj9022",
    "Attribute1": "Attr1",
    "Attribute2": "Attr2",
    "Attribute3": "Attr3",
    "Transaction": 91
  },
  {
    "Index": 9023,
    "ObjectId": "Obj9023",
    "Attribute1": "Attr1",
    "Attribute2": "Attr2",
    "Attribute3": "Attr3",
    "Transaction": 91
  },
  {
    "Index": 9024,
    "ObjectId": "Obj9024",
    "Attribute1": "Attr1",
    "Attribute2": "Attr2",
    "Attribute3": "Attr3",
    "Transaction": 91
  },
  {
    "Index": 9025,
    "ObjectId": "Obj9025",
    "Attribute1": "Attr1",
    "Attribute2": "Attr2",
    "Attribute3": "Attr3",
    "Transaction": 91
  },
  {
    "Index": 9026,
    "ObjectId": "Obj9026",
    "Attribute1": "Attr1",
    "Attribute2": "Attr2",
    "Attribute3": "Attr3",
    "Transaction": 91
  },
  {
    "Index": 9027,
    "ObjectId": "Obj9027",
    "Attribute1": "Attr1",
    "Attribute2": "Attr2",
    "Attribute3": "Attr3",
    "Transaction": 91
  },
  {
    "Index": 9028,
    "ObjectId": "Obj9028",
    "Attribute1": "Attr1",
    "Attribute2": "Attr2",
    "Attribute3": "Attr3",
    "Transaction": 91
  },
  {
    "Index": 9029,
    "ObjectId": "Obj9029",
    "Attribute1": "Attr1",
    "Attribute2": "Attr2",
    "Attribute3": "Attr3",
    "Transaction": 91
  },
  {
    "Index": 9030,
    "ObjectId": "Obj9030",
    "Attribute1": "Attr1",
    "Attribute2": "Attr2",
    "Attribute3": "Attr3",
    "Transaction": 91
  },
  {
    "Index": 9031,
    "ObjectId": "Obj9031",
    "Attribute1": "Attr1",
    "Attribute2": "Attr2",
    "Attribute3": "Attr3",
    "Transaction": 91
  },
  {
    "Index": 9032,
    "ObjectId": "Obj9032",
    "Attribute1": "Attr1",
    "Attribute2": "Attr2",
    "Attribute3": "Attr3",
    "Transaction": 91
  },
  {
    "Index": 9033,
    "ObjectId": "Obj9033",
    "Attribute1": "Attr1",
    "Attribute2": "Attr2",
    "Attribute3": "Attr3",
    "Transaction": 91
  },
  {
    "Index": 9034,
    "ObjectId": "Obj9034",
    "Attribute1": "Attr1",
    "Attribute2": "Attr2",
    "Attribute3": "Attr3",
    "Transaction": 91
  },
  {
    "Index": 9035,
    "ObjectId": "Obj9035",
    "Attribute1": "Attr1",
    "Attribute2": "Attr2",
    "Attribute3": "Attr3",
    "Transaction": 91
  },
  {
    "Index": 9036,
    "ObjectId": "Obj9036",
    "Attribute1": "Attr1",
    "Attribute2": "Attr2",
    "Attribute3": "Attr3",
    "Transaction": 91
  },
  {
    "Index": 9037,
    "ObjectId": "Obj9037",
    "Attribute1": "Attr1",
    "Attribute2": "Attr2",
    "Attribute3": "Attr3",
    "Transaction": 91
  },
  {
    "Index": 9038,
    "ObjectId": "Obj9038",
    "Attribute1": "Attr1",
    "Attribute2": "Attr2",
    "Attribute3": "Attr3",
    "Transaction": 91
  },
  {
    "Index": 9039,
    "ObjectId": "Obj9039",
    "Attribute1": "Attr1",
    "Attribute2": "Attr2",
    "Attribute3": "Attr3",
    "Transaction": 91
  },
  {
    "Index": 9040,
    "ObjectId": "Obj9040",
    "Attribute1": "Attr1",
    "Attribute2": "Attr2",
    "Attribute3": "Attr3",
    "Transaction": 91
  },
  {
    "Index": 9041,
    "ObjectId": "Obj9041",
    "Attribute1": "Attr1",
    "Attribute2": "Attr2",
    "Attribute3": "Attr3",
    "Transaction": 91
  },
  {
    "Index": 9042,
    "ObjectId": "Obj9042",
    "Attribute1": "Attr1",
    "Attribute2": "Attr2",
    "Attribute3": "Attr3",
    "Transaction": 91
  },
  {
    "Index": 9043,
    "ObjectId": "Obj9043",
    "Attribute1": "Attr1",
    "Attribute2": "Attr2",
    "Attribute3": "Attr3",
    "Transaction": 91
  },
  {
    "Index": 9044,
    "ObjectId": "Obj9044",
    "Attribute1": "Attr1",
    "Attribute2": "Attr2",
    "Attribute3": "Attr3",
    "Transaction": 91
  },
  {
    "Index": 9045,
    "ObjectId": "Obj9045",
    "Attribute1": "Attr1",
    "Attribute2": "Attr2",
    "Attribute3": "Attr3",
    "Transaction": 91
  },
  {
    "Index": 9046,
    "ObjectId": "Obj9046",
    "Attribute1": "Attr1",
    "Attribute2": "Attr2",
    "Attribute3": "Attr3",
    "Transaction": 91
  },
  {
    "Index": 9047,
    "ObjectId": "Obj9047",
    "Attribute1": "Attr1",
    "Attribute2": "Attr2",
    "Attribute3": "Attr3",
    "Transaction": 91
  },
  {
    "Index": 9048,
    "ObjectId": "Obj9048",
    "Attribute1": "Attr1",
    "Attribute2": "Attr2",
    "Attribute3": "Attr3",
    "Transaction": 91
  },
  {
    "Index": 9049,
    "ObjectId": "Obj9049",
    "Attribute1": "Attr1",
    "Attribute2": "Attr2",
    "Attribute3": "Attr3",
    "Transaction": 91
  },
  {
    "Index": 9050,
    "ObjectId": "Obj9050",
    "Attribute1": "Attr1",
    "Attribute2": "Attr2",
    "Attribute3": "Attr3",
    "Transaction": 91
  },
  {
    "Index": 9051,
    "ObjectId": "Obj9051",
    "Attribute1": "Attr1",
    "Attribute2": "Attr2",
    "Attribute3": "Attr3",
    "Transaction": 91
  },
  {
    "Index": 9052,
    "ObjectId": "Obj9052",
    "Attribute1": "Attr1",
    "Attribute2": "Attr2",
    "Attribute3": "Attr3",
    "Transaction": 91
  },
  {
    "Index": 9053,
    "ObjectId": "Obj9053",
    "Attribute1": "Attr1",
    "Attribute2": "Attr2",
    "Attribute3": "Attr3",
    "Transaction": 91
  },
  {
    "Index": 9054,
    "ObjectId": "Obj9054",
    "Attribute1": "Attr1",
    "Attribute2": "Attr2",
    "Attribute3": "Attr3",
    "Transaction": 91
  },
  {
    "Index": 9055,
    "ObjectId": "Obj9055",
    "Attribute1": "Attr1",
    "Attribute2": "Attr2",
    "Attribute3": "Attr3",
    "Transaction": 91
  },
  {
    "Index": 9056,
    "ObjectId": "Obj9056",
    "Attribute1": "Attr1",
    "Attribute2": "Attr2",
    "Attribute3": "Attr3",
    "Transaction": 91
  },
  {
    "Index": 9057,
    "ObjectId": "Obj9057",
    "Attribute1": "Attr1",
    "Attribute2": "Attr2",
    "Attribute3": "Attr3",
    "Transaction": 91
  },
  {
    "Index": 9058,
    "ObjectId": "Obj9058",
    "Attribute1": "Attr1",
    "Attribute2": "Attr2",
    "Attribute3": "Attr3",
    "Transaction": 91
  },
  {
    "Index": 9059,
    "ObjectId": "Obj9059",
    "Attribute1": "Attr1",
    "Attribute2": "Attr2",
    "Attribute3": "Attr3",
    "Transaction": 91
  },
  {
    "Index": 9060,
    "ObjectId": "Obj9060",
    "Attribute1": "Attr1",
    "Attribute2": "Attr2",
    "Attribute3": "Attr3",
    "Transaction": 91
  },
  {
    "Index": 9061,
    "ObjectId": "Obj9061",
    "Attribute1": "Attr1",
    "Attribute2": "Attr2",
    "Attribute3": "Attr3",
    "Transaction": 91
  },
  {
    "Index": 9062,
    "ObjectId": "Obj9062",
    "Attribute1": "Attr1",
    "Attribute2": "Attr2",
    "Attribute3": "Attr3",
    "Transaction": 91
  },
  {
    "Index": 9063,
    "ObjectId": "Obj9063",
    "Attribute1": "Attr1",
    "Attribute2": "Attr2",
    "Attribute3": "Attr3",
    "Transaction": 91
  },
  {
    "Index": 9064,
    "ObjectId": "Obj9064",
    "Attribute1": "Attr1",
    "Attribute2": "Attr2",
    "Attribute3": "Attr3",
    "Transaction": 91
  },
  {
    "Index": 9065,
    "ObjectId": "Obj9065",
    "Attribute1": "Attr1",
    "Attribute2": "Attr2",
    "Attribute3": "Attr3",
    "Transaction": 91
  },
  {
    "Index": 9066,
    "ObjectId": "Obj9066",
    "Attribute1": "Attr1",
    "Attribute2": "Attr2",
    "Attribute3": "Attr3",
    "Transaction": 91
  },
  {
    "Index": 9067,
    "ObjectId": "Obj9067",
    "Attribute1": "Attr1",
    "Attribute2": "Attr2",
    "Attribute3": "Attr3",
    "Transaction": 91
  },
  {
    "Index": 9068,
    "ObjectId": "Obj9068",
    "Attribute1": "Attr1",
    "Attribute2": "Attr2",
    "Attribute3": "Attr3",
    "Transaction": 91
  },
  {
    "Index": 9069,
    "ObjectId": "Obj9069",
    "Attribute1": "Attr1",
    "Attribute2": "Attr2",
    "Attribute3": "Attr3",
    "Transaction": 91
  },
  {
    "Index": 9070,
    "ObjectId": "Obj9070",
    "Attribute1": "Attr1",
    "Attribute2": "Attr2",
    "Attribute3": "Attr3",
    "Transaction": 91
  },
  {
    "Index": 9071,
    "ObjectId": "Obj9071",
    "Attribute1": "Attr1",
    "Attribute2": "Attr2",
    "Attribute3": "Attr3",
    "Transaction": 91
  },
  {
    "Index": 9072,
    "ObjectId": "Obj9072",
    "Attribute1": "Attr1",
    "Attribute2": "Attr2",
    "Attribute3": "Attr3",
    "Transaction": 91
  },
  {
    "Index": 9073,
    "ObjectId": "Obj9073",
    "Attribute1": "Attr1",
    "Attribute2": "Attr2",
    "Attribute3": "Attr3",
    "Transaction": 91
  },
  {
    "Index": 9074,
    "ObjectId": "Obj9074",
    "Attribute1": "Attr1",
    "Attribute2": "Attr2",
    "Attribute3": "Attr3",
    "Transaction": 91
  },
  {
    "Index": 9075,
    "ObjectId": "Obj9075",
    "Attribute1": "Attr1",
    "Attribute2": "Attr2",
    "Attribute3": "Attr3",
    "Transaction": 91
  },
  {
    "Index": 9076,
    "ObjectId": "Obj9076",
    "Attribute1": "Attr1",
    "Attribute2": "Attr2",
    "Attribute3": "Attr3",
    "Transaction": 91
  },
  {
    "Index": 9077,
    "ObjectId": "Obj9077",
    "Attribute1": "Attr1",
    "Attribute2": "Attr2",
    "Attribute3": "Attr3",
    "Transaction": 91
  },
  {
    "Index": 9078,
    "ObjectId": "Obj9078",
    "Attribute1": "Attr1",
    "Attribute2": "Attr2",
    "Attribute3": "Attr3",
    "Transaction": 91
  },
  {
    "Index": 9079,
    "ObjectId": "Obj9079",
    "Attribute1": "Attr1",
    "Attribute2": "Attr2",
    "Attribute3": "Attr3",
    "Transaction": 91
  },
  {
    "Index": 9080,
    "ObjectId": "Obj9080",
    "Attribute1": "Attr1",
    "Attribute2": "Attr2",
    "Attribute3": "Attr3",
    "Transaction": 91
  },
  {
    "Index": 9081,
    "ObjectId": "Obj9081",
    "Attribute1": "Attr1",
    "Attribute2": "Attr2",
    "Attribute3": "Attr3",
    "Transaction": 91
  },
  {
    "Index": 9082,
    "ObjectId": "Obj9082",
    "Attribute1": "Attr1",
    "Attribute2": "Attr2",
    "Attribute3": "Attr3",
    "Transaction": 91
  },
  {
    "Index": 9083,
    "ObjectId": "Obj9083",
    "Attribute1": "Attr1",
    "Attribute2": "Attr2",
    "Attribute3": "Attr3",
    "Transaction": 91
  },
  {
    "Index": 9084,
    "ObjectId": "Obj9084",
    "Attribute1": "Attr1",
    "Attribute2": "Attr2",
    "Attribute3": "Attr3",
    "Transaction": 91
  },
  {
    "Index": 9085,
    "ObjectId": "Obj9085",
    "Attribute1": "Attr1",
    "Attribute2": "Attr2",
    "Attribute3": "Attr3",
    "Transaction": 91
  },
  {
    "Index": 9086,
    "ObjectId": "Obj9086",
    "Attribute1": "Attr1",
    "Attribute2": "Attr2",
    "Attribute3": "Attr3",
    "Transaction": 91
  },
  {
    "Index": 9087,
    "ObjectId": "Obj9087",
    "Attribute1": "Attr1",
    "Attribute2": "Attr2",
    "Attribute3": "Attr3",
    "Transaction": 91
  },
  {
    "Index": 9088,
    "ObjectId": "Obj9088",
    "Attribute1": "Attr1",
    "Attribute2": "Attr2",
    "Attribute3": "Attr3",
    "Transaction": 91
  },
  {
    "Index": 9089,
    "ObjectId": "Obj9089",
    "Attribute1": "Attr1",
    "Attribute2": "Attr2",
    "Attribute3": "Attr3",
    "Transaction": 91
  },
  {
    "Index": 9090,
    "ObjectId": "Obj9090",
    "Attribute1": "Attr1",
    "Attribute2": "Attr2",
    "Attribute3": "Attr3",
    "Transaction": 91
  },
  {
    "Index": 9091,
    "ObjectId": "Obj9091",
    "Attribute1": "Attr1",
    "Attribute2": "Attr2",
    "Attribute3": "Attr3",
    "Transaction": 91
  },
  {
    "Index": 9092,
    "ObjectId": "Obj9092",
    "Attribute1": "Attr1",
    "Attribute2": "Attr2",
    "Attribute3": "Attr3",
    "Transaction": 91
  },
  {
    "Index": 9093,
    "ObjectId": "Obj9093",
    "Attribute1": "Attr1",
    "Attribute2": "Attr2",
    "Attribute3": "Attr3",
    "Transaction": 91
  },
  {
    "Index": 9094,
    "ObjectId": "Obj9094",
    "Attribute1": "Attr1",
    "Attribute2": "Attr2",
    "Attribute3": "Attr3",
    "Transaction": 91
  },
  {
    "Index": 9095,
    "ObjectId": "Obj9095",
    "Attribute1": "Attr1",
    "Attribute2": "Attr2",
    "Attribute3": "Attr3",
    "Transaction": 91
  },
  {
    "Index": 9096,
    "ObjectId": "Obj9096",
    "Attribute1": "Attr1",
    "Attribute2": "Attr2",
    "Attribute3": "Attr3",
    "Transaction": 91
  },
  {
    "Index": 9097,
    "ObjectId": "Obj9097",
    "Attribute1": "Attr1",
    "Attribute2": "Attr2",
    "Attribute3": "Attr3",
    "Transaction": 91
  },
  {
    "Index": 9098,
    "ObjectId": "Obj9098",
    "Attribute1": "Attr1",
    "Attribute2": "Attr2",
    "Attribute3": "Attr3",
    "Transaction": 91
  },
  {
    "Index": 9099,
    "ObjectId": "Obj9099",
    "Attribute1": "Attr1",
    "Attribute2": "Attr2",
    "Attribute3": "Attr3",
    "Transaction": 91
  },
  {
    "Index": 9100,
    "ObjectId": "Obj9100",
    "Attribute1": "Attr1",
    "Attribute2": "Attr2",
    "Attribute3": "Attr3",
    "Transaction": 91
  }
]