[
  {
    "Index": 2801,
    "ObjectId": "Obj2801",
    "Attribute1": "Attr1",
    "Attribute2": "Attr2",
    "Attribute3": "Attr3",
    "Transaction": 29
  },
  {
    "Index": 2802,
    "ObjectId": "Obj2802",
    "Attribute1": "Attr1",
    "Attribute2": "Attr2",
    "Attribute3": "Attr3",
    "Transaction": 29
  },
  {
    "Index": 2803,
    "ObjectId": "Obj2803",
    "Attribute1": "Attr1",
    "Attribute2": "Attr2",
    "Attribute3": "Attr3",
    "Transaction": 29
  },
  {
    "Index": 2804,
    "ObjectId": "Obj2804",
    "Attribute1": "Attr1",
    "Attribute2": "Attr2",
    "Attribute3": "Attr3",
    "Transaction": 29
  },
  {
    "Index": 2805,
    "ObjectId": "Obj2805",
    "Attribute1": "Attr1",
    "Attribute2": "Attr2",
    "Attribute3": "Attr3",
    "Transaction": 29
  },
  {
    "Index": 2806,
    "ObjectId": "Obj2806",
    "Attribute1": "Attr1",
    "Attribute2": "Attr2",
    "Attribute3": "Attr3",
    "Transaction": 29
  },
  {
    "Index": 2807,
    "ObjectId": "Obj2807",
    "Attribute1": "Attr1",
    "Attribute2": "Attr2",
    "Attribute3": "Attr3",
    "Transaction": 29
  },
  {
    "Index": 2808,
    "ObjectId": "Obj2808",
    "Attribute1": "Attr1",
    "Attribute2": "Attr2",
    "Attribute3": "Attr3",
    "Transaction": 29
  },
  {
    "Index": 2809,
    "ObjectId": "Obj2809",
    "Attribute1": "Attr1",
    "Attribute2": "Attr2",
    "Attribute3": "Attr3",
    "Transaction": 29
  },
  {
    "Index": 2810,
    "ObjectId": "Obj2810",
    "Attribute1": "Attr1",
    "Attribute2": "Attr2",
    "Attribute3": "Attr3",
    "Transaction": 29
  },
  {
    "Index": 2811,
    "ObjectId": "Obj2811",
    "Attribute1": "Attr1",
    "Attribute2": "Attr2",
    "Attribute3": "Attr3",
    "Transaction": 29
  },
  {
    "Index": 2812,
    "ObjectId": "Obj2812",
    "Attribute1": "Attr1",
    "Attribute2": "Attr2",
    "Attribute3": "Attr3",
    "Transaction": 29
  },
  {
    "Index": 2813,
    "ObjectId": "Obj2813",
    "Attribute1": "Attr1",
    "Attribute2": "Attr2",
    "Attribute3": "Attr3",
    "Transaction": 29
  },
  {
    "Index": 2814,
    "ObjectId": "Obj2814",
    "Attribute1": "Attr1",
    "Attribute2": "Attr2",
    "Attribute3": "Attr3",
    "Transaction": 29
  },
  {
    "Index": 2815,
    "ObjectId": "Obj2815",
    "Attribute1": "Attr1",
    "Attribute2": "Attr2",
    "Attribute3": "Attr3",
    "Transaction": 29
  },
  {
    "Index": 2816,
    "ObjectId": "Obj2816",
    "Attribute1": "Attr1",
    "Attribute2": "Attr2",
    "Attribute3": "Attr3",
    "Transaction": 29
  },
  {
    "Index": 2817,
    "ObjectId": "Obj2817",
    "Attribute1": "Attr1",
    "Attribute2": "Attr2",
    "Attribute3": "Attr3",
    "Transaction": 29
  },
  {
    "Index": 2818,
    "ObjectId": "Obj2818",
    "Attribute1": "Attr1",
    "Attribute2": "Attr2",
    "Attribute3": "Attr3",
    "Transaction": 29
  },
  {
    "Index": 2819,
    "ObjectId": "Obj2819",
    "Attribute1": "Attr1",
    "Attribute2": "Attr2",
    "Attribute3": "Attr3",
    "Transaction": 29
  },
  {
    "Index": 2820,
    "ObjectId": "Obj2820",
    "Attribute1": "Attr1",
    "Attribute2": "Attr2",
    "Attribute3": "Attr3",
    "Transaction": 29
  },
  {
    "Index": 2821,
    "ObjectId": "Obj2821",
    "Attribute1": "Attr1",
    "Attribute2": "Attr2",
    "Attribute3": "Attr3",
    "Transaction": 29
  },
  {
    "Index": 2822,
    "ObjectId": "Obj2822",
    "Attribute1": "Attr1",
    "Attribute2": "Attr2",
    "Attribute3": "Attr3",
    "Transaction": 29
  },
  {
    "Index": 2823,
    "ObjectId": "Obj2823",
    "Attribute1": "Attr1",
    "Attribute2": "Attr2",
    "Attribute3": "Attr3",
    "Transaction": 29
  },
  {
    "Index": 2824,
    "ObjectId": "Obj2824",
    "Attribute1": "Attr1",
    "Attribute2": "Attr2",
    "Attribute3": "Attr3",
    "Transaction": 29
  },
  {
    "Index": 2825,
    "ObjectId": "Obj2825",
    "Attribute1": "Attr1",
    "Attribute2": "Attr2",
    "Attribute3": "Attr3",
    "Transaction": 29
  },
  {
    "Index": 2826,
    "ObjectId": "Obj2826",
    "Attribute1": "Attr1",
    "Attribute2": "Attr2",
    "Attribute3": "Attr3",
    "Transaction": 29
  },
  {
    "Index": 2827,
    "ObjectId": "Obj2827",
    "Attribute1": "Attr1",
    "Attribute2": "Attr2",
    "Attribute3": "Attr3",
    "Transaction": 29
  },
  {
    "Index": 2828,
    "ObjectId": "Obj2828",
    "Attribute1": "Attr1",
    "Attribute2": "Attr2",
    "Attribute3": "Attr3",
    "Transaction": 29
  },
  {
    "Index": 2829,
    "ObjectId": "Obj2829",
    "Attribute1": "Attr1",
    "Attribute2": "Attr2",
    "Attribute3": "Attr3",
    "Transaction": 29
  },
  {
    "Index": 2830,
    "ObjectId": "Obj2830",
    "Attribute1": "Attr1",
    "Attribute2": "Attr2",
    "Attribute3": "Attr3",
    "Transaction": 29
  },
  {
    "Index": 2831,
    "ObjectId": "Obj2831",
    "Attribute1": "Attr1",
    "Attribute2": "Attr2",
    "Attribute3": "Attr3",
    "Transaction": 29
  },
  {
    "Index": 2832,
    "ObjectId": "Obj2832",
    "Attribute1": "Attr1",
    "Attribute2": "Attr2",
    "Attribute3": "Attr3",
    "Transaction": 29
  },
  {
    "Index": 2833,
    "ObjectId": "Obj2833",
    "Attribute1": "Attr1",
    "Attribute2": "Attr2",
    "Attribute3": "Attr3",
    "Transaction": 29
  },
  {
    "Index": 2834,
    "ObjectId": "Obj2834",
    "Attribute1": "Attr1",
    "Attribute2": "Attr2",
    "Attribute3": "Attr3",
    "Transaction": 29
  },
  {
    "Index": 2835,
    "ObjectId": "Obj2835",
    "Attribute1": "Attr1",
    "Attribute2": "Attr2",
    "Attribute3": "Attr3",
    "Transaction": 29
  },
  {
    "Index": 2836,
    "ObjectId": "Obj2836",
    "Attribute1": "Attr1",
    "Attribute2": "Attr2",
    "Attribute3": "Attr3",
    "Transaction": 29
  },
  {
    "Index": 2837,
    "ObjectId": "Obj2837",
    "Attribute1": "Attr1",
    "Attribute2": "Attr2",
    "Attribute3": "Attr3",
    "Transaction": 29
  },
  {
    "Index": 2838,
    "ObjectId": "Obj2838",
    "Attribute1": "Attr1",
    "Attribute2": "Attr2",
    "Attribute3": "Attr3",
    "Transaction": 29
  },
  {
    "Index": 2839,
    "ObjectId": "Obj2839",
    "Attribute1": "Attr1",
    "Attribute2": "Attr2",
    "Attribute3": "Attr3",
    "Transaction": 29
  },
  {
    "Index": 2840,
    "ObjectId": "Obj2840",
    "Attribute1": "Attr1",
    "Attribute2": "Attr2",
    "Attribute3": "Attr3",
    "Transaction": 29
  },
  {
    "Index": 2841,
    "ObjectId": "Obj2841",
    "Attribute1": "Attr1",
    "Attribute2": "Attr2",
    "Attribute3": "Attr3",
    "Transaction": 29
  },
  {
    "Index": 2842,
    "ObjectId": "Obj2842",
    "Attribute1": "Attr1",
    "Attribute2": "Attr2",
    "Attribute3": "Attr3",
    "Transaction": 29
  },
  {
    "Index": 2843,
    "ObjectId": "Obj2843",
    "Attribute1": "Attr1",
    "Attribute2": "Attr2",
    "Attribute3": "Attr3",
    "Transaction": 29
  },
  {
    "Index": 2844,
    "ObjectId": "Obj2844",
    "Attribute1": "Attr1",
    "Attribute2": "Attr2",
    "Attribute3": "Attr3",
    "Transaction": 29
  },
  {
    "Index": 2845,
    "ObjectId": "Obj2845",
    "Attribute1": "Attr1",
    "Attribute2": "Attr2",
    "Attribute3": "Attr3",
    "Transaction": 29
  },
  {
    "Index": 2846,
    "ObjectId": "Obj2846",
    "Attribute1": "Attr1",
    "Attribute2": "Attr2",
    "Attribute3": "Attr3",
    "Transaction": 29
  },
  {
    "Index": 2847,
    "ObjectId": "Obj2847",
    "Attribute1": "Attr1",
    "Attribute2": "Attr2",
    "Attribute3": "Attr3",
    "Transaction": 29
  },
  {
    "Index": 2848,
    "ObjectId": "Obj2848",
    "Attribute1": "Attr1",
    "Attribute2": "Attr2",
    "Attribute3": "Attr3",
    "Transaction": 29
  },
  {
    "Index": 2849,
    "ObjectId": "Obj2849",
    "Attribute1": "Attr1",
    "Attribute2": "Attr2",
    "Attribute3": "Attr3",
    "Transaction": 29
  },
  {
    "Index": 2850,
    "ObjectId": "Obj2850",
    "Attribute1": "Attr1",
    "Attribute2": "Attr2",
    "Attribute3": "Attr3",
    "Transaction": 29
  },
  {
    "Index": 2851,
    "ObjectId": "Obj2851",
    "Attribute1": "Attr1",
    "Attribute2": "Attr2",
    "Attribute3": "Attr3",
    "Transaction": 29
  },
  {
    "Index": 2852,
    "ObjectId": "Obj2852",
    "Attribute1": "Attr1",
    "Attribute2": "Attr2",
    "Attribute3": "Attr3",
    "Transaction": 29
  },
  {
    "Index": 2853,
    "ObjectId": "Obj2853",
    "Attribute1": "Attr1",
    "Attribute2": "Attr2",
    "Attribute3": "Attr3",
    "Transaction": 29
  },
  {
    "Index": 2854,
    "ObjectId": "Obj2854",
    "Attribute1": "Attr1",
    "Attribute2": "Attr2",
    "Attribute3": "Attr3",
    "Transaction": 29
  },
  {
    "Index": 2855,
    "ObjectId": "Obj2855",
    "Attribute1": "Attr1",
    "Attribute2": "Attr2",
    "Attribute3": "Attr3",
    "Transaction": 29
  },
  {
    "Index": 2856,
    "ObjectId": "Obj2856",
    "Attribute1": "Attr1",
    "Attribute2": "Attr2",
    "Attribute3": "Attr3",
    "Transaction": 29
  },
  {
    "Index": 2857,
    "ObjectId": "Obj2857",
    "Attribute1": "Attr1",
    "Attribute2": "Attr2",
    "Attribute3": "Attr3",
    "Transaction": 29
  },
  {
    "Index": 2858,
    "ObjectId": "Obj2858",
    "Attribute1": "Attr1",
    "Attribute2": "Attr2",
    "Attribute3": "Attr3",
    "Transaction": 29
  },
  {
    "Index": 2859,
    "ObjectId": "Obj2859",
    "Attribute1": "Attr1",
    "Attribute2": "Attr2",
    "Attribute3": "Attr3",
    "Transaction": 29
  },
  {
    "Index": 2860,
    "ObjectId": "Obj2860",
    "Attribute1": "Attr1",
    "Attribute2": "Attr2",
    "Attribute3": "Attr3",
    "Transaction": 29
  },
  {
    "Index": 2861,
    "ObjectId": "Obj2861",
    "Attribute1": "Attr1",
    "Attribute2": "Attr2",
    "Attribute3": "Attr3",
    "Transaction": 29
  },
  {
    "Index": 2862,
    "ObjectId": "Obj2862",
    "Attribute1": "Attr1",
    "Attribute2": "Attr2",
    "Attribute3": "Attr3",
    "Transaction": 29
  },
  {
    "Index": 2863,
    "ObjectId": "Obj2863",
    "Attribute1": "Attr1",
    "Attribute2": "Attr2",
    "Attribute3": "Attr3",
    "Transaction": 29
  },
  {
    "Index": 2864,
    "ObjectId": "Obj2864",
    "Attribute1": "Attr1",
    "Attribute2": "Attr2",
    "Attribute3": "Attr3",
    "Transaction": 29
  },
  {
    "Index": 2865,
    "ObjectId": "Obj2865",
    "Attribute1": "Attr1",
    "Attribute2": "Attr2",
    "Attribute3": "Attr3",
    "Transaction": 29
  },
  {
    "Index": 2866,
    "ObjectId": "Obj2866",
    "Attribute1": "Attr1",
    "Attribute2": "Attr2",
    "Attribute3": "Attr3",
    "Transaction": 29
  },
  {
    "Index": 2867,
    "ObjectId": "Obj2867",
    "Attribute1": "Attr1",
    "Attribute2": "Attr2",
    "Attribute3": "Attr3",
    "Transaction": 29
  },
  {
    "Index": 2868,
    "ObjectId": "Obj2868",
    "Attribute1": "Attr1",
    "Attribute2": "Attr2",
    "Attribute3": "Attr3",
    "Transaction": 29
  },
  {
    "Index": 2869,
    "ObjectId": "Obj2869",
    "Attribute1": "Attr1",
    "Attribute2": "Attr2",
    "Attribute3": "Attr3",
    "Transaction": 29
  },
  {
    "Index": 2870,
    "ObjectId": "Obj2870",
    "Attribute1": "Attr1",
    "Attribute2": "Attr2",
    "Attribute3": "Attr3",
    "Transaction": 29
  },
  {
    "Index": 2871,
    "ObjectId": "Obj2871",
    "Attribute1": "Attr1",
    "Attribute2": "Attr2",
    "Attribute3": "Attr3",
    "Transaction": 29
  },
  {
    "Index": 2872,
    "ObjectId": "Obj2872",
    "Attribute1": "Attr1",
    "Attribute2": "Attr2",
    "Attribute3": "Attr3",
    "Transaction": 29
  },
  {
    "Index": 2873,
    "ObjectId": "Obj2873",
    "Attribute1": "Attr1",
    "Attribute2": "Attr2",
    "Attribute3": "Attr3",
    "Transaction": 29
  },
  {
    "Index": 2874,
    "ObjectId": "Obj2874",
    "Attribute1": "Attr1",
    "Attribute2": "Attr2",
    "Attribute3": "Attr3",
    "Transaction": 29
  },
  {
    "Index": 2875,
    "ObjectId": "Obj2875",
    "Attribute1": "Attr1",
    "Attribute2": "Attr2",
    "Attribute3": "Attr3",
    "Transaction": 29
  },
  {
    "Index": 2876,
    "ObjectId": "Obj2876",
    "Attribute1": "Attr1",
    "Attribute2": "Attr2",
    "Attribute3": "Attr3",
    "Transaction": 29
  },
  {
    "Index": 2877,
    "ObjectId": "Obj2877",
    "Attribute1": "Attr1",
    "Attribute2": "Attr2",
    "Attribute3": "Attr3",
    "Transaction": 29
  },
  {
    "Index": 2878,
    "ObjectId": "Obj2878",
    "Attribute1": "Attr1",
    "Attribute2": "Attr2",
    "Attribute3": "Attr3",
    "Transaction": 29
  },
  {
    "Index": 2879,
    "ObjectId": "Obj2879",
    "Attribute1": "Attr1",
    "Attribute2": "Attr2",
    "Attribute3": "Attr3",
    "Transaction": 29
  },
  {
    "Index": 2880,
    "ObjectId": "Obj2880",
    "Attribute1": "Attr1",
    "Attribute2": "Attr2",
    "Attribute3": "Attr3",
    "Transaction": 29
  },
  {
    "Index": 2881,
    "ObjectId": "Obj2881",
    "Attribute1": "Attr1",
    "Attribute2": "Attr2",
    "Attribute3": "Attr3",
    "Transaction": 29
  },
  {
    "Index": 2882,
    "ObjectId": "Obj2882",
    "Attribute1": "Attr1",
    "Attribute2": "Attr2",
    "Attribute3": "Attr3",
    "Transaction": 29
  },
  {
    "Index": 2883,
    "ObjectId": "Obj2883",
    "Attribute1": "Attr1",
    "Attribute2": "Attr2",
    "Attribute3": "Attr3",
    "Transaction": 29
  },
  {
    "Index": 2884,
    "ObjectId": "Obj2884",
    "Attribute1": "Attr1",
    "Attribute2": "Attr2",
    "Attribute3": "Attr3",
    "Transaction": 29
  },
  {
    "Index": 2885,
    "ObjectId": "Obj2885",
    "Attribute1": "Attr1",
    "Attribute2": "Attr2",
    "Attribute3": "Attr3",
    "Transaction": 29
  },
  {
    "Index": 2886,
    "ObjectId": "Obj2886",
    "Attribute1": "Attr1",
    "Attribute2": "Attr2",
    "Attribute3": "Attr3",
    "Transaction": 29
  },
  {
    "Index": 2887,
    "ObjectId": "Obj2887",
    "Attribute1": "Attr1",
    "Attribute2": "Attr2",
    "Attribute3": "Attr3",
    "Transaction": 29
  },
  {
    "Index": 2888,
    "ObjectId": "Obj2888",
    "Attribute1": "Attr1",
    "Attribute2": "Attr2",
    "Attribute3": "Attr3",
    "Transaction": 29
  },
  {
    "Index": 2889,
    "ObjectId": "Obj2889",
    "Attribute1": "Attr1",
    "Attribute2": "Attr2",
    "Attribute3": "Attr3",
    "Transaction": 29
  },
  {
    "Index": 2890,
    "ObjectId": "Obj2890",
    "Attribute1": "Attr1",
    "Attribute2": "Attr2",
    "Attribute3": "Attr3",
    "Transaction": 29
  },
  {
    "Index": 2891,
    "ObjectId": "Obj2891",
    "Attribute1": "Attr1",
    "Attribute2": "Attr2",
    "Attribute3": "Attr3",
    "Transaction": 29
  },
  {
    "Index": 2892,
    "ObjectId": "Obj2892",
    "Attribute1": "Attr1",
    "Attribute2": "Attr2",
    "Attribute3": "Attr3",
    "Transaction": 29
  },
  {
    "Index": 2893,
    "ObjectId": "Obj2893",
    "Attribute1": "Attr1",
    "Attribute2": "Attr2",
    "Attribute3": "Attr3",
    "Transaction": 29
  },
  {
    "Index": 2894,
    "ObjectId": "Obj2894",
    "Attribute1": "Attr1",
    "Attribute2": "Attr2",
    "Attribute3": "Attr3",
    "Transaction": 29
  },
  {
    "Index": 2895,
    "ObjectId": "Obj2895",
    "Attribute1": "Attr1",
    "Attribute2": "Attr2",
    "Attribute3": "Attr3",
    "Transaction": 29
  },
  {
    "Index": 2896,
    "ObjectId": "Obj2896",
    "Attribute1": "Attr1",
    "Attribute2": "Attr2",
    "Attribute3": "Attr3",
    "Transaction": 29
  },
  {
    "Index": 2897,
    "ObjectId": "Obj2897",
    "Attribute1": "Attr1",
    "Attribute2": "Attr2",
    "Attribute3": "Attr3",
    "Transaction": 29
  },
  {
    "Index": 2898,
    "ObjectId": "Obj2898",
    "Attribute1": "Attr1",
    "Attribute2": "Attr2",
    "Attribute3": "Attr3",
    "Transaction": 29
  },
  {
    "Index": 2899,
    "ObjectId": "Obj2899",
    "Attribute1": "Attr1",
    "Attribute2": "Attr2",
    "Attribute3": "Attr3",
    "Transaction": 29
  },
  {
    "Index": 2900,
    "ObjectId": "Obj2900",
    "Attribute1": "Attr1",
    "Attribute2": "Attr2",
    "Attribute3": "Attr3",
    "Transaction": 29
  }
]