[
  {
    "Index": 9901,
    "ObjectId": "Obj9901",
    "Attribute1": "Attr1",
    "Attribute2": "Attr2",
    "Attribute3": "Attr3",
    "Transaction": 100
  },
  {
    "Index": 9902,
    "ObjectId": "Obj9902",
    "Attribute1": "Attr1",
    "Attribute2": "Attr2",
    "Attribute3": "Attr3",
    "Transaction": 100
  },
  {
    "Index": 9903,
    "ObjectId": "Obj9903",
    "Attribute1": "Attr1",
    "Attribute2": "Attr2",
    "Attribute3": "Attr3",
    "Transaction": 100
  },
  {
    "Index": 9904,
    "ObjectId": "Obj9904",
    "Attribute1": "Attr1",
    "Attribute2": "Attr2",
    "Attribute3": "Attr3",
    "Transaction": 100
  },
  {
    "Index": 9905,
    "ObjectId": "Obj9905",
    "Attribute1": "Attr1",
    "Attribute2": "Attr2",
    "Attribute3": "Attr3",
    "Transaction": 100
  },
  {
    "Index": 9906,
    "ObjectId": "Obj9906",
    "Attribute1": "Attr1",
    "Attribute2": "Attr2",
    "Attribute3": "Attr3",
    "Transaction": 100
  },
  {
    "Index": 9907,
    "ObjectId": "Obj9907",
    "Attribute1": "Attr1",
    "Attribute2": "Attr2",
    "Attribute3": "Attr3",
    "Transaction": 100
  },
  {
    "Index": 9908,
    "ObjectId": "Obj9908",
    "Attribute1": "Attr1",
    "Attribute2": "Attr2",
    "Attribute3": "Attr3",
    "Transaction": 100
  },
  {
    "Index": 9909,
    "ObjectId": "Obj9909",
    "Attribute1": "Attr1",
    "Attribute2": "Attr2",
    "Attribute3": "Attr3",
    "Transaction": 100
  },
  {
    "Index": 9910,
    "ObjectId": "Obj9910",
    "Attribute1": "Attr1",
    "Attribute2": "Attr2",
    "Attribute3": "Attr3",
    "Transaction": 100
  },
  {
    "Index": 9911,
    "ObjectId": "Obj9911",
    "Attribute1": "Attr1",
    "Attribute2": "Attr2",
    "Attribute3": "Attr3",
    "Transaction": 100
  },
  {
    "Index": 9912,
    "ObjectId": "Obj9912",
    "Attribute1": "Attr1",
    "Attribute2": "Attr2",
    "Attribute3": "Attr3",
    "Transaction": 100
  },
  {
    "Index": 9913,
    "ObjectId": "Obj9913",
    "Attribute1": "Attr1",
    "Attribute2": "Attr2",
    "Attribute3": "Attr3",
    "Transaction": 100
  },
  {
    "Index": 9914,
    "ObjectId": "Obj9914",
    "Attribute1": "Attr1",
    "Attribute2": "Attr2",
    "Attribute3": "Attr3",
    "Transaction": 100
  },
  {
    "Index": 9915,
    "ObjectId": "Obj9915",
    "Attribute1": "Attr1",
    "Attribute2": "Attr2",
    "Attribute3": "Attr3",
    "Transaction": 100
  },
  {
    "Index": 9916,
    "ObjectId": "Obj9916",
    "Attribute1": "Attr1",
    "Attribute2": "Attr2",
    "Attribute3": "Attr3",
    "Transaction": 100
  },
  {
    "Index": 9917,
    "ObjectId": "Obj9917",
    "Attribute1": "Attr1",
    "Attribute2": "Attr2",
    "Attribute3": "Attr3",
    "Transaction": 100
  },
  {
    "Index": 9918,
    "ObjectId": "Obj9918",
    "Attribute1": "Attr1",
    "Attribute2": "Attr2",
    "Attribute3": "Attr3",
    "Transaction": 100
  },
  {
    "Index": 9919,
    "ObjectId": "Obj9919",
    "Attribute1": "Attr1",
    "Attribute2": "Attr2",
    "Attribute3": "Attr3",
    "Transaction": 100
  },
  {
    "Index": 9920,
    "ObjectId": "Obj9920",
    "Attribute1": "Attr1",
    "Attribute2": "Attr2",
    "Attribute3": "Attr3",
    "Transaction": 100
  },
  {
    "Index": 9921,
    "ObjectId": "Obj9921",
    "Attribute1": "Attr1",
    "Attribute2": "Attr2",
    "Attribute3": "Attr3",
    "Transaction": 100
  },
  {
    "Index": 9922,
    "ObjectId": "Obj9922",
    "Attribute1": "Attr1",
    "Attribute2": "Attr2",
    "Attribute3": "Attr3",
    "Transaction": 100
  },
  {
    "Index": 9923,
    "ObjectId": "Obj9923",
    "Attribute1": "Attr1",
    "Attribute2": "Attr2",
    "Attribute3": "Attr3",
    "Transaction": 100
  },
  {
    "Index": 9924,
    "ObjectId": "Obj9924",
    "Attribute1": "Attr1",
    "Attribute2": "Attr2",
    "Attribute3": "Attr3",
    "Transaction": 100
  },
  {
    "Index": 9925,
    "ObjectId": "Obj9925",
    "Attribute1": "Attr1",
    "Attribute2": "Attr2",
    "Attribute3": "Attr3",
    "Transaction": 100
  },
  {
    "Index": 9926,
    "ObjectId": "Obj9926",
    "Attribute1": "Attr1",
    "Attribute2": "Attr2",
    "Attribute3": "Attr3",
    "Transaction": 100
  },
  {
    "Index": 9927,
    "ObjectId": "Obj9927",
    "Attribute1": "Attr1",
    "Attribute2": "Attr2",
    "Attribute3": "Attr3",
    "Transaction": 100
  },
  {
    "Index": 9928,
    "ObjectId": "Obj9928",
    "Attribute1": "Attr1",
    "Attribute2": "Attr2",
    "Attribute3": "Attr3",
    "Transaction": 100
  },
  {
    "Index": 9929,
    "ObjectId": "Obj9929",
    "Attribute1": "Attr1",
    "Attribute2": "Attr2",
    "Attribute3": "Attr3",
    "Transaction": 100
  },
  {
    "Index": 9930,
    "ObjectId": "Obj9930",
    "Attribute1": "Attr1",
    "Attribute2": "Attr2",
    "Attribute3": "Attr3",
    "Transaction": 100
  },
  {
    "Index": 9931,
    "ObjectId": "Obj9931",
    "Attribute1": "Attr1",
    "Attribute2": "Attr2",
    "Attribute3": "Attr3",
    "Transaction": 100
  },
  {
    "Index": 9932,
    "ObjectId": "Obj9932",
    "Attribute1": "Attr1",
    "Attribute2": "Attr2",
    "Attribute3": "Attr3",
    "Transaction": 100
  },
  {
    "Index": 9933,
    "ObjectId": "Obj9933",
    "Attribute1": "Attr1",
    "Attribute2": "Attr2",
    "Attribute3": "Attr3",
    "Transaction": 100
  },
  {
    "Index": 9934,
    "ObjectId": "Obj9934",
    "Attribute1": "Attr1",
    "Attribute2": "Attr2",
    "Attribute3": "Attr3",
    "Transaction": 100
  },
  {
    "Index": 9935,
    "ObjectId": "Obj9935",
    "Attribute1": "Attr1",
    "Attribute2": "Attr2",
    "Attribute3": "Attr3",
    "Transaction": 100
  },
  {
    "Index": 9936,
    "ObjectId": "Obj9936",
    "Attribute1": "Attr1",
    "Attribute2": "Attr2",
    "Attribute3": "Attr3",
    "Transaction": 100
  },
  {
    "Index": 9937,
    "ObjectId": "Obj9937",
    "Attribute1": "Attr1",
    "Attribute2": "Attr2",
    "Attribute3": "Attr3",
    "Transaction": 100
  },
  {
    "Index": 9938,
    "ObjectId": "Obj9938",
    "Attribute1": "Attr1",
    "Attribute2": "Attr2",
    "Attribute3": "Attr3",
    "Transaction": 100
  },
  {
    "Index": 9939,
    "ObjectId": "Obj9939",
    "Attribute1": "Attr1",
    "Attribute2": "Attr2",
    "Attribute3": "Attr3",
    "Transaction": 100
  },
  {
    "Index": 9940,
    "ObjectId": "Obj9940",
    "Attribute1": "Attr1",
    "Attribute2": "Attr2",
    "Attribute3": "Attr3",
    "Transaction": 100
  },
  {
    "Index": 9941,
    "ObjectId": "Obj9941",
    "Attribute1": "Attr1",
    "Attribute2": "Attr2",
    "Attribute3": "Attr3",
    "Transaction": 100
  },
  {
    "Index": 9942,
    "ObjectId": "Obj9942",
    "Attribute1": "Attr1",
    "Attribute2": "Attr2",
    "Attribute3": "Attr3",
    "Transaction": 100
  },
  {
    "Index": 9943,
    "ObjectId": "Obj9943",
    "Attribute1": "Attr1",
    "Attribute2": "Attr2",
    "Attribute3": "Attr3",
    "Transaction": 100
  },
  {
    "Index": 9944,
    "ObjectId": "Obj9944",
    "Attribute1": "Attr1",
    "Attribute2": "Attr2",
    "Attribute3": "Attr3",
    "Transaction": 100
  },
  {
    "Index": 9945,
    "ObjectId": "Obj9945",
    "Attribute1": "Attr1",
    "Attribute2": "Attr2",
    "Attribute3": "Attr3",
    "Transaction": 100
  },
  {
    "Index": 9946,
    "ObjectId": "Obj9946",
    "Attribute1": "Attr1",
    "Attribute2": "Attr2",
    "Attribute3": "Attr3",
    "Transaction": 100
  },
  {
    "Index": 9947,
    "ObjectId": "Obj9947",
    "Attribute1": "Attr1",
    "Attribute2": "Attr2",
    "Attribute3": "Attr3",
    "Transaction": 100
  },
  {
    "Index": 9948,
    "ObjectId": "Obj9948",
    "Attribute1": "Attr1",
    "Attribute2": "Attr2",
    "Attribute3": "Attr3",
    "Transaction": 100
  },
  {
    "Index": 9949,
    "ObjectId": "Obj9949",
    "Attribute1": "Attr1",
    "Attribute2": "Attr2",
    "Attribute3": "Attr3",
    "Transaction": 100
  },
  {
    "Index": 9950,
    "ObjectId": "Obj9950",
    "Attribute1": "Attr1",
    "Attribute2": "Attr2",
    "Attribute3": "Attr3",
    "Transaction": 100
  },
  {
    "Index": 9951,
    "ObjectId": "Obj9951",
    "Attribute1": "Attr1",
    "Attribute2": "Attr2",
    "Attribute3": "Attr3",
    "Transaction": 100
  },
  {
    "Index": 9952,
    "ObjectId": "Obj9952",
    "Attribute1": "Attr1",
    "Attribute2": "Attr2",
    "Attribute3": "Attr3",
    "Transaction": 100
  },
  {
    "Index": 9953,
    "ObjectId": "Obj9953",
    "Attribute1": "Attr1",
    "Attribute2": "Attr2",
    "Attribute3": "Attr3",
    "Transaction": 100
  },
  {
    "Index": 9954,
    "ObjectId": "Obj9954",
    "Attribute1": "Attr1",
    "Attribute2": "Attr2",
    "Attribute3": "Attr3",
    "Transaction": 100
  },
  {
    "Index": 9955,
    "ObjectId": "Obj9955",
    "Attribute1": "Attr1",
    "Attribute2": "Attr2",
    "Attribute3": "Attr3",
    "Transaction": 100
  },
  {
    "Index": 9956,
    "ObjectId": "Obj9956",
    "Attribute1": "Attr1",
    "Attribute2": "Attr2",
    "Attribute3": "Attr3",
    "Transaction": 100
  },
  {
    "Index": 9957,
    "ObjectId": "Obj9957",
    "Attribute1": "Attr1",
    "Attribute2": "Attr2",
    "Attribute3": "Attr3",
    "Transaction": 100
  },
  {
    "Index": 9958,
    "ObjectId": "Obj9958",
    "Attribute1": "Attr1",
    "Attribute2": "Attr2",
    "Attribute3": "Attr3",
    "Transaction": 100
  },
  {
    "Index": 9959,
    "ObjectId": "Obj9959",
    "Attribute1": "Attr1",
    "Attribute2": "Attr2",
    "Attribute3": "Attr3",
    "Transaction": 100
  },
  {
    "Index": 9960,
    "ObjectId": "Obj9960",
    "Attribute1": "Attr1",
    "Attribute2": "Attr2",
    "Attribute3": "Attr3",
    "Transaction": 100
  },
  {
    "Index": 9961,
    "ObjectId": "Obj9961",
    "Attribute1": "Attr1",
    "Attribute2": "Attr2",
    "Attribute3": "Attr3",
    "Transaction": 100
  },
  {
    "Index": 9962,
    "ObjectId": "Obj9962",
    "Attribute1": "Attr1",
    "Attribute2": "Attr2",
    "Attribute3": "Attr3",
    "Transaction": 100
  },
  {
    "Index": 9963,
    "ObjectId": "Obj9963",
    "Attribute1": "Attr1",
    "Attribute2": "Attr2",
    "Attribute3": "Attr3",
    "Transaction": 100
  },
  {
    "Index": 9964,
    "ObjectId": "Obj9964",
    "Attribute1": "Attr1",
    "Attribute2": "Attr2",
    "Attribute3": "Attr3",
    "Transaction": 100
  },
  {
    "Index": 9965,
    "ObjectId": "Obj9965",
    "Attribute1": "Attr1",
    "Attribute2": "Attr2",
    "Attribute3": "Attr3",
    "Transaction": 100
  },
  {
    "Index": 9966,
    "ObjectId": "Obj9966",
    "Attribute1": "Attr1",
    "Attribute2": "Attr2",
    "Attribute3": "Attr3",
    "Transaction": 100
  },
  {
    "Index": 9967,
    "ObjectId": "Obj9967",
    "Attribute1": "Attr1",
    "Attribute2": "Attr2",
    "Attribute3": "Attr3",
    "Transaction": 100
  },
  {
    "Index": 9968,
    "ObjectId": "Obj9968",
    "Attribute1": "Attr1",
    "Attribute2": "Attr2",
    "Attribute3": "Attr3",
    "Transaction": 100
  },
  {
    "Index": 9969,
    "ObjectId": "Obj9969",
    "Attribute1": "Attr1",
    "Attribute2": "Attr2",
    "Attribute3": "Attr3",
    "Transaction": 100
  },
  {
    "Index": 9970,
    "ObjectId": "Obj9970",
    "Attribute1": "Attr1",
    "Attribute2": "Attr2",
    "Attribute3": "Attr3",
    "Transaction": 100
  },
  {
    "Index": 9971,
    "ObjectId": "Obj9971",
    "Attribute1": "Attr1",
    "Attribute2": "Attr2",
    "Attribute3": "Attr3",
    "Transaction": 100
  },
  {
    "Index": 9972,
    "ObjectId": "Obj9972",
    "Attribute1": "Attr1",
    "Attribute2": "Attr2",
    "Attribute3": "Attr3",
    "Transaction": 100
  },
  {
    "Index": 9973,
    "ObjectId": "Obj9973",
    "Attribute1": "Attr1",
    "Attribute2": "Attr2",
    "Attribute3": "Attr3",
    "Transaction": 100
  },
  {
    "Index": 9974,
    "ObjectId": "Obj9974",
    "Attribute1": "Attr1",
    "Attribute2": "Attr2",
    "Attribute3": "Attr3",
    "Transaction": 100
  },
  {
    "Index": 9975,
    "ObjectId": "Obj9975",
    "Attribute1": "Attr1",
    "Attribute2": "Attr2",
    "Attribute3": "Attr3",
    "Transaction": 100
  },
  {
    "Index": 9976,
    "ObjectId": "Obj9976",
    "Attribute1": "Attr1",
    "Attribute2": "Attr2",
    "Attribute3": "Attr3",
    "Transaction": 100
  },
  {
    "Index": 9977,
    "ObjectId": "Obj9977",
    "Attribute1": "Attr1",
    "Attribute2": "Attr2",
    "Attribute3": "Attr3",
    "Transaction": 100
  },
  {
    "Index": 9978,
    "ObjectId": "Obj9978",
    "Attribute1": "Attr1",
    "Attribute2": "Attr2",
    "Attribute3": "Attr3",
    "Transaction": 100
  },
  {
    "Index": 9979,
    "ObjectId": "Obj9979",
    "Attribute1": "Attr1",
    "Attribute2": "Attr2",
    "Attribute3": "Attr3",
    "Transaction": 100
  },
  {
    "Index": 9980,
    "ObjectId": "Obj9980",
    "Attribute1": "Attr1",
    "Attribute2": "Attr2",
    "Attribute3": "Attr3",
    "Transaction": 100
  },
  {
    "Index": 9981,
    "ObjectId": "Obj9981",
    "Attribute1": "Attr1",
    "Attribute2": "Attr2",
    "Attribute3": "Attr3",
    "Transaction": 100
  },
  {
    "Index": 9982,
    "ObjectId": "Obj9982",
    "Attribute1": "Attr1",
    "Attribute2": "Attr2",
    "Attribute3": "Attr3",
    "Transaction": 100
  },
  {
    "Index": 9983,
    "ObjectId": "Obj9983",
    "Attribute1": "Attr1",
    "Attribute2": "Attr2",
    "Attribute3": "Attr3",
    "Transaction": 100
  },
  {
    "Index": 9984,
    "ObjectId": "Obj9984",
    "Attribute1": "Attr1",
    "Attribute2": "Attr2",
    "Attribute3": "Attr3",
    "Transaction": 100
  },
  {
    "Index": 9985,
    "ObjectId": "Obj9985",
    "Attribute1": "Attr1",
    "Attribute2": "Attr2",
    "Attribute3": "Attr3",
    "Transaction": 100
  },
  {
    "Index": 9986,
    "ObjectId": "Obj9986",
    "Attribute1": "Attr1",
    "Attribute2": "Attr2",
    "Attribute3": "Attr3",
    "Transaction": 100
  },
  {
    "Index": 9987,
    "ObjectId": "Obj9987",
    "Attribute1": "Attr1",
    "Attribute2": "Attr2",
    "Attribute3": "Attr3",
    "Transaction": 100
  },
  {
    "Index": 9988,
    "ObjectId": "Obj9988",
    "Attribute1": "Attr1",
    "Attribute2": "Attr2",
    "Attribute3": "Attr3",
    "Transaction": 100
  },
  {
    "Index": 9989,
    "ObjectId": "Obj9989",
    "Attribute1": "Attr1",
    "Attribute2": "Attr2",
    "Attribute3": "Attr3",
    "Transaction": 100
  },
  {
    "Index": 9990,
    "ObjectId": "Obj9990",
    "Attribute1": "Attr1",
    "Attribute2": "Attr2",
    "Attribute3": "Attr3",
    "Transaction": 100
  },
  {
    "Index": 9991,
    "ObjectId": "Obj9991",
    "Attribute1": "Attr1",
    "Attribute2": "Attr2",
    "Attribute3": "Attr3",
    "Transaction": 100
  },
  {
    "Index": 9992,
    "ObjectId": "Obj9992",
    "Attribute1": "Attr1",
    "Attribute2": "Attr2",
    "Attribute3": "Attr3",
    "Transaction": 100
  },
  {
    "Index": 9993,
    "ObjectId": "Obj9993",
    "Attribute1": "Attr1",
    "Attribute2": "Attr2",
    "Attribute3": "Attr3",
    "Transaction": 100
  },
  {
    "Index": 9994,
    "ObjectId": "Obj9994",
    "Attribute1": "Attr1",
    "Attribute2": "Attr2",
    "Attribute3": "Attr3",
    "Transaction": 100
  },
  {
    "Index": 9995,
    "ObjectId": "Obj9995",
    "Attribute1": "Attr1",
    "Attribute2": "Attr2",
    "Attribute3": "Attr3",
    "Transaction": 100
  },
  {
    "Index": 9996,
    "ObjectId": "Obj9996",
    "Attribute1": "Attr1",
    "Attribute2": "Attr2",
    "Attribute3": "Attr3",
    "Transaction": 100
  },
  {
    "Index": 9997,
    "ObjectId": "Obj9997",
    "Attribute1": "Attr1",
    "Attribute2": "Attr2",
    "Attribute3": "Attr3",
    "Transaction": 100
  },
  {
    "Index": 9998,
    "ObjectId": "Obj9998",
    "Attribute1": "Attr1",
    "Attribute2": "Attr2",
    "Attribute3": "Attr3",
    "Transaction": 100
  },
  {
    "Index": 9999,
    "ObjectId": "Obj9999",
    "Attribute1": "Attr1",
    "Attribute2": "Attr2",
    "Attribute3": "Attr3",
    "Transaction": 100
  },
  {
    "Index": 10000,
    "ObjectId": "Obj10000",
    "Attribute1": "Attr1",
    "Attribute2": "Attr2",
    "Attribute3": "Attr3",
    "Transaction": 100
  }
]