[
  {
    "Index": 5901,
    "ObjectId": "Obj5901",
    "Attribute1": "Attr1",
    "Attribute2": "Attr2",
    "Attribute3": "Attr3",
    "Transaction": 60
  },
  {
    "Index": 5902,
    "ObjectId": "Obj5902",
    "Attribute1": "Attr1",
    "Attribute2": "Attr2",
    "Attribute3": "Attr3",
    "Transaction": 60
  },
  {
    "Index": 5903,
    "ObjectId": "Obj5903",
    "Attribute1": "Attr1",
    "Attribute2": "Attr2",
    "Attribute3": "Attr3",
    "Transaction": 60
  },
  {
    "Index": 5904,
    "ObjectId": "Obj5904",
    "Attribute1": "Attr1",
    "Attribute2": "Attr2",
    "Attribute3": "Attr3",
    "Transaction": 60
  },
  {
    "Index": 5905,
    "ObjectId": "Obj5905",
    "Attribute1": "Attr1",
    "Attribute2": "Attr2",
    "Attribute3": "Attr3",
    "Transaction": 60
  },
  {
    "Index": 5906,
    "ObjectId": "Obj5906",
    "Attribute1": "Attr1",
    "Attribute2": "Attr2",
    "Attribute3": "Attr3",
    "Transaction": 60
  },
  {
    "Index": 5907,
    "ObjectId": "Obj5907",
    "Attribute1": "Attr1",
    "Attribute2": "Attr2",
    "Attribute3": "Attr3",
    "Transaction": 60
  },
  {
    "Index": 5908,
    "ObjectId": "Obj5908",
    "Attribute1": "Attr1",
    "Attribute2": "Attr2",
    "Attribute3": "Attr3",
    "Transaction": 60
  },
  {
    "Index": 5909,
    "ObjectId": "Obj5909",
    "Attribute1": "Attr1",
    "Attribute2": "Attr2",
    "Attribute3": "Attr3",
    "Transaction": 60
  },
  {
    "Index": 5910,
    "ObjectId": "Obj5910",
    "Attribute1": "Attr1",
    "Attribute2": "Attr2",
    "Attribute3": "Attr3",
    "Transaction": 60
  },
  {
    "Index": 5911,
    "ObjectId": "Obj5911",
    "Attribute1": "Attr1",
    "Attribute2": "Attr2",
    "Attribute3": "Attr3",
    "Transaction": 60
  },
  {
    "Index": 5912,
    "ObjectId": "Obj5912",
    "Attribute1": "Attr1",
    "Attribute2": "Attr2",
    "Attribute3": "Attr3",
    "Transaction": 60
  },
  {
    "Index": 5913,
    "ObjectId": "Obj5913",
    "Attribute1": "Attr1",
    "Attribute2": "Attr2",
    "Attribute3": "Attr3",
    "Transaction": 60
  },
  {
    "Index": 5914,
    "ObjectId": "Obj5914",
    "Attribute1": "Attr1",
    "Attribute2": "Attr2",
    "Attribute3": "Attr3",
    "Transaction": 60
  },
  {
    "Index": 5915,
    "ObjectId": "Obj5915",
    "Attribute1": "Attr1",
    "Attribute2": "Attr2",
    "Attribute3": "Attr3",
    "Transaction": 60
  },
  {
    "Index": 5916,
    "ObjectId": "Obj5916",
    "Attribute1": "Attr1",
    "Attribute2": "Attr2",
    "Attribute3": "Attr3",
    "Transaction": 60
  },
  {
    "Index": 5917,
    "ObjectId": "Obj5917",
    "Attribute1": "Attr1",
    "Attribute2": "Attr2",
    "Attribute3": "Attr3",
    "Transaction": 60
  },
  {
    "Index": 5918,
    "ObjectId": "Obj5918",
    "Attribute1": "Attr1",
    "Attribute2": "Attr2",
    "Attribute3": "Attr3",
    "Transaction": 60
  },
  {
    "Index": 5919,
    "ObjectId": "Obj5919",
    "Attribute1": "Attr1",
    "Attribute2": "Attr2",
    "Attribute3": "Attr3",
    "Transaction": 60
  },
  {
    "Index": 5920,
    "ObjectId": "Obj5920",
    "Attribute1": "Attr1",
    "Attribute2": "Attr2",
    "Attribute3": "Attr3",
    "Transaction": 60
  },
  {
    "Index": 5921,
    "ObjectId": "Obj5921",
    "Attribute1": "Attr1",
    "Attribute2": "Attr2",
    "Attribute3": "Attr3",
    "Transaction": 60
  },
  {
    "Index": 5922,
    "ObjectId": "Obj5922",
    "Attribute1": "Attr1",
    "Attribute2": "Attr2",
    "Attribute3": "Attr3",
    "Transaction": 60
  },
  {
    "Index": 5923,
    "ObjectId": "Obj5923",
    "Attribute1": "Attr1",
    "Attribute2": "Attr2",
    "Attribute3": "Attr3",
    "Transaction": 60
  },
  {
    "Index": 5924,
    "ObjectId": "Obj5924",
    "Attribute1": "Attr1",
    "Attribute2": "Attr2",
    "Attribute3": "Attr3",
    "Transaction": 60
  },
  {
    "Index": 5925,
    "ObjectId": "Obj5925",
    "Attribute1": "Attr1",
    "Attribute2": "Attr2",
    "Attribute3": "Attr3",
    "Transaction": 60
  },
  {
    "Index": 5926,
    "ObjectId": "Obj5926",
    "Attribute1": "Attr1",
    "Attribute2": "Attr2",
    "Attribute3": "Attr3",
    "Transaction": 60
  },
  {
    "Index": 5927,
    "ObjectId": "Obj5927",
    "Attribute1": "Attr1",
    "Attribute2": "Attr2",
    "Attribute3": "Attr3",
    "Transaction": 60
  },
  {
    "Index": 5928,
    "ObjectId": "Obj5928",
    "Attribute1": "Attr1",
    "Attribute2": "Attr2",
    "Attribute3": "Attr3",
    "Transaction": 60
  },
  {
    "Index": 5929,
    "ObjectId": "Obj5929",
    "Attribute1": "Attr1",
    "Attribute2": "Attr2",
    "Attribute3": "Attr3",
    "Transaction": 60
  },
  {
    "Index": 5930,
    "ObjectId": "Obj5930",
    "Attribute1": "Attr1",
    "Attribute2": "Attr2",
    "Attribute3": "Attr3",
    "Transaction": 60
  },
  {
    "Index": 5931,
    "ObjectId": "Obj5931",
    "Attribute1": "Attr1",
    "Attribute2": "Attr2",
    "Attribute3": "Attr3",
    "Transaction": 60
  },
  {
    "Index": 5932,
    "ObjectId": "Obj5932",
    "Attribute1": "Attr1",
    "Attribute2": "Attr2",
    "Attribute3": "Attr3",
    "Transaction": 60
  },
  {
    "Index": 5933,
    "ObjectId": "Obj5933",
    "Attribute1": "Attr1",
    "Attribute2": "Attr2",
    "Attribute3": "Attr3",
    "Transaction": 60
  },
  {
    "Index": 5934,
    "ObjectId": "Obj5934",
    "Attribute1": "Attr1",
    "Attribute2": "Attr2",
    "Attribute3": "Attr3",
    "Transaction": 60
  },
  {
    "Index": 5935,
    "ObjectId": "Obj5935",
    "Attribute1": "Attr1",
    "Attribute2": "Attr2",
    "Attribute3": "Attr3",
    "Transaction": 60
  },
  {
    "Index": 5936,
    "ObjectId": "Obj5936",
    "Attribute1": "Attr1",
    "Attribute2": "Attr2",
    "Attribute3": "Attr3",
    "Transaction": 60
  },
  {
    "Index": 5937,
    "ObjectId": "Obj5937",
    "Attribute1": "Attr1",
    "Attribute2": "Attr2",
    "Attribute3": "Attr3",
    "Transaction": 60
  },
  {
    "Index": 5938,
    "ObjectId": "Obj5938",
    "Attribute1": "Attr1",
    "Attribute2": "Attr2",
    "Attribute3": "Attr3",
    "Transaction": 60
  },
  {
    "Index": 5939,
    "ObjectId": "Obj5939",
    "Attribute1": "Attr1",
    "Attribute2": "Attr2",
    "Attribute3": "Attr3",
    "Transaction": 60
  },
  {
    "Index": 5940,
    "ObjectId": "Obj5940",
    "Attribute1": "Attr1",
    "Attribute2": "Attr2",
    "Attribute3": "Attr3",
    "Transaction": 60
  },
  {
    "Index": 5941,
    "ObjectId": "Obj5941",
    "Attribute1": "Attr1",
    "Attribute2": "Attr2",
    "Attribute3": "Attr3",
    "Transaction": 60
  },
  {
    "Index": 5942,
    "ObjectId": "Obj5942",
    "Attribute1": "Attr1",
    "Attribute2": "Attr2",
    "Attribute3": "Attr3",
    "Transaction": 60
  },
  {
    "Index": 5943,
    "ObjectId": "Obj5943",
    "Attribute1": "Attr1",
    "Attribute2": "Attr2",
    "Attribute3": "Attr3",
    "Transaction": 60
  },
  {
    "Index": 5944,
    "ObjectId": "Obj5944",
    "Attribute1": "Attr1",
    "Attribute2": "Attr2",
    "Attribute3": "Attr3",
    "Transaction": 60
  },
  {
    "Index": 5945,
    "ObjectId": "Obj5945",
    "Attribute1": "Attr1",
    "Attribute2": "Attr2",
    "Attribute3": "Attr3",
    "Transaction": 60
  },
  {
    "Index": 5946,
    "ObjectId": "Obj5946",
    "Attribute1": "Attr1",
    "Attribute2": "Attr2",
    "Attribute3": "Attr3",
    "Transaction": 60
  },
  {
    "Index": 5947,
    "ObjectId": "Obj5947",
    "Attribute1": "Attr1",
    "Attribute2": "Attr2",
    "Attribute3": "Attr3",
    "Transaction": 60
  },
  {
    "Index": 5948,
    "ObjectId": "Obj5948",
    "Attribute1": "Attr1",
    "Attribute2": "Attr2",
    "Attribute3": "Attr3",
    "Transaction": 60
  },
  {
    "Index": 5949,
    "ObjectId": "Obj5949",
    "Attribute1": "Attr1",
    "Attribute2": "Attr2",
    "Attribute3": "Attr3",
    "Transaction": 60
  },
  {
    "Index": 5950,
    "ObjectId": "Obj5950",
    "Attribute1": "Attr1",
    "Attribute2": "Attr2",
    "Attribute3": "Attr3",
    "Transaction": 60
  },
  {
    "Index": 5951,
    "ObjectId": "Obj5951",
    "Attribute1": "Attr1",
    "Attribute2": "Attr2",
    "Attribute3": "Attr3",
    "Transaction": 60
  },
  {
    "Index": 5952,
    "ObjectId": "Obj5952",
    "Attribute1": "Attr1",
    "Attribute2": "Attr2",
    "Attribute3": "Attr3",
    "Transaction": 60
  },
  {
    "Index": 5953,
    "ObjectId": "Obj5953",
    "Attribute1": "Attr1",
    "Attribute2": "Attr2",
    "Attribute3": "Attr3",
    "Transaction": 60
  },
  {
    "Index": 5954,
    "ObjectId": "Obj5954",
    "Attribute1": "Attr1",
    "Attribute2": "Attr2",
    "Attribute3": "Attr3",
    "Transaction": 60
  },
  {
    "Index": 5955,
    "ObjectId": "Obj5955",
    "Attribute1": "Attr1",
    "Attribute2": "Attr2",
    "Attribute3": "Attr3",
    "Transaction": 60
  },
  {
    "Index": 5956,
    "ObjectId": "Obj5956",
    "Attribute1": "Attr1",
    "Attribute2": "Attr2",
    "Attribute3": "Attr3",
    "Transaction": 60
  },
  {
    "Index": 5957,
    "ObjectId": "Obj5957",
    "Attribute1": "Attr1",
    "Attribute2": "Attr2",
    "Attribute3": "Attr3",
    "Transaction": 60
  },
  {
    "Index": 5958,
    "ObjectId": "Obj5958",
    "Attribute1": "Attr1",
    "Attribute2": "Attr2",
    "Attribute3": "Attr3",
    "Transaction": 60
  },
  {
    "Index": 5959,
    "ObjectId": "Obj5959",
    "Attribute1": "Attr1",
    "Attribute2": "Attr2",
    "Attribute3": "Attr3",
    "Transaction": 60
  },
  {
    "Index": 5960,
    "ObjectId": "Obj5960",
    "Attribute1": "Attr1",
    "Attribute2": "Attr2",
    "Attribute3": "Attr3",
    "Transaction": 60
  },
  {
    "Index": 5961,
    "ObjectId": "Obj5961",
    "Attribute1": "Attr1",
    "Attribute2": "Attr2",
    "Attribute3": "Attr3",
    "Transaction": 60
  },
  {
    "Index": 5962,
    "ObjectId": "Obj5962",
    "Attribute1": "Attr1",
    "Attribute2": "Attr2",
    "Attribute3": "Attr3",
    "Transaction": 60
  },
  {
    "Index": 5963,
    "ObjectId": "Obj5963",
    "Attribute1": "Attr1",
    "Attribute2": "Attr2",
    "Attribute3": "Attr3",
    "Transaction": 60
  },
  {
    "Index": 5964,
    "ObjectId": "Obj5964",
    "Attribute1": "Attr1",
    "Attribute2": "Attr2",
    "Attribute3": "Attr3",
    "Transaction": 60
  },
  {
    "Index": 5965,
    "ObjectId": "Obj5965",
    "Attribute1": "Attr1",
    "Attribute2": "Attr2",
    "Attribute3": "Attr3",
    "Transaction": 60
  },
  {
    "Index": 5966,
    "ObjectId": "Obj5966",
    "Attribute1": "Attr1",
    "Attribute2": "Attr2",
    "Attribute3": "Attr3",
    "Transaction": 60
  },
  {
    "Index": 5967,
    "ObjectId": "Obj5967",
    "Attribute1": "Attr1",
    "Attribute2": "Attr2",
    "Attribute3": "Attr3",
    "Transaction": 60
  },
  {
    "Index": 5968,
    "ObjectId": "Obj5968",
    "Attribute1": "Attr1",
    "Attribute2": "Attr2",
    "Attribute3": "Attr3",
    "Transaction": 60
  },
  {
    "Index": 5969,
    "ObjectId": "Obj5969",
    "Attribute1": "Attr1",
    "Attribute2": "Attr2",
    "Attribute3": "Attr3",
    "Transaction": 60
  },
  {
    "Index": 5970,
    "ObjectId": "Obj5970",
    "Attribute1": "Attr1",
    "Attribute2": "Attr2",
    "Attribute3": "Attr3",
    "Transaction": 60
  },
  {
    "Index": 5971,
    "ObjectId": "Obj5971",
    "Attribute1": "Attr1",
    "Attribute2": "Attr2",
    "Attribute3": "Attr3",
    "Transaction": 60
  },
  {
    "Index": 5972,
    "ObjectId": "Obj5972",
    "Attribute1": "Attr1",
    "Attribute2": "Attr2",
    "Attribute3": "Attr3",
    "Transaction": 60
  },
  {
    "Index": 5973,
    "ObjectId": "Obj5973",
    "Attribute1": "Attr1",
    "Attribute2": "Attr2",
    "Attribute3": "Attr3",
    "Transaction": 60
  },
  {
    "Index": 5974,
    "ObjectId": "Obj5974",
    "Attribute1": "Attr1",
    "Attribute2": "Attr2",
    "Attribute3": "Attr3",
    "Transaction": 60
  },
  {
    "Index": 5975,
    "ObjectId": "Obj5975",
    "Attribute1": "Attr1",
    "Attribute2": "Attr2",
    "Attribute3": "Attr3",
    "Transaction": 60
  },
  {
    "Index": 5976,
    "ObjectId": "Obj5976",
    "Attribute1": "Attr1",
    "Attribute2": "Attr2",
    "Attribute3": "Attr3",
    "Transaction": 60
  },
  {
    "Index": 5977,
    "ObjectId": "Obj5977",
    "Attribute1": "Attr1",
    "Attribute2": "Attr2",
    "Attribute3": "Attr3",
    "Transaction": 60
  },
  {
    "Index": 5978,
    "ObjectId": "Obj5978",
    "Attribute1": "Attr1",
    "Attribute2": "Attr2",
    "Attribute3": "Attr3",
    "Transaction": 60
  },
  {
    "Index": 5979,
    "ObjectId": "Obj5979",
    "Attribute1": "Attr1",
    "Attribute2": "Attr2",
    "Attribute3": "Attr3",
    "Transaction": 60
  },
  {
    "Index": 5980,
    "ObjectId": "Obj5980",
    "Attribute1": "Attr1",
    "Attribute2": "Attr2",
    "Attribute3": "Attr3",
    "Transaction": 60
  },
  {
    "Index": 5981,
    "ObjectId": "Obj5981",
    "Attribute1": "Attr1",
    "Attribute2": "Attr2",
    "Attribute3": "Attr3",
    "Transaction": 60
  },
  {
    "Index": 5982,
    "ObjectId": "Obj5982",
    "Attribute1": "Attr1",
    "Attribute2": "Attr2",
    "Attribute3": "Attr3",
    "Transaction": 60
  },
  {
    "Index": 5983,
    "ObjectId": "Obj5983",
    "Attribute1": "Attr1",
    "Attribute2": "Attr2",
    "Attribute3": "Attr3",
    "Transaction": 60
  },
  {
    "Index": 5984,
    "ObjectId": "Obj5984",
    "Attribute1": "Attr1",
    "Attribute2": "Attr2",
    "Attribute3": "Attr3",
    "Transaction": 60
  },
  {
    "Index": 5985,
    "ObjectId": "Obj5985",
    "Attribute1": "Attr1",
    "Attribute2": "Attr2",
    "Attribute3": "Attr3",
    "Transaction": 60
  },
  {
    "Index": 5986,
    "ObjectId": "Obj5986",
    "Attribute1": "Attr1",
    "Attribute2": "Attr2",
    "Attribute3": "Attr3",
    "Transaction": 60
  },
  {
    "Index": 5987,
    "ObjectId": "Obj5987",
    "Attribute1": "Attr1",
    "Attribute2": "Attr2",
    "Attribute3": "Attr3",
    "Transaction": 60
  },
  {
    "Index": 5988,
    "ObjectId": "Obj5988",
    "Attribute1": "Attr1",
    "Attribute2": "Attr2",
    "Attribute3": "Attr3",
    "Transaction": 60
  },
  {
    "Index": 5989,
    "ObjectId": "Obj5989",
    "Attribute1": "Attr1",
    "Attribute2": "Attr2",
    "Attribute3": "Attr3",
    "Transaction": 60
  },
  {
    "Index": 5990,
    "ObjectId": "Obj5990",
    "Attribute1": "Attr1",
    "Attribute2": "Attr2",
    "Attribute3": "Attr3",
    "Transaction": 60
  },
  {
    "Index": 5991,
    "ObjectId": "Obj5991",
    "Attribute1": "Attr1",
    "Attribute2": "Attr2",
    "Attribute3": "Attr3",
    "Transaction": 60
  },
  {
    "Index": 5992,
    "ObjectId": "Obj5992",
    "Attribute1": "Attr1",
    "Attribute2": "Attr2",
    "Attribute3": "Attr3",
    "Transaction": 60
  },
  {
    "Index": 5993,
    "ObjectId": "Obj5993",
    "Attribute1": "Attr1",
    "Attribute2": "Attr2",
    "Attribute3": "Attr3",
    "Transaction": 60
  },
  {
    "Index": 5994,
    "ObjectId": "Obj5994",
    "Attribute1": "Attr1",
    "Attribute2": "Attr2",
    "Attribute3": "Attr3",
    "Transaction": 60
  },
  {
    "Index": 5995,
    "ObjectId": "Obj5995",
    "Attribute1": "Attr1",
    "Attribute2": "Attr2",
    "Attribute3": "Attr3",
    "Transaction": 60
  },
  {
    "Index": 5996,
    "ObjectId": "Obj5996",
    "Attribute1": "Attr1",
    "Attribute2": "Attr2",
    "Attribute3": "Attr3",
    "Transaction": 60
  },
  {
    "Index": 5997,
    "ObjectId": "Obj5997",
    "Attribute1": "Attr1",
    "Attribute2": "Attr2",
    "Attribute3": "Attr3",
    "Transaction": 60
  },
  {
    "Index": 5998,
    "ObjectId": "Obj5998",
    "Attribute1": "Attr1",
    "Attribute2": "Attr2",
    "Attribute3": "Attr3",
    "Transaction": 60
  },
  {
    "Index": 5999,
    "ObjectId": "Obj5999",
    "Attribute1": "Attr1",
    "Attribute2": "Attr2",
    "Attribute3": "Attr3",
    "Transaction": 60
  },
  {
    "Index": 6000,
    "ObjectId": "Obj6000",
    "Attribute1": "Attr1",
    "Attribute2": "Attr2",
    "Attribute3": "Attr3",
    "Transaction": 60
  }
]