[
  {
    "Index": 5701,
    "ObjectId": "Obj5701",
    "Attribute1": "Attr1",
    "Attribute2": "Attr2",
    "Attribute3": "Attr3",
    "Transaction": 58
  },
  {
    "Index": 5702,
    "ObjectId": "Obj5702",
    "Attribute1": "Attr1",
    "Attribute2": "Attr2",
    "Attribute3": "Attr3",
    "Transaction": 58
  },
  {
    "Index": 5703,
    "ObjectId": "Obj5703",
    "Attribute1": "Attr1",
    "Attribute2": "Attr2",
    "Attribute3": "Attr3",
    "Transaction": 58
  },
  {
    "Index": 5704,
    "ObjectId": "Obj5704",
    "Attribute1": "Attr1",
    "Attribute2": "Attr2",
    "Attribute3": "Attr3",
    "Transaction": 58
  },
  {
    "Index": 5705,
    "ObjectId": "Obj5705",
    "Attribute1": "Attr1",
    "Attribute2": "Attr2",
    "Attribute3": "Attr3",
    "Transaction": 58
  },
  {
    "Index": 5706,
    "ObjectId": "Obj5706",
    "Attribute1": "Attr1",
    "Attribute2": "Attr2",
    "Attribute3": "Attr3",
    "Transaction": 58
  },
  {
    "Index": 5707,
    "ObjectId": "Obj5707",
    "Attribute1": "Attr1",
    "Attribute2": "Attr2",
    "Attribute3": "Attr3",
    "Transaction": 58
  },
  {
    "Index": 5708,
    "ObjectId": "Obj5708",
    "Attribute1": "Attr1",
    "Attribute2": "Attr2",
    "Attribute3": "Attr3",
    "Transaction": 58
  },
  {
    "Index": 5709,
    "ObjectId": "Obj5709",
    "Attribute1": "Attr1",
    "Attribute2": "Attr2",
    "Attribute3": "Attr3",
    "Transaction": 58
  },
  {
    "Index": 5710,
    "ObjectId": "Obj5710",
    "Attribute1": "Attr1",
    "Attribute2": "Attr2",
    "Attribute3": "Attr3",
    "Transaction": 58
  },
  {
    "Index": 5711,
    "ObjectId": "Obj5711",
    "Attribute1": "Attr1",
    "Attribute2": "Attr2",
    "Attribute3": "Attr3",
    "Transaction": 58
  },
  {
    "Index": 5712,
    "ObjectId": "Obj5712",
    "Attribute1": "Attr1",
    "Attribute2": "Attr2",
    "Attribute3": "Attr3",
    "Transaction": 58
  },
  {
    "Index": 5713,
    "ObjectId": "Obj5713",
    "Attribute1": "Attr1",
    "Attribute2": "Attr2",
    "Attribute3": "Attr3",
    "Transaction": 58
  },
  {
    "Index": 5714,
    "ObjectId": "Obj5714",
    "Attribute1": "Attr1",
    "Attribute2": "Attr2",
    "Attribute3": "Attr3",
    "Transaction": 58
  },
  {
    "Index": 5715,
    "ObjectId": "Obj5715",
    "Attribute1": "Attr1",
    "Attribute2": "Attr2",
    "Attribute3": "Attr3",
    "Transaction": 58
  },
  {
    "Index": 5716,
    "ObjectId": "Obj5716",
    "Attribute1": "Attr1",
    "Attribute2": "Attr2",
    "Attribute3": "Attr3",
    "Transaction": 58
  },
  {
    "Index": 5717,
    "ObjectId": "Obj5717",
    "Attribute1": "Attr1",
    "Attribute2": "Attr2",
    "Attribute3": "Attr3",
    "Transaction": 58
  },
  {
    "Index": 5718,
    "ObjectId": "Obj5718",
    "Attribute1": "Attr1",
    "Attribute2": "Attr2",
    "Attribute3": "Attr3",
    "Transaction": 58
  },
  {
    "Index": 5719,
    "ObjectId": "Obj5719",
    "Attribute1": "Attr1",
    "Attribute2": "Attr2",
    "Attribute3": "Attr3",
    "Transaction": 58
  },
  {
    "Index": 5720,
    "ObjectId": "Obj5720",
    "Attribute1": "Attr1",
    "Attribute2": "Attr2",
    "Attribute3": "Attr3",
    "Transaction": 58
  },
  {
    "Index": 5721,
    "ObjectId": "Obj5721",
    "Attribute1": "Attr1",
    "Attribute2": "Attr2",
    "Attribute3": "Attr3",
    "Transaction": 58
  },
  {
    "Index": 5722,
    "ObjectId": "Obj5722",
    "Attribute1": "Attr1",
    "Attribute2": "Attr2",
    "Attribute3": "Attr3",
    "Transaction": 58
  },
  {
    "Index": 5723,
    "ObjectId": "Obj5723",
    "Attribute1": "Attr1",
    "Attribute2": "Attr2",
    "Attribute3": "Attr3",
    "Transaction": 58
  },
  {
    "Index": 5724,
    "ObjectId": "Obj5724",
    "Attribute1": "Attr1",
    "Attribute2": "Attr2",
    "Attribute3": "Attr3",
    "Transaction": 58
  },
  {
    "Index": 5725,
    "ObjectId": "Obj5725",
    "Attribute1": "Attr1",
    "Attribute2": "Attr2",
    "Attribute3": "Attr3",
    "Transaction": 58
  },
  {
    "Index": 5726,
    "ObjectId": "Obj5726",
    "Attribute1": "Attr1",
    "Attribute2": "Attr2",
    "Attribute3": "Attr3",
    "Transaction": 58
  },
  {
    "Index": 5727,
    "ObjectId": "Obj5727",
    "Attribute1": "Attr1",
    "Attribute2": "Attr2",
    "Attribute3": "Attr3",
    "Transaction": 58
  },
  {
    "Index": 5728,
    "ObjectId": "Obj5728",
    "Attribute1": "Attr1",
    "Attribute2": "Attr2",
    "Attribute3": "Attr3",
    "Transaction": 58
  },
  {
    "Index": 5729,
    "ObjectId": "Obj5729",
    "Attribute1": "Attr1",
    "Attribute2": "Attr2",
    "Attribute3": "Attr3",
    "Transaction": 58
  },
  {
    "Index": 5730,
    "ObjectId": "Obj5730",
    "Attribute1": "Attr1",
    "Attribute2": "Attr2",
    "Attribute3": "Attr3",
    "Transaction": 58
  },
  {
    "Index": 5731,
    "ObjectId": "Obj5731",
    "Attribute1": "Attr1",
    "Attribute2": "Attr2",
    "Attribute3": "Attr3",
    "Transaction": 58
  },
  {
    "Index": 5732,
    "ObjectId": "Obj5732",
    "Attribute1": "Attr1",
    "Attribute2": "Attr2",
    "Attribute3": "Attr3",
    "Transaction": 58
  },
  {
    "Index": 5733,
    "ObjectId": "Obj5733",
    "Attribute1": "Attr1",
    "Attribute2": "Attr2",
    "Attribute3": "Attr3",
    "Transaction": 58
  },
  {
    "Index": 5734,
    "ObjectId": "Obj5734",
    "Attribute1": "Attr1",
    "Attribute2": "Attr2",
    "Attribute3": "Attr3",
    "Transaction": 58
  },
  {
    "Index": 5735,
    "ObjectId": "Obj5735",
    "Attribute1": "Attr1",
    "Attribute2": "Attr2",
    "Attribute3": "Attr3",
    "Transaction": 58
  },
  {
    "Index": 5736,
    "ObjectId": "Obj5736",
    "Attribute1": "Attr1",
    "Attribute2": "Attr2",
    "Attribute3": "Attr3",
    "Transaction": 58
  },
  {
    "Index": 5737,
    "ObjectId": "Obj5737",
    "Attribute1": "Attr1",
    "Attribute2": "Attr2",
    "Attribute3": "Attr3",
    "Transaction": 58
  },
  {
    "Index": 5738,
    "ObjectId": "Obj5738",
    "Attribute1": "Attr1",
    "Attribute2": "Attr2",
    "Attribute3": "Attr3",
    "Transaction": 58
  },
  {
    "Index": 5739,
    "ObjectId": "Obj5739",
    "Attribute1": "Attr1",
    "Attribute2": "Attr2",
    "Attribute3": "Attr3",
    "Transaction": 58
  },
  {
    "Index": 5740,
    "ObjectId": "Obj5740",
    "Attribute1": "Attr1",
    "Attribute2": "Attr2",
    "Attribute3": "Attr3",
    "Transaction": 58
  },
  {
    "Index": 5741,
    "ObjectId": "Obj5741",
    "Attribute1": "Attr1",
    "Attribute2": "Attr2",
    "Attribute3": "Attr3",
    "Transaction": 58
  },
  {
    "Index": 5742,
    "ObjectId": "Obj5742",
    "Attribute1": "Attr1",
    "Attribute2": "Attr2",
    "Attribute3": "Attr3",
    "Transaction": 58
  },
  {
    "Index": 5743,
    "ObjectId": "Obj5743",
    "Attribute1": "Attr1",
    "Attribute2": "Attr2",
    "Attribute3": "Attr3",
    "Transaction": 58
  },
  {
    "Index": 5744,
    "ObjectId": "Obj5744",
    "Attribute1": "Attr1",
    "Attribute2": "Attr2",
    "Attribute3": "Attr3",
    "Transaction": 58
  },
  {
    "Index": 5745,
    "ObjectId": "Obj5745",
    "Attribute1": "Attr1",
    "Attribute2": "Attr2",
    "Attribute3": "Attr3",
    "Transaction": 58
  },
  {
    "Index": 5746,
    "ObjectId": "Obj5746",
    "Attribute1": "Attr1",
    "Attribute2": "Attr2",
    "Attribute3": "Attr3",
    "Transaction": 58
  },
  {
    "Index": 5747,
    "ObjectId": "Obj5747",
    "Attribute1": "Attr1",
    "Attribute2": "Attr2",
    "Attribute3": "Attr3",
    "Transaction": 58
  },
  {
    "Index": 5748,
    "ObjectId": "Obj5748",
    "Attribute1": "Attr1",
    "Attribute2": "Attr2",
    "Attribute3": "Attr3",
    "Transaction": 58
  },
  {
    "Index": 5749,
    "ObjectId": "Obj5749",
    "Attribute1": "Attr1",
    "Attribute2": "Attr2",
    "Attribute3": "Attr3",
    "Transaction": 58
  },
  {
    "Index": 5750,
    "ObjectId": "Obj5750",
    "Attribute1": "Attr1",
    "Attribute2": "Attr2",
    "Attribute3": "Attr3",
    "Transaction": 58
  },
  {
    "Index": 5751,
    "ObjectId": "Obj5751",
    "Attribute1": "Attr1",
    "Attribute2": "Attr2",
    "Attribute3": "Attr3",
    "Transaction": 58
  },
  {
    "Index": 5752,
    "ObjectId": "Obj5752",
    "Attribute1": "Attr1",
    "Attribute2": "Attr2",
    "Attribute3": "Attr3",
    "Transaction": 58
  },
  {
    "Index": 5753,
    "ObjectId": "Obj5753",
    "Attribute1": "Attr1",
    "Attribute2": "Attr2",
    "Attribute3": "Attr3",
    "Transaction": 58
  },
  {
    "Index": 5754,
    "ObjectId": "Obj5754",
    "Attribute1": "Attr1",
    "Attribute2": "Attr2",
    "Attribute3": "Attr3",
    "Transaction": 58
  },
  {
    "Index": 5755,
    "ObjectId": "Obj5755",
    "Attribute1": "Attr1",
    "Attribute2": "Attr2",
    "Attribute3": "Attr3",
    "Transaction": 58
  },
  {
    "Index": 5756,
    "ObjectId": "Obj5756",
    "Attribute1": "Attr1",
    "Attribute2": "Attr2",
    "Attribute3": "Attr3",
    "Transaction": 58
  },
  {
    "Index": 5757,
    "ObjectId": "Obj5757",
    "Attribute1": "Attr1",
    "Attribute2": "Attr2",
    "Attribute3": "Attr3",
    "Transaction": 58
  },
  {
    "Index": 5758,
    "ObjectId": "Obj5758",
    "Attribute1": "Attr1",
    "Attribute2": "Attr2",
    "Attribute3": "Attr3",
    "Transaction": 58
  },
  {
    "Index": 5759,
    "ObjectId": "Obj5759",
    "Attribute1": "Attr1",
    "Attribute2": "Attr2",
    "Attribute3": "Attr3",
    "Transaction": 58
  },
  {
    "Index": 5760,
    "ObjectId": "Obj5760",
    "Attribute1": "Attr1",
    "Attribute2": "Attr2",
    "Attribute3": "Attr3",
    "Transaction": 58
  },
  {
    "Index": 5761,
    "ObjectId": "Obj5761",
    "Attribute1": "Attr1",
    "Attribute2": "Attr2",
    "Attribute3": "Attr3",
    "Transaction": 58
  },
  {
    "Index": 5762,
    "ObjectId": "Obj5762",
    "Attribute1": "Attr1",
    "Attribute2": "Attr2",
    "Attribute3": "Attr3",
    "Transaction": 58
  },
  {
    "Index": 5763,
    "ObjectId": "Obj5763",
    "Attribute1": "Attr1",
    "Attribute2": "Attr2",
    "Attribute3": "Attr3",
    "Transaction": 58
  },
  {
    "Index": 5764,
    "ObjectId": "Obj5764",
    "Attribute1": "Attr1",
    "Attribute2": "Attr2",
    "Attribute3": "Attr3",
    "Transaction": 58
  },
  {
    "Index": 5765,
    "ObjectId": "Obj5765",
    "Attribute1": "Attr1",
    "Attribute2": "Attr2",
    "Attribute3": "Attr3",
    "Transaction": 58
  },
  {
    "Index": 5766,
    "ObjectId": "Obj5766",
    "Attribute1": "Attr1",
    "Attribute2": "Attr2",
    "Attribute3": "Attr3",
    "Transaction": 58
  },
  {
    "Index": 5767,
    "ObjectId": "Obj5767",
    "Attribute1": "Attr1",
    "Attribute2": "Attr2",
    "Attribute3": "Attr3",
    "Transaction": 58
  },
  {
    "Index": 5768,
    "ObjectId": "Obj5768",
    "Attribute1": "Attr1",
    "Attribute2": "Attr2",
    "Attribute3": "Attr3",
    "Transaction": 58
  },
  {
    "Index": 5769,
    "ObjectId": "Obj5769",
    "Attribute1": "Attr1",
    "Attribute2": "Attr2",
    "Attribute3": "Attr3",
    "Transaction": 58
  },
  {
    "Index": 5770,
    "ObjectId": "Obj5770",
    "Attribute1": "Attr1",
    "Attribute2": "Attr2",
    "Attribute3": "Attr3",
    "Transaction": 58
  },
  {
    "Index": 5771,
    "ObjectId": "Obj5771",
    "Attribute1": "Attr1",
    "Attribute2": "Attr2",
    "Attribute3": "Attr3",
    "Transaction": 58
  },
  {
    "Index": 5772,
    "ObjectId": "Obj5772",
    "Attribute1": "Attr1",
    "Attribute2": "Attr2",
    "Attribute3": "Attr3",
    "Transaction": 58
  },
  {
    "Index": 5773,
    "ObjectId": "Obj5773",
    "Attribute1": "Attr1",
    "Attribute2": "Attr2",
    "Attribute3": "Attr3",
    "Transaction": 58
  },
  {
    "Index": 5774,
    "ObjectId": "Obj5774",
    "Attribute1": "Attr1",
    "Attribute2": "Attr2",
    "Attribute3": "Attr3",
    "Transaction": 58
  },
  {
    "Index": 5775,
    "ObjectId": "Obj5775",
    "Attribute1": "Attr1",
    "Attribute2": "Attr2",
    "Attribute3": "Attr3",
    "Transaction": 58
  },
  {
    "Index": 5776,
    "ObjectId": "Obj5776",
    "Attribute1": "Attr1",
    "Attribute2": "Attr2",
    "Attribute3": "Attr3",
    "Transaction": 58
  },
  {
    "Index": 5777,
    "ObjectId": "Obj5777",
    "Attribute1": "Attr1",
    "Attribute2": "Attr2",
    "Attribute3": "Attr3",
    "Transaction": 58
  },
  {
    "Index": 5778,
    "ObjectId": "Obj5778",
    "Attribute1": "Attr1",
    "Attribute2": "Attr2",
    "Attribute3": "Attr3",
    "Transaction": 58
  },
  {
    "Index": 5779,
    "ObjectId": "Obj5779",
    "Attribute1": "Attr1",
    "Attribute2": "Attr2",
    "Attribute3": "Attr3",
    "Transaction": 58
  },
  {
    "Index": 5780,
    "ObjectId": "Obj5780",
    "Attribute1": "Attr1",
    "Attribute2": "Attr2",
    "Attribute3": "Attr3",
    "Transaction": 58
  },
  {
    "Index": 5781,
    "ObjectId": "Obj5781",
    "Attribute1": "Attr1",
    "Attribute2": "Attr2",
    "Attribute3": "Attr3",
    "Transaction": 58
  },
  {
    "Index": 5782,
    "ObjectId": "Obj5782",
    "Attribute1": "Attr1",
    "Attribute2": "Attr2",
    "Attribute3": "Attr3",
    "Transaction": 58
  },
  {
    "Index": 5783,
    "ObjectId": "Obj5783",
    "Attribute1": "Attr1",
    "Attribute2": "Attr2",
    "Attribute3": "Attr3",
    "Transaction": 58
  },
  {
    "Index": 5784,
    "ObjectId": "Obj5784",
    "Attribute1": "Attr1",
    "Attribute2": "Attr2",
    "Attribute3": "Attr3",
    "Transaction": 58
  },
  {
    "Index": 5785,
    "ObjectId": "Obj5785",
    "Attribute1": "Attr1",
    "Attribute2": "Attr2",
    "Attribute3": "Attr3",
    "Transaction": 58
  },
  {
    "Index": 5786,
    "ObjectId": "Obj5786",
    "Attribute1": "Attr1",
    "Attribute2": "Attr2",
    "Attribute3": "Attr3",
    "Transaction": 58
  },
  {
    "Index": 5787,
    "ObjectId": "Obj5787",
    "Attribute1": "Attr1",
    "Attribute2": "Attr2",
    "Attribute3": "Attr3",
    "Transaction": 58
  },
  {
    "Index": 5788,
    "ObjectId": "Obj5788",
    "Attribute1": "Attr1",
    "Attribute2": "Attr2",
    "Attribute3": "Attr3",
    "Transaction": 58
  },
  {
    "Index": 5789,
    "ObjectId": "Obj5789",
    "Attribute1": "Attr1",
    "Attribute2": "Attr2",
    "Attribute3": "Attr3",
    "Transaction": 58
  },
  {
    "Index": 5790,
    "ObjectId": "Obj5790",
    "Attribute1": "Attr1",
    "Attribute2": "Attr2",
    "Attribute3": "Attr3",
    "Transaction": 58
  },
  {
    "Index": 5791,
    "ObjectId": "Obj5791",
    "Attribute1": "Attr1",
    "Attribute2": "Attr2",
    "Attribute3": "Attr3",
    "Transaction": 58
  },
  {
    "Index": 5792,
    "ObjectId": "Obj5792",
    "Attribute1": "Attr1",
    "Attribute2": "Attr2",
    "Attribute3": "Attr3",
    "Transaction": 58
  },
  {
    "Index": 5793,
    "ObjectId": "Obj5793",
    "Attribute1": "Attr1",
    "Attribute2": "Attr2",
    "Attribute3": "Attr3",
    "Transaction": 58
  },
  {
    "Index": 5794,
    "ObjectId": "Obj5794",
    "Attribute1": "Attr1",
    "Attribute2": "Attr2",
    "Attribute3": "Attr3",
    "Transaction": 58
  },
  {
    "Index": 5795,
    "ObjectId": "Obj5795",
    "Attribute1": "Attr1",
    "Attribute2": "Attr2",
    "Attribute3": "Attr3",
    "Transaction": 58
  },
  {
    "Index": 5796,
    "ObjectId": "Obj5796",
    "Attribute1": "Attr1",
    "Attribute2": "Attr2",
    "Attribute3": "Attr3",
    "Transaction": 58
  },
  {
    "Index": 5797,
    "ObjectId": "Obj5797",
    "Attribute1": "Attr1",
    "Attribute2": "Attr2",
    "Attribute3": "Attr3",
    "Transaction": 58
  },
  {
    "Index": 5798,
    "ObjectId": "Obj5798",
    "Attribute1": "Attr1",
    "Attribute2": "Attr2",
    "Attribute3": "Attr3",
    "Transaction": 58
  },
  {
    "Index": 5799,
    "ObjectId": "Obj5799",
    "Attribute1": "Attr1",
    "Attribute2": "Attr2",
    "Attribute3": "Attr3",
    "Transaction": 58
  },
  {
    "Index": 5800,
    "ObjectId": "Obj5800",
    "Attribute1": "Attr1",
    "Attribute2": "Attr2",
    "Attribute3": "Attr3",
    "Transaction": 58
  }
]