[
  {
    "Index": 5001,
    "ObjectId": "Obj5001",
    "Attribute1": "Attr1",
    "Attribute2": "Attr2",
    "Attribute3": "Attr3",
    "Transaction": 51
  },
  {
    "Index": 5002,
    "ObjectId": "Obj5002",
    "Attribute1": "Attr1",
    "Attribute2": "Attr2",
    "Attribute3": "Attr3",
    "Transaction": 51
  },
  {
    "Index": 5003,
    "ObjectId": "Obj5003",
    "Attribute1": "Attr1",
    "Attribute2": "Attr2",
    "Attribute3": "Attr3",
    "Transaction": 51
  },
  {
    "Index": 5004,
    "ObjectId": "Obj5004",
    "Attribute1": "Attr1",
    "Attribute2": "Attr2",
    "Attribute3": "Attr3",
    "Transaction": 51
  },
  {
    "Index": 5005,
    "ObjectId": "Obj5005",
    "Attribute1": "Attr1",
    "Attribute2": "Attr2",
    "Attribute3": "Attr3",
    "Transaction": 51
  },
  {
    "Index": 5006,
    "ObjectId": "Obj5006",
    "Attribute1": "Attr1",
    "Attribute2": "Attr2",
    "Attribute3": "Attr3",
    "Transaction": 51
  },
  {
    "Index": 5007,
    "ObjectId": "Obj5007",
    "Attribute1": "Attr1",
    "Attribute2": "Attr2",
    "Attribute3": "Attr3",
    "Transaction": 51
  },
  {
    "Index": 5008,
    "ObjectId": "Obj5008",
    "Attribute1": "Attr1",
    "Attribute2": "Attr2",
    "Attribute3": "Attr3",
    "Transaction": 51
  },
  {
    "Index": 5009,
    "ObjectId": "Obj5009",
    "Attribute1": "Attr1",
    "Attribute2": "Attr2",
    "Attribute3": "Attr3",
    "Transaction": 51
  },
  {
    "Index": 5010,
    "ObjectId": "Obj5010",
    "Attribute1": "Attr1",
    "Attribute2": "Attr2",
    "Attribute3": "Attr3",
    "Transaction": 51
  },
  {
    "Index": 5011,
    "ObjectId": "Obj5011",
    "Attribute1": "Attr1",
    "Attribute2": "Attr2",
    "Attribute3": "Attr3",
    "Transaction": 51
  },
  {
    "Index": 5012,
    "ObjectId": "Obj5012",
    "Attribute1": "Attr1",
    "Attribute2": "Attr2",
    "Attribute3": "Attr3",
    "Transaction": 51
  },
  {
    "Index": 5013,
    "ObjectId": "Obj5013",
    "Attribute1": "Attr1",
    "Attribute2": "Attr2",
    "Attribute3": "Attr3",
    "Transaction": 51
  },
  {
    "Index": 5014,
    "ObjectId": "Obj5014",
    "Attribute1": "Attr1",
    "Attribute2": "Attr2",
    "Attribute3": "Attr3",
    "Transaction": 51
  },
  {
    "Index": 5015,
    "ObjectId": "Obj5015",
    "Attribute1": "Attr1",
    "Attribute2": "Attr2",
    "Attribute3": "Attr3",
    "Transaction": 51
  },
  {
    "Index": 5016,
    "ObjectId": "Obj5016",
    "Attribute1": "Attr1",
    "Attribute2": "Attr2",
    "Attribute3": "Attr3",
    "Transaction": 51
  },
  {
    "Index": 5017,
    "ObjectId": "Obj5017",
    "Attribute1": "Attr1",
    "Attribute2": "Attr2",
    "Attribute3": "Attr3",
    "Transaction": 51
  },
  {
    "Index": 5018,
    "ObjectId": "Obj5018",
    "Attribute1": "Attr1",
    "Attribute2": "Attr2",
    "Attribute3": "Attr3",
    "Transaction": 51
  },
  {
    "Index": 5019,
    "ObjectId": "Obj5019",
    "Attribute1": "Attr1",
    "Attribute2": "Attr2",
    "Attribute3": "Attr3",
    "Transaction": 51
  },
  {
    "Index": 5020,
    "ObjectId": "Obj5020",
    "Attribute1": "Attr1",
    "Attribute2": "Attr2",
    "Attribute3": "Attr3",
    "Transaction": 51
  },
  {
    "Index": 5021,
    "ObjectId": "Obj5021",
    "Attribute1": "Attr1",
    "Attribute2": "Attr2",
    "Attribute3": "Attr3",
    "Transaction": 51
  },
  {
    "Index": 5022,
    "ObjectId": "Obj5022",
    "Attribute1": "Attr1",
    "Attribute2": "Attr2",
    "Attribute3": "Attr3",
    "Transaction": 51
  },
  {
    "Index": 5023,
    "ObjectId": "Obj5023",
    "Attribute1": "Attr1",
    "Attribute2": "Attr2",
    "Attribute3": "Attr3",
    "Transaction": 51
  },
  {
    "Index": 5024,
    "ObjectId": "Obj5024",
    "Attribute1": "Attr1",
    "Attribute2": "Attr2",
    "Attribute3": "Attr3",
    "Transaction": 51
  },
  {
    "Index": 5025,
    "ObjectId": "Obj5025",
    "Attribute1": "Attr1",
    "Attribute2": "Attr2",
    "Attribute3": "Attr3",
    "Transaction": 51
  },
  {
    "Index": 5026,
    "ObjectId": "Obj5026",
    "Attribute1": "Attr1",
    "Attribute2": "Attr2",
    "Attribute3": "Attr3",
    "Transaction": 51
  },
  {
    "Index": 5027,
    "ObjectId": "Obj5027",
    "Attribute1": "Attr1",
    "Attribute2": "Attr2",
    "Attribute3": "Attr3",
    "Transaction": 51
  },
  {
    "Index": 5028,
    "ObjectId": "Obj5028",
    "Attribute1": "Attr1",
    "Attribute2": "Attr2",
    "Attribute3": "Attr3",
    "Transaction": 51
  },
  {
    "Index": 5029,
    "ObjectId": "Obj5029",
    "Attribute1": "Attr1",
    "Attribute2": "Attr2",
    "Attribute3": "Attr3",
    "Transaction": 51
  },
  {
    "Index": 5030,
    "ObjectId": "Obj5030",
    "Attribute1": "Attr1",
    "Attribute2": "Attr2",
    "Attribute3": "Attr3",
    "Transaction": 51
  },
  {
    "Index": 5031,
    "ObjectId": "Obj5031",
    "Attribute1": "Attr1",
    "Attribute2": "Attr2",
    "Attribute3": "Attr3",
    "Transaction": 51
  },
  {
    "Index": 5032,
    "ObjectId": "Obj5032",
    "Attribute1": "Attr1",
    "Attribute2": "Attr2",
    "Attribute3": "Attr3",
    "Transaction": 51
  },
  {
    "Index": 5033,
    "ObjectId": "Obj5033",
    "Attribute1": "Attr1",
    "Attribute2": "Attr2",
    "Attribute3": "Attr3",
    "Transaction": 51
  },
  {
    "Index": 5034,
    "ObjectId": "Obj5034",
    "Attribute1": "Attr1",
    "Attribute2": "Attr2",
    "Attribute3": "Attr3",
    "Transaction": 51
  },
  {
    "Index": 5035,
    "ObjectId": "Obj5035",
    "Attribute1": "Attr1",
    "Attribute2": "Attr2",
    "Attribute3": "Attr3",
    "Transaction": 51
  },
  {
    "Index": 5036,
    "ObjectId": "Obj5036",
    "Attribute1": "Attr1",
    "Attribute2": "Attr2",
    "Attribute3": "Attr3",
    "Transaction": 51
  },
  {
    "Index": 5037,
    "ObjectId": "Obj5037",
    "Attribute1": "Attr1",
    "Attribute2": "Attr2",
    "Attribute3": "Attr3",
    "Transaction": 51
  },
  {
    "Index": 5038,
    "ObjectId": "Obj5038",
    "Attribute1": "Attr1",
    "Attribute2": "Attr2",
    "Attribute3": "Attr3",
    "Transaction": 51
  },
  {
    "Index": 5039,
    "ObjectId": "Obj5039",
    "Attribute1": "Attr1",
    "Attribute2": "Attr2",
    "Attribute3": "Attr3",
    "Transaction": 51
  },
  {
    "Index": 5040,
    "ObjectId": "Obj5040",
    "Attribute1": "Attr1",
    "Attribute2": "Attr2",
    "Attribute3": "Attr3",
    "Transaction": 51
  },
  {
    "Index": 5041,
    "ObjectId": "Obj5041",
    "Attribute1": "Attr1",
    "Attribute2": "Attr2",
    "Attribute3": "Attr3",
    "Transaction": 51
  },
  {
    "Index": 5042,
    "ObjectId": "Obj5042",
    "Attribute1": "Attr1",
    "Attribute2": "Attr2",
    "Attribute3": "Attr3",
    "Transaction": 51
  },
  {
    "Index": 5043,
    "ObjectId": "Obj5043",
    "Attribute1": "Attr1",
    "Attribute2": "Attr2",
    "Attribute3": "Attr3",
    "Transaction": 51
  },
  {
    "Index": 5044,
    "ObjectId": "Obj5044",
    "Attribute1": "Attr1",
    "Attribute2": "Attr2",
    "Attribute3": "Attr3",
    "Transaction": 51
  },
  {
    "Index": 5045,
    "ObjectId": "Obj5045",
    "Attribute1": "Attr1",
    "Attribute2": "Attr2",
    "Attribute3": "Attr3",
    "Transaction": 51
  },
  {
    "Index": 5046,
    "ObjectId": "Obj5046",
    "Attribute1": "Attr1",
    "Attribute2": "Attr2",
    "Attribute3": "Attr3",
    "Transaction": 51
  },
  {
    "Index": 5047,
    "ObjectId": "Obj5047",
    "Attribute1": "Attr1",
    "Attribute2": "Attr2",
    "Attribute3": "Attr3",
    "Transaction": 51
  },
  {
    "Index": 5048,
    "ObjectId": "Obj5048",
    "Attribute1": "Attr1",
    "Attribute2": "Attr2",
    "Attribute3": "Attr3",
    "Transaction": 51
  },
  {
    "Index": 5049,
    "ObjectId": "Obj5049",
    "Attribute1": "Attr1",
    "Attribute2": "Attr2",
    "Attribute3": "Attr3",
    "Transaction": 51
  },
  {
    "Index": 5050,
    "ObjectId": "Obj5050",
    "Attribute1": "Attr1",
    "Attribute2": "Attr2",
    "Attribute3": "Attr3",
    "Transaction": 51
  },
  {
    "Index": 5051,
    "ObjectId": "Obj5051",
    "Attribute1": "Attr1",
    "Attribute2": "Attr2",
    "Attribute3": "Attr3",
    "Transaction": 51
  },
  {
    "Index": 5052,
    "ObjectId": "Obj5052",
    "Attribute1": "Attr1",
    "Attribute2": "Attr2",
    "Attribute3": "Attr3",
    "Transaction": 51
  },
  {
    "Index": 5053,
    "ObjectId": "Obj5053",
    "Attribute1": "Attr1",
    "Attribute2": "Attr2",
    "Attribute3": "Attr3",
    "Transaction": 51
  },
  {
    "Index": 5054,
    "ObjectId": "Obj5054",
    "Attribute1": "Attr1",
    "Attribute2": "Attr2",
    "Attribute3": "Attr3",
    "Transaction": 51
  },
  {
    "Index": 5055,
    "ObjectId": "Obj5055",
    "Attribute1": "Attr1",
    "Attribute2": "Attr2",
    "Attribute3": "Attr3",
    "Transaction": 51
  },
  {
    "Index": 5056,
    "ObjectId": "Obj5056",
    "Attribute1": "Attr1",
    "Attribute2": "Attr2",
    "Attribute3": "Attr3",
    "Transaction": 51
  },
  {
    "Index": 5057,
    "ObjectId": "Obj5057",
    "Attribute1": "Attr1",
    "Attribute2": "Attr2",
    "Attribute3": "Attr3",
    "Transaction": 51
  },
  {
    "Index": 5058,
    "ObjectId": "Obj5058",
    "Attribute1": "Attr1",
    "Attribute2": "Attr2",
    "Attribute3": "Attr3",
    "Transaction": 51
  },
  {
    "Index": 5059,
    "ObjectId": "Obj5059",
    "Attribute1": "Attr1",
    "Attribute2": "Attr2",
    "Attribute3": "Attr3",
    "Transaction": 51
  },
  {
    "Index": 5060,
    "ObjectId": "Obj5060",
    "Attribute1": "Attr1",
    "Attribute2": "Attr2",
    "Attribute3": "Attr3",
    "Transaction": 51
  },
  {
    "Index": 5061,
    "ObjectId": "Obj5061",
    "Attribute1": "Attr1",
    "Attribute2": "Attr2",
    "Attribute3": "Attr3",
    "Transaction": 51
  },
  {
    "Index": 5062,
    "ObjectId": "Obj5062",
    "Attribute1": "Attr1",
    "Attribute2": "Attr2",
    "Attribute3": "Attr3",
    "Transaction": 51
  },
  {
    "Index": 5063,
    "ObjectId": "Obj5063",
    "Attribute1": "Attr1",
    "Attribute2": "Attr2",
    "Attribute3": "Attr3",
    "Transaction": 51
  },
  {
    "Index": 5064,
    "ObjectId": "Obj5064",
    "Attribute1": "Attr1",
    "Attribute2": "Attr2",
    "Attribute3": "Attr3",
    "Transaction": 51
  },
  {
    "Index": 5065,
    "ObjectId": "Obj5065",
    "Attribute1": "Attr1",
    "Attribute2": "Attr2",
    "Attribute3": "Attr3",
    "Transaction": 51
  },
  {
    "Index": 5066,
    "ObjectId": "Obj5066",
    "Attribute1": "Attr1",
    "Attribute2": "Attr2",
    "Attribute3": "Attr3",
    "Transaction": 51
  },
  {
    "Index": 5067,
    "ObjectId": "Obj5067",
    "Attribute1": "Attr1",
    "Attribute2": "Attr2",
    "Attribute3": "Attr3",
    "Transaction": 51
  },
  {
    "Index": 5068,
    "ObjectId": "Obj5068",
    "Attribute1": "Attr1",
    "Attribute2": "Attr2",
    "Attribute3": "Attr3",
    "Transaction": 51
  },
  {
    "Index": 5069,
    "ObjectId": "Obj5069",
    "Attribute1": "Attr1",
    "Attribute2": "Attr2",
    "Attribute3": "Attr3",
    "Transaction": 51
  },
  {
    "Index": 5070,
    "ObjectId": "Obj5070",
    "Attribute1": "Attr1",
    "Attribute2": "Attr2",
    "Attribute3": "Attr3",
    "Transaction": 51
  },
  {
    "Index": 5071,
    "ObjectId": "Obj5071",
    "Attribute1": "Attr1",
    "Attribute2": "Attr2",
    "Attribute3": "Attr3",
    "Transaction": 51
  },
  {
    "Index": 5072,
    "ObjectId": "Obj5072",
    "Attribute1": "Attr1",
    "Attribute2": "Attr2",
    "Attribute3": "Attr3",
    "Transaction": 51
  },
  {
    "Index": 5073,
    "ObjectId": "Obj5073",
    "Attribute1": "Attr1",
    "Attribute2": "Attr2",
    "Attribute3": "Attr3",
    "Transaction": 51
  },
  {
    "Index": 5074,
    "ObjectId": "Obj5074",
    "Attribute1": "Attr1",
    "Attribute2": "Attr2",
    "Attribute3": "Attr3",
    "Transaction": 51
  },
  {
    "Index": 5075,
    "ObjectId": "Obj5075",
    "Attribute1": "Attr1",
    "Attribute2": "Attr2",
    "Attribute3": "Attr3",
    "Transaction": 51
  },
  {
    "Index": 5076,
    "ObjectId": "Obj5076",
    "Attribute1": "Attr1",
    "Attribute2": "Attr2",
    "Attribute3": "Attr3",
    "Transaction": 51
  },
  {
    "Index": 5077,
    "ObjectId": "Obj5077",
    "Attribute1": "Attr1",
    "Attribute2": "Attr2",
    "Attribute3": "Attr3",
    "Transaction": 51
  },
  {
    "Index": 5078,
    "ObjectId": "Obj5078",
    "Attribute1": "Attr1",
    "Attribute2": "Attr2",
    "Attribute3": "Attr3",
    "Transaction": 51
  },
  {
    "Index": 5079,
    "ObjectId": "Obj5079",
    "Attribute1": "Attr1",
    "Attribute2": "Attr2",
    "Attribute3": "Attr3",
    "Transaction": 51
  },
  {
    "Index": 5080,
    "ObjectId": "Obj5080",
    "Attribute1": "Attr1",
    "Attribute2": "Attr2",
    "Attribute3": "Attr3",
    "Transaction": 51
  },
  {
    "Index": 5081,
    "ObjectId": "Obj5081",
    "Attribute1": "Attr1",
    "Attribute2": "Attr2",
    "Attribute3": "Attr3",
    "Transaction": 51
  },
  {
    "Index": 5082,
    "ObjectId": "Obj5082",
    "Attribute1": "Attr1",
    "Attribute2": "Attr2",
    "Attribute3": "Attr3",
    "Transaction": 51
  },
  {
    "Index": 5083,
    "ObjectId": "Obj5083",
    "Attribute1": "Attr1",
    "Attribute2": "Attr2",
    "Attribute3": "Attr3",
    "Transaction": 51
  },
  {
    "Index": 5084,
    "ObjectId": "Obj5084",
    "Attribute1": "Attr1",
    "Attribute2": "Attr2",
    "Attribute3": "Attr3",
    "Transaction": 51
  },
  {
    "Index": 5085,
    "ObjectId": "Obj5085",
    "Attribute1": "Attr1",
    "Attribute2": "Attr2",
    "Attribute3": "Attr3",
    "Transaction": 51
  },
  {
    "Index": 5086,
    "ObjectId": "Obj5086",
    "Attribute1": "Attr1",
    "Attribute2": "Attr2",
    "Attribute3": "Attr3",
    "Transaction": 51
  },
  {
    "Index": 5087,
    "ObjectId": "Obj5087",
    "Attribute1": "Attr1",
    "Attribute2": "Attr2",
    "Attribute3": "Attr3",
    "Transaction": 51
  },
  {
    "Index": 5088,
    "ObjectId": "Obj5088",
    "Attribute1": "Attr1",
    "Attribute2": "Attr2",
    "Attribute3": "Attr3",
    "Transaction": 51
  },
  {
    "Index": 5089,
    "ObjectId": "Obj5089",
    "Attribute1": "Attr1",
    "Attribute2": "Attr2",
    "Attribute3": "Attr3",
    "Transaction": 51
  },
  {
    "Index": 5090,
    "ObjectId": "Obj5090",
    "Attribute1": "Attr1",
    "Attribute2": "Attr2",
    "Attribute3": "Attr3",
    "Transaction": 51
  },
  {
    "Index": 5091,
    "ObjectId": "Obj5091",
    "Attribute1": "Attr1",
    "Attribute2": "Attr2",
    "Attribute3": "Attr3",
    "Transaction": 51
  },
  {
    "Index": 5092,
    "ObjectId": "Obj5092",
    "Attribute1": "Attr1",
    "Attribute2": "Attr2",
    "Attribute3": "Attr3",
    "Transaction": 51
  },
  {
    "Index": 5093,
    "ObjectId": "Obj5093",
    "Attribute1": "Attr1",
    "Attribute2": "Attr2",
    "Attribute3": "Attr3",
    "Transaction": 51
  },
  {
    "Index": 5094,
    "ObjectId": "Obj5094",
    "Attribute1": "Attr1",
    "Attribute2": "Attr2",
    "Attribute3": "Attr3",
    "Transaction": 51
  },
  {
    "Index": 5095,
    "ObjectId": "Obj5095",
    "Attribute1": "Attr1",
    "Attribute2": "Attr2",
    "Attribute3": "Attr3",
    "Transaction": 51
  },
  {
    "Index": 5096,
    "ObjectId": "Obj5096",
    "Attribute1": "Attr1",
    "Attribute2": "Attr2",
    "Attribute3": "Attr3",
    "Transaction": 51
  },
  {
    "Index": 5097,
    "ObjectId": "Obj5097",
    "Attribute1": "Attr1",
    "Attribute2": "Attr2",
    "Attribute3": "Attr3",
    "Transaction": 51
  },
  {
    "Index": 5098,
    "ObjectId": "Obj5098",
    "Attribute1": "Attr1",
    "Attribute2": "Attr2",
    "Attribute3": "Attr3",
    "Transaction": 51
  },
  {
    "Index": 5099,
    "ObjectId": "Obj5099",
    "Attribute1": "Attr1",
    "Attribute2": "Attr2",
    "Attribute3": "Attr3",
    "Transaction": 51
  },
  {
    "Index": 5100,
    "ObjectId": "Obj5100",
    "Attribute1": "Attr1",
    "Attribute2": "Attr2",
    "Attribute3": "Attr3",
    "Transaction": 51
  }
]