[
  {
    "Index": 1701,
    "ObjectId": "Obj1701",
    "Attribute1": "Attr1",
    "Attribute2": "Attr2",
    "Attribute3": "Attr3",
    "Transaction": 18
  },
  {
    "Index": 1702,
    "ObjectId": "Obj1702",
    "Attribute1": "Attr1",
    "Attribute2": "Attr2",
    "Attribute3": "Attr3",
    "Transaction": 18
  },
  {
    "Index": 1703,
    "ObjectId": "Obj1703",
    "Attribute1": "Attr1",
    "Attribute2": "Attr2",
    "Attribute3": "Attr3",
    "Transaction": 18
  },
  {
    "Index": 1704,
    "ObjectId": "Obj1704",
    "Attribute1": "Attr1",
    "Attribute2": "Attr2",
    "Attribute3": "Attr3",
    "Transaction": 18
  },
  {
    "Index": 1705,
    "ObjectId": "Obj1705",
    "Attribute1": "Attr1",
    "Attribute2": "Attr2",
    "Attribute3": "Attr3",
    "Transaction": 18
  },
  {
    "Index": 1706,
    "ObjectId": "Obj1706",
    "Attribute1": "Attr1",
    "Attribute2": "Attr2",
    "Attribute3": "Attr3",
    "Transaction": 18
  },
  {
    "Index": 1707,
    "ObjectId": "Obj1707",
    "Attribute1": "Attr1",
    "Attribute2": "Attr2",
    "Attribute3": "Attr3",
    "Transaction": 18
  },
  {
    "Index": 1708,
    "ObjectId": "Obj1708",
    "Attribute1": "Attr1",
    "Attribute2": "Attr2",
    "Attribute3": "Attr3",
    "Transaction": 18
  },
  {
    "Index": 1709,
    "ObjectId": "Obj1709",
    "Attribute1": "Attr1",
    "Attribute2": "Attr2",
    "Attribute3": "Attr3",
    "Transaction": 18
  },
  {
    "Index": 1710,
    "ObjectId": "Obj1710",
    "Attribute1": "Attr1",
    "Attribute2": "Attr2",
    "Attribute3": "Attr3",
    "Transaction": 18
  },
  {
    "Index": 1711,
    "ObjectId": "Obj1711",
    "Attribute1": "Attr1",
    "Attribute2": "Attr2",
    "Attribute3": "Attr3",
    "Transaction": 18
  },
  {
    "Index": 1712,
    "ObjectId": "Obj1712",
    "Attribute1": "Attr1",
    "Attribute2": "Attr2",
    "Attribute3": "Attr3",
    "Transaction": 18
  },
  {
    "Index": 1713,
    "ObjectId": "Obj1713",
    "Attribute1": "Attr1",
    "Attribute2": "Attr2",
    "Attribute3": "Attr3",
    "Transaction": 18
  },
  {
    "Index": 1714,
    "ObjectId": "Obj1714",
    "Attribute1": "Attr1",
    "Attribute2": "Attr2",
    "Attribute3": "Attr3",
    "Transaction": 18
  },
  {
    "Index": 1715,
    "ObjectId": "Obj1715",
    "Attribute1": "Attr1",
    "Attribute2": "Attr2",
    "Attribute3": "Attr3",
    "Transaction": 18
  },
  {
    "Index": 1716,
    "ObjectId": "Obj1716",
    "Attribute1": "Attr1",
    "Attribute2": "Attr2",
    "Attribute3": "Attr3",
    "Transaction": 18
  },
  {
    "Index": 1717,
    "ObjectId": "Obj1717",
    "Attribute1": "Attr1",
    "Attribute2": "Attr2",
    "Attribute3": "Attr3",
    "Transaction": 18
  },
  {
    "Index": 1718,
    "ObjectId": "Obj1718",
    "Attribute1": "Attr1",
    "Attribute2": "Attr2",
    "Attribute3": "Attr3",
    "Transaction": 18
  },
  {
    "Index": 1719,
    "ObjectId": "Obj1719",
    "Attribute1": "Attr1",
    "Attribute2": "Attr2",
    "Attribute3": "Attr3",
    "Transaction": 18
  },
  {
    "Index": 1720,
    "ObjectId": "Obj1720",
    "Attribute1": "Attr1",
    "Attribute2": "Attr2",
    "Attribute3": "Attr3",
    "Transaction": 18
  },
  {
    "Index": 1721,
    "ObjectId": "Obj1721",
    "Attribute1": "Attr1",
    "Attribute2": "Attr2",
    "Attribute3": "Attr3",
    "Transaction": 18
  },
  {
    "Index": 1722,
    "ObjectId": "Obj1722",
    "Attribute1": "Attr1",
    "Attribute2": "Attr2",
    "Attribute3": "Attr3",
    "Transaction": 18
  },
  {
    "Index": 1723,
    "ObjectId": "Obj1723",
    "Attribute1": "Attr1",
    "Attribute2": "Attr2",
    "Attribute3": "Attr3",
    "Transaction": 18
  },
  {
    "Index": 1724,
    "ObjectId": "Obj1724",
    "Attribute1": "Attr1",
    "Attribute2": "Attr2",
    "Attribute3": "Attr3",
    "Transaction": 18
  },
  {
    "Index": 1725,
    "ObjectId": "Obj1725",
    "Attribute1": "Attr1",
    "Attribute2": "Attr2",
    "Attribute3": "Attr3",
    "Transaction": 18
  },
  {
    "Index": 1726,
    "ObjectId": "Obj1726",
    "Attribute1": "Attr1",
    "Attribute2": "Attr2",
    "Attribute3": "Attr3",
    "Transaction": 18
  },
  {
    "Index": 1727,
    "ObjectId": "Obj1727",
    "Attribute1": "Attr1",
    "Attribute2": "Attr2",
    "Attribute3": "Attr3",
    "Transaction": 18
  },
  {
    "Index": 1728,
    "ObjectId": "Obj1728",
    "Attribute1": "Attr1",
    "Attribute2": "Attr2",
    "Attribute3": "Attr3",
    "Transaction": 18
  },
  {
    "Index": 1729,
    "ObjectId": "Obj1729",
    "Attribute1": "Attr1",
    "Attribute2": "Attr2",
    "Attribute3": "Attr3",
    "Transaction": 18
  },
  {
    "Index": 1730,
    "ObjectId": "Obj1730",
    "Attribute1": "Attr1",
    "Attribute2": "Attr2",
    "Attribute3": "Attr3",
    "Transaction": 18
  },
  {
    "Index": 1731,
    "ObjectId": "Obj1731",
    "Attribute1": "Attr1",
    "Attribute2": "Attr2",
    "Attribute3": "Attr3",
    "Transaction": 18
  },
  {
    "Index": 1732,
    "ObjectId": "Obj1732",
    "Attribute1": "Attr1",
    "Attribute2": "Attr2",
    "Attribute3": "Attr3",
    "Transaction": 18
  },
  {
    "Index": 1733,
    "ObjectId": "Obj1733",
    "Attribute1": "Attr1",
    "Attribute2": "Attr2",
    "Attribute3": "Attr3",
    "Transaction": 18
  },
  {
    "Index": 1734,
    "ObjectId": "Obj1734",
    "Attribute1": "Attr1",
    "Attribute2": "Attr2",
    "Attribute3": "Attr3",
    "Transaction": 18
  },
  {
    "Index": 1735,
    "ObjectId": "Obj1735",
    "Attribute1": "Attr1",
    "Attribute2": "Attr2",
    "Attribute3": "Attr3",
    "Transaction": 18
  },
  {
    "Index": 1736,
    "ObjectId": "Obj1736",
    "Attribute1": "Attr1",
    "Attribute2": "Attr2",
    "Attribute3": "Attr3",
    "Transaction": 18
  },
  {
    "Index": 1737,
    "ObjectId": "Obj1737",
    "Attribute1": "Attr1",
    "Attribute2": "Attr2",
    "Attribute3": "Attr3",
    "Transaction": 18
  },
  {
    "Index": 1738,
    "ObjectId": "Obj1738",
    "Attribute1": "Attr1",
    "Attribute2": "Attr2",
    "Attribute3": "Attr3",
    "Transaction": 18
  },
  {
    "Index": 1739,
    "ObjectId": "Obj1739",
    "Attribute1": "Attr1",
    "Attribute2": "Attr2",
    "Attribute3": "Attr3",
    "Transaction": 18
  },
  {
    "Index": 1740,
    "ObjectId": "Obj1740",
    "Attribute1": "Attr1",
    "Attribute2": "Attr2",
    "Attribute3": "Attr3",
    "Transaction": 18
  },
  {
    "Index": 1741,
    "ObjectId": "Obj1741",
    "Attribute1": "Attr1",
    "Attribute2": "Attr2",
    "Attribute3": "Attr3",
    "Transaction": 18
  },
  {
    "Index": 1742,
    "ObjectId": "Obj1742",
    "Attribute1": "Attr1",
    "Attribute2": "Attr2",
    "Attribute3": "Attr3",
    "Transaction": 18
  },
  {
    "Index": 1743,
    "ObjectId": "Obj1743",
    "Attribute1": "Attr1",
    "Attribute2": "Attr2",
    "Attribute3": "Attr3",
    "Transaction": 18
  },
  {
    "Index": 1744,
    "ObjectId": "Obj1744",
    "Attribute1": "Attr1",
    "Attribute2": "Attr2",
    "Attribute3": "Attr3",
    "Transaction": 18
  },
  {
    "Index": 1745,
    "ObjectId": "Obj1745",
    "Attribute1": "Attr1",
    "Attribute2": "Attr2",
    "Attribute3": "Attr3",
    "Transaction": 18
  },
  {
    "Index": 1746,
    "ObjectId": "Obj1746",
    "Attribute1": "Attr1",
    "Attribute2": "Attr2",
    "Attribute3": "Attr3",
    "Transaction": 18
  },
  {
    "Index": 1747,
    "ObjectId": "Obj1747",
    "Attribute1": "Attr1",
    "Attribute2": "Attr2",
    "Attribute3": "Attr3",
    "Transaction": 18
  },
  {
    "Index": 1748,
    "ObjectId": "Obj1748",
    "Attribute1": "Attr1",
    "Attribute2": "Attr2",
    "Attribute3": "Attr3",
    "Transaction": 18
  },
  {
    "Index": 1749,
    "ObjectId": "Obj1749",
    "Attribute1": "Attr1",
    "Attribute2": "Attr2",
    "Attribute3": "Attr3",
    "Transaction": 18
  },
  {
    "Index": 1750,
    "ObjectId": "Obj1750",
    "Attribute1": "Attr1",
    "Attribute2": "Attr2",
    "Attribute3": "Attr3",
    "Transaction": 18
  },
  {
    "Index": 1751,
    "ObjectId": "Obj1751",
    "Attribute1": "Attr1",
    "Attribute2": "Attr2",
    "Attribute3": "Attr3",
    "Transaction": 18
  },
  {
    "Index": 1752,
    "ObjectId": "Obj1752",
    "Attribute1": "Attr1",
    "Attribute2": "Attr2",
    "Attribute3": "Attr3",
    "Transaction": 18
  },
  {
    "Index": 1753,
    "ObjectId": "Obj1753",
    "Attribute1": "Attr1",
    "Attribute2": "Attr2",
    "Attribute3": "Attr3",
    "Transaction": 18
  },
  {
    "Index": 1754,
    "ObjectId": "Obj1754",
    "Attribute1": "Attr1",
    "Attribute2": "Attr2",
    "Attribute3": "Attr3",
    "Transaction": 18
  },
  {
    "Index": 1755,
    "ObjectId": "Obj1755",
    "Attribute1": "Attr1",
    "Attribute2": "Attr2",
    "Attribute3": "Attr3",
    "Transaction": 18
  },
  {
    "Index": 1756,
    "ObjectId": "Obj1756",
    "Attribute1": "Attr1",
    "Attribute2": "Attr2",
    "Attribute3": "Attr3",
    "Transaction": 18
  },
  {
    "Index": 1757,
    "ObjectId": "Obj1757",
    "Attribute1": "Attr1",
    "Attribute2": "Attr2",
    "Attribute3": "Attr3",
    "Transaction": 18
  },
  {
    "Index": 1758,
    "ObjectId": "Obj1758",
    "Attribute1": "Attr1",
    "Attribute2": "Attr2",
    "Attribute3": "Attr3",
    "Transaction": 18
  },
  {
    "Index": 1759,
    "ObjectId": "Obj1759",
    "Attribute1": "Attr1",
    "Attribute2": "Attr2",
    "Attribute3": "Attr3",
    "Transaction": 18
  },
  {
    "Index": 1760,
    "ObjectId": "Obj1760",
    "Attribute1": "Attr1",
    "Attribute2": "Attr2",
    "Attribute3": "Attr3",
    "Transaction": 18
  },
  {
    "Index": 1761,
    "ObjectId": "Obj1761",
    "Attribute1": "Attr1",
    "Attribute2": "Attr2",
    "Attribute3": "Attr3",
    "Transaction": 18
  },
  {
    "Index": 1762,
    "ObjectId": "Obj1762",
    "Attribute1": "Attr1",
    "Attribute2": "Attr2",
    "Attribute3": "Attr3",
    "Transaction": 18
  },
  {
    "Index": 1763,
    "ObjectId": "Obj1763",
    "Attribute1": "Attr1",
    "Attribute2": "Attr2",
    "Attribute3": "Attr3",
    "Transaction": 18
  },
  {
    "Index": 1764,
    "ObjectId": "Obj1764",
    "Attribute1": "Attr1",
    "Attribute2": "Attr2",
    "Attribute3": "Attr3",
    "Transaction": 18
  },
  {
    "Index": 1765,
    "ObjectId": "Obj1765",
    "Attribute1": "Attr1",
    "Attribute2": "Attr2",
    "Attribute3": "Attr3",
    "Transaction": 18
  },
  {
    "Index": 1766,
    "ObjectId": "Obj1766",
    "Attribute1": "Attr1",
    "Attribute2": "Attr2",
    "Attribute3": "Attr3",
    "Transaction": 18
  },
  {
    "Index": 1767,
    "ObjectId": "Obj1767",
    "Attribute1": "Attr1",
    "Attribute2": "Attr2",
    "Attribute3": "Attr3",
    "Transaction": 18
  },
  {
    "Index": 1768,
    "ObjectId": "Obj1768",
    "Attribute1": "Attr1",
    "Attribute2": "Attr2",
    "Attribute3": "Attr3",
    "Transaction": 18
  },
  {
    "Index": 1769,
    "ObjectId": "Obj1769",
    "Attribute1": "Attr1",
    "Attribute2": "Attr2",
    "Attribute3": "Attr3",
    "Transaction": 18
  },
  {
    "Index": 1770,
    "ObjectId": "Obj1770",
    "Attribute1": "Attr1",
    "Attribute2": "Attr2",
    "Attribute3": "Attr3",
    "Transaction": 18
  },
  {
    "Index": 1771,
    "ObjectId": "Obj1771",
    "Attribute1": "Attr1",
    "Attribute2": "Attr2",
    "Attribute3": "Attr3",
    "Transaction": 18
  },
  {
    "Index": 1772,
    "ObjectId": "Obj1772",
    "Attribute1": "Attr1",
    "Attribute2": "Attr2",
    "Attribute3": "Attr3",
    "Transaction": 18
  },
  {
    "Index": 1773,
    "ObjectId": "Obj1773",
    "Attribute1": "Attr1",
    "Attribute2": "Attr2",
    "Attribute3": "Attr3",
    "Transaction": 18
  },
  {
    "Index": 1774,
    "ObjectId": "Obj1774",
    "Attribute1": "Attr1",
    "Attribute2": "Attr2",
    "Attribute3": "Attr3",
    "Transaction": 18
  },
  {
    "Index": 1775,
    "ObjectId": "Obj1775",
    "Attribute1": "Attr1",
    "Attribute2": "Attr2",
    "Attribute3": "Attr3",
    "Transaction": 18
  },
  {
    "Index": 1776,
    "ObjectId": "Obj1776",
    "Attribute1": "Attr1",
    "Attribute2": "Attr2",
    "Attribute3": "Attr3",
    "Transaction": 18
  },
  {
    "Index": 1777,
    "ObjectId": "Obj1777",
    "Attribute1": "Attr1",
    "Attribute2": "Attr2",
    "Attribute3": "Attr3",
    "Transaction": 18
  },
  {
    "Index": 1778,
    "ObjectId": "Obj1778",
    "Attribute1": "Attr1",
    "Attribute2": "Attr2",
    "Attribute3": "Attr3",
    "Transaction": 18
  },
  {
    "Index": 1779,
    "ObjectId": "Obj1779",
    "Attribute1": "Attr1",
    "Attribute2": "Attr2",
    "Attribute3": "Attr3",
    "Transaction": 18
  },
  {
    "Index": 1780,
    "ObjectId": "Obj1780",
    "Attribute1": "Attr1",
    "Attribute2": "Attr2",
    "Attribute3": "Attr3",
    "Transaction": 18
  },
  {
    "Index": 1781,
    "ObjectId": "Obj1781",
    "Attribute1": "Attr1",
    "Attribute2": "Attr2",
    "Attribute3": "Attr3",
    "Transaction": 18
  },
  {
    "Index": 1782,
    "ObjectId": "Obj1782",
    "Attribute1": "Attr1",
    "Attribute2": "Attr2",
    "Attribute3": "Attr3",
    "Transaction": 18
  },
  {
    "Index": 1783,
    "ObjectId": "Obj1783",
    "Attribute1": "Attr1",
    "Attribute2": "Attr2",
    "Attribute3": "Attr3",
    "Transaction": 18
  },
  {
    "Index": 1784,
    "ObjectId": "Obj1784",
    "Attribute1": "Attr1",
    "Attribute2": "Attr2",
    "Attribute3": "Attr3",
    "Transaction": 18
  },
  {
    "Index": 1785,
    "ObjectId": "Obj1785",
    "Attribute1": "Attr1",
    "Attribute2": "Attr2",
    "Attribute3": "Attr3",
    "Transaction": 18
  },
  {
    "Index": 1786,
    "ObjectId": "Obj1786",
    "Attribute1": "Attr1",
    "Attribute2": "Attr2",
    "Attribute3": "Attr3",
    "Transaction": 18
  },
  {
    "Index": 1787,
    "ObjectId": "Obj1787",
    "Attribute1": "Attr1",
    "Attribute2": "Attr2",
    "Attribute3": "Attr3",
    "Transaction": 18
  },
  {
    "Index": 1788,
    "ObjectId": "Obj1788",
    "Attribute1": "Attr1",
    "Attribute2": "Attr2",
    "Attribute3": "Attr3",
    "Transaction": 18
  },
  {
    "Index": 1789,
    "ObjectId": "Obj1789",
    "Attribute1": "Attr1",
    "Attribute2": "Attr2",
    "Attribute3": "Attr3",
    "Transaction": 18
  },
  {
    "Index": 1790,
    "ObjectId": "Obj1790",
    "Attribute1": "Attr1",
    "Attribute2": "Attr2",
    "Attribute3": "Attr3",
    "Transaction": 18
  },
  {
    "Index": 1791,
    "ObjectId": "Obj1791",
    "Attribute1": "Attr1",
    "Attribute2": "Attr2",
    "Attribute3": "Attr3",
    "Transaction": 18
  },
  {
    "Index": 1792,
    "ObjectId": "Obj1792",
    "Attribute1": "Attr1",
    "Attribute2": "Attr2",
    "Attribute3": "Attr3",
    "Transaction": 18
  },
  {
    "Index": 1793,
    "ObjectId": "Obj1793",
    "Attribute1": "Attr1",
    "Attribute2": "Attr2",
    "Attribute3": "Attr3",
    "Transaction": 18
  },
  {
    "Index": 1794,
    "ObjectId": "Obj1794",
    "Attribute1": "Attr1",
    "Attribute2": "Attr2",
    "Attribute3": "Attr3",
    "Transaction": 18
  },
  {
    "Index": 1795,
    "ObjectId": "Obj1795",
    "Attribute1": "Attr1",
    "Attribute2": "Attr2",
    "Attribute3": "Attr3",
    "Transaction": 18
  },
  {
    "Index": 1796,
    "ObjectId": "Obj1796",
    "Attribute1": "Attr1",
    "Attribute2": "Attr2",
    "Attribute3": "Attr3",
    "Transaction": 18
  },
  {
    "Index": 1797,
    "ObjectId": "Obj1797",
    "Attribute1": "Attr1",
    "Attribute2": "Attr2",
    "Attribute3": "Attr3",
    "Transaction": 18
  },
  {
    "Index": 1798,
    "ObjectId": "Obj1798",
    "Attribute1": "Attr1",
    "Attribute2": "Attr2",
    "Attribute3": "Attr3",
    "Transaction": 18
  },
  {
    "Index": 1799,
    "ObjectId": "Obj1799",
    "Attribute1": "Attr1",
    "Attribute2": "Attr2",
    "Attribute3": "Attr3",
    "Transaction": 18
  },
  {
    "Index": 1800,
    "ObjectId": "Obj1800",
    "Attribute1": "Attr1",
    "Attribute2": "Attr2",
    "Attribute3": "Attr3",
    "Transaction": 18
  }
]