[
  {
    "Index": 7501,
    "ObjectId": "Obj7501",
    "Attribute1": "Attr1",
    "Attribute2": "Attr2",
    "Attribute3": "Attr3",
    "Transaction": 76
  },
  {
    "Index": 7502,
    "ObjectId": "Obj7502",
    "Attribute1": "Attr1",
    "Attribute2": "Attr2",
    "Attribute3": "Attr3",
    "Transaction": 76
  },
  {
    "Index": 7503,
    "ObjectId": "Obj7503",
    "Attribute1": "Attr1",
    "Attribute2": "Attr2",
    "Attribute3": "Attr3",
    "Transaction": 76
  },
  {
    "Index": 7504,
    "ObjectId": "Obj7504",
    "Attribute1": "Attr1",
    "Attribute2": "Attr2",
    "Attribute3": "Attr3",
    "Transaction": 76
  },
  {
    "Index": 7505,
    "ObjectId": "Obj7505",
    "Attribute1": "Attr1",
    "Attribute2": "Attr2",
    "Attribute3": "Attr3",
    "Transaction": 76
  },
  {
    "Index": 7506,
    "ObjectId": "Obj7506",
    "Attribute1": "Attr1",
    "Attribute2": "Attr2",
    "Attribute3": "Attr3",
    "Transaction": 76
  },
  {
    "Index": 7507,
    "ObjectId": "Obj7507",
    "Attribute1": "Attr1",
    "Attribute2": "Attr2",
    "Attribute3": "Attr3",
    "Transaction": 76
  },
  {
    "Index": 7508,
    "ObjectId": "Obj7508",
    "Attribute1": "Attr1",
    "Attribute2": "Attr2",
    "Attribute3": "Attr3",
    "Transaction": 76
  },
  {
    "Index": 7509,
    "ObjectId": "Obj7509",
    "Attribute1": "Attr1",
    "Attribute2": "Attr2",
    "Attribute3": "Attr3",
    "Transaction": 76
  },
  {
    "Index": 7510,
    "ObjectId": "Obj7510",
    "Attribute1": "Attr1",
    "Attribute2": "Attr2",
    "Attribute3": "Attr3",
    "Transaction": 76
  },
  {
    "Index": 7511,
    "ObjectId": "Obj7511",
    "Attribute1": "Attr1",
    "Attribute2": "Attr2",
    "Attribute3": "Attr3",
    "Transaction": 76
  },
  {
    "Index": 7512,
    "ObjectId": "Obj7512",
    "Attribute1": "Attr1",
    "Attribute2": "Attr2",
    "Attribute3": "Attr3",
    "Transaction": 76
  },
  {
    "Index": 7513,
    "ObjectId": "Obj7513",
    "Attribute1": "Attr1",
    "Attribute2": "Attr2",
    "Attribute3": "Attr3",
    "Transaction": 76
  },
  {
    "Index": 7514,
    "ObjectId": "Obj7514",
    "Attribute1": "Attr1",
    "Attribute2": "Attr2",
    "Attribute3": "Attr3",
    "Transaction": 76
  },
  {
    "Index": 7515,
    "ObjectId": "Obj7515",
    "Attribute1": "Attr1",
    "Attribute2": "Attr2",
    "Attribute3": "Attr3",
    "Transaction": 76
  },
  {
    "Index": 7516,
    "ObjectId": "Obj7516",
    "Attribute1": "Attr1",
    "Attribute2": "Attr2",
    "Attribute3": "Attr3",
    "Transaction": 76
  },
  {
    "Index": 7517,
    "ObjectId": "Obj7517",
    "Attribute1": "Attr1",
    "Attribute2": "Attr2",
    "Attribute3": "Attr3",
    "Transaction": 76
  },
  {
    "Index": 7518,
    "ObjectId": "Obj7518",
    "Attribute1": "Attr1",
    "Attribute2": "Attr2",
    "Attribute3": "Attr3",
    "Transaction": 76
  },
  {
    "Index": 7519,
    "ObjectId": "Obj7519",
    "Attribute1": "Attr1",
    "Attribute2": "Attr2",
    "Attribute3": "Attr3",
    "Transaction": 76
  },
  {
    "Index": 7520,
    "ObjectId": "Obj7520",
    "Attribute1": "Attr1",
    "Attribute2": "Attr2",
    "Attribute3": "Attr3",
    "Transaction": 76
  },
  {
    "Index": 7521,
    "ObjectId": "Obj7521",
    "Attribute1": "Attr1",
    "Attribute2": "Attr2",
    "Attribute3": "Attr3",
    "Transaction": 76
  },
  {
    "Index": 7522,
    "ObjectId": "Obj7522",
    "Attribute1": "Attr1",
    "Attribute2": "Attr2",
    "Attribute3": "Attr3",
    "Transaction": 76
  },
  {
    "Index": 7523,
    "ObjectId": "Obj7523",
    "Attribute1": "Attr1",
    "Attribute2": "Attr2",
    "Attribute3": "Attr3",
    "Transaction": 76
  },
  {
    "Index": 7524,
    "ObjectId": "Obj7524",
    "Attribute1": "Attr1",
    "Attribute2": "Attr2",
    "Attribute3": "Attr3",
    "Transaction": 76
  },
  {
    "Index": 7525,
    "ObjectId": "Obj7525",
    "Attribute1": "Attr1",
    "Attribute2": "Attr2",
    "Attribute3": "Attr3",
    "Transaction": 76
  },
  {
    "Index": 7526,
    "ObjectId": "Obj7526",
    "Attribute1": "Attr1",
    "Attribute2": "Attr2",
    "Attribute3": "Attr3",
    "Transaction": 76
  },
  {
    "Index": 7527,
    "ObjectId": "Obj7527",
    "Attribute1": "Attr1",
    "Attribute2": "Attr2",
    "Attribute3": "Attr3",
    "Transaction": 76
  },
  {
    "Index": 7528,
    "ObjectId": "Obj7528",
    "Attribute1": "Attr1",
    "Attribute2": "Attr2",
    "Attribute3": "Attr3",
    "Transaction": 76
  },
  {
    "Index": 7529,
    "ObjectId": "Obj7529",
    "Attribute1": "Attr1",
    "Attribute2": "Attr2",
    "Attribute3": "Attr3",
    "Transaction": 76
  },
  {
    "Index": 7530,
    "ObjectId": "Obj7530",
    "Attribute1": "Attr1",
    "Attribute2": "Attr2",
    "Attribute3": "Attr3",
    "Transaction": 76
  },
  {
    "Index": 7531,
    "ObjectId": "Obj7531",
    "Attribute1": "Attr1",
    "Attribute2": "Attr2",
    "Attribute3": "Attr3",
    "Transaction": 76
  },
  {
    "Index": 7532,
    "ObjectId": "Obj7532",
    "Attribute1": "Attr1",
    "Attribute2": "Attr2",
    "Attribute3": "Attr3",
    "Transaction": 76
  },
  {
    "Index": 7533,
    "ObjectId": "Obj7533",
    "Attribute1": "Attr1",
    "Attribute2": "Attr2",
    "Attribute3": "Attr3",
    "Transaction": 76
  },
  {
    "Index": 7534,
    "ObjectId": "Obj7534",
    "Attribute1": "Attr1",
    "Attribute2": "Attr2",
    "Attribute3": "Attr3",
    "Transaction": 76
  },
  {
    "Index": 7535,
    "ObjectId": "Obj7535",
    "Attribute1": "Attr1",
    "Attribute2": "Attr2",
    "Attribute3": "Attr3",
    "Transaction": 76
  },
  {
    "Index": 7536,
    "ObjectId": "Obj7536",
    "Attribute1": "Attr1",
    "Attribute2": "Attr2",
    "Attribute3": "Attr3",
    "Transaction": 76
  },
  {
    "Index": 7537,
    "ObjectId": "Obj7537",
    "Attribute1": "Attr1",
    "Attribute2": "Attr2",
    "Attribute3": "Attr3",
    "Transaction": 76
  },
  {
    "Index": 7538,
    "ObjectId": "Obj7538",
    "Attribute1": "Attr1",
    "Attribute2": "Attr2",
    "Attribute3": "Attr3",
    "Transaction": 76
  },
  {
    "Index": 7539,
    "ObjectId": "Obj7539",
    "Attribute1": "Attr1",
    "Attribute2": "Attr2",
    "Attribute3": "Attr3",
    "Transaction": 76
  },
  {
    "Index": 7540,
    "ObjectId": "Obj7540",
    "Attribute1": "Attr1",
    "Attribute2": "Attr2",
    "Attribute3": "Attr3",
    "Transaction": 76
  },
  {
    "Index": 7541,
    "ObjectId": "Obj7541",
    "Attribute1": "Attr1",
    "Attribute2": "Attr2",
    "Attribute3": "Attr3",
    "Transaction": 76
  },
  {
    "Index": 7542,
    "ObjectId": "Obj7542",
    "Attribute1": "Attr1",
    "Attribute2": "Attr2",
    "Attribute3": "Attr3",
    "Transaction": 76
  },
  {
    "Index": 7543,
    "ObjectId": "Obj7543",
    "Attribute1": "Attr1",
    "Attribute2": "Attr2",
    "Attribute3": "Attr3",
    "Transaction": 76
  },
  {
    "Index": 7544,
    "ObjectId": "Obj7544",
    "Attribute1": "Attr1",
    "Attribute2": "Attr2",
    "Attribute3": "Attr3",
    "Transaction": 76
  },
  {
    "Index": 7545,
    "ObjectId": "Obj7545",
    "Attribute1": "Attr1",
    "Attribute2": "Attr2",
    "Attribute3": "Attr3",
    "Transaction": 76
  },
  {
    "Index": 7546,
    "ObjectId": "Obj7546",
    "Attribute1": "Attr1",
    "Attribute2": "Attr2",
    "Attribute3": "Attr3",
    "Transaction": 76
  },
  {
    "Index": 7547,
    "ObjectId": "Obj7547",
    "Attribute1": "Attr1",
    "Attribute2": "Attr2",
    "Attribute3": "Attr3",
    "Transaction": 76
  },
  {
    "Index": 7548,
    "ObjectId": "Obj7548",
    "Attribute1": "Attr1",
    "Attribute2": "Attr2",
    "Attribute3": "Attr3",
    "Transaction": 76
  },
  {
    "Index": 7549,
    "ObjectId": "Obj7549",
    "Attribute1": "Attr1",
    "Attribute2": "Attr2",
    "Attribute3": "Attr3",
    "Transaction": 76
  },
  {
    "Index": 7550,
    "ObjectId": "Obj7550",
    "Attribute1": "Attr1",
    "Attribute2": "Attr2",
    "Attribute3": "Attr3",
    "Transaction": 76
  },
  {
    "Index": 7551,
    "ObjectId": "Obj7551",
    "Attribute1": "Attr1",
    "Attribute2": "Attr2",
    "Attribute3": "Attr3",
    "Transaction": 76
  },
  {
    "Index": 7552,
    "ObjectId": "Obj7552",
    "Attribute1": "Attr1",
    "Attribute2": "Attr2",
    "Attribute3": "Attr3",
    "Transaction": 76
  },
  {
    "Index": 7553,
    "ObjectId": "Obj7553",
    "Attribute1": "Attr1",
    "Attribute2": "Attr2",
    "Attribute3": "Attr3",
    "Transaction": 76
  },
  {
    "Index": 7554,
    "ObjectId": "Obj7554",
    "Attribute1": "Attr1",
    "Attribute2": "Attr2",
    "Attribute3": "Attr3",
    "Transaction": 76
  },
  {
    "Index": 7555,
    "ObjectId": "Obj7555",
    "Attribute1": "Attr1",
    "Attribute2": "Attr2",
    "Attribute3": "Attr3",
    "Transaction": 76
  },
  {
    "Index": 7556,
    "ObjectId": "Obj7556",
    "Attribute1": "Attr1",
    "Attribute2": "Attr2",
    "Attribute3": "Attr3",
    "Transaction": 76
  },
  {
    "Index": 7557,
    "ObjectId": "Obj7557",
    "Attribute1": "Attr1",
    "Attribute2": "Attr2",
    "Attribute3": "Attr3",
    "Transaction": 76
  },
  {
    "Index": 7558,
    "ObjectId": "Obj7558",
    "Attribute1": "Attr1",
    "Attribute2": "Attr2",
    "Attribute3": "Attr3",
    "Transaction": 76
  },
  {
    "Index": 7559,
    "ObjectId": "Obj7559",
    "Attribute1": "Attr1",
    "Attribute2": "Attr2",
    "Attribute3": "Attr3",
    "Transaction": 76
  },
  {
    "Index": 7560,
    "ObjectId": "Obj7560",
    "Attribute1": "Attr1",
    "Attribute2": "Attr2",
    "Attribute3": "Attr3",
    "Transaction": 76
  },
  {
    "Index": 7561,
    "ObjectId": "Obj7561",
    "Attribute1": "Attr1",
    "Attribute2": "Attr2",
    "Attribute3": "Attr3",
    "Transaction": 76
  },
  {
    "Index": 7562,
    "ObjectId": "Obj7562",
    "Attribute1": "Attr1",
    "Attribute2": "Attr2",
    "Attribute3": "Attr3",
    "Transaction": 76
  },
  {
    "Index": 7563,
    "ObjectId": "Obj7563",
    "Attribute1": "Attr1",
    "Attribute2": "Attr2",
    "Attribute3": "Attr3",
    "Transaction": 76
  },
  {
    "Index": 7564,
    "ObjectId": "Obj7564",
    "Attribute1": "Attr1",
    "Attribute2": "Attr2",
    "Attribute3": "Attr3",
    "Transaction": 76
  },
  {
    "Index": 7565,
    "ObjectId": "Obj7565",
    "Attribute1": "Attr1",
    "Attribute2": "Attr2",
    "Attribute3": "Attr3",
    "Transaction": 76
  },
  {
    "Index": 7566,
    "ObjectId": "Obj7566",
    "Attribute1": "Attr1",
    "Attribute2": "Attr2",
    "Attribute3": "Attr3",
    "Transaction": 76
  },
  {
    "Index": 7567,
    "ObjectId": "Obj7567",
    "Attribute1": "Attr1",
    "Attribute2": "Attr2",
    "Attribute3": "Attr3",
    "Transaction": 76
  },
  {
    "Index": 7568,
    "ObjectId": "Obj7568",
    "Attribute1": "Attr1",
    "Attribute2": "Attr2",
    "Attribute3": "Attr3",
    "Transaction": 76
  },
  {
    "Index": 7569,
    "ObjectId": "Obj7569",
    "Attribute1": "Attr1",
    "Attribute2": "Attr2",
    "Attribute3": "Attr3",
    "Transaction": 76
  },
  {
    "Index": 7570,
    "ObjectId": "Obj7570",
    "Attribute1": "Attr1",
    "Attribute2": "Attr2",
    "Attribute3": "Attr3",
    "Transaction": 76
  },
  {
    "Index": 7571,
    "ObjectId": "Obj7571",
    "Attribute1": "Attr1",
    "Attribute2": "Attr2",
    "Attribute3": "Attr3",
    "Transaction": 76
  },
  {
    "Index": 7572,
    "ObjectId": "Obj7572",
    "Attribute1": "Attr1",
    "Attribute2": "Attr2",
    "Attribute3": "Attr3",
    "Transaction": 76
  },
  {
    "Index": 7573,
    "ObjectId": "Obj7573",
    "Attribute1": "Attr1",
    "Attribute2": "Attr2",
    "Attribute3": "Attr3",
    "Transaction": 76
  },
  {
    "Index": 7574,
    "ObjectId": "Obj7574",
    "Attribute1": "Attr1",
    "Attribute2": "Attr2",
    "Attribute3": "Attr3",
    "Transaction": 76
  },
  {
    "Index": 7575,
    "ObjectId": "Obj7575",
    "Attribute1": "Attr1",
    "Attribute2": "Attr2",
    "Attribute3": "Attr3",
    "Transaction": 76
  },
  {
    "Index": 7576,
    "ObjectId": "Obj7576",
    "Attribute1": "Attr1",
    "Attribute2": "Attr2",
    "Attribute3": "Attr3",
    "Transaction": 76
  },
  {
    "Index": 7577,
    "ObjectId": "Obj7577",
    "Attribute1": "Attr1",
    "Attribute2": "Attr2",
    "Attribute3": "Attr3",
    "Transaction": 76
  },
  {
    "Index": 7578,
    "ObjectId": "Obj7578",
    "Attribute1": "Attr1",
    "Attribute2": "Attr2",
    "Attribute3": "Attr3",
    "Transaction": 76
  },
  {
    "Index": 7579,
    "ObjectId": "Obj7579",
    "Attribute1": "Attr1",
    "Attribute2": "Attr2",
    "Attribute3": "Attr3",
    "Transaction": 76
  },
  {
    "Index": 7580,
    "ObjectId": "Obj7580",
    "Attribute1": "Attr1",
    "Attribute2": "Attr2",
    "Attribute3": "Attr3",
    "Transaction": 76
  },
  {
    "Index": 7581,
    "ObjectId": "Obj7581",
    "Attribute1": "Attr1",
    "Attribute2": "Attr2",
    "Attribute3": "Attr3",
    "Transaction": 76
  },
  {
    "Index": 7582,
    "ObjectId": "Obj7582",
    "Attribute1": "Attr1",
    "Attribute2": "Attr2",
    "Attribute3": "Attr3",
    "Transaction": 76
  },
  {
    "Index": 7583,
    "ObjectId": "Obj7583",
    "Attribute1": "Attr1",
    "Attribute2": "Attr2",
    "Attribute3": "Attr3",
    "Transaction": 76
  },
  {
    "Index": 7584,
    "ObjectId": "Obj7584",
    "Attribute1": "Attr1",
    "Attribute2": "Attr2",
    "Attribute3": "Attr3",
    "Transaction": 76
  },
  {
    "Index": 7585,
    "ObjectId": "Obj7585",
    "Attribute1": "Attr1",
    "Attribute2": "Attr2",
    "Attribute3": "Attr3",
    "Transaction": 76
  },
  {
    "Index": 7586,
    "ObjectId": "Obj7586",
    "Attribute1": "Attr1",
    "Attribute2": "Attr2",
    "Attribute3": "Attr3",
    "Transaction": 76
  },
  {
    "Index": 7587,
    "ObjectId": "Obj7587",
    "Attribute1": "Attr1",
    "Attribute2": "Attr2",
    "Attribute3": "Attr3",
    "Transaction": 76
  },
  {
    "Index": 7588,
    "ObjectId": "Obj7588",
    "Attribute1": "Attr1",
    "Attribute2": "Attr2",
    "Attribute3": "Attr3",
    "Transaction": 76
  },
  {
    "Index": 7589,
    "ObjectId": "Obj7589",
    "Attribute1": "Attr1",
    "Attribute2": "Attr2",
    "Attribute3": "Attr3",
    "Transaction": 76
  },
  {
    "Index": 7590,
    "ObjectId": "Obj7590",
    "Attribute1": "Attr1",
    "Attribute2": "Attr2",
    "Attribute3": "Attr3",
    "Transaction": 76
  },
  {
    "Index": 7591,
    "ObjectId": "Obj7591",
    "Attribute1": "Attr1",
    "Attribute2": "Attr2",
    "Attribute3": "Attr3",
    "Transaction": 76
  },
  {
    "Index": 7592,
    "ObjectId": "Obj7592",
    "Attribute1": "Attr1",
    "Attribute2": "Attr2",
    "Attribute3": "Attr3",
    "Transaction": 76
  },
  {
    "Index": 7593,
    "ObjectId": "Obj7593",
    "Attribute1": "Attr1",
    "Attribute2": "Attr2",
    "Attribute3": "Attr3",
    "Transaction": 76
  },
  {
    "Index": 7594,
    "ObjectId": "Obj7594",
    "Attribute1": "Attr1",
    "Attribute2": "Attr2",
    "Attribute3": "Attr3",
    "Transaction": 76
  },
  {
    "Index": 7595,
    "ObjectId": "Obj7595",
    "Attribute1": "Attr1",
    "Attribute2": "Attr2",
    "Attribute3": "Attr3",
    "Transaction": 76
  },
  {
    "Index": 7596,
    "ObjectId": "Obj7596",
    "Attribute1": "Attr1",
    "Attribute2": "Attr2",
    "Attribute3": "Attr3",
    "Transaction": 76
  },
  {
    "Index": 7597,
    "ObjectId": "Obj7597",
    "Attribute1": "Attr1",
    "Attribute2": "Attr2",
    "Attribute3": "Attr3",
    "Transaction": 76
  },
  {
    "Index": 7598,
    "ObjectId": "Obj7598",
    "Attribute1": "Attr1",
    "Attribute2": "Attr2",
    "Attribute3": "Attr3",
    "Transaction": 76
  },
  {
    "Index": 7599,
    "ObjectId": "Obj7599",
    "Attribute1": "Attr1",
    "Attribute2": "Attr2",
    "Attribute3": "Attr3",
    "Transaction": 76
  },
  {
    "Index": 7600,
    "ObjectId": "Obj7600",
    "Attribute1": "Attr1",
    "Attribute2": "Attr2",
    "Attribute3": "Attr3",
    "Transaction": 76
  }
]