[
  {
    "Index": 9101,
    "ObjectId": "Obj9101",
    "Attribute1": "Attr1",
    "Attribute2": "Attr2",
    "Attribute3": "Attr3",
    "Transaction": 92
  },
  {
    "Index": 9102,
    "ObjectId": "Obj9102",
    "Attribute1": "Attr1",
    "Attribute2": "Attr2",
    "Attribute3": "Attr3",
    "Transaction": 92
  },
  {
    "Index": 9103,
    "ObjectId": "Obj9103",
    "Attribute1": "Attr1",
    "Attribute2": "Attr2",
    "Attribute3": "Attr3",
    "Transaction": 92
  },
  {
    "Index": 9104,
    "ObjectId": "Obj9104",
    "Attribute1": "Attr1",
    "Attribute2": "Attr2",
    "Attribute3": "Attr3",
    "Transaction": 92
  },
  {
    "Index": 9105,
    "ObjectId": "Obj9105",
    "Attribute1": "Attr1",
    "Attribute2": "Attr2",
    "Attribute3": "Attr3",
    "Transaction": 92
  },
  {
    "Index": 9106,
    "ObjectId": "Obj9106",
    "Attribute1": "Attr1",
    "Attribute2": "Attr2",
    "Attribute3": "Attr3",
    "Transaction": 92
  },
  {
    "Index": 9107,
    "ObjectId": "Obj9107",
    "Attribute1": "Attr1",
    "Attribute2": "Attr2",
    "Attribute3": "Attr3",
    "Transaction": 92
  },
  {
    "Index": 9108,
    "ObjectId": "Obj9108",
    "Attribute1": "Attr1",
    "Attribute2": "Attr2",
    "Attribute3": "Attr3",
    "Transaction": 92
  },
  {
    "Index": 9109,
    "ObjectId": "Obj9109",
    "Attribute1": "Attr1",
    "Attribute2": "Attr2",
    "Attribute3": "Attr3",
    "Transaction": 92
  },
  {
    "Index": 9110,
    "ObjectId": "Obj9110",
    "Attribute1": "Attr1",
    "Attribute2": "Attr2",
    "Attribute3": "Attr3",
    "Transaction": 92
  },
  {
    "Index": 9111,
    "ObjectId": "Obj9111",
    "Attribute1": "Attr1",
    "Attribute2": "Attr2",
    "Attribute3": "Attr3",
    "Transaction": 92
  },
  {
    "Index": 9112,
    "ObjectId": "Obj9112",
    "Attribute1": "Attr1",
    "Attribute2": "Attr2",
    "Attribute3": "Attr3",
    "Transaction": 92
  },
  {
    "Index": 9113,
    "ObjectId": "Obj9113",
    "Attribute1": "Attr1",
    "Attribute2": "Attr2",
    "Attribute3": "Attr3",
    "Transaction": 92
  },
  {
    "Index": 9114,
    "ObjectId": "Obj9114",
    "Attribute1": "Attr1",
    "Attribute2": "Attr2",
    "Attribute3": "Attr3",
    "Transaction": 92
  },
  {
    "Index": 9115,
    "ObjectId": "Obj9115",
    "Attribute1": "Attr1",
    "Attribute2": "Attr2",
    "Attribute3": "Attr3",
    "Transaction": 92
  },
  {
    "Index": 9116,
    "ObjectId": "Obj9116",
    "Attribute1": "Attr1",
    "Attribute2": "Attr2",
    "Attribute3": "Attr3",
    "Transaction": 92
  },
  {
    "Index": 9117,
    "ObjectId": "Obj9117",
    "Attribute1": "Attr1",
    "Attribute2": "Attr2",
    "Attribute3": "Attr3",
    "Transaction": 92
  },
  {
    "Index": 9118,
    "ObjectId": "Obj9118",
    "Attribute1": "Attr1",
    "Attribute2": "Attr2",
    "Attribute3": "Attr3",
    "Transaction": 92
  },
  {
    "Index": 9119,
    "ObjectId": "Obj9119",
    "Attribute1": "Attr1",
    "Attribute2": "Attr2",
    "Attribute3": "Attr3",
    "Transaction": 92
  },
  {
    "Index": 9120,
    "ObjectId": "Obj9120",
    "Attribute1": "Attr1",
    "Attribute2": "Attr2",
    "Attribute3": "Attr3",
    "Transaction": 92
  },
  {
    "Index": 9121,
    "ObjectId": "Obj9121",
    "Attribute1": "Attr1",
    "Attribute2": "Attr2",
    "Attribute3": "Attr3",
    "Transaction": 92
  },
  {
    "Index": 9122,
    "ObjectId": "Obj9122",
    "Attribute1": "Attr1",
    "Attribute2": "Attr2",
    "Attribute3": "Attr3",
    "Transaction": 92
  },
  {
    "Index": 9123,
    "ObjectId": "Obj9123",
    "Attribute1": "Attr1",
    "Attribute2": "Attr2",
    "Attribute3": "Attr3",
    "Transaction": 92
  },
  {
    "Index": 9124,
    "ObjectId": "Obj9124",
    "Attribute1": "Attr1",
    "Attribute2": "Attr2",
    "Attribute3": "Attr3",
    "Transaction": 92
  },
  {
    "Index": 9125,
    "ObjectId": "Obj9125",
    "Attribute1": "Attr1",
    "Attribute2": "Attr2",
    "Attribute3": "Attr3",
    "Transaction": 92
  },
  {
    "Index": 9126,
    "ObjectId": "Obj9126",
    "Attribute1": "Attr1",
    "Attribute2": "Attr2",
    "Attribute3": "Attr3",
    "Transaction": 92
  },
  {
    "Index": 9127,
    "ObjectId": "Obj9127",
    "Attribute1": "Attr1",
    "Attribute2": "Attr2",
    "Attribute3": "Attr3",
    "Transaction": 92
  },
  {
    "Index": 9128,
    "ObjectId": "Obj9128",
    "Attribute1": "Attr1",
    "Attribute2": "Attr2",
    "Attribute3": "Attr3",
    "Transaction": 92
  },
  {
    "Index": 9129,
    "ObjectId": "Obj9129",
    "Attribute1": "Attr1",
    "Attribute2": "Attr2",
    "Attribute3": "Attr3",
    "Transaction": 92
  },
  {
    "Index": 9130,
    "ObjectId": "Obj9130",
    "Attribute1": "Attr1",
    "Attribute2": "Attr2",
    "Attribute3": "Attr3",
    "Transaction": 92
  },
  {
    "Index": 9131,
    "ObjectId": "Obj9131",
    "Attribute1": "Attr1",
    "Attribute2": "Attr2",
    "Attribute3": "Attr3",
    "Transaction": 92
  },
  {
    "Index": 9132,
    "ObjectId": "Obj9132",
    "Attribute1": "Attr1",
    "Attribute2": "Attr2",
    "Attribute3": "Attr3",
    "Transaction": 92
  },
  {
    "Index": 9133,
    "ObjectId": "Obj9133",
    "Attribute1": "Attr1",
    "Attribute2": "Attr2",
    "Attribute3": "Attr3",
    "Transaction": 92
  },
  {
    "Index": 9134,
    "ObjectId": "Obj9134",
    "Attribute1": "Attr1",
    "Attribute2": "Attr2",
    "Attribute3": "Attr3",
    "Transaction": 92
  },
  {
    "Index": 9135,
    "ObjectId": "Obj9135",
    "Attribute1": "Attr1",
    "Attribute2": "Attr2",
    "Attribute3": "Attr3",
    "Transaction": 92
  },
  {
    "Index": 9136,
    "ObjectId": "Obj9136",
    "Attribute1": "Attr1",
    "Attribute2": "Attr2",
    "Attribute3": "Attr3",
    "Transaction": 92
  },
  {
    "Index": 9137,
    "ObjectId": "Obj9137",
    "Attribute1": "Attr1",
    "Attribute2": "Attr2",
    "Attribute3": "Attr3",
    "Transaction": 92
  },
  {
    "Index": 9138,
    "ObjectId": "Obj9138",
    "Attribute1": "Attr1",
    "Attribute2": "Attr2",
    "Attribute3": "Attr3",
    "Transaction": 92
  },
  {
    "Index": 9139,
    "ObjectId": "Obj9139",
    "Attribute1": "Attr1",
    "Attribute2": "Attr2",
    "Attribute3": "Attr3",
    "Transaction": 92
  },
  {
    "Index": 9140,
    "ObjectId": "Obj9140",
    "Attribute1": "Attr1",
    "Attribute2": "Attr2",
    "Attribute3": "Attr3",
    "Transaction": 92
  },
  {
    "Index": 9141,
    "ObjectId": "Obj9141",
    "Attribute1": "Attr1",
    "Attribute2": "Attr2",
    "Attribute3": "Attr3",
    "Transaction": 92
  },
  {
    "Index": 9142,
    "ObjectId": "Obj9142",
    "Attribute1": "Attr1",
    "Attribute2": "Attr2",
    "Attribute3": "Attr3",
    "Transaction": 92
  },
  {
    "Index": 9143,
    "ObjectId": "Obj9143",
    "Attribute1": "Attr1",
    "Attribute2": "Attr2",
    "Attribute3": "Attr3",
    "Transaction": 92
  },
  {
    "Index": 9144,
    "ObjectId": "Obj9144",
    "Attribute1": "Attr1",
    "Attribute2": "Attr2",
    "Attribute3": "Attr3",
    "Transaction": 92
  },
  {
    "Index": 9145,
    "ObjectId": "Obj9145",
    "Attribute1": "Attr1",
    "Attribute2": "Attr2",
    "Attribute3": "Attr3",
    "Transaction": 92
  },
  {
    "Index": 9146,
    "ObjectId": "Obj9146",
    "Attribute1": "Attr1",
    "Attribute2": "Attr2",
    "Attribute3": "Attr3",
    "Transaction": 92
  },
  {
    "Index": 9147,
    "ObjectId": "Obj9147",
    "Attribute1": "Attr1",
    "Attribute2": "Attr2",
    "Attribute3": "Attr3",
    "Transaction": 92
  },
  {
    "Index": 9148,
    "ObjectId": "Obj9148",
    "Attribute1": "Attr1",
    "Attribute2": "Attr2",
    "Attribute3": "Attr3",
    "Transaction": 92
  },
  {
    "Index": 9149,
    "ObjectId": "Obj9149",
    "Attribute1": "Attr1",
    "Attribute2": "Attr2",
    "Attribute3": "Attr3",
    "Transaction": 92
  },
  {
    "Index": 9150,
    "ObjectId": "Obj9150",
    "Attribute1": "Attr1",
    "Attribute2": "Attr2",
    "Attribute3": "Attr3",
    "Transaction": 92
  },
  {
    "Index": 9151,
    "ObjectId": "Obj9151",
    "Attribute1": "Attr1",
    "Attribute2": "Attr2",
    "Attribute3": "Attr3",
    "Transaction": 92
  },
  {
    "Index": 9152,
    "ObjectId": "Obj9152",
    "Attribute1": "Attr1",
    "Attribute2": "Attr2",
    "Attribute3": "Attr3",
    "Transaction": 92
  },
  {
    "Index": 9153,
    "ObjectId": "Obj9153",
    "Attribute1": "Attr1",
    "Attribute2": "Attr2",
    "Attribute3": "Attr3",
    "Transaction": 92
  },
  {
    "Index": 9154,
    "ObjectId": "Obj9154",
    "Attribute1": "Attr1",
    "Attribute2": "Attr2",
    "Attribute3": "Attr3",
    "Transaction": 92
  },
  {
    "Index": 9155,
    "ObjectId": "Obj9155",
    "Attribute1": "Attr1",
    "Attribute2": "Attr2",
    "Attribute3": "Attr3",
    "Transaction": 92
  },
  {
    "Index": 9156,
    "ObjectId": "Obj9156",
    "Attribute1": "Attr1",
    "Attribute2": "Attr2",
    "Attribute3": "Attr3",
    "Transaction": 92
  },
  {
    "Index": 9157,
    "ObjectId": "Obj9157",
    "Attribute1": "Attr1",
    "Attribute2": "Attr2",
    "Attribute3": "Attr3",
    "Transaction": 92
  },
  {
    "Index": 9158,
    "ObjectId": "Obj9158",
    "Attribute1": "Attr1",
    "Attribute2": "Attr2",
    "Attribute3": "Attr3",
    "Transaction": 92
  },
  {
    "Index": 9159,
    "ObjectId": "Obj9159",
    "Attribute1": "Attr1",
    "Attribute2": "Attr2",
    "Attribute3": "Attr3",
    "Transaction": 92
  },
  {
    "Index": 9160,
    "ObjectId": "Obj9160",
    "Attribute1": "Attr1",
    "Attribute2": "Attr2",
    "Attribute3": "Attr3",
    "Transaction": 92
  },
  {
    "Index": 9161,
    "ObjectId": "Obj9161",
    "Attribute1": "Attr1",
    "Attribute2": "Attr2",
    "Attribute3": "Attr3",
    "Transaction": 92
  },
  {
    "Index": 9162,
    "ObjectId": "Obj9162",
    "Attribute1": "Attr1",
    "Attribute2": "Attr2",
    "Attribute3": "Attr3",
    "Transaction": 92
  },
  {
    "Index": 9163,
    "ObjectId": "Obj9163",
    "Attribute1": "Attr1",
    "Attribute2": "Attr2",
    "Attribute3": "Attr3",
    "Transaction": 92
  },
  {
    "Index": 9164,
    "ObjectId": "Obj9164",
    "Attribute1": "Attr1",
    "Attribute2": "Attr2",
    "Attribute3": "Attr3",
    "Transaction": 92
  },
  {
    "Index": 9165,
    "ObjectId": "Obj9165",
    "Attribute1": "Attr1",
    "Attribute2": "Attr2",
    "Attribute3": "Attr3",
    "Transaction": 92
  },
  {
    "Index": 9166,
    "ObjectId": "Obj9166",
    "Attribute1": "Attr1",
    "Attribute2": "Attr2",
    "Attribute3": "Attr3",
    "Transaction": 92
  },
  {
    "Index": 9167,
    "ObjectId": "Obj9167",
    "Attribute1": "Attr1",
    "Attribute2": "Attr2",
    "Attribute3": "Attr3",
    "Transaction": 92
  },
  {
    "Index": 9168,
    "ObjectId": "Obj9168",
    "Attribute1": "Attr1",
    "Attribute2": "Attr2",
    "Attribute3": "Attr3",
    "Transaction": 92
  },
  {
    "Index": 9169,
    "ObjectId": "Obj9169",
    "Attribute1": "Attr1",
    "Attribute2": "Attr2",
    "Attribute3": "Attr3",
    "Transaction": 92
  },
  {
    "Index": 9170,
    "ObjectId": "Obj9170",
    "Attribute1": "Attr1",
    "Attribute2": "Attr2",
    "Attribute3": "Attr3",
    "Transaction": 92
  },
  {
    "Index": 9171,
    "ObjectId": "Obj9171",
    "Attribute1": "Attr1",
    "Attribute2": "Attr2",
    "Attribute3": "Attr3",
    "Transaction": 92
  },
  {
    "Index": 9172,
    "ObjectId": "Obj9172",
    "Attribute1": "Attr1",
    "Attribute2": "Attr2",
    "Attribute3": "Attr3",
    "Transaction": 92
  },
  {
    "Index": 9173,
    "ObjectId": "Obj9173",
    "Attribute1": "Attr1",
    "Attribute2": "Attr2",
    "Attribute3": "Attr3",
    "Transaction": 92
  },
  {
    "Index": 9174,
    "ObjectId": "Obj9174",
    "Attribute1": "Attr1",
    "Attribute2": "Attr2",
    "Attribute3": "Attr3",
    "Transaction": 92
  },
  {
    "Index": 9175,
    "ObjectId": "Obj9175",
    "Attribute1": "Attr1",
    "Attribute2": "Attr2",
    "Attribute3": "Attr3",
    "Transaction": 92
  },
  {
    "Index": 9176,
    "ObjectId": "Obj9176",
    "Attribute1": "Attr1",
    "Attribute2": "Attr2",
    "Attribute3": "Attr3",
    "Transaction": 92
  },
  {
    "Index": 9177,
    "ObjectId": "Obj9177",
    "Attribute1": "Attr1",
    "Attribute2": "Attr2",
    "Attribute3": "Attr3",
    "Transaction": 92
  },
  {
    "Index": 9178,
    "ObjectId": "Obj9178",
    "Attribute1": "Attr1",
    "Attribute2": "Attr2",
    "Attribute3": "Attr3",
    "Transaction": 92
  },
  {
    "Index": 9179,
    "ObjectId": "Obj9179",
    "Attribute1": "Attr1",
    "Attribute2": "Attr2",
    "Attribute3": "Attr3",
    "Transaction": 92
  },
  {
    "Index": 9180,
    "ObjectId": "Obj9180",
    "Attribute1": "Attr1",
    "Attribute2": "Attr2",
    "Attribute3": "Attr3",
    "Transaction": 92
  },
  {
    "Index": 9181,
    "ObjectId": "Obj9181",
    "Attribute1": "Attr1",
    "Attribute2": "Attr2",
    "Attribute3": "Attr3",
    "Transaction": 92
  },
  {
    "Index": 9182,
    "ObjectId": "Obj9182",
    "Attribute1": "Attr1",
    "Attribute2": "Attr2",
    "Attribute3": "Attr3",
    "Transaction": 92
  },
  {
    "Index": 9183,
    "ObjectId": "Obj9183",
    "Attribute1": "Attr1",
    "Attribute2": "Attr2",
    "Attribute3": "Attr3",
    "Transaction": 92
  },
  {
    "Index": 9184,
    "ObjectId": "Obj9184",
    "Attribute1": "Attr1",
    "Attribute2": "Attr2",
    "Attribute3": "Attr3",
    "Transaction": 92
  },
  {
    "Index": 9185,
    "ObjectId": "Obj9185",
    "Attribute1": "Attr1",
    "Attribute2": "Attr2",
    "Attribute3": "Attr3",
    "Transaction": 92
  },
  {
    "Index": 9186,
    "ObjectId": "Obj9186",
    "Attribute1": "Attr1",
    "Attribute2": "Attr2",
    "Attribute3": "Attr3",
    "Transaction": 92
  },
  {
    "Index": 9187,
    "ObjectId": "Obj9187",
    "Attribute1": "Attr1",
    "Attribute2": "Attr2",
    "Attribute3": "Attr3",
    "Transaction": 92
  },
  {
    "Index": 9188,
    "ObjectId": "Obj9188",
    "Attribute1": "Attr1",
    "Attribute2": "Attr2",
    "Attribute3": "Attr3",
    "Transaction": 92
  },
  {
    "Index": 9189,
    "ObjectId": "Obj9189",
    "Attribute1": "Attr1",
    "Attribute2": "Attr2",
    "Attribute3": "Attr3",
    "Transaction": 92
  },
  {
    "Index": 9190,
    "ObjectId": "Obj9190",
    "Attribute1": "Attr1",
    "Attribute2": "Attr2",
    "Attribute3": "Attr3",
    "Transaction": 92
  },
  {
    "Index": 9191,
    "ObjectId": "Obj9191",
    "Attribute1": "Attr1",
    "Attribute2": "Attr2",
    "Attribute3": "Attr3",
    "Transaction": 92
  },
  {
    "Index": 9192,
    "ObjectId": "Obj9192",
    "Attribute1": "Attr1",
    "Attribute2": "Attr2",
    "Attribute3": "Attr3",
    "Transaction": 92
  },
  {
    "Index": 9193,
    "ObjectId": "Obj9193",
    "Attribute1": "Attr1",
    "Attribute2": "Attr2",
    "Attribute3": "Attr3",
    "Transaction": 92
  },
  {
    "Index": 9194,
    "ObjectId": "Obj9194",
    "Attribute1": "Attr1",
    "Attribute2": "Attr2",
    "Attribute3": "Attr3",
    "Transaction": 92
  },
  {
    "Index": 9195,
    "ObjectId": "Obj9195",
    "Attribute1": "Attr1",
    "Attribute2": "Attr2",
    "Attribute3": "Attr3",
    "Transaction": 92
  },
  {
    "Index": 9196,
    "ObjectId": "Obj9196",
    "Attribute1": "Attr1",
    "Attribute2": "Attr2",
    "Attribute3": "Attr3",
    "Transaction": 92
  },
  {
    "Index": 9197,
    "ObjectId": "Obj9197",
    "Attribute1": "Attr1",
    "Attribute2": "Attr2",
    "Attribute3": "Attr3",
    "Transaction": 92
  },
  {
    "Index": 9198,
    "ObjectId": "Obj9198",
    "Attribute1": "Attr1",
    "Attribute2": "Attr2",
    "Attribute3": "Attr3",
    "Transaction": 92
  },
  {
    "Index": 9199,
    "ObjectId": "Obj9199",
    "Attribute1": "Attr1",
    "Attribute2": "Attr2",
    "Attribute3": "Attr3",
    "Transaction": 92
  },
  {
    "Index": 9200,
    "ObjectId": "Obj9200",
    "Attribute1": "Attr1",
    "Attribute2": "Attr2",
    "Attribute3": "Attr3",
    "Transaction": 92
  }
]