[
  {
    "Index": 6801,
    "ObjectId": "Obj6801",
    "Attribute1": "Attr1",
    "Attribute2": "Attr2",
    "Attribute3": "Attr3",
    "Transaction": 69
  },
  {
    "Index": 6802,
    "ObjectId": "Obj6802",
    "Attribute1": "Attr1",
    "Attribute2": "Attr2",
    "Attribute3": "Attr3",
    "Transaction": 69
  },
  {
    "Index": 6803,
    "ObjectId": "Obj6803",
    "Attribute1": "Attr1",
    "Attribute2": "Attr2",
    "Attribute3": "Attr3",
    "Transaction": 69
  },
  {
    "Index": 6804,
    "ObjectId": "Obj6804",
    "Attribute1": "Attr1",
    "Attribute2": "Attr2",
    "Attribute3": "Attr3",
    "Transaction": 69
  },
  {
    "Index": 6805,
    "ObjectId": "Obj6805",
    "Attribute1": "Attr1",
    "Attribute2": "Attr2",
    "Attribute3": "Attr3",
    "Transaction": 69
  },
  {
    "Index": 6806,
    "ObjectId": "Obj6806",
    "Attribute1": "Attr1",
    "Attribute2": "Attr2",
    "Attribute3": "Attr3",
    "Transaction": 69
  },
  {
    "Index": 6807,
    "ObjectId": "Obj6807",
    "Attribute1": "Attr1",
    "Attribute2": "Attr2",
    "Attribute3": "Attr3",
    "Transaction": 69
  },
  {
    "Index": 6808,
    "ObjectId": "Obj6808",
    "Attribute1": "Attr1",
    "Attribute2": "Attr2",
    "Attribute3": "Attr3",
    "Transaction": 69
  },
  {
    "Index": 6809,
    "ObjectId": "Obj6809",
    "Attribute1": "Attr1",
    "Attribute2": "Attr2",
    "Attribute3": "Attr3",
    "Transaction": 69
  },
  {
    "Index": 6810,
    "ObjectId": "Obj6810",
    "Attribute1": "Attr1",
    "Attribute2": "Attr2",
    "Attribute3": "Attr3",
    "Transaction": 69
  },
  {
    "Index": 6811,
    "ObjectId": "Obj6811",
    "Attribute1": "Attr1",
    "Attribute2": "Attr2",
    "Attribute3": "Attr3",
    "Transaction": 69
  },
  {
    "Index": 6812,
    "ObjectId": "Obj6812",
    "Attribute1": "Attr1",
    "Attribute2": "Attr2",
    "Attribute3": "Attr3",
    "Transaction": 69
  },
  {
    "Index": 6813,
    "ObjectId": "Obj6813",
    "Attribute1": "Attr1",
    "Attribute2": "Attr2",
    "Attribute3": "Attr3",
    "Transaction": 69
  },
  {
    "Index": 6814,
    "ObjectId": "Obj6814",
    "Attribute1": "Attr1",
    "Attribute2": "Attr2",
    "Attribute3": "Attr3",
    "Transaction": 69
  },
  {
    "Index": 6815,
    "ObjectId": "Obj6815",
    "Attribute1": "Attr1",
    "Attribute2": "Attr2",
    "Attribute3": "Attr3",
    "Transaction": 69
  },
  {
    "Index": 6816,
    "ObjectId": "Obj6816",
    "Attribute1": "Attr1",
    "Attribute2": "Attr2",
    "Attribute3": "Attr3",
    "Transaction": 69
  },
  {
    "Index": 6817,
    "ObjectId": "Obj6817",
    "Attribute1": "Attr1",
    "Attribute2": "Attr2",
    "Attribute3": "Attr3",
    "Transaction": 69
  },
  {
    "Index": 6818,
    "ObjectId": "Obj6818",
    "Attribute1": "Attr1",
    "Attribute2": "Attr2",
    "Attribute3": "Attr3",
    "Transaction": 69
  },
  {
    "Index": 6819,
    "ObjectId": "Obj6819",
    "Attribute1": "Attr1",
    "Attribute2": "Attr2",
    "Attribute3": "Attr3",
    "Transaction": 69
  },
  {
    "Index": 6820,
    "ObjectId": "Obj6820",
    "Attribute1": "Attr1",
    "Attribute2": "Attr2",
    "Attribute3": "Attr3",
    "Transaction": 69
  },
  {
    "Index": 6821,
    "ObjectId": "Obj6821",
    "Attribute1": "Attr1",
    "Attribute2": "Attr2",
    "Attribute3": "Attr3",
    "Transaction": 69
  },
  {
    "Index": 6822,
    "ObjectId": "Obj6822",
    "Attribute1": "Attr1",
    "Attribute2": "Attr2",
    "Attribute3": "Attr3",
    "Transaction": 69
  },
  {
    "Index": 6823,
    "ObjectId": "Obj6823",
    "Attribute1": "Attr1",
    "Attribute2": "Attr2",
    "Attribute3": "Attr3",
    "Transaction": 69
  },
  {
    "Index": 6824,
    "ObjectId": "Obj6824",
    "Attribute1": "Attr1",
    "Attribute2": "Attr2",
    "Attribute3": "Attr3",
    "Transaction": 69
  },
  {
    "Index": 6825,
    "ObjectId": "Obj6825",
    "Attribute1": "Attr1",
    "Attribute2": "Attr2",
    "Attribute3": "Attr3",
    "Transaction": 69
  },
  {
    "Index": 6826,
    "ObjectId": "Obj6826",
    "Attribute1": "Attr1",
    "Attribute2": "Attr2",
    "Attribute3": "Attr3",
    "Transaction": 69
  },
  {
    "Index": 6827,
    "ObjectId": "Obj6827",
    "Attribute1": "Attr1",
    "Attribute2": "Attr2",
    "Attribute3": "Attr3",
    "Transaction": 69
  },
  {
    "Index": 6828,
    "ObjectId": "Obj6828",
    "Attribute1": "Attr1",
    "Attribute2": "Attr2",
    "Attribute3": "Attr3",
    "Transaction": 69
  },
  {
    "Index": 6829,
    "ObjectId": "Obj6829",
    "Attribute1": "Attr1",
    "Attribute2": "Attr2",
    "Attribute3": "Attr3",
    "Transaction": 69
  },
  {
    "Index": 6830,
    "ObjectId": "Obj6830",
    "Attribute1": "Attr1",
    "Attribute2": "Attr2",
    "Attribute3": "Attr3",
    "Transaction": 69
  },
  {
    "Index": 6831,
    "ObjectId": "Obj6831",
    "Attribute1": "Attr1",
    "Attribute2": "Attr2",
    "Attribute3": "Attr3",
    "Transaction": 69
  },
  {
    "Index": 6832,
    "ObjectId": "Obj6832",
    "Attribute1": "Attr1",
    "Attribute2": "Attr2",
    "Attribute3": "Attr3",
    "Transaction": 69
  },
  {
    "Index": 6833,
    "ObjectId": "Obj6833",
    "Attribute1": "Attr1",
    "Attribute2": "Attr2",
    "Attribute3": "Attr3",
    "Transaction": 69
  },
  {
    "Index": 6834,
    "ObjectId": "Obj6834",
    "Attribute1": "Attr1",
    "Attribute2": "Attr2",
    "Attribute3": "Attr3",
    "Transaction": 69
  },
  {
    "Index": 6835,
    "ObjectId": "Obj6835",
    "Attribute1": "Attr1",
    "Attribute2": "Attr2",
    "Attribute3": "Attr3",
    "Transaction": 69
  },
  {
    "Index": 6836,
    "ObjectId": "Obj6836",
    "Attribute1": "Attr1",
    "Attribute2": "Attr2",
    "Attribute3": "Attr3",
    "Transaction": 69
  },
  {
    "Index": 6837,
    "ObjectId": "Obj6837",
    "Attribute1": "Attr1",
    "Attribute2": "Attr2",
    "Attribute3": "Attr3",
    "Transaction": 69
  },
  {
    "Index": 6838,
    "ObjectId": "Obj6838",
    "Attribute1": "Attr1",
    "Attribute2": "Attr2",
    "Attribute3": "Attr3",
    "Transaction": 69
  },
  {
    "Index": 6839,
    "ObjectId": "Obj6839",
    "Attribute1": "Attr1",
    "Attribute2": "Attr2",
    "Attribute3": "Attr3",
    "Transaction": 69
  },
  {
    "Index": 6840,
    "ObjectId": "Obj6840",
    "Attribute1": "Attr1",
    "Attribute2": "Attr2",
    "Attribute3": "Attr3",
    "Transaction": 69
  },
  {
    "Index": 6841,
    "ObjectId": "Obj6841",
    "Attribute1": "Attr1",
    "Attribute2": "Attr2",
    "Attribute3": "Attr3",
    "Transaction": 69
  },
  {
    "Index": 6842,
    "ObjectId": "Obj6842",
    "Attribute1": "Attr1",
    "Attribute2": "Attr2",
    "Attribute3": "Attr3",
    "Transaction": 69
  },
  {
    "Index": 6843,
    "ObjectId": "Obj6843",
    "Attribute1": "Attr1",
    "Attribute2": "Attr2",
    "Attribute3": "Attr3",
    "Transaction": 69
  },
  {
    "Index": 6844,
    "ObjectId": "Obj6844",
    "Attribute1": "Attr1",
    "Attribute2": "Attr2",
    "Attribute3": "Attr3",
    "Transaction": 69
  },
  {
    "Index": 6845,
    "ObjectId": "Obj6845",
    "Attribute1": "Attr1",
    "Attribute2": "Attr2",
    "Attribute3": "Attr3",
    "Transaction": 69
  },
  {
    "Index": 6846,
    "ObjectId": "Obj6846",
    "Attribute1": "Attr1",
    "Attribute2": "Attr2",
    "Attribute3": "Attr3",
    "Transaction": 69
  },
  {
    "Index": 6847,
    "ObjectId": "Obj6847",
    "Attribute1": "Attr1",
    "Attribute2": "Attr2",
    "Attribute3": "Attr3",
    "Transaction": 69
  },
  {
    "Index": 6848,
    "ObjectId": "Obj6848",
    "Attribute1": "Attr1",
    "Attribute2": "Attr2",
    "Attribute3": "Attr3",
    "Transaction": 69
  },
  {
    "Index": 6849,
    "ObjectId": "Obj6849",
    "Attribute1": "Attr1",
    "Attribute2": "Attr2",
    "Attribute3": "Attr3",
    "Transaction": 69
  },
  {
    "Index": 6850,
    "ObjectId": "Obj6850",
    "Attribute1": "Attr1",
    "Attribute2": "Attr2",
    "Attribute3": "Attr3",
    "Transaction": 69
  },
  {
    "Index": 6851,
    "ObjectId": "Obj6851",
    "Attribute1": "Attr1",
    "Attribute2": "Attr2",
    "Attribute3": "Attr3",
    "Transaction": 69
  },
  {
    "Index": 6852,
    "ObjectId": "Obj6852",
    "Attribute1": "Attr1",
    "Attribute2": "Attr2",
    "Attribute3": "Attr3",
    "Transaction": 69
  },
  {
    "Index": 6853,
    "ObjectId": "Obj6853",
    "Attribute1": "Attr1",
    "Attribute2": "Attr2",
    "Attribute3": "Attr3",
    "Transaction": 69
  },
  {
    "Index": 6854,
    "ObjectId": "Obj6854",
    "Attribute1": "Attr1",
    "Attribute2": "Attr2",
    "Attribute3": "Attr3",
    "Transaction": 69
  },
  {
    "Index": 6855,
    "ObjectId": "Obj6855",
    "Attribute1": "Attr1",
    "Attribute2": "Attr2",
    "Attribute3": "Attr3",
    "Transaction": 69
  },
  {
    "Index": 6856,
    "ObjectId": "Obj6856",
    "Attribute1": "Attr1",
    "Attribute2": "Attr2",
    "Attribute3": "Attr3",
    "Transaction": 69
  },
  {
    "Index": 6857,
    "ObjectId": "Obj6857",
    "Attribute1": "Attr1",
    "Attribute2": "Attr2",
    "Attribute3": "Attr3",
    "Transaction": 69
  },
  {
    "Index": 6858,
    "ObjectId": "Obj6858",
    "Attribute1": "Attr1",
    "Attribute2": "Attr2",
    "Attribute3": "Attr3",
    "Transaction": 69
  },
  {
    "Index": 6859,
    "ObjectId": "Obj6859",
    "Attribute1": "Attr1",
    "Attribute2": "Attr2",
    "Attribute3": "Attr3",
    "Transaction": 69
  },
  {
    "Index": 6860,
    "ObjectId": "Obj6860",
    "Attribute1": "Attr1",
    "Attribute2": "Attr2",
    "Attribute3": "Attr3",
    "Transaction": 69
  },
  {
    "Index": 6861,
    "ObjectId": "Obj6861",
    "Attribute1": "Attr1",
    "Attribute2": "Attr2",
    "Attribute3": "Attr3",
    "Transaction": 69
  },
  {
    "Index": 6862,
    "ObjectId": "Obj6862",
    "Attribute1": "Attr1",
    "Attribute2": "Attr2",
    "Attribute3": "Attr3",
    "Transaction": 69
  },
  {
    "Index": 6863,
    "ObjectId": "Obj6863",
    "Attribute1": "Attr1",
    "Attribute2": "Attr2",
    "Attribute3": "Attr3",
    "Transaction": 69
  },
  {
    "Index": 6864,
    "ObjectId": "Obj6864",
    "Attribute1": "Attr1",
    "Attribute2": "Attr2",
    "Attribute3": "Attr3",
    "Transaction": 69
  },
  {
    "Index": 6865,
    "ObjectId": "Obj6865",
    "Attribute1": "Attr1",
    "Attribute2": "Attr2",
    "Attribute3": "Attr3",
    "Transaction": 69
  },
  {
    "Index": 6866,
    "ObjectId": "Obj6866",
    "Attribute1": "Attr1",
    "Attribute2": "Attr2",
    "Attribute3": "Attr3",
    "Transaction": 69
  },
  {
    "Index": 6867,
    "ObjectId": "Obj6867",
    "Attribute1": "Attr1",
    "Attribute2": "Attr2",
    "Attribute3": "Attr3",
    "Transaction": 69
  },
  {
    "Index": 6868,
    "ObjectId": "Obj6868",
    "Attribute1": "Attr1",
    "Attribute2": "Attr2",
    "Attribute3": "Attr3",
    "Transaction": 69
  },
  {
    "Index": 6869,
    "ObjectId": "Obj6869",
    "Attribute1": "Attr1",
    "Attribute2": "Attr2",
    "Attribute3": "Attr3",
    "Transaction": 69
  },
  {
    "Index": 6870,
    "ObjectId": "Obj6870",
    "Attribute1": "Attr1",
    "Attribute2": "Attr2",
    "Attribute3": "Attr3",
    "Transaction": 69
  },
  {
    "Index": 6871,
    "ObjectId": "Obj6871",
    "Attribute1": "Attr1",
    "Attribute2": "Attr2",
    "Attribute3": "Attr3",
    "Transaction": 69
  },
  {
    "Index": 6872,
    "ObjectId": "Obj6872",
    "Attribute1": "Attr1",
    "Attribute2": "Attr2",
    "Attribute3": "Attr3",
    "Transaction": 69
  },
  {
    "Index": 6873,
    "ObjectId": "Obj6873",
    "Attribute1": "Attr1",
    "Attribute2": "Attr2",
    "Attribute3": "Attr3",
    "Transaction": 69
  },
  {
    "Index": 6874,
    "ObjectId": "Obj6874",
    "Attribute1": "Attr1",
    "Attribute2": "Attr2",
    "Attribute3": "Attr3",
    "Transaction": 69
  },
  {
    "Index": 6875,
    "ObjectId": "Obj6875",
    "Attribute1": "Attr1",
    "Attribute2": "Attr2",
    "Attribute3": "Attr3",
    "Transaction": 69
  },
  {
    "Index": 6876,
    "ObjectId": "Obj6876",
    "Attribute1": "Attr1",
    "Attribute2": "Attr2",
    "Attribute3": "Attr3",
    "Transaction": 69
  },
  {
    "Index": 6877,
    "ObjectId": "Obj6877",
    "Attribute1": "Attr1",
    "Attribute2": "Attr2",
    "Attribute3": "Attr3",
    "Transaction": 69
  },
  {
    "Index": 6878,
    "ObjectId": "Obj6878",
    "Attribute1": "Attr1",
    "Attribute2": "Attr2",
    "Attribute3": "Attr3",
    "Transaction": 69
  },
  {
    "Index": 6879,
    "ObjectId": "Obj6879",
    "Attribute1": "Attr1",
    "Attribute2": "Attr2",
    "Attribute3": "Attr3",
    "Transaction": 69
  },
  {
    "Index": 6880,
    "ObjectId": "Obj6880",
    "Attribute1": "Attr1",
    "Attribute2": "Attr2",
    "Attribute3": "Attr3",
    "Transaction": 69
  },
  {
    "Index": 6881,
    "ObjectId": "Obj6881",
    "Attribute1": "Attr1",
    "Attribute2": "Attr2",
    "Attribute3": "Attr3",
    "Transaction": 69
  },
  {
    "Index": 6882,
    "ObjectId": "Obj6882",
    "Attribute1": "Attr1",
    "Attribute2": "Attr2",
    "Attribute3": "Attr3",
    "Transaction": 69
  },
  {
    "Index": 6883,
    "ObjectId": "Obj6883",
    "Attribute1": "Attr1",
    "Attribute2": "Attr2",
    "Attribute3": "Attr3",
    "Transaction": 69
  },
  {
    "Index": 6884,
    "ObjectId": "Obj6884",
    "Attribute1": "Attr1",
    "Attribute2": "Attr2",
    "Attribute3": "Attr3",
    "Transaction": 69
  },
  {
    "Index": 6885,
    "ObjectId": "Obj6885",
    "Attribute1": "Attr1",
    "Attribute2": "Attr2",
    "Attribute3": "Attr3",
    "Transaction": 69
  },
  {
    "Index": 6886,
    "ObjectId": "Obj6886",
    "Attribute1": "Attr1",
    "Attribute2": "Attr2",
    "Attribute3": "Attr3",
    "Transaction": 69
  },
  {
    "Index": 6887,
    "ObjectId": "Obj6887",
    "Attribute1": "Attr1",
    "Attribute2": "Attr2",
    "Attribute3": "Attr3",
    "Transaction": 69
  },
  {
    "Index": 6888,
    "ObjectId": "Obj6888",
    "Attribute1": "Attr1",
    "Attribute2": "Attr2",
    "Attribute3": "Attr3",
    "Transaction": 69
  },
  {
    "Index": 6889,
    "ObjectId": "Obj6889",
    "Attribute1": "Attr1",
    "Attribute2": "Attr2",
    "Attribute3": "Attr3",
    "Transaction": 69
  },
  {
    "Index": 6890,
    "ObjectId": "Obj6890",
    "Attribute1": "Attr1",
    "Attribute2": "Attr2",
    "Attribute3": "Attr3",
    "Transaction": 69
  },
  {
    "Index": 6891,
    "ObjectId": "Obj6891",
    "Attribute1": "Attr1",
    "Attribute2": "Attr2",
    "Attribute3": "Attr3",
    "Transaction": 69
  },
  {
    "Index": 6892,
    "ObjectId": "Obj6892",
    "Attribute1": "Attr1",
    "Attribute2": "Attr2",
    "Attribute3": "Attr3",
    "Transaction": 69
  },
  {
    "Index": 6893,
    "ObjectId": "Obj6893",
    "Attribute1": "Attr1",
    "Attribute2": "Attr2",
    "Attribute3": "Attr3",
    "Transaction": 69
  },
  {
    "Index": 6894,
    "ObjectId": "Obj6894",
    "Attribute1": "Attr1",
    "Attribute2": "Attr2",
    "Attribute3": "Attr3",
    "Transaction": 69
  },
  {
    "Index": 6895,
    "ObjectId": "Obj6895",
    "Attribute1": "Attr1",
    "Attribute2": "Attr2",
    "Attribute3": "Attr3",
    "Transaction": 69
  },
  {
    "Index": 6896,
    "ObjectId": "Obj6896",
    "Attribute1": "Attr1",
    "Attribute2": "Attr2",
    "Attribute3": "Attr3",
    "Transaction": 69
  },
  {
    "Index": 6897,
    "ObjectId": "Obj6897",
    "Attribute1": "Attr1",
    "Attribute2": "Attr2",
    "Attribute3": "Attr3",
    "Transaction": 69
  },
  {
    "Index": 6898,
    "ObjectId": "Obj6898",
    "Attribute1": "Attr1",
    "Attribute2": "Attr2",
    "Attribute3": "Attr3",
    "Transaction": 69
  },
  {
    "Index": 6899,
    "ObjectId": "Obj6899",
    "Attribute1": "Attr1",
    "Attribute2": "Attr2",
    "Attribute3": "Attr3",
    "Transaction": 69
  },
  {
    "Index": 6900,
    "ObjectId": "Obj6900",
    "Attribute1": "Attr1",
    "Attribute2": "Attr2",
    "Attribute3": "Attr3",
    "Transaction": 69
  }
]