[
  {
    "Index": 1501,
    "ObjectId": "Obj1501",
    "Attribute1": "Attr1",
    "Attribute2": "Attr2",
    "Attribute3": "Attr3",
    "Transaction": 16
  },
  {
    "Index": 1502,
    "ObjectId": "Obj1502",
    "Attribute1": "Attr1",
    "Attribute2": "Attr2",
    "Attribute3": "Attr3",
    "Transaction": 16
  },
  {
    "Index": 1503,
    "ObjectId": "Obj1503",
    "Attribute1": "Attr1",
    "Attribute2": "Attr2",
    "Attribute3": "Attr3",
    "Transaction": 16
  },
  {
    "Index": 1504,
    "ObjectId": "Obj1504",
    "Attribute1": "Attr1",
    "Attribute2": "Attr2",
    "Attribute3": "Attr3",
    "Transaction": 16
  },
  {
    "Index": 1505,
    "ObjectId": "Obj1505",
    "Attribute1": "Attr1",
    "Attribute2": "Attr2",
    "Attribute3": "Attr3",
    "Transaction": 16
  },
  {
    "Index": 1506,
    "ObjectId": "Obj1506",
    "Attribute1": "Attr1",
    "Attribute2": "Attr2",
    "Attribute3": "Attr3",
    "Transaction": 16
  },
  {
    "Index": 1507,
    "ObjectId": "Obj1507",
    "Attribute1": "Attr1",
    "Attribute2": "Attr2",
    "Attribute3": "Attr3",
    "Transaction": 16
  },
  {
    "Index": 1508,
    "ObjectId": "Obj1508",
    "Attribute1": "Attr1",
    "Attribute2": "Attr2",
    "Attribute3": "Attr3",
    "Transaction": 16
  },
  {
    "Index": 1509,
    "ObjectId": "Obj1509",
    "Attribute1": "Attr1",
    "Attribute2": "Attr2",
    "Attribute3": "Attr3",
    "Transaction": 16
  },
  {
    "Index": 1510,
    "ObjectId": "Obj1510",
    "Attribute1": "Attr1",
    "Attribute2": "Attr2",
    "Attribute3": "Attr3",
    "Transaction": 16
  },
  {
    "Index": 1511,
    "ObjectId": "Obj1511",
    "Attribute1": "Attr1",
    "Attribute2": "Attr2",
    "Attribute3": "Attr3",
    "Transaction": 16
  },
  {
    "Index": 1512,
    "ObjectId": "Obj1512",
    "Attribute1": "Attr1",
    "Attribute2": "Attr2",
    "Attribute3": "Attr3",
    "Transaction": 16
  },
  {
    "Index": 1513,
    "ObjectId": "Obj1513",
    "Attribute1": "Attr1",
    "Attribute2": "Attr2",
    "Attribute3": "Attr3",
    "Transaction": 16
  },
  {
    "Index": 1514,
    "ObjectId": "Obj1514",
    "Attribute1": "Attr1",
    "Attribute2": "Attr2",
    "Attribute3": "Attr3",
    "Transaction": 16
  },
  {
    "Index": 1515,
    "ObjectId": "Obj1515",
    "Attribute1": "Attr1",
    "Attribute2": "Attr2",
    "Attribute3": "Attr3",
    "Transaction": 16
  },
  {
    "Index": 1516,
    "ObjectId": "Obj1516",
    "Attribute1": "Attr1",
    "Attribute2": "Attr2",
    "Attribute3": "Attr3",
    "Transaction": 16
  },
  {
    "Index": 1517,
    "ObjectId": "Obj1517",
    "Attribute1": "Attr1",
    "Attribute2": "Attr2",
    "Attribute3": "Attr3",
    "Transaction": 16
  },
  {
    "Index": 1518,
    "ObjectId": "Obj1518",
    "Attribute1": "Attr1",
    "Attribute2": "Attr2",
    "Attribute3": "Attr3",
    "Transaction": 16
  },
  {
    "Index": 1519,
    "ObjectId": "Obj1519",
    "Attribute1": "Attr1",
    "Attribute2": "Attr2",
    "Attribute3": "Attr3",
    "Transaction": 16
  },
  {
    "Index": 1520,
    "ObjectId": "Obj1520",
    "Attribute1": "Attr1",
    "Attribute2": "Attr2",
    "Attribute3": "Attr3",
    "Transaction": 16
  },
  {
    "Index": 1521,
    "ObjectId": "Obj1521",
    "Attribute1": "Attr1",
    "Attribute2": "Attr2",
    "Attribute3": "Attr3",
    "Transaction": 16
  },
  {
    "Index": 1522,
    "ObjectId": "Obj1522",
    "Attribute1": "Attr1",
    "Attribute2": "Attr2",
    "Attribute3": "Attr3",
    "Transaction": 16
  },
  {
    "Index": 1523,
    "ObjectId": "Obj1523",
    "Attribute1": "Attr1",
    "Attribute2": "Attr2",
    "Attribute3": "Attr3",
    "Transaction": 16
  },
  {
    "Index": 1524,
    "ObjectId": "Obj1524",
    "Attribute1": "Attr1",
    "Attribute2": "Attr2",
    "Attribute3": "Attr3",
    "Transaction": 16
  },
  {
    "Index": 1525,
    "ObjectId": "Obj1525",
    "Attribute1": "Attr1",
    "Attribute2": "Attr2",
    "Attribute3": "Attr3",
    "Transaction": 16
  },
  {
    "Index": 1526,
    "ObjectId": "Obj1526",
    "Attribute1": "Attr1",
    "Attribute2": "Attr2",
    "Attribute3": "Attr3",
    "Transaction": 16
  },
  {
    "Index": 1527,
    "ObjectId": "Obj1527",
    "Attribute1": "Attr1",
    "Attribute2": "Attr2",
    "Attribute3": "Attr3",
    "Transaction": 16
  },
  {
    "Index": 1528,
    "ObjectId": "Obj1528",
    "Attribute1": "Attr1",
    "Attribute2": "Attr2",
    "Attribute3": "Attr3",
    "Transaction": 16
  },
  {
    "Index": 1529,
    "ObjectId": "Obj1529",
    "Attribute1": "Attr1",
    "Attribute2": "Attr2",
    "Attribute3": "Attr3",
    "Transaction": 16
  },
  {
    "Index": 1530,
    "ObjectId": "Obj1530",
    "Attribute1": "Attr1",
    "Attribute2": "Attr2",
    "Attribute3": "Attr3",
    "Transaction": 16
  },
  {
    "Index": 1531,
    "ObjectId": "Obj1531",
    "Attribute1": "Attr1",
    "Attribute2": "Attr2",
    "Attribute3": "Attr3",
    "Transaction": 16
  },
  {
    "Index": 1532,
    "ObjectId": "Obj1532",
    "Attribute1": "Attr1",
    "Attribute2": "Attr2",
    "Attribute3": "Attr3",
    "Transaction": 16
  },
  {
    "Index": 1533,
    "ObjectId": "Obj1533",
    "Attribute1": "Attr1",
    "Attribute2": "Attr2",
    "Attribute3": "Attr3",
    "Transaction": 16
  },
  {
    "Index": 1534,
    "ObjectId": "Obj1534",
    "Attribute1": "Attr1",
    "Attribute2": "Attr2",
    "Attribute3": "Attr3",
    "Transaction": 16
  },
  {
    "Index": 1535,
    "ObjectId": "Obj1535",
    "Attribute1": "Attr1",
    "Attribute2": "Attr2",
    "Attribute3": "Attr3",
    "Transaction": 16
  },
  {
    "Index": 1536,
    "ObjectId": "Obj1536",
    "Attribute1": "Attr1",
    "Attribute2": "Attr2",
    "Attribute3": "Attr3",
    "Transaction": 16
  },
  {
    "Index": 1537,
    "ObjectId": "Obj1537",
    "Attribute1": "Attr1",
    "Attribute2": "Attr2",
    "Attribute3": "Attr3",
    "Transaction": 16
  },
  {
    "Index": 1538,
    "ObjectId": "Obj1538",
    "Attribute1": "Attr1",
    "Attribute2": "Attr2",
    "Attribute3": "Attr3",
    "Transaction": 16
  },
  {
    "Index": 1539,
    "ObjectId": "Obj1539",
    "Attribute1": "Attr1",
    "Attribute2": "Attr2",
    "Attribute3": "Attr3",
    "Transaction": 16
  },
  {
    "Index": 1540,
    "ObjectId": "Obj1540",
    "Attribute1": "Attr1",
    "Attribute2": "Attr2",
    "Attribute3": "Attr3",
    "Transaction": 16
  },
  {
    "Index": 1541,
    "ObjectId": "Obj1541",
    "Attribute1": "Attr1",
    "Attribute2": "Attr2",
    "Attribute3": "Attr3",
    "Transaction": 16
  },
  {
    "Index": 1542,
    "ObjectId": "Obj1542",
    "Attribute1": "Attr1",
    "Attribute2": "Attr2",
    "Attribute3": "Attr3",
    "Transaction": 16
  },
  {
    "Index": 1543,
    "ObjectId": "Obj1543",
    "Attribute1": "Attr1",
    "Attribute2": "Attr2",
    "Attribute3": "Attr3",
    "Transaction": 16
  },
  {
    "Index": 1544,
    "ObjectId": "Obj1544",
    "Attribute1": "Attr1",
    "Attribute2": "Attr2",
    "Attribute3": "Attr3",
    "Transaction": 16
  },
  {
    "Index": 1545,
    "ObjectId": "Obj1545",
    "Attribute1": "Attr1",
    "Attribute2": "Attr2",
    "Attribute3": "Attr3",
    "Transaction": 16
  },
  {
    "Index": 1546,
    "ObjectId": "Obj1546",
    "Attribute1": "Attr1",
    "Attribute2": "Attr2",
    "Attribute3": "Attr3",
    "Transaction": 16
  },
  {
    "Index": 1547,
    "ObjectId": "Obj1547",
    "Attribute1": "Attr1",
    "Attribute2": "Attr2",
    "Attribute3": "Attr3",
    "Transaction": 16
  },
  {
    "Index": 1548,
    "ObjectId": "Obj1548",
    "Attribute1": "Attr1",
    "Attribute2": "Attr2",
    "Attribute3": "Attr3",
    "Transaction": 16
  },
  {
    "Index": 1549,
    "ObjectId": "Obj1549",
    "Attribute1": "Attr1",
    "Attribute2": "Attr2",
    "Attribute3": "Attr3",
    "Transaction": 16
  },
  {
    "Index": 1550,
    "ObjectId": "Obj1550",
    "Attribute1": "Attr1",
    "Attribute2": "Attr2",
    "Attribute3": "Attr3",
    "Transaction": 16
  },
  {
    "Index": 1551,
    "ObjectId": "Obj1551",
    "Attribute1": "Attr1",
    "Attribute2": "Attr2",
    "Attribute3": "Attr3",
    "Transaction": 16
  },
  {
    "Index": 1552,
    "ObjectId": "Obj1552",
    "Attribute1": "Attr1",
    "Attribute2": "Attr2",
    "Attribute3": "Attr3",
    "Transaction": 16
  },
  {
    "Index": 1553,
    "ObjectId": "Obj1553",
    "Attribute1": "Attr1",
    "Attribute2": "Attr2",
    "Attribute3": "Attr3",
    "Transaction": 16
  },
  {
    "Index": 1554,
    "ObjectId": "Obj1554",
    "Attribute1": "Attr1",
    "Attribute2": "Attr2",
    "Attribute3": "Attr3",
    "Transaction": 16
  },
  {
    "Index": 1555,
    "ObjectId": "Obj1555",
    "Attribute1": "Attr1",
    "Attribute2": "Attr2",
    "Attribute3": "Attr3",
    "Transaction": 16
  },
  {
    "Index": 1556,
    "ObjectId": "Obj1556",
    "Attribute1": "Attr1",
    "Attribute2": "Attr2",
    "Attribute3": "Attr3",
    "Transaction": 16
  },
  {
    "Index": 1557,
    "ObjectId": "Obj1557",
    "Attribute1": "Attr1",
    "Attribute2": "Attr2",
    "Attribute3": "Attr3",
    "Transaction": 16
  },
  {
    "Index": 1558,
    "ObjectId": "Obj1558",
    "Attribute1": "Attr1",
    "Attribute2": "Attr2",
    "Attribute3": "Attr3",
    "Transaction": 16
  },
  {
    "Index": 1559,
    "ObjectId": "Obj1559",
    "Attribute1": "Attr1",
    "Attribute2": "Attr2",
    "Attribute3": "Attr3",
    "Transaction": 16
  },
  {
    "Index": 1560,
    "ObjectId": "Obj1560",
    "Attribute1": "Attr1",
    "Attribute2": "Attr2",
    "Attribute3": "Attr3",
    "Transaction": 16
  },
  {
    "Index": 1561,
    "ObjectId": "Obj1561",
    "Attribute1": "Attr1",
    "Attribute2": "Attr2",
    "Attribute3": "Attr3",
    "Transaction": 16
  },
  {
    "Index": 1562,
    "ObjectId": "Obj1562",
    "Attribute1": "Attr1",
    "Attribute2": "Attr2",
    "Attribute3": "Attr3",
    "Transaction": 16
  },
  {
    "Index": 1563,
    "ObjectId": "Obj1563",
    "Attribute1": "Attr1",
    "Attribute2": "Attr2",
    "Attribute3": "Attr3",
    "Transaction": 16
  },
  {
    "Index": 1564,
    "ObjectId": "Obj1564",
    "Attribute1": "Attr1",
    "Attribute2": "Attr2",
    "Attribute3": "Attr3",
    "Transaction": 16
  },
  {
    "Index": 1565,
    "ObjectId": "Obj1565",
    "Attribute1": "Attr1",
    "Attribute2": "Attr2",
    "Attribute3": "Attr3",
    "Transaction": 16
  },
  {
    "Index": 1566,
    "ObjectId": "Obj1566",
    "Attribute1": "Attr1",
    "Attribute2": "Attr2",
    "Attribute3": "Attr3",
    "Transaction": 16
  },
  {
    "Index": 1567,
    "ObjectId": "Obj1567",
    "Attribute1": "Attr1",
    "Attribute2": "Attr2",
    "Attribute3": "Attr3",
    "Transaction": 16
  },
  {
    "Index": 1568,
    "ObjectId": "Obj1568",
    "Attribute1": "Attr1",
    "Attribute2": "Attr2",
    "Attribute3": "Attr3",
    "Transaction": 16
  },
  {
    "Index": 1569,
    "ObjectId": "Obj1569",
    "Attribute1": "Attr1",
    "Attribute2": "Attr2",
    "Attribute3": "Attr3",
    "Transaction": 16
  },
  {
    "Index": 1570,
    "ObjectId": "Obj1570",
    "Attribute1": "Attr1",
    "Attribute2": "Attr2",
    "Attribute3": "Attr3",
    "Transaction": 16
  },
  {
    "Index": 1571,
    "ObjectId": "Obj1571",
    "Attribute1": "Attr1",
    "Attribute2": "Attr2",
    "Attribute3": "Attr3",
    "Transaction": 16
  },
  {
    "Index": 1572,
    "ObjectId": "Obj1572",
    "Attribute1": "Attr1",
    "Attribute2": "Attr2",
    "Attribute3": "Attr3",
    "Transaction": 16
  },
  {
    "Index": 1573,
    "ObjectId": "Obj1573",
    "Attribute1": "Attr1",
    "Attribute2": "Attr2",
    "Attribute3": "Attr3",
    "Transaction": 16
  },
  {
    "Index": 1574,
    "ObjectId": "Obj1574",
    "Attribute1": "Attr1",
    "Attribute2": "Attr2",
    "Attribute3": "Attr3",
    "Transaction": 16
  },
  {
    "Index": 1575,
    "ObjectId": "Obj1575",
    "Attribute1": "Attr1",
    "Attribute2": "Attr2",
    "Attribute3": "Attr3",
    "Transaction": 16
  },
  {
    "Index": 1576,
    "ObjectId": "Obj1576",
    "Attribute1": "Attr1",
    "Attribute2": "Attr2",
    "Attribute3": "Attr3",
    "Transaction": 16
  },
  {
    "Index": 1577,
    "ObjectId": "Obj1577",
    "Attribute1": "Attr1",
    "Attribute2": "Attr2",
    "Attribute3": "Attr3",
    "Transaction": 16
  },
  {
    "Index": 1578,
    "ObjectId": "Obj1578",
    "Attribute1": "Attr1",
    "Attribute2": "Attr2",
    "Attribute3": "Attr3",
    "Transaction": 16
  },
  {
    "Index": 1579,
    "ObjectId": "Obj1579",
    "Attribute1": "Attr1",
    "Attribute2": "Attr2",
    "Attribute3": "Attr3",
    "Transaction": 16
  },
  {
    "Index": 1580,
    "ObjectId": "Obj1580",
    "Attribute1": "Attr1",
    "Attribute2": "Attr2",
    "Attribute3": "Attr3",
    "Transaction": 16
  },
  {
    "Index": 1581,
    "ObjectId": "Obj1581",
    "Attribute1": "Attr1",
    "Attribute2": "Attr2",
    "Attribute3": "Attr3",
    "Transaction": 16
  },
  {
    "Index": 1582,
    "ObjectId": "Obj1582",
    "Attribute1": "Attr1",
    "Attribute2": "Attr2",
    "Attribute3": "Attr3",
    "Transaction": 16
  },
  {
    "Index": 1583,
    "ObjectId": "Obj1583",
    "Attribute1": "Attr1",
    "Attribute2": "Attr2",
    "Attribute3": "Attr3",
    "Transaction": 16
  },
  {
    "Index": 1584,
    "ObjectId": "Obj1584",
    "Attribute1": "Attr1",
    "Attribute2": "Attr2",
    "Attribute3": "Attr3",
    "Transaction": 16
  },
  {
    "Index": 1585,
    "ObjectId": "Obj1585",
    "Attribute1": "Attr1",
    "Attribute2": "Attr2",
    "Attribute3": "Attr3",
    "Transaction": 16
  },
  {
    "Index": 1586,
    "ObjectId": "Obj1586",
    "Attribute1": "Attr1",
    "Attribute2": "Attr2",
    "Attribute3": "Attr3",
    "Transaction": 16
  },
  {
    "Index": 1587,
    "ObjectId": "Obj1587",
    "Attribute1": "Attr1",
    "Attribute2": "Attr2",
    "Attribute3": "Attr3",
    "Transaction": 16
  },
  {
    "Index": 1588,
    "ObjectId": "Obj1588",
    "Attribute1": "Attr1",
    "Attribute2": "Attr2",
    "Attribute3": "Attr3",
    "Transaction": 16
  },
  {
    "Index": 1589,
    "ObjectId": "Obj1589",
    "Attribute1": "Attr1",
    "Attribute2": "Attr2",
    "Attribute3": "Attr3",
    "Transaction": 16
  },
  {
    "Index": 1590,
    "ObjectId": "Obj1590",
    "Attribute1": "Attr1",
    "Attribute2": "Attr2",
    "Attribute3": "Attr3",
    "Transaction": 16
  },
  {
    "Index": 1591,
    "ObjectId": "Obj1591",
    "Attribute1": "Attr1",
    "Attribute2": "Attr2",
    "Attribute3": "Attr3",
    "Transaction": 16
  },
  {
    "Index": 1592,
    "ObjectId": "Obj1592",
    "Attribute1": "Attr1",
    "Attribute2": "Attr2",
    "Attribute3": "Attr3",
    "Transaction": 16
  },
  {
    "Index": 1593,
    "ObjectId": "Obj1593",
    "Attribute1": "Attr1",
    "Attribute2": "Attr2",
    "Attribute3": "Attr3",
    "Transaction": 16
  },
  {
    "Index": 1594,
    "ObjectId": "Obj1594",
    "Attribute1": "Attr1",
    "Attribute2": "Attr2",
    "Attribute3": "Attr3",
    "Transaction": 16
  },
  {
    "Index": 1595,
    "ObjectId": "Obj1595",
    "Attribute1": "Attr1",
    "Attribute2": "Attr2",
    "Attribute3": "Attr3",
    "Transaction": 16
  },
  {
    "Index": 1596,
    "ObjectId": "Obj1596",
    "Attribute1": "Attr1",
    "Attribute2": "Attr2",
    "Attribute3": "Attr3",
    "Transaction": 16
  },
  {
    "Index": 1597,
    "ObjectId": "Obj1597",
    "Attribute1": "Attr1",
    "Attribute2": "Attr2",
    "Attribute3": "Attr3",
    "Transaction": 16
  },
  {
    "Index": 1598,
    "ObjectId": "Obj1598",
    "Attribute1": "Attr1",
    "Attribute2": "Attr2",
    "Attribute3": "Attr3",
    "Transaction": 16
  },
  {
    "Index": 1599,
    "ObjectId": "Obj1599",
    "Attribute1": "Attr1",
    "Attribute2": "Attr2",
    "Attribute3": "Attr3",
    "Transaction": 16
  },
  {
    "Index": 1600,
    "ObjectId": "Obj1600",
    "Attribute1": "Attr1",
    "Attribute2": "Attr2",
    "Attribute3": "Attr3",
    "Transaction": 16
  }
]