[
  {
    "Index": 3001,
    "ObjectId": "Obj3001",
    "Attribute1": "Attr1",
    "Attribute2": "Attr2",
    "Attribute3": "Attr3",
    "Transaction": 31
  },
  {
    "Index": 3002,
    "ObjectId": "Obj3002",
    "Attribute1": "Attr1",
    "Attribute2": "Attr2",
    "Attribute3": "Attr3",
    "Transaction": 31
  },
  {
    "Index": 3003,
    "ObjectId": "Obj3003",
    "Attribute1": "Attr1",
    "Attribute2": "Attr2",
    "Attribute3": "Attr3",
    "Transaction": 31
  },
  {
    "Index": 3004,
    "ObjectId": "Obj3004",
    "Attribute1": "Attr1",
    "Attribute2": "Attr2",
    "Attribute3": "Attr3",
    "Transaction": 31
  },
  {
    "Index": 3005,
    "ObjectId": "Obj3005",
    "Attribute1": "Attr1",
    "Attribute2": "Attr2",
    "Attribute3": "Attr3",
    "Transaction": 31
  },
  {
    "Index": 3006,
    "ObjectId": "Obj3006",
    "Attribute1": "Attr1",
    "Attribute2": "Attr2",
    "Attribute3": "Attr3",
    "Transaction": 31
  },
  {
    "Index": 3007,
    "ObjectId": "Obj3007",
    "Attribute1": "Attr1",
    "Attribute2": "Attr2",
    "Attribute3": "Attr3",
    "Transaction": 31
  },
  {
    "Index": 3008,
    "ObjectId": "Obj3008",
    "Attribute1": "Attr1",
    "Attribute2": "Attr2",
    "Attribute3": "Attr3",
    "Transaction": 31
  },
  {
    "Index": 3009,
    "ObjectId": "Obj3009",
    "Attribute1": "Attr1",
    "Attribute2": "Attr2",
    "Attribute3": "Attr3",
    "Transaction": 31
  },
  {
    "Index": 3010,
    "ObjectId": "Obj3010",
    "Attribute1": "Attr1",
    "Attribute2": "Attr2",
    "Attribute3": "Attr3",
    "Transaction": 31
  },
  {
    "Index": 3011,
    "ObjectId": "Obj3011",
    "Attribute1": "Attr1",
    "Attribute2": "Attr2",
    "Attribute3": "Attr3",
    "Transaction": 31
  },
  {
    "Index": 3012,
    "ObjectId": "Obj3012",
    "Attribute1": "Attr1",
    "Attribute2": "Attr2",
    "Attribute3": "Attr3",
    "Transaction": 31
  },
  {
    "Index": 3013,
    "ObjectId": "Obj3013",
    "Attribute1": "Attr1",
    "Attribute2": "Attr2",
    "Attribute3": "Attr3",
    "Transaction": 31
  },
  {
    "Index": 3014,
    "ObjectId": "Obj3014",
    "Attribute1": "Attr1",
    "Attribute2": "Attr2",
    "Attribute3": "Attr3",
    "Transaction": 31
  },
  {
    "Index": 3015,
    "ObjectId": "Obj3015",
    "Attribute1": "Attr1",
    "Attribute2": "Attr2",
    "Attribute3": "Attr3",
    "Transaction": 31
  },
  {
    "Index": 3016,
    "ObjectId": "Obj3016",
    "Attribute1": "Attr1",
    "Attribute2": "Attr2",
    "Attribute3": "Attr3",
    "Transaction": 31
  },
  {
    "Index": 3017,
    "ObjectId": "Obj3017",
    "Attribute1": "Attr1",
    "Attribute2": "Attr2",
    "Attribute3": "Attr3",
    "Transaction": 31
  },
  {
    "Index": 3018,
    "ObjectId": "Obj3018",
    "Attribute1": "Attr1",
    "Attribute2": "Attr2",
    "Attribute3": "Attr3",
    "Transaction": 31
  },
  {
    "Index": 3019,
    "ObjectId": "Obj3019",
    "Attribute1": "Attr1",
    "Attribute2": "Attr2",
    "Attribute3": "Attr3",
    "Transaction": 31
  },
  {
    "Index": 3020,
    "ObjectId": "Obj3020",
    "Attribute1": "Attr1",
    "Attribute2": "Attr2",
    "Attribute3": "Attr3",
    "Transaction": 31
  },
  {
    "Index": 3021,
    "ObjectId": "Obj3021",
    "Attribute1": "Attr1",
    "Attribute2": "Attr2",
    "Attribute3": "Attr3",
    "Transaction": 31
  },
  {
    "Index": 3022,
    "ObjectId": "Obj3022",
    "Attribute1": "Attr1",
    "Attribute2": "Attr2",
    "Attribute3": "Attr3",
    "Transaction": 31
  },
  {
    "Index": 3023,
    "ObjectId": "Obj3023",
    "Attribute1": "Attr1",
    "Attribute2": "Attr2",
    "Attribute3": "Attr3",
    "Transaction": 31
  },
  {
    "Index": 3024,
    "ObjectId": "Obj3024",
    "Attribute1": "Attr1",
    "Attribute2": "Attr2",
    "Attribute3": "Attr3",
    "Transaction": 31
  },
  {
    "Index": 3025,
    "ObjectId": "Obj3025",
    "Attribute1": "Attr1",
    "Attribute2": "Attr2",
    "Attribute3": "Attr3",
    "Transaction": 31
  },
  {
    "Index": 3026,
    "ObjectId": "Obj3026",
    "Attribute1": "Attr1",
    "Attribute2": "Attr2",
    "Attribute3": "Attr3",
    "Transaction": 31
  },
  {
    "Index": 3027,
    "ObjectId": "Obj3027",
    "Attribute1": "Attr1",
    "Attribute2": "Attr2",
    "Attribute3": "Attr3",
    "Transaction": 31
  },
  {
    "Index": 3028,
    "ObjectId": "Obj3028",
    "Attribute1": "Attr1",
    "Attribute2": "Attr2",
    "Attribute3": "Attr3",
    "Transaction": 31
  },
  {
    "Index": 3029,
    "ObjectId": "Obj3029",
    "Attribute1": "Attr1",
    "Attribute2": "Attr2",
    "Attribute3": "Attr3",
    "Transaction": 31
  },
  {
    "Index": 3030,
    "ObjectId": "Obj3030",
    "Attribute1": "Attr1",
    "Attribute2": "Attr2",
    "Attribute3": "Attr3",
    "Transaction": 31
  },
  {
    "Index": 3031,
    "ObjectId": "Obj3031",
    "Attribute1": "Attr1",
    "Attribute2": "Attr2",
    "Attribute3": "Attr3",
    "Transaction": 31
  },
  {
    "Index": 3032,
    "ObjectId": "Obj3032",
    "Attribute1": "Attr1",
    "Attribute2": "Attr2",
    "Attribute3": "Attr3",
    "Transaction": 31
  },
  {
    "Index": 3033,
    "ObjectId": "Obj3033",
    "Attribute1": "Attr1",
    "Attribute2": "Attr2",
    "Attribute3": "Attr3",
    "Transaction": 31
  },
  {
    "Index": 3034,
    "ObjectId": "Obj3034",
    "Attribute1": "Attr1",
    "Attribute2": "Attr2",
    "Attribute3": "Attr3",
    "Transaction": 31
  },
  {
    "Index": 3035,
    "ObjectId": "Obj3035",
    "Attribute1": "Attr1",
    "Attribute2": "Attr2",
    "Attribute3": "Attr3",
    "Transaction": 31
  },
  {
    "Index": 3036,
    "ObjectId": "Obj3036",
    "Attribute1": "Attr1",
    "Attribute2": "Attr2",
    "Attribute3": "Attr3",
    "Transaction": 31
  },
  {
    "Index": 3037,
    "ObjectId": "Obj3037",
    "Attribute1": "Attr1",
    "Attribute2": "Attr2",
    "Attribute3": "Attr3",
    "Transaction": 31
  },
  {
    "Index": 3038,
    "ObjectId": "Obj3038",
    "Attribute1": "Attr1",
    "Attribute2": "Attr2",
    "Attribute3": "Attr3",
    "Transaction": 31
  },
  {
    "Index": 3039,
    "ObjectId": "Obj3039",
    "Attribute1": "Attr1",
    "Attribute2": "Attr2",
    "Attribute3": "Attr3",
    "Transaction": 31
  },
  {
    "Index": 3040,
    "ObjectId": "Obj3040",
    "Attribute1": "Attr1",
    "Attribute2": "Attr2",
    "Attribute3": "Attr3",
    "Transaction": 31
  },
  {
    "Index": 3041,
    "ObjectId": "Obj3041",
    "Attribute1": "Attr1",
    "Attribute2": "Attr2",
    "Attribute3": "Attr3",
    "Transaction": 31
  },
  {
    "Index": 3042,
    "ObjectId": "Obj3042",
    "Attribute1": "Attr1",
    "Attribute2": "Attr2",
    "Attribute3": "Attr3",
    "Transaction": 31
  },
  {
    "Index": 3043,
    "ObjectId": "Obj3043",
    "Attribute1": "Attr1",
    "Attribute2": "Attr2",
    "Attribute3": "Attr3",
    "Transaction": 31
  },
  {
    "Index": 3044,
    "ObjectId": "Obj3044",
    "Attribute1": "Attr1",
    "Attribute2": "Attr2",
    "Attribute3": "Attr3",
    "Transaction": 31
  },
  {
    "Index": 3045,
    "ObjectId": "Obj3045",
    "Attribute1": "Attr1",
    "Attribute2": "Attr2",
    "Attribute3": "Attr3",
    "Transaction": 31
  },
  {
    "Index": 3046,
    "ObjectId": "Obj3046",
    "Attribute1": "Attr1",
    "Attribute2": "Attr2",
    "Attribute3": "Attr3",
    "Transaction": 31
  },
  {
    "Index": 3047,
    "ObjectId": "Obj3047",
    "Attribute1": "Attr1",
    "Attribute2": "Attr2",
    "Attribute3": "Attr3",
    "Transaction": 31
  },
  {
    "Index": 3048,
    "ObjectId": "Obj3048",
    "Attribute1": "Attr1",
    "Attribute2": "Attr2",
    "Attribute3": "Attr3",
    "Transaction": 31
  },
  {
    "Index": 3049,
    "ObjectId": "Obj3049",
    "Attribute1": "Attr1",
    "Attribute2": "Attr2",
    "Attribute3": "Attr3",
    "Transaction": 31
  },
  {
    "Index": 3050,
    "ObjectId": "Obj3050",
    "Attribute1": "Attr1",
    "Attribute2": "Attr2",
    "Attribute3": "Attr3",
    "Transaction": 31
  },
  {
    "Index": 3051,
    "ObjectId": "Obj3051",
    "Attribute1": "Attr1",
    "Attribute2": "Attr2",
    "Attribute3": "Attr3",
    "Transaction": 31
  },
  {
    "Index": 3052,
    "ObjectId": "Obj3052",
    "Attribute1": "Attr1",
    "Attribute2": "Attr2",
    "Attribute3": "Attr3",
    "Transaction": 31
  },
  {
    "Index": 3053,
    "ObjectId": "Obj3053",
    "Attribute1": "Attr1",
    "Attribute2": "Attr2",
    "Attribute3": "Attr3",
    "Transaction": 31
  },
  {
    "Index": 3054,
    "ObjectId": "Obj3054",
    "Attribute1": "Attr1",
    "Attribute2": "Attr2",
    "Attribute3": "Attr3",
    "Transaction": 31
  },
  {
    "Index": 3055,
    "ObjectId": "Obj3055",
    "Attribute1": "Attr1",
    "Attribute2": "Attr2",
    "Attribute3": "Attr3",
    "Transaction": 31
  },
  {
    "Index": 3056,
    "ObjectId": "Obj3056",
    "Attribute1": "Attr1",
    "Attribute2": "Attr2",
    "Attribute3": "Attr3",
    "Transaction": 31
  },
  {
    "Index": 3057,
    "ObjectId": "Obj3057",
    "Attribute1": "Attr1",
    "Attribute2": "Attr2",
    "Attribute3": "Attr3",
    "Transaction": 31
  },
  {
    "Index": 3058,
    "ObjectId": "Obj3058",
    "Attribute1": "Attr1",
    "Attribute2": "Attr2",
    "Attribute3": "Attr3",
    "Transaction": 31
  },
  {
    "Index": 3059,
    "ObjectId": "Obj3059",
    "Attribute1": "Attr1",
    "Attribute2": "Attr2",
    "Attribute3": "Attr3",
    "Transaction": 31
  },
  {
    "Index": 3060,
    "ObjectId": "Obj3060",
    "Attribute1": "Attr1",
    "Attribute2": "Attr2",
    "Attribute3": "Attr3",
    "Transaction": 31
  },
  {
    "Index": 3061,
    "ObjectId": "Obj3061",
    "Attribute1": "Attr1",
    "Attribute2": "Attr2",
    "Attribute3": "Attr3",
    "Transaction": 31
  },
  {
    "Index": 3062,
    "ObjectId": "Obj3062",
    "Attribute1": "Attr1",
    "Attribute2": "Attr2",
    "Attribute3": "Attr3",
    "Transaction": 31
  },
  {
    "Index": 3063,
    "ObjectId": "Obj3063",
    "Attribute1": "Attr1",
    "Attribute2": "Attr2",
    "Attribute3": "Attr3",
    "Transaction": 31
  },
  {
    "Index": 3064,
    "ObjectId": "Obj3064",
    "Attribute1": "Attr1",
    "Attribute2": "Attr2",
    "Attribute3": "Attr3",
    "Transaction": 31
  },
  {
    "Index": 3065,
    "ObjectId": "Obj3065",
    "Attribute1": "Attr1",
    "Attribute2": "Attr2",
    "Attribute3": "Attr3",
    "Transaction": 31
  },
  {
    "Index": 3066,
    "ObjectId": "Obj3066",
    "Attribute1": "Attr1",
    "Attribute2": "Attr2",
    "Attribute3": "Attr3",
    "Transaction": 31
  },
  {
    "Index": 3067,
    "ObjectId": "Obj3067",
    "Attribute1": "Attr1",
    "Attribute2": "Attr2",
    "Attribute3": "Attr3",
    "Transaction": 31
  },
  {
    "Index": 3068,
    "ObjectId": "Obj3068",
    "Attribute1": "Attr1",
    "Attribute2": "Attr2",
    "Attribute3": "Attr3",
    "Transaction": 31
  },
  {
    "Index": 3069,
    "ObjectId": "Obj3069",
    "Attribute1": "Attr1",
    "Attribute2": "Attr2",
    "Attribute3": "Attr3",
    "Transaction": 31
  },
  {
    "Index": 3070,
    "ObjectId": "Obj3070",
    "Attribute1": "Attr1",
    "Attribute2": "Attr2",
    "Attribute3": "Attr3",
    "Transaction": 31
  },
  {
    "Index": 3071,
    "ObjectId": "Obj3071",
    "Attribute1": "Attr1",
    "Attribute2": "Attr2",
    "Attribute3": "Attr3",
    "Transaction": 31
  },
  {
    "Index": 3072,
    "ObjectId": "Obj3072",
    "Attribute1": "Attr1",
    "Attribute2": "Attr2",
    "Attribute3": "Attr3",
    "Transaction": 31
  },
  {
    "Index": 3073,
    "ObjectId": "Obj3073",
    "Attribute1": "Attr1",
    "Attribute2": "Attr2",
    "Attribute3": "Attr3",
    "Transaction": 31
  },
  {
    "Index": 3074,
    "ObjectId": "Obj3074",
    "Attribute1": "Attr1",
    "Attribute2": "Attr2",
    "Attribute3": "Attr3",
    "Transaction": 31
  },
  {
    "Index": 3075,
    "ObjectId": "Obj3075",
    "Attribute1": "Attr1",
    "Attribute2": "Attr2",
    "Attribute3": "Attr3",
    "Transaction": 31
  },
  {
    "Index": 3076,
    "ObjectId": "Obj3076",
    "Attribute1": "Attr1",
    "Attribute2": "Attr2",
    "Attribute3": "Attr3",
    "Transaction": 31
  },
  {
    "Index": 3077,
    "ObjectId": "Obj3077",
    "Attribute1": "Attr1",
    "Attribute2": "Attr2",
    "Attribute3": "Attr3",
    "Transaction": 31
  },
  {
    "Index": 3078,
    "ObjectId": "Obj3078",
    "Attribute1": "Attr1",
    "Attribute2": "Attr2",
    "Attribute3": "Attr3",
    "Transaction": 31
  },
  {
    "Index": 3079,
    "ObjectId": "Obj3079",
    "Attribute1": "Attr1",
    "Attribute2": "Attr2",
    "Attribute3": "Attr3",
    "Transaction": 31
  },
  {
    "Index": 3080,
    "ObjectId": "Obj3080",
    "Attribute1": "Attr1",
    "Attribute2": "Attr2",
    "Attribute3": "Attr3",
    "Transaction": 31
  },
  {
    "Index": 3081,
    "ObjectId": "Obj3081",
    "Attribute1": "Attr1",
    "Attribute2": "Attr2",
    "Attribute3": "Attr3",
    "Transaction": 31
  },
  {
    "Index": 3082,
    "ObjectId": "Obj3082",
    "Attribute1": "Attr1",
    "Attribute2": "Attr2",
    "Attribute3": "Attr3",
    "Transaction": 31
  },
  {
    "Index": 3083,
    "ObjectId": "Obj3083",
    "Attribute1": "Attr1",
    "Attribute2": "Attr2",
    "Attribute3": "Attr3",
    "Transaction": 31
  },
  {
    "Index": 3084,
    "ObjectId": "Obj3084",
    "Attribute1": "Attr1",
    "Attribute2": "Attr2",
    "Attribute3": "Attr3",
    "Transaction": 31
  },
  {
    "Index": 3085,
    "ObjectId": "Obj3085",
    "Attribute1": "Attr1",
    "Attribute2": "Attr2",
    "Attribute3": "Attr3",
    "Transaction": 31
  },
  {
    "Index": 3086,
    "ObjectId": "Obj3086",
    "Attribute1": "Attr1",
    "Attribute2": "Attr2",
    "Attribute3": "Attr3",
    "Transaction": 31
  },
  {
    "Index": 3087,
    "ObjectId": "Obj3087",
    "Attribute1": "Attr1",
    "Attribute2": "Attr2",
    "Attribute3": "Attr3",
    "Transaction": 31
  },
  {
    "Index": 3088,
    "ObjectId": "Obj3088",
    "Attribute1": "Attr1",
    "Attribute2": "Attr2",
    "Attribute3": "Attr3",
    "Transaction": 31
  },
  {
    "Index": 3089,
    "ObjectId": "Obj3089",
    "Attribute1": "Attr1",
    "Attribute2": "Attr2",
    "Attribute3": "Attr3",
    "Transaction": 31
  },
  {
    "Index": 3090,
    "ObjectId": "Obj3090",
    "Attribute1": "Attr1",
    "Attribute2": "Attr2",
    "Attribute3": "Attr3",
    "Transaction": 31
  },
  {
    "Index": 3091,
    "ObjectId": "Obj3091",
    "Attribute1": "Attr1",
    "Attribute2": "Attr2",
    "Attribute3": "Attr3",
    "Transaction": 31
  },
  {
    "Index": 3092,
    "ObjectId": "Obj3092",
    "Attribute1": "Attr1",
    "Attribute2": "Attr2",
    "Attribute3": "Attr3",
    "Transaction": 31
  },
  {
    "Index": 3093,
    "ObjectId": "Obj3093",
    "Attribute1": "Attr1",
    "Attribute2": "Attr2",
    "Attribute3": "Attr3",
    "Transaction": 31
  },
  {
    "Index": 3094,
    "ObjectId": "Obj3094",
    "Attribute1": "Attr1",
    "Attribute2": "Attr2",
    "Attribute3": "Attr3",
    "Transaction": 31
  },
  {
    "Index": 3095,
    "ObjectId": "Obj3095",
    "Attribute1": "Attr1",
    "Attribute2": "Attr2",
    "Attribute3": "Attr3",
    "Transaction": 31
  },
  {
    "Index": 3096,
    "ObjectId": "Obj3096",
    "Attribute1": "Attr1",
    "Attribute2": "Attr2",
    "Attribute3": "Attr3",
    "Transaction": 31
  },
  {
    "Index": 3097,
    "ObjectId": "Obj3097",
    "Attribute1": "Attr1",
    "Attribute2": "Attr2",
    "Attribute3": "Attr3",
    "Transaction": 31
  },
  {
    "Index": 3098,
    "ObjectId": "Obj3098",
    "Attribute1": "Attr1",
    "Attribute2": "Attr2",
    "Attribute3": "Attr3",
    "Transaction": 31
  },
  {
    "Index": 3099,
    "ObjectId": "Obj3099",
    "Attribute1": "Attr1",
    "Attribute2": "Attr2",
    "Attribute3": "Attr3",
    "Transaction": 31
  },
  {
    "Index": 3100,
    "ObjectId": "Obj3100",
    "Attribute1": "Attr1",
    "Attribute2": "Attr2",
    "Attribute3": "Attr3",
    "Transaction": 31
  }
]