[
  {
    "Index": 1,
    "ObjectId": "Obj1",
    "Attribute1": "Attr1",
    "Attribute2": "Attr2",
    "Attribute3": "Attr3",
    "Transaction": 1
  },
  {
    "Index": 2,
    "ObjectId": "Obj2",
    "Attribute1": "Attr1",
    "Attribute2": "Attr2",
    "Attribute3": "Attr3",
    "Transaction": 1
  },
  {
    "Index": 3,
    "ObjectId": "Obj3",
    "Attribute1": "Attr1",
    "Attribute2": "Attr2",
    "Attribute3": "Attr3",
    "Transaction": 1
  },
  {
    "Index": 4,
    "ObjectId": "Obj4",
    "Attribute1": "Attr1",
    "Attribute2": "Attr2",
    "Attribute3": "Attr3",
    "Transaction": 1
  },
  {
    "Index": 5,
    "ObjectId": "Obj5",
    "Attribute1": "Attr1",
    "Attribute2": "Attr2",
    "Attribute3": "Attr3",
    "Transaction": 1
  },
  {
    "Index": 6,
    "ObjectId": "Obj6",
    "Attribute1": "Attr1",
    "Attribute2": "Attr2",
    "Attribute3": "Attr3",
    "Transaction": 1
  },
  {
    "Index": 7,
    "ObjectId": "Obj7",
    "Attribute1": "Attr1",
    "Attribute2": "Attr2",
    "Attribute3": "Attr3",
    "Transaction": 1
  },
  {
    "Index": 8,
    "ObjectId": "Obj8",
    "Attribute1": "Attr1",
    "Attribute2": "Attr2",
    "Attribute3": "Attr3",
    "Transaction": 1
  },
  {
    "Index": 9,
    "ObjectId": "Obj9",
    "Attribute1": "Attr1",
    "Attribute2": "Attr2",
    "Attribute3": "Attr3",
    "Transaction": 1
  },
  {
    "Index": 10,
    "ObjectId": "Obj10",
    "Attribute1": "Attr1",
    "Attribute2": "Attr2",
    "Attribute3": "Attr3",
    "Transaction": 1
  },
  {
    "Index": 11,
    "ObjectId": "Obj11",
    "Attribute1": "Attr1",
    "Attribute2": "Attr2",
    "Attribute3": "Attr3",
    "Transaction": 1
  },
  {
    "Index": 12,
    "ObjectId": "Obj12",
    "Attribute1": "Attr1",
    "Attribute2": "Attr2",
    "Attribute3": "Attr3",
    "Transaction": 1
  },
  {
    "Index": 13,
    "ObjectId": "Obj13",
    "Attribute1": "Attr1",
    "Attribute2": "Attr2",
    "Attribute3": "Attr3",
    "Transaction": 1
  },
  {
    "Index": 14,
    "ObjectId": "Obj14",
    "Attribute1": "Attr1",
    "Attribute2": "Attr2",
    "Attribute3": "Attr3",
    "Transaction": 1
  },
  {
    "Index": 15,
    "ObjectId": "Obj15",
    "Attribute1": "Attr1",
    "Attribute2": "Attr2",
    "Attribute3": "Attr3",
    "Transaction": 1
  },
  {
    "Index": 16,
    "ObjectId": "Obj16",
    "Attribute1": "Attr1",
    "Attribute2": "Attr2",
    "Attribute3": "Attr3",
    "Transaction": 1
  },
  {
    "Index": 17,
    "ObjectId": "Obj17",
    "Attribute1": "Attr1",
    "Attribute2": "Attr2",
    "Attribute3": "Attr3",
    "Transaction": 1
  },
  {
    "Index": 18,
    "ObjectId": "Obj18",
    "Attribute1": "Attr1",
    "Attribute2": "Attr2",
    "Attribute3": "Attr3",
    "Transaction": 1
  },
  {
    "Index": 19,
    "ObjectId": "Obj19",
    "Attribute1": "Attr1",
    "Attribute2": "Attr2",
    "Attribute3": "Attr3",
    "Transaction": 1
  },
  {
    "Index": 20,
    "ObjectId": "Obj20",
    "Attribute1": "Attr1",
    "Attribute2": "Attr2",
    "Attribute3": "Attr3",
    "Transaction": 1
  },
  {
    "Index": 21,
    "ObjectId": "Obj21",
    "Attribute1": "Attr1",
    "Attribute2": "Attr2",
    "Attribute3": "Attr3",
    "Transaction": 1
  },
  {
    "Index": 22,
    "ObjectId": "Obj22",
    "Attribute1": "Attr1",
    "Attribute2": "Attr2",
    "Attribute3": "Attr3",
    "Transaction": 1
  },
  {
    "Index": 23,
    "ObjectId": "Obj23",
    "Attribute1": "Attr1",
    "Attribute2": "Attr2",
    "Attribute3": "Attr3",
    "Transaction": 1
  },
  {
    "Index": 24,
    "ObjectId": "Obj24",
    "Attribute1": "Attr1",
    "Attribute2": "Attr2",
    "Attribute3": "Attr3",
    "Transaction": 1
  },
  {
    "Index": 25,
    "ObjectId": "Obj25",
    "Attribute1": "Attr1",
    "Attribute2": "Attr2",
    "Attribute3": "Attr3",
    "Transaction": 1
  },
  {
    "Index": 26,
    "ObjectId": "Obj26",
    "Attribute1": "Attr1",
    "Attribute2": "Attr2",
    "Attribute3": "Attr3",
    "Transaction": 1
  },
  {
    "Index": 27,
    "ObjectId": "Obj27",
    "Attribute1": "Attr1",
    "Attribute2": "Attr2",
    "Attribute3": "Attr3",
    "Transaction": 1
  },
  {
    "Index": 28,
    "ObjectId": "Obj28",
    "Attribute1": "Attr1",
    "Attribute2": "Attr2",
    "Attribute3": "Attr3",
    "Transaction": 1
  },
  {
    "Index": 29,
    "ObjectId": "Obj29",
    "Attribute1": "Attr1",
    "Attribute2": "Attr2",
    "Attribute3": "Attr3",
    "Transaction": 1
  },
  {
    "Index": 30,
    "ObjectId": "Obj30",
    "Attribute1": "Attr1",
    "Attribute2": "Attr2",
    "Attribute3": "Attr3",
    "Transaction": 1
  },
  {
    "Index": 31,
    "ObjectId": "Obj31",
    "Attribute1": "Attr1",
    "Attribute2": "Attr2",
    "Attribute3": "Attr3",
    "Transaction": 1
  },
  {
    "Index": 32,
    "ObjectId": "Obj32",
    "Attribute1": "Attr1",
    "Attribute2": "Attr2",
    "Attribute3": "Attr3",
    "Transaction": 1
  },
  {
    "Index": 33,
    "ObjectId": "Obj33",
    "Attribute1": "Attr1",
    "Attribute2": "Attr2",
    "Attribute3": "Attr3",
    "Transaction": 1
  },
  {
    "Index": 34,
    "ObjectId": "Obj34",
    "Attribute1": "Attr1",
    "Attribute2": "Attr2",
    "Attribute3": "Attr3",
    "Transaction": 1
  },
  {
    "Index": 35,
    "ObjectId": "Obj35",
    "Attribute1": "Attr1",
    "Attribute2": "Attr2",
    "Attribute3": "Attr3",
    "Transaction": 1
  },
  {
    "Index": 36,
    "ObjectId": "Obj36",
    "Attribute1": "Attr1",
    "Attribute2": "Attr2",
    "Attribute3": "Attr3",
    "Transaction": 1
  },
  {
    "Index": 37,
    "ObjectId": "Obj37",
    "Attribute1": "Attr1",
    "Attribute2": "Attr2",
    "Attribute3": "Attr3",
    "Transaction": 1
  },
  {
    "Index": 38,
    "ObjectId": "Obj38",
    "Attribute1": "Attr1",
    "Attribute2": "Attr2",
    "Attribute3": "Attr3",
    "Transaction": 1
  },
  {
    "Index": 39,
    "ObjectId": "Obj39",
    "Attribute1": "Attr1",
    "Attribute2": "Attr2",
    "Attribute3": "Attr3",
    "Transaction": 1
  },
  {
    "Index": 40,
    "ObjectId": "Obj40",
    "Attribute1": "Attr1",
    "Attribute2": "Attr2",
    "Attribute3": "Attr3",
    "Transaction": 1
  },
  {
    "Index": 41,
    "ObjectId": "Obj41",
    "Attribute1": "Attr1",
    "Attribute2": "Attr2",
    "Attribute3": "Attr3",
    "Transaction": 1
  },
  {
    "Index": 42,
    "ObjectId": "Obj42",
    "Attribute1": "Attr1",
    "Attribute2": "Attr2",
    "Attribute3": "Attr3",
    "Transaction": 1
  },
  {
    "Index": 43,
    "ObjectId": "Obj43",
    "Attribute1": "Attr1",
    "Attribute2": "Attr2",
    "Attribute3": "Attr3",
    "Transaction": 1
  },
  {
    "Index": 44,
    "ObjectId": "Obj44",
    "Attribute1": "Attr1",
    "Attribute2": "Attr2",
    "Attribute3": "Attr3",
    "Transaction": 1
  },
  {
    "Index": 45,
    "ObjectId": "Obj45",
    "Attribute1": "Attr1",
    "Attribute2": "Attr2",
    "Attribute3": "Attr3",
    "Transaction": 1
  },
  {
    "Index": 46,
    "ObjectId": "Obj46",
    "Attribute1": "Attr1",
    "Attribute2": "Attr2",
    "Attribute3": "Attr3",
    "Transaction": 1
  },
  {
    "Index": 47,
    "ObjectId": "Obj47",
    "Attribute1": "Attr1",
    "Attribute2": "Attr2",
    "Attribute3": "Attr3",
    "Transaction": 1
  },
  {
    "Index": 48,
    "ObjectId": "Obj48",
    "Attribute1": "Attr1",
    "Attribute2": "Attr2",
    "Attribute3": "Attr3",
    "Transaction": 1
  },
  {
    "Index": 49,
    "ObjectId": "Obj49",
    "Attribute1": "Attr1",
    "Attribute2": "Attr2",
    "Attribute3": "Attr3",
    "Transaction": 1
  },
  {
    "Index": 50,
    "ObjectId": "Obj50",
    "Attribute1": "Attr1",
    "Attribute2": "Attr2",
    "Attribute3": "Attr3",
    "Transaction": 1
  },
  {
    "Index": 51,
    "ObjectId": "Obj51",
    "Attribute1": "Attr1",
    "Attribute2": "Attr2",
    "Attribute3": "Attr3",
    "Transaction": 1
  },
  {
    "Index": 52,
    "ObjectId": "Obj52",
    "Attribute1": "Attr1",
    "Attribute2": "Attr2",
    "Attribute3": "Attr3",
    "Transaction": 1
  },
  {
    "Index": 53,
    "ObjectId": "Obj53",
    "Attribute1": "Attr1",
    "Attribute2": "Attr2",
    "Attribute3": "Attr3",
    "Transaction": 1
  },
  {
    "Index": 54,
    "ObjectId": "Obj54",
    "Attribute1": "Attr1",
    "Attribute2": "Attr2",
    "Attribute3": "Attr3",
    "Transaction": 1
  },
  {
    "Index": 55,
    "ObjectId": "Obj55",
    "Attribute1": "Attr1",
    "Attribute2": "Attr2",
    "Attribute3": "Attr3",
    "Transaction": 1
  },
  {
    "Index": 56,
    "ObjectId": "Obj56",
    "Attribute1": "Attr1",
    "Attribute2": "Attr2",
    "Attribute3": "Attr3",
    "Transaction": 1
  },
  {
    "Index": 57,
    "ObjectId": "Obj57",
    "Attribute1": "Attr1",
    "Attribute2": "Attr2",
    "Attribute3": "Attr3",
    "Transaction": 1
  },
  {
    "Index": 58,
    "ObjectId": "Obj58",
    "Attribute1": "Attr1",
    "Attribute2": "Attr2",
    "Attribute3": "Attr3",
    "Transaction": 1
  },
  {
    "Index": 59,
    "ObjectId": "Obj59",
    "Attribute1": "Attr1",
    "Attribute2": "Attr2",
    "Attribute3": "Attr3",
    "Transaction": 1
  },
  {
    "Index": 60,
    "ObjectId": "Obj60",
    "Attribute1": "Attr1",
    "Attribute2": "Attr2",
    "Attribute3": "Attr3",
    "Transaction": 1
  },
  {
    "Index": 61,
    "ObjectId": "Obj61",
    "Attribute1": "Attr1",
    "Attribute2": "Attr2",
    "Attribute3": "Attr3",
    "Transaction": 1
  },
  {
    "Index": 62,
    "ObjectId": "Obj62",
    "Attribute1": "Attr1",
    "Attribute2": "Attr2",
    "Attribute3": "Attr3",
    "Transaction": 1
  },
  {
    "Index": 63,
    "ObjectId": "Obj63",
    "Attribute1": "Attr1",
    "Attribute2": "Attr2",
    "Attribute3": "Attr3",
    "Transaction": 1
  },
  {
    "Index": 64,
    "ObjectId": "Obj64",
    "Attribute1": "Attr1",
    "Attribute2": "Attr2",
    "Attribute3": "Attr3",
    "Transaction": 1
  },
  {
    "Index": 65,
    "ObjectId": "Obj65",
    "Attribute1": "Attr1",
    "Attribute2": "Attr2",
    "Attribute3": "Attr3",
    "Transaction": 1
  },
  {
    "Index": 66,
    "ObjectId": "Obj66",
    "Attribute1": "Attr1",
    "Attribute2": "Attr2",
    "Attribute3": "Attr3",
    "Transaction": 1
  },
  {
    "Index": 67,
    "ObjectId": "Obj67",
    "Attribute1": "Attr1",
    "Attribute2": "Attr2",
    "Attribute3": "Attr3",
    "Transaction": 1
  },
  {
    "Index": 68,
    "ObjectId": "Obj68",
    "Attribute1": "Attr1",
    "Attribute2": "Attr2",
    "Attribute3": "Attr3",
    "Transaction": 1
  },
  {
    "Index": 69,
    "ObjectId": "Obj69",
    "Attribute1": "Attr1",
    "Attribute2": "Attr2",
    "Attribute3": "Attr3",
    "Transaction": 1
  },
  {
    "Index": 70,
    "ObjectId": "Obj70",
    "Attribute1": "Attr1",
    "Attribute2": "Attr2",
    "Attribute3": "Attr3",
    "Transaction": 1
  },
  {
    "Index": 71,
    "ObjectId": "Obj71",
    "Attribute1": "Attr1",
    "Attribute2": "Attr2",
    "Attribute3": "Attr3",
    "Transaction": 1
  },
  {
    "Index": 72,
    "ObjectId": "Obj72",
    "Attribute1": "Attr1",
    "Attribute2": "Attr2",
    "Attribute3": "Attr3",
    "Transaction": 1
  },
  {
    "Index": 73,
    "ObjectId": "Obj73",
    "Attribute1": "Attr1",
    "Attribute2": "Attr2",
    "Attribute3": "Attr3",
    "Transaction": 1
  },
  {
    "Index": 74,
    "ObjectId": "Obj74",
    "Attribute1": "Attr1",
    "Attribute2": "Attr2",
    "Attribute3": "Attr3",
    "Transaction": 1
  },
  {
    "Index": 75,
    "ObjectId": "Obj75",
    "Attribute1": "Attr1",
    "Attribute2": "Attr2",
    "Attribute3": "Attr3",
    "Transaction": 1
  },
  {
    "Index": 76,
    "ObjectId": "Obj76",
    "Attribute1": "Attr1",
    "Attribute2": "Attr2",
    "Attribute3": "Attr3",
    "Transaction": 1
  },
  {
    "Index": 77,
    "ObjectId": "Obj77",
    "Attribute1": "Attr1",
    "Attribute2": "Attr2",
    "Attribute3": "Attr3",
    "Transaction": 1
  },
  {
    "Index": 78,
    "ObjectId": "Obj78",
    "Attribute1": "Attr1",
    "Attribute2": "Attr2",
    "Attribute3": "Attr3",
    "Transaction": 1
  },
  {
    "Index": 79,
    "ObjectId": "Obj79",
    "Attribute1": "Attr1",
    "Attribute2": "Attr2",
    "Attribute3": "Attr3",
    "Transaction": 1
  },
  {
    "Index": 80,
    "ObjectId": "Obj80",
    "Attribute1": "Attr1",
    "Attribute2": "Attr2",
    "Attribute3": "Attr3",
    "Transaction": 1
  },
  {
    "Index": 81,
    "ObjectId": "Obj81",
    "Attribute1": "Attr1",
    "Attribute2": "Attr2",
    "Attribute3": "Attr3",
    "Transaction": 1
  },
  {
    "Index": 82,
    "ObjectId": "Obj82",
    "Attribute1": "Attr1",
    "Attribute2": "Attr2",
    "Attribute3": "Attr3",
    "Transaction": 1
  },
  {
    "Index": 83,
    "ObjectId": "Obj83",
    "Attribute1": "Attr1",
    "Attribute2": "Attr2",
    "Attribute3": "Attr3",
    "Transaction": 1
  },
  {
    "Index": 84,
    "ObjectId": "Obj84",
    "Attribute1": "Attr1",
    "Attribute2": "Attr2",
    "Attribute3": "Attr3",
    "Transaction": 1
  },
  {
    "Index": 85,
    "ObjectId": "Obj85",
    "Attribute1": "Attr1",
    "Attribute2": "Attr2",
    "Attribute3": "Attr3",
    "Transaction": 1
  },
  {
    "Index": 86,
    "ObjectId": "Obj86",
    "Attribute1": "Attr1",
    "Attribute2": "Attr2",
    "Attribute3": "Attr3",
    "Transaction": 1
  },
  {
    "Index": 87,
    "ObjectId": "Obj87",
    "Attribute1": "Attr1",
    "Attribute2": "Attr2",
    "Attribute3": "Attr3",
    "Transaction": 1
  },
  {
    "Index": 88,
    "ObjectId": "Obj88",
    "Attribute1": "Attr1",
    "Attribute2": "Attr2",
    "Attribute3": "Attr3",
    "Transaction": 1
  },
  {
    "Index": 89,
    "ObjectId": "Obj89",
    "Attribute1": "Attr1",
    "Attribute2": "Attr2",
    "Attribute3": "Attr3",
    "Transaction": 1
  },
  {
    "Index": 90,
    "ObjectId": "Obj90",
    "Attribute1": "Attr1",
    "Attribute2": "Attr2",
    "Attribute3": "Attr3",
    "Transaction": 1
  },
  {
    "Index": 91,
    "ObjectId": "Obj91",
    "Attribute1": "Attr1",
    "Attribute2": "Attr2",
    "Attribute3": "Attr3",
    "Transaction": 1
  },
  {
    "Index": 92,
    "ObjectId": "Obj92",
    "Attribute1": "Attr1",
    "Attribute2": "Attr2",
    "Attribute3": "Attr3",
    "Transaction": 1
  },
  {
    "Index": 93,
    "ObjectId": "Obj93",
    "Attribute1": "Attr1",
    "Attribute2": "Attr2",
    "Attribute3": "Attr3",
    "Transaction": 1
  },
  {
    "Index": 94,
    "ObjectId": "Obj94",
    "Attribute1": "Attr1",
    "Attribute2": "Attr2",
    "Attribute3": "Attr3",
    "Transaction": 1
  },
  {
    "Index": 95,
    "ObjectId": "Obj95",
    "Attribute1": "Attr1",
    "Attribute2": "Attr2",
    "Attribute3": "Attr3",
    "Transaction": 1
  },
  {
    "Index": 96,
    "ObjectId": "Obj96",
    "Attribute1": "Attr1",
    "Attribute2": "Attr2",
    "Attribute3": "Attr3",
    "Transaction": 1
  },
  {
    "Index": 97,
    "ObjectId": "Obj97",
    "Attribute1": "Attr1",
    "Attribute2": "Attr2",
    "Attribute3": "Attr3",
    "Transaction": 1
  },
  {
    "Index": 98,
    "ObjectId": "Obj98",
    "Attribute1": "Attr1",
    "Attribute2": "Attr2",
    "Attribute3": "Attr3",
    "Transaction": 1
  },
  {
    "Index": 99,
    "ObjectId": "Obj99",
    "Attribute1": "Attr1",
    "Attribute2": "Attr2",
    "Attribute3": "Attr3",
    "Transaction": 1
  },
  {
    "Index": 100,
    "ObjectId": "Obj100",
    "Attribute1": "Attr1",
    "Attribute2": "Attr2",
    "Attribute3": "Attr3",
    "Transaction": 1
  }
]