[
  {
    "Index": 4601,
    "ObjectId": "Obj4601",
    "Attribute1": "Attr1",
    "Attribute2": "Attr2",
    "Attribute3": "Attr3",
    "Transaction": 47
  },
  {
    "Index": 4602,
    "ObjectId": "Obj4602",
    "Attribute1": "Attr1",
    "Attribute2": "Attr2",
    "Attribute3": "Attr3",
    "Transaction": 47
  },
  {
    "Index": 4603,
    "ObjectId": "Obj4603",
    "Attribute1": "Attr1",
    "Attribute2": "Attr2",
    "Attribute3": "Attr3",
    "Transaction": 47
  },
  {
    "Index": 4604,
    "ObjectId": "Obj4604",
    "Attribute1": "Attr1",
    "Attribute2": "Attr2",
    "Attribute3": "Attr3",
    "Transaction": 47
  },
  {
    "Index": 4605,
    "ObjectId": "Obj4605",
    "Attribute1": "Attr1",
    "Attribute2": "Attr2",
    "Attribute3": "Attr3",
    "Transaction": 47
  },
  {
    "Index": 4606,
    "ObjectId": "Obj4606",
    "Attribute1": "Attr1",
    "Attribute2": "Attr2",
    "Attribute3": "Attr3",
    "Transaction": 47
  },
  {
    "Index": 4607,
    "ObjectId": "Obj4607",
    "Attribute1": "Attr1",
    "Attribute2": "Attr2",
    "Attribute3": "Attr3",
    "Transaction": 47
  },
  {
    "Index": 4608,
    "ObjectId": "Obj4608",
    "Attribute1": "Attr1",
    "Attribute2": "Attr2",
    "Attribute3": "Attr3",
    "Transaction": 47
  },
  {
    "Index": 4609,
    "ObjectId": "Obj4609",
    "Attribute1": "Attr1",
    "Attribute2": "Attr2",
    "Attribute3": "Attr3",
    "Transaction": 47
  },
  {
    "Index": 4610,
    "ObjectId": "Obj4610",
    "Attribute1": "Attr1",
    "Attribute2": "Attr2",
    "Attribute3": "Attr3",
    "Transaction": 47
  },
  {
    "Index": 4611,
    "ObjectId": "Obj4611",
    "Attribute1": "Attr1",
    "Attribute2": "Attr2",
    "Attribute3": "Attr3",
    "Transaction": 47
  },
  {
    "Index": 4612,
    "ObjectId": "Obj4612",
    "Attribute1": "Attr1",
    "Attribute2": "Attr2",
    "Attribute3": "Attr3",
    "Transaction": 47
  },
  {
    "Index": 4613,
    "ObjectId": "Obj4613",
    "Attribute1": "Attr1",
    "Attribute2": "Attr2",
    "Attribute3": "Attr3",
    "Transaction": 47
  },
  {
    "Index": 4614,
    "ObjectId": "Obj4614",
    "Attribute1": "Attr1",
    "Attribute2": "Attr2",
    "Attribute3": "Attr3",
    "Transaction": 47
  },
  {
    "Index": 4615,
    "ObjectId": "Obj4615",
    "Attribute1": "Attr1",
    "Attribute2": "Attr2",
    "Attribute3": "Attr3",
    "Transaction": 47
  },
  {
    "Index": 4616,
    "ObjectId": "Obj4616",
    "Attribute1": "Attr1",
    "Attribute2": "Attr2",
    "Attribute3": "Attr3",
    "Transaction": 47
  },
  {
    "Index": 4617,
    "ObjectId": "Obj4617",
    "Attribute1": "Attr1",
    "Attribute2": "Attr2",
    "Attribute3": "Attr3",
    "Transaction": 47
  },
  {
    "Index": 4618,
    "ObjectId": "Obj4618",
    "Attribute1": "Attr1",
    "Attribute2": "Attr2",
    "Attribute3": "Attr3",
    "Transaction": 47
  },
  {
    "Index": 4619,
    "ObjectId": "Obj4619",
    "Attribute1": "Attr1",
    "Attribute2": "Attr2",
    "Attribute3": "Attr3",
    "Transaction": 47
  },
  {
    "Index": 4620,
    "ObjectId": "Obj4620",
    "Attribute1": "Attr1",
    "Attribute2": "Attr2",
    "Attribute3": "Attr3",
    "Transaction": 47
  },
  {
    "Index": 4621,
    "ObjectId": "Obj4621",
    "Attribute1": "Attr1",
    "Attribute2": "Attr2",
    "Attribute3": "Attr3",
    "Transaction": 47
  },
  {
    "Index": 4622,
    "ObjectId": "Obj4622",
    "Attribute1": "Attr1",
    "Attribute2": "Attr2",
    "Attribute3": "Attr3",
    "Transaction": 47
  },
  {
    "Index": 4623,
    "ObjectId": "Obj4623",
    "Attribute1": "Attr1",
    "Attribute2": "Attr2",
    "Attribute3": "Attr3",
    "Transaction": 47
  },
  {
    "Index": 4624,
    "ObjectId": "Obj4624",
    "Attribute1": "Attr1",
    "Attribute2": "Attr2",
    "Attribute3": "Attr3",
    "Transaction": 47
  },
  {
    "Index": 4625,
    "ObjectId": "Obj4625",
    "Attribute1": "Attr1",
    "Attribute2": "Attr2",
    "Attribute3": "Attr3",
    "Transaction": 47
  },
  {
    "Index": 4626,
    "ObjectId": "Obj4626",
    "Attribute1": "Attr1",
    "Attribute2": "Attr2",
    "Attribute3": "Attr3",
    "Transaction": 47
  },
  {
    "Index": 4627,
    "ObjectId": "Obj4627",
    "Attribute1": "Attr1",
    "Attribute2": "Attr2",
    "Attribute3": "Attr3",
    "Transaction": 47
  },
  {
    "Index": 4628,
    "ObjectId": "Obj4628",
    "Attribute1": "Attr1",
    "Attribute2": "Attr2",
    "Attribute3": "Attr3",
    "Transaction": 47
  },
  {
    "Index": 4629,
    "ObjectId": "Obj4629",
    "Attribute1": "Attr1",
    "Attribute2": "Attr2",
    "Attribute3": "Attr3",
    "Transaction": 47
  },
  {
    "Index": 4630,
    "ObjectId": "Obj4630",
    "Attribute1": "Attr1",
    "Attribute2": "Attr2",
    "Attribute3": "Attr3",
    "Transaction": 47
  },
  {
    "Index": 4631,
    "ObjectId": "Obj4631",
    "Attribute1": "Attr1",
    "Attribute2": "Attr2",
    "Attribute3": "Attr3",
    "Transaction": 47
  },
  {
    "Index": 4632,
    "ObjectId": "Obj4632",
    "Attribute1": "Attr1",
    "Attribute2": "Attr2",
    "Attribute3": "Attr3",
    "Transaction": 47
  },
  {
    "Index": 4633,
    "ObjectId": "Obj4633",
    "Attribute1": "Attr1",
    "Attribute2": "Attr2",
    "Attribute3": "Attr3",
    "Transaction": 47
  },
  {
    "Index": 4634,
    "ObjectId": "Obj4634",
    "Attribute1": "Attr1",
    "Attribute2": "Attr2",
    "Attribute3": "Attr3",
    "Transaction": 47
  },
  {
    "Index": 4635,
    "ObjectId": "Obj4635",
    "Attribute1": "Attr1",
    "Attribute2": "Attr2",
    "Attribute3": "Attr3",
    "Transaction": 47
  },
  {
    "Index": 4636,
    "ObjectId": "Obj4636",
    "Attribute1": "Attr1",
    "Attribute2": "Attr2",
    "Attribute3": "Attr3",
    "Transaction": 47
  },
  {
    "Index": 4637,
    "ObjectId": "Obj4637",
    "Attribute1": "Attr1",
    "Attribute2": "Attr2",
    "Attribute3": "Attr3",
    "Transaction": 47
  },
  {
    "Index": 4638,
    "ObjectId": "Obj4638",
    "Attribute1": "Attr1",
    "Attribute2": "Attr2",
    "Attribute3": "Attr3",
    "Transaction": 47
  },
  {
    "Index": 4639,
    "ObjectId": "Obj4639",
    "Attribute1": "Attr1",
    "Attribute2": "Attr2",
    "Attribute3": "Attr3",
    "Transaction": 47
  },
  {
    "Index": 4640,
    "ObjectId": "Obj4640",
    "Attribute1": "Attr1",
    "Attribute2": "Attr2",
    "Attribute3": "Attr3",
    "Transaction": 47
  },
  {
    "Index": 4641,
    "ObjectId": "Obj4641",
    "Attribute1": "Attr1",
    "Attribute2": "Attr2",
    "Attribute3": "Attr3",
    "Transaction": 47
  },
  {
    "Index": 4642,
    "ObjectId": "Obj4642",
    "Attribute1": "Attr1",
    "Attribute2": "Attr2",
    "Attribute3": "Attr3",
    "Transaction": 47
  },
  {
    "Index": 4643,
    "ObjectId": "Obj4643",
    "Attribute1": "Attr1",
    "Attribute2": "Attr2",
    "Attribute3": "Attr3",
    "Transaction": 47
  },
  {
    "Index": 4644,
    "ObjectId": "Obj4644",
    "Attribute1": "Attr1",
    "Attribute2": "Attr2",
    "Attribute3": "Attr3",
    "Transaction": 47
  },
  {
    "Index": 4645,
    "ObjectId": "Obj4645",
    "Attribute1": "Attr1",
    "Attribute2": "Attr2",
    "Attribute3": "Attr3",
    "Transaction": 47
  },
  {
    "Index": 4646,
    "ObjectId": "Obj4646",
    "Attribute1": "Attr1",
    "Attribute2": "Attr2",
    "Attribute3": "Attr3",
    "Transaction": 47
  },
  {
    "Index": 4647,
    "ObjectId": "Obj4647",
    "Attribute1": "Attr1",
    "Attribute2": "Attr2",
    "Attribute3": "Attr3",
    "Transaction": 47
  },
  {
    "Index": 4648,
    "ObjectId": "Obj4648",
    "Attribute1": "Attr1",
    "Attribute2": "Attr2",
    "Attribute3": "Attr3",
    "Transaction": 47
  },
  {
    "Index": 4649,
    "ObjectId": "Obj4649",
    "Attribute1": "Attr1",
    "Attribute2": "Attr2",
    "Attribute3": "Attr3",
    "Transaction": 47
  },
  {
    "Index": 4650,
    "ObjectId": "Obj4650",
    "Attribute1": "Attr1",
    "Attribute2": "Attr2",
    "Attribute3": "Attr3",
    "Transaction": 47
  },
  {
    "Index": 4651,
    "ObjectId": "Obj4651",
    "Attribute1": "Attr1",
    "Attribute2": "Attr2",
    "Attribute3": "Attr3",
    "Transaction": 47
  },
  {
    "Index": 4652,
    "ObjectId": "Obj4652",
    "Attribute1": "Attr1",
    "Attribute2": "Attr2",
    "Attribute3": "Attr3",
    "Transaction": 47
  },
  {
    "Index": 4653,
    "ObjectId": "Obj4653",
    "Attribute1": "Attr1",
    "Attribute2": "Attr2",
    "Attribute3": "Attr3",
    "Transaction": 47
  },
  {
    "Index": 4654,
    "ObjectId": "Obj4654",
    "Attribute1": "Attr1",
    "Attribute2": "Attr2",
    "Attribute3": "Attr3",
    "Transaction": 47
  },
  {
    "Index": 4655,
    "ObjectId": "Obj4655",
    "Attribute1": "Attr1",
    "Attribute2": "Attr2",
    "Attribute3": "Attr3",
    "Transaction": 47
  },
  {
    "Index": 4656,
    "ObjectId": "Obj4656",
    "Attribute1": "Attr1",
    "Attribute2": "Attr2",
    "Attribute3": "Attr3",
    "Transaction": 47
  },
  {
    "Index": 4657,
    "ObjectId": "Obj4657",
    "Attribute1": "Attr1",
    "Attribute2": "Attr2",
    "Attribute3": "Attr3",
    "Transaction": 47
  },
  {
    "Index": 4658,
    "ObjectId": "Obj4658",
    "Attribute1": "Attr1",
    "Attribute2": "Attr2",
    "Attribute3": "Attr3",
    "Transaction": 47
  },
  {
    "Index": 4659,
    "ObjectId": "Obj4659",
    "Attribute1": "Attr1",
    "Attribute2": "Attr2",
    "Attribute3": "Attr3",
    "Transaction": 47
  },
  {
    "Index": 4660,
    "ObjectId": "Obj4660",
    "Attribute1": "Attr1",
    "Attribute2": "Attr2",
    "Attribute3": "Attr3",
    "Transaction": 47
  },
  {
    "Index": 4661,
    "ObjectId": "Obj4661",
    "Attribute1": "Attr1",
    "Attribute2": "Attr2",
    "Attribute3": "Attr3",
    "Transaction": 47
  },
  {
    "Index": 4662,
    "ObjectId": "Obj4662",
    "Attribute1": "Attr1",
    "Attribute2": "Attr2",
    "Attribute3": "Attr3",
    "Transaction": 47
  },
  {
    "Index": 4663,
    "ObjectId": "Obj4663",
    "Attribute1": "Attr1",
    "Attribute2": "Attr2",
    "Attribute3": "Attr3",
    "Transaction": 47
  },
  {
    "Index": 4664,
    "ObjectId": "Obj4664",
    "Attribute1": "Attr1",
    "Attribute2": "Attr2",
    "Attribute3": "Attr3",
    "Transaction": 47
  },
  {
    "Index": 4665,
    "ObjectId": "Obj4665",
    "Attribute1": "Attr1",
    "Attribute2": "Attr2",
    "Attribute3": "Attr3",
    "Transaction": 47
  },
  {
    "Index": 4666,
    "ObjectId": "Obj4666",
    "Attribute1": "Attr1",
    "Attribute2": "Attr2",
    "Attribute3": "Attr3",
    "Transaction": 47
  },
  {
    "Index": 4667,
    "ObjectId": "Obj4667",
    "Attribute1": "Attr1",
    "Attribute2": "Attr2",
    "Attribute3": "Attr3",
    "Transaction": 47
  },
  {
    "Index": 4668,
    "ObjectId": "Obj4668",
    "Attribute1": "Attr1",
    "Attribute2": "Attr2",
    "Attribute3": "Attr3",
    "Transaction": 47
  },
  {
    "Index": 4669,
    "ObjectId": "Obj4669",
    "Attribute1": "Attr1",
    "Attribute2": "Attr2",
    "Attribute3": "Attr3",
    "Transaction": 47
  },
  {
    "Index": 4670,
    "ObjectId": "Obj4670",
    "Attribute1": "Attr1",
    "Attribute2": "Attr2",
    "Attribute3": "Attr3",
    "Transaction": 47
  },
  {
    "Index": 4671,
    "ObjectId": "Obj4671",
    "Attribute1": "Attr1",
    "Attribute2": "Attr2",
    "Attribute3": "Attr3",
    "Transaction": 47
  },
  {
    "Index": 4672,
    "ObjectId": "Obj4672",
    "Attribute1": "Attr1",
    "Attribute2": "Attr2",
    "Attribute3": "Attr3",
    "Transaction": 47
  },
  {
    "Index": 4673,
    "ObjectId": "Obj4673",
    "Attribute1": "Attr1",
    "Attribute2": "Attr2",
    "Attribute3": "Attr3",
    "Transaction": 47
  },
  {
    "Index": 4674,
    "ObjectId": "Obj4674",
    "Attribute1": "Attr1",
    "Attribute2": "Attr2",
    "Attribute3": "Attr3",
    "Transaction": 47
  },
  {
    "Index": 4675,
    "ObjectId": "Obj4675",
    "Attribute1": "Attr1",
    "Attribute2": "Attr2",
    "Attribute3": "Attr3",
    "Transaction": 47
  },
  {
    "Index": 4676,
    "ObjectId": "Obj4676",
    "Attribute1": "Attr1",
    "Attribute2": "Attr2",
    "Attribute3": "Attr3",
    "Transaction": 47
  },
  {
    "Index": 4677,
    "ObjectId": "Obj4677",
    "Attribute1": "Attr1",
    "Attribute2": "Attr2",
    "Attribute3": "Attr3",
    "Transaction": 47
  },
  {
    "Index": 4678,
    "ObjectId": "Obj4678",
    "Attribute1": "Attr1",
    "Attribute2": "Attr2",
    "Attribute3": "Attr3",
    "Transaction": 47
  },
  {
    "Index": 4679,
    "ObjectId": "Obj4679",
    "Attribute1": "Attr1",
    "Attribute2": "Attr2",
    "Attribute3": "Attr3",
    "Transaction": 47
  },
  {
    "Index": 4680,
    "ObjectId": "Obj4680",
    "Attribute1": "Attr1",
    "Attribute2": "Attr2",
    "Attribute3": "Attr3",
    "Transaction": 47
  },
  {
    "Index": 4681,
    "ObjectId": "Obj4681",
    "Attribute1": "Attr1",
    "Attribute2": "Attr2",
    "Attribute3": "Attr3",
    "Transaction": 47
  },
  {
    "Index": 4682,
    "ObjectId": "Obj4682",
    "Attribute1": "Attr1",
    "Attribute2": "Attr2",
    "Attribute3": "Attr3",
    "Transaction": 47
  },
  {
    "Index": 4683,
    "ObjectId": "Obj4683",
    "Attribute1": "Attr1",
    "Attribute2": "Attr2",
    "Attribute3": "Attr3",
    "Transaction": 47
  },
  {
    "Index": 4684,
    "ObjectId": "Obj4684",
    "Attribute1": "Attr1",
    "Attribute2": "Attr2",
    "Attribute3": "Attr3",
    "Transaction": 47
  },
  {
    "Index": 4685,
    "ObjectId": "Obj4685",
    "Attribute1": "Attr1",
    "Attribute2": "Attr2",
    "Attribute3": "Attr3",
    "Transaction": 47
  },
  {
    "Index": 4686,
    "ObjectId": "Obj4686",
    "Attribute1": "Attr1",
    "Attribute2": "Attr2",
    "Attribute3": "Attr3",
    "Transaction": 47
  },
  {
    "Index": 4687,
    "ObjectId": "Obj4687",
    "Attribute1": "Attr1",
    "Attribute2": "Attr2",
    "Attribute3": "Attr3",
    "Transaction": 47
  },
  {
    "Index": 4688,
    "ObjectId": "Obj4688",
    "Attribute1": "Attr1",
    "Attribute2": "Attr2",
    "Attribute3": "Attr3",
    "Transaction": 47
  },
  {
    "Index": 4689,
    "ObjectId": "Obj4689",
    "Attribute1": "Attr1",
    "Attribute2": "Attr2",
    "Attribute3": "Attr3",
    "Transaction": 47
  },
  {
    "Index": 4690,
    "ObjectId": "Obj4690",
    "Attribute1": "Attr1",
    "Attribute2": "Attr2",
    "Attribute3": "Attr3",
    "Transaction": 47
  },
  {
    "Index": 4691,
    "ObjectId": "Obj4691",
    "Attribute1": "Attr1",
    "Attribute2": "Attr2",
    "Attribute3": "Attr3",
    "Transaction": 47
  },
  {
    "Index": 4692,
    "ObjectId": "Obj4692",
    "Attribute1": "Attr1",
    "Attribute2": "Attr2",
    "Attribute3": "Attr3",
    "Transaction": 47
  },
  {
    "Index": 4693,
    "ObjectId": "Obj4693",
    "Attribute1": "Attr1",
    "Attribute2": "Attr2",
    "Attribute3": "Attr3",
    "Transaction": 47
  },
  {
    "Index": 4694,
    "ObjectId": "Obj4694",
    "Attribute1": "Attr1",
    "Attribute2": "Attr2",
    "Attribute3": "Attr3",
    "Transaction": 47
  },
  {
    "Index": 4695,
    "ObjectId": "Obj4695",
    "Attribute1": "Attr1",
    "Attribute2": "Attr2",
    "Attribute3": "Attr3",
    "Transaction": 47
  },
  {
    "Index": 4696,
    "ObjectId": "Obj4696",
    "Attribute1": "Attr1",
    "Attribute2": "Attr2",
    "Attribute3": "Attr3",
    "Transaction": 47
  },
  {
    "Index": 4697,
    "ObjectId": "Obj4697",
    "Attribute1": "Attr1",
    "Attribute2": "Attr2",
    "Attribute3": "Attr3",
    "Transaction": 47
  },
  {
    "Index": 4698,
    "ObjectId": "Obj4698",
    "Attribute1": "Attr1",
    "Attribute2": "Attr2",
    "Attribute3": "Attr3",
    "Transaction": 47
  },
  {
    "Index": 4699,
    "ObjectId": "Obj4699",
    "Attribute1": "Attr1",
    "Attribute2": "Attr2",
    "Attribute3": "Attr3",
    "Transaction": 47
  },
  {
    "Index": 4700,
    "ObjectId": "Obj4700",
    "Attribute1": "Attr1",
    "Attribute2": "Attr2",
    "Attribute3": "Attr3",
    "Transaction": 47
  }
]