[
  {
    "Index": 5101,
    "ObjectId": "Obj5101",
    "Attribute1": "Attr1",
    "Attribute2": "Attr2",
    "Attribute3": "Attr3",
    "Transaction": 52
  },
  {
    "Index": 5102,
    "ObjectId": "Obj5102",
    "Attribute1": "Attr1",
    "Attribute2": "Attr2",
    "Attribute3": "Attr3",
    "Transaction": 52
  },
  {
    "Index": 5103,
    "ObjectId": "Obj5103",
    "Attribute1": "Attr1",
    "Attribute2": "Attr2",
    "Attribute3": "Attr3",
    "Transaction": 52
  },
  {
    "Index": 5104,
    "ObjectId": "Obj5104",
    "Attribute1": "Attr1",
    "Attribute2": "Attr2",
    "Attribute3": "Attr3",
    "Transaction": 52
  },
  {
    "Index": 5105,
    "ObjectId": "Obj5105",
    "Attribute1": "Attr1",
    "Attribute2": "Attr2",
    "Attribute3": "Attr3",
    "Transaction": 52
  },
  {
    "Index": 5106,
    "ObjectId": "Obj5106",
    "Attribute1": "Attr1",
    "Attribute2": "Attr2",
    "Attribute3": "Attr3",
    "Transaction": 52
  },
  {
    "Index": 5107,
    "ObjectId": "Obj5107",
    "Attribute1": "Attr1",
    "Attribute2": "Attr2",
    "Attribute3": "Attr3",
    "Transaction": 52
  },
  {
    "Index": 5108,
    "ObjectId": "Obj5108",
    "Attribute1": "Attr1",
    "Attribute2": "Attr2",
    "Attribute3": "Attr3",
    "Transaction": 52
  },
  {
    "Index": 5109,
    "ObjectId": "Obj5109",
    "Attribute1": "Attr1",
    "Attribute2": "Attr2",
    "Attribute3": "Attr3",
    "Transaction": 52
  },
  {
    "Index": 5110,
    "ObjectId": "Obj5110",
    "Attribute1": "Attr1",
    "Attribute2": "Attr2",
    "Attribute3": "Attr3",
    "Transaction": 52
  },
  {
    "Index": 5111,
    "ObjectId": "Obj5111",
    "Attribute1": "Attr1",
    "Attribute2": "Attr2",
    "Attribute3": "Attr3",
    "Transaction": 52
  },
  {
    "Index": 5112,
    "ObjectId": "Obj5112",
    "Attribute1": "Attr1",
    "Attribute2": "Attr2",
    "Attribute3": "Attr3",
    "Transaction": 52
  },
  {
    "Index": 5113,
    "ObjectId": "Obj5113",
    "Attribute1": "Attr1",
    "Attribute2": "Attr2",
    "Attribute3": "Attr3",
    "Transaction": 52
  },
  {
    "Index": 5114,
    "ObjectId": "Obj5114",
    "Attribute1": "Attr1",
    "Attribute2": "Attr2",
    "Attribute3": "Attr3",
    "Transaction": 52
  },
  {
    "Index": 5115,
    "ObjectId": "Obj5115",
    "Attribute1": "Attr1",
    "Attribute2": "Attr2",
    "Attribute3": "Attr3",
    "Transaction": 52
  },
  {
    "Index": 5116,
    "ObjectId": "Obj5116",
    "Attribute1": "Attr1",
    "Attribute2": "Attr2",
    "Attribute3": "Attr3",
    "Transaction": 52
  },
  {
    "Index": 5117,
    "ObjectId": "Obj5117",
    "Attribute1": "Attr1",
    "Attribute2": "Attr2",
    "Attribute3": "Attr3",
    "Transaction": 52
  },
  {
    "Index": 5118,
    "ObjectId": "Obj5118",
    "Attribute1": "Attr1",
    "Attribute2": "Attr2",
    "Attribute3": "Attr3",
    "Transaction": 52
  },
  {
    "Index": 5119,
    "ObjectId": "Obj5119",
    "Attribute1": "Attr1",
    "Attribute2": "Attr2",
    "Attribute3": "Attr3",
    "Transaction": 52
  },
  {
    "Index": 5120,
    "ObjectId": "Obj5120",
    "Attribute1": "Attr1",
    "Attribute2": "Attr2",
    "Attribute3": "Attr3",
    "Transaction": 52
  },
  {
    "Index": 5121,
    "ObjectId": "Obj5121",
    "Attribute1": "Attr1",
    "Attribute2": "Attr2",
    "Attribute3": "Attr3",
    "Transaction": 52
  },
  {
    "Index": 5122,
    "ObjectId": "Obj5122",
    "Attribute1": "Attr1",
    "Attribute2": "Attr2",
    "Attribute3": "Attr3",
    "Transaction": 52
  },
  {
    "Index": 5123,
    "ObjectId": "Obj5123",
    "Attribute1": "Attr1",
    "Attribute2": "Attr2",
    "Attribute3": "Attr3",
    "Transaction": 52
  },
  {
    "Index": 5124,
    "ObjectId": "Obj5124",
    "Attribute1": "Attr1",
    "Attribute2": "Attr2",
    "Attribute3": "Attr3",
    "Transaction": 52
  },
  {
    "Index": 5125,
    "ObjectId": "Obj5125",
    "Attribute1": "Attr1",
    "Attribute2": "Attr2",
    "Attribute3": "Attr3",
    "Transaction": 52
  },
  {
    "Index": 5126,
    "ObjectId": "Obj5126",
    "Attribute1": "Attr1",
    "Attribute2": "Attr2",
    "Attribute3": "Attr3",
    "Transaction": 52
  },
  {
    "Index": 5127,
    "ObjectId": "Obj5127",
    "Attribute1": "Attr1",
    "Attribute2": "Attr2",
    "Attribute3": "Attr3",
    "Transaction": 52
  },
  {
    "Index": 5128,
    "ObjectId": "Obj5128",
    "Attribute1": "Attr1",
    "Attribute2": "Attr2",
    "Attribute3": "Attr3",
    "Transaction": 52
  },
  {
    "Index": 5129,
    "ObjectId": "Obj5129",
    "Attribute1": "Attr1",
    "Attribute2": "Attr2",
    "Attribute3": "Attr3",
    "Transaction": 52
  },
  {
    "Index": 5130,
    "ObjectId": "Obj5130",
    "Attribute1": "Attr1",
    "Attribute2": "Attr2",
    "Attribute3": "Attr3",
    "Transaction": 52
  },
  {
    "Index": 5131,
    "ObjectId": "Obj5131",
    "Attribute1": "Attr1",
    "Attribute2": "Attr2",
    "Attribute3": "Attr3",
    "Transaction": 52
  },
  {
    "Index": 5132,
    "ObjectId": "Obj5132",
    "Attribute1": "Attr1",
    "Attribute2": "Attr2",
    "Attribute3": "Attr3",
    "Transaction": 52
  },
  {
    "Index": 5133,
    "ObjectId": "Obj5133",
    "Attribute1": "Attr1",
    "Attribute2": "Attr2",
    "Attribute3": "Attr3",
    "Transaction": 52
  },
  {
    "Index": 5134,
    "ObjectId": "Obj5134",
    "Attribute1": "Attr1",
    "Attribute2": "Attr2",
    "Attribute3": "Attr3",
    "Transaction": 52
  },
  {
    "Index": 5135,
    "ObjectId": "Obj5135",
    "Attribute1": "Attr1",
    "Attribute2": "Attr2",
    "Attribute3": "Attr3",
    "Transaction": 52
  },
  {
    "Index": 5136,
    "ObjectId": "Obj5136",
    "Attribute1": "Attr1",
    "Attribute2": "Attr2",
    "Attribute3": "Attr3",
    "Transaction": 52
  },
  {
    "Index": 5137,
    "ObjectId": "Obj5137",
    "Attribute1": "Attr1",
    "Attribute2": "Attr2",
    "Attribute3": "Attr3",
    "Transaction": 52
  },
  {
    "Index": 5138,
    "ObjectId": "Obj5138",
    "Attribute1": "Attr1",
    "Attribute2": "Attr2",
    "Attribute3": "Attr3",
    "Transaction": 52
  },
  {
    "Index": 5139,
    "ObjectId": "Obj5139",
    "Attribute1": "Attr1",
    "Attribute2": "Attr2",
    "Attribute3": "Attr3",
    "Transaction": 52
  },
  {
    "Index": 5140,
    "ObjectId": "Obj5140",
    "Attribute1": "Attr1",
    "Attribute2": "Attr2",
    "Attribute3": "Attr3",
    "Transaction": 52
  },
  {
    "Index": 5141,
    "ObjectId": "Obj5141",
    "Attribute1": "Attr1",
    "Attribute2": "Attr2",
    "Attribute3": "Attr3",
    "Transaction": 52
  },
  {
    "Index": 5142,
    "ObjectId": "Obj5142",
    "Attribute1": "Attr1",
    "Attribute2": "Attr2",
    "Attribute3": "Attr3",
    "Transaction": 52
  },
  {
    "Index": 5143,
    "ObjectId": "Obj5143",
    "Attribute1": "Attr1",
    "Attribute2": "Attr2",
    "Attribute3": "Attr3",
    "Transaction": 52
  },
  {
    "Index": 5144,
    "ObjectId": "Obj5144",
    "Attribute1": "Attr1",
    "Attribute2": "Attr2",
    "Attribute3": "Attr3",
    "Transaction": 52
  },
  {
    "Index": 5145,
    "ObjectId": "Obj5145",
    "Attribute1": "Attr1",
    "Attribute2": "Attr2",
    "Attribute3": "Attr3",
    "Transaction": 52
  },
  {
    "Index": 5146,
    "ObjectId": "Obj5146",
    "Attribute1": "Attr1",
    "Attribute2": "Attr2",
    "Attribute3": "Attr3",
    "Transaction": 52
  },
  {
    "Index": 5147,
    "ObjectId": "Obj5147",
    "Attribute1": "Attr1",
    "Attribute2": "Attr2",
    "Attribute3": "Attr3",
    "Transaction": 52
  },
  {
    "Index": 5148,
    "ObjectId": "Obj5148",
    "Attribute1": "Attr1",
    "Attribute2": "Attr2",
    "Attribute3": "Attr3",
    "Transaction": 52
  },
  {
    "Index": 5149,
    "ObjectId": "Obj5149",
    "Attribute1": "Attr1",
    "Attribute2": "Attr2",
    "Attribute3": "Attr3",
    "Transaction": 52
  },
  {
    "Index": 5150,
    "ObjectId": "Obj5150",
    "Attribute1": "Attr1",
    "Attribute2": "Attr2",
    "Attribute3": "Attr3",
    "Transaction": 52
  },
  {
    "Index": 5151,
    "ObjectId": "Obj5151",
    "Attribute1": "Attr1",
    "Attribute2": "Attr2",
    "Attribute3": "Attr3",
    "Transaction": 52
  },
  {
    "Index": 5152,
    "ObjectId": "Obj5152",
    "Attribute1": "Attr1",
    "Attribute2": "Attr2",
    "Attribute3": "Attr3",
    "Transaction": 52
  },
  {
    "Index": 5153,
    "ObjectId": "Obj5153",
    "Attribute1": "Attr1",
    "Attribute2": "Attr2",
    "Attribute3": "Attr3",
    "Transaction": 52
  },
  {
    "Index": 5154,
    "ObjectId": "Obj5154",
    "Attribute1": "Attr1",
    "Attribute2": "Attr2",
    "Attribute3": "Attr3",
    "Transaction": 52
  },
  {
    "Index": 5155,
    "ObjectId": "Obj5155",
    "Attribute1": "Attr1",
    "Attribute2": "Attr2",
    "Attribute3": "Attr3",
    "Transaction": 52
  },
  {
    "Index": 5156,
    "ObjectId": "Obj5156",
    "Attribute1": "Attr1",
    "Attribute2": "Attr2",
    "Attribute3": "Attr3",
    "Transaction": 52
  },
  {
    "Index": 5157,
    "ObjectId": "Obj5157",
    "Attribute1": "Attr1",
    "Attribute2": "Attr2",
    "Attribute3": "Attr3",
    "Transaction": 52
  },
  {
    "Index": 5158,
    "ObjectId": "Obj5158",
    "Attribute1": "Attr1",
    "Attribute2": "Attr2",
    "Attribute3": "Attr3",
    "Transaction": 52
  },
  {
    "Index": 5159,
    "ObjectId": "Obj5159",
    "Attribute1": "Attr1",
    "Attribute2": "Attr2",
    "Attribute3": "Attr3",
    "Transaction": 52
  },
  {
    "Index": 5160,
    "ObjectId": "Obj5160",
    "Attribute1": "Attr1",
    "Attribute2": "Attr2",
    "Attribute3": "Attr3",
    "Transaction": 52
  },
  {
    "Index": 5161,
    "ObjectId": "Obj5161",
    "Attribute1": "Attr1",
    "Attribute2": "Attr2",
    "Attribute3": "Attr3",
    "Transaction": 52
  },
  {
    "Index": 5162,
    "ObjectId": "Obj5162",
    "Attribute1": "Attr1",
    "Attribute2": "Attr2",
    "Attribute3": "Attr3",
    "Transaction": 52
  },
  {
    "Index": 5163,
    "ObjectId": "Obj5163",
    "Attribute1": "Attr1",
    "Attribute2": "Attr2",
    "Attribute3": "Attr3",
    "Transaction": 52
  },
  {
    "Index": 5164,
    "ObjectId": "Obj5164",
    "Attribute1": "Attr1",
    "Attribute2": "Attr2",
    "Attribute3": "Attr3",
    "Transaction": 52
  },
  {
    "Index": 5165,
    "ObjectId": "Obj5165",
    "Attribute1": "Attr1",
    "Attribute2": "Attr2",
    "Attribute3": "Attr3",
    "Transaction": 52
  },
  {
    "Index": 5166,
    "ObjectId": "Obj5166",
    "Attribute1": "Attr1",
    "Attribute2": "Attr2",
    "Attribute3": "Attr3",
    "Transaction": 52
  },
  {
    "Index": 5167,
    "ObjectId": "Obj5167",
    "Attribute1": "Attr1",
    "Attribute2": "Attr2",
    "Attribute3": "Attr3",
    "Transaction": 52
  },
  {
    "Index": 5168,
    "ObjectId": "Obj5168",
    "Attribute1": "Attr1",
    "Attribute2": "Attr2",
    "Attribute3": "Attr3",
    "Transaction": 52
  },
  {
    "Index": 5169,
    "ObjectId": "Obj5169",
    "Attribute1": "Attr1",
    "Attribute2": "Attr2",
    "Attribute3": "Attr3",
    "Transaction": 52
  },
  {
    "Index": 5170,
    "ObjectId": "Obj5170",
    "Attribute1": "Attr1",
    "Attribute2": "Attr2",
    "Attribute3": "Attr3",
    "Transaction": 52
  },
  {
    "Index": 5171,
    "ObjectId": "Obj5171",
    "Attribute1": "Attr1",
    "Attribute2": "Attr2",
    "Attribute3": "Attr3",
    "Transaction": 52
  },
  {
    "Index": 5172,
    "ObjectId": "Obj5172",
    "Attribute1": "Attr1",
    "Attribute2": "Attr2",
    "Attribute3": "Attr3",
    "Transaction": 52
  },
  {
    "Index": 5173,
    "ObjectId": "Obj5173",
    "Attribute1": "Attr1",
    "Attribute2": "Attr2",
    "Attribute3": "Attr3",
    "Transaction": 52
  },
  {
    "Index": 5174,
    "ObjectId": "Obj5174",
    "Attribute1": "Attr1",
    "Attribute2": "Attr2",
    "Attribute3": "Attr3",
    "Transaction": 52
  },
  {
    "Index": 5175,
    "ObjectId": "Obj5175",
    "Attribute1": "Attr1",
    "Attribute2": "Attr2",
    "Attribute3": "Attr3",
    "Transaction": 52
  },
  {
    "Index": 5176,
    "ObjectId": "Obj5176",
    "Attribute1": "Attr1",
    "Attribute2": "Attr2",
    "Attribute3": "Attr3",
    "Transaction": 52
  },
  {
    "Index": 5177,
    "ObjectId": "Obj5177",
    "Attribute1": "Attr1",
    "Attribute2": "Attr2",
    "Attribute3": "Attr3",
    "Transaction": 52
  },
  {
    "Index": 5178,
    "ObjectId": "Obj5178",
    "Attribute1": "Attr1",
    "Attribute2": "Attr2",
    "Attribute3": "Attr3",
    "Transaction": 52
  },
  {
    "Index": 5179,
    "ObjectId": "Obj5179",
    "Attribute1": "Attr1",
    "Attribute2": "Attr2",
    "Attribute3": "Attr3",
    "Transaction": 52
  },
  {
    "Index": 5180,
    "ObjectId": "Obj5180",
    "Attribute1": "Attr1",
    "Attribute2": "Attr2",
    "Attribute3": "Attr3",
    "Transaction": 52
  },
  {
    "Index": 5181,
    "ObjectId": "Obj5181",
    "Attribute1": "Attr1",
    "Attribute2": "Attr2",
    "Attribute3": "Attr3",
    "Transaction": 52
  },
  {
    "Index": 5182,
    "ObjectId": "Obj5182",
    "Attribute1": "Attr1",
    "Attribute2": "Attr2",
    "Attribute3": "Attr3",
    "Transaction": 52
  },
  {
    "Index": 5183,
    "ObjectId": "Obj5183",
    "Attribute1": "Attr1",
    "Attribute2": "Attr2",
    "Attribute3": "Attr3",
    "Transaction": 52
  },
  {
    "Index": 5184,
    "ObjectId": "Obj5184",
    "Attribute1": "Attr1",
    "Attribute2": "Attr2",
    "Attribute3": "Attr3",
    "Transaction": 52
  },
  {
    "Index": 5185,
    "ObjectId": "Obj5185",
    "Attribute1": "Attr1",
    "Attribute2": "Attr2",
    "Attribute3": "Attr3",
    "Transaction": 52
  },
  {
    "Index": 5186,
    "ObjectId": "Obj5186",
    "Attribute1": "Attr1",
    "Attribute2": "Attr2",
    "Attribute3": "Attr3",
    "Transaction": 52
  },
  {
    "Index": 5187,
    "ObjectId": "Obj5187",
    "Attribute1": "Attr1",
    "Attribute2": "Attr2",
    "Attribute3": "Attr3",
    "Transaction": 52
  },
  {
    "Index": 5188,
    "ObjectId": "Obj5188",
    "Attribute1": "Attr1",
    "Attribute2": "Attr2",
    "Attribute3": "Attr3",
    "Transaction": 52
  },
  {
    "Index": 5189,
    "ObjectId": "Obj5189",
    "Attribute1": "Attr1",
    "Attribute2": "Attr2",
    "Attribute3": "Attr3",
    "Transaction": 52
  },
  {
    "Index": 5190,
    "ObjectId": "Obj5190",
    "Attribute1": "Attr1",
    "Attribute2": "Attr2",
    "Attribute3": "Attr3",
    "Transaction": 52
  },
  {
    "Index": 5191,
    "ObjectId": "Obj5191",
    "Attribute1": "Attr1",
    "Attribute2": "Attr2",
    "Attribute3": "Attr3",
    "Transaction": 52
  },
  {
    "Index": 5192,
    "ObjectId": "Obj5192",
    "Attribute1": "Attr1",
    "Attribute2": "Attr2",
    "Attribute3": "Attr3",
    "Transaction": 52
  },
  {
    "Index": 5193,
    "ObjectId": "Obj5193",
    "Attribute1": "Attr1",
    "Attribute2": "Attr2",
    "Attribute3": "Attr3",
    "Transaction": 52
  },
  {
    "Index": 5194,
    "ObjectId": "Obj5194",
    "Attribute1": "Attr1",
    "Attribute2": "Attr2",
    "Attribute3": "Attr3",
    "Transaction": 52
  },
  {
    "Index": 5195,
    "ObjectId": "Obj5195",
    "Attribute1": "Attr1",
    "Attribute2": "Attr2",
    "Attribute3": "Attr3",
    "Transaction": 52
  },
  {
    "Index": 5196,
    "ObjectId": "Obj5196",
    "Attribute1": "Attr1",
    "Attribute2": "Attr2",
    "Attribute3": "Attr3",
    "Transaction": 52
  },
  {
    "Index": 5197,
    "ObjectId": "Obj5197",
    "Attribute1": "Attr1",
    "Attribute2": "Attr2",
    "Attribute3": "Attr3",
    "Transaction": 52
  },
  {
    "Index": 5198,
    "ObjectId": "Obj5198",
    "Attribute1": "Attr1",
    "Attribute2": "Attr2",
    "Attribute3": "Attr3",
    "Transaction": 52
  },
  {
    "Index": 5199,
    "ObjectId": "Obj5199",
    "Attribute1": "Attr1",
    "Attribute2": "Attr2",
    "Attribute3": "Attr3",
    "Transaction": 52
  },
  {
    "Index": 5200,
    "ObjectId": "Obj5200",
    "Attribute1": "Attr1",
    "Attribute2": "Attr2",
    "Attribute3": "Attr3",
    "Transaction": 52
  }
]