[
  {
    "Index": 9401,
    "ObjectId": "Obj9401",
    "Attribute1": "Attr1",
    "Attribute2": "Attr2",
    "Attribute3": "Attr3",
    "Transaction": 95
  },
  {
    "Index": 9402,
    "ObjectId": "Obj9402",
    "Attribute1": "Attr1",
    "Attribute2": "Attr2",
    "Attribute3": "Attr3",
    "Transaction": 95
  },
  {
    "Index": 9403,
    "ObjectId": "Obj9403",
    "Attribute1": "Attr1",
    "Attribute2": "Attr2",
    "Attribute3": "Attr3",
    "Transaction": 95
  },
  {
    "Index": 9404,
    "ObjectId": "Obj9404",
    "Attribute1": "Attr1",
    "Attribute2": "Attr2",
    "Attribute3": "Attr3",
    "Transaction": 95
  },
  {
    "Index": 9405,
    "ObjectId": "Obj9405",
    "Attribute1": "Attr1",
    "Attribute2": "Attr2",
    "Attribute3": "Attr3",
    "Transaction": 95
  },
  {
    "Index": 9406,
    "ObjectId": "Obj9406",
    "Attribute1": "Attr1",
    "Attribute2": "Attr2",
    "Attribute3": "Attr3",
    "Transaction": 95
  },
  {
    "Index": 9407,
    "ObjectId": "Obj9407",
    "Attribute1": "Attr1",
    "Attribute2": "Attr2",
    "Attribute3": "Attr3",
    "Transaction": 95
  },
  {
    "Index": 9408,
    "ObjectId": "Obj9408",
    "Attribute1": "Attr1",
    "Attribute2": "Attr2",
    "Attribute3": "Attr3",
    "Transaction": 95
  },
  {
    "Index": 9409,
    "ObjectId": "Obj9409",
    "Attribute1": "Attr1",
    "Attribute2": "Attr2",
    "Attribute3": "Attr3",
    "Transaction": 95
  },
  {
    "Index": 9410,
    "ObjectId": "Obj9410",
    "Attribute1": "Attr1",
    "Attribute2": "Attr2",
    "Attribute3": "Attr3",
    "Transaction": 95
  },
  {
    "Index": 9411,
    "ObjectId": "Obj9411",
    "Attribute1": "Attr1",
    "Attribute2": "Attr2",
    "Attribute3": "Attr3",
    "Transaction": 95
  },
  {
    "Index": 9412,
    "ObjectId": "Obj9412",
    "Attribute1": "Attr1",
    "Attribute2": "Attr2",
    "Attribute3": "Attr3",
    "Transaction": 95
  },
  {
    "Index": 9413,
    "ObjectId": "Obj9413",
    "Attribute1": "Attr1",
    "Attribute2": "Attr2",
    "Attribute3": "Attr3",
    "Transaction": 95
  },
  {
    "Index": 9414,
    "ObjectId": "Obj9414",
    "Attribute1": "Attr1",
    "Attribute2": "Attr2",
    "Attribute3": "Attr3",
    "Transaction": 95
  },
  {
    "Index": 9415,
    "ObjectId": "Obj9415",
    "Attribute1": "Attr1",
    "Attribute2": "Attr2",
    "Attribute3": "Attr3",
    "Transaction": 95
  },
  {
    "Index": 9416,
    "ObjectId": "Obj9416",
    "Attribute1": "Attr1",
    "Attribute2": "Attr2",
    "Attribute3": "Attr3",
    "Transaction": 95
  },
  {
    "Index": 9417,
    "ObjectId": "Obj9417",
    "Attribute1": "Attr1",
    "Attribute2": "Attr2",
    "Attribute3": "Attr3",
    "Transaction": 95
  },
  {
    "Index": 9418,
    "ObjectId": "Obj9418",
    "Attribute1": "Attr1",
    "Attribute2": "Attr2",
    "Attribute3": "Attr3",
    "Transaction": 95
  },
  {
    "Index": 9419,
    "ObjectId": "Obj9419",
    "Attribute1": "Attr1",
    "Attribute2": "Attr2",
    "Attribute3": "Attr3",
    "Transaction": 95
  },
  {
    "Index": 9420,
    "ObjectId": "Obj9420",
    "Attribute1": "Attr1",
    "Attribute2": "Attr2",
    "Attribute3": "Attr3",
    "Transaction": 95
  },
  {
    "Index": 9421,
    "ObjectId": "Obj9421",
    "Attribute1": "Attr1",
    "Attribute2": "Attr2",
    "Attribute3": "Attr3",
    "Transaction": 95
  },
  {
    "Index": 9422,
    "ObjectId": "Obj9422",
    "Attribute1": "Attr1",
    "Attribute2": "Attr2",
    "Attribute3": "Attr3",
    "Transaction": 95
  },
  {
    "Index": 9423,
    "ObjectId": "Obj9423",
    "Attribute1": "Attr1",
    "Attribute2": "Attr2",
    "Attribute3": "Attr3",
    "Transaction": 95
  },
  {
    "Index": 9424,
    "ObjectId": "Obj9424",
    "Attribute1": "Attr1",
    "Attribute2": "Attr2",
    "Attribute3": "Attr3",
    "Transaction": 95
  },
  {
    "Index": 9425,
    "ObjectId": "Obj9425",
    "Attribute1": "Attr1",
    "Attribute2": "Attr2",
    "Attribute3": "Attr3",
    "Transaction": 95
  },
  {
    "Index": 9426,
    "ObjectId": "Obj9426",
    "Attribute1": "Attr1",
    "Attribute2": "Attr2",
    "Attribute3": "Attr3",
    "Transaction": 95
  },
  {
    "Index": 9427,
    "ObjectId": "Obj9427",
    "Attribute1": "Attr1",
    "Attribute2": "Attr2",
    "Attribute3": "Attr3",
    "Transaction": 95
  },
  {
    "Index": 9428,
    "ObjectId": "Obj9428",
    "Attribute1": "Attr1",
    "Attribute2": "Attr2",
    "Attribute3": "Attr3",
    "Transaction": 95
  },
  {
    "Index": 9429,
    "ObjectId": "Obj9429",
    "Attribute1": "Attr1",
    "Attribute2": "Attr2",
    "Attribute3": "Attr3",
    "Transaction": 95
  },
  {
    "Index": 9430,
    "ObjectId": "Obj9430",
    "Attribute1": "Attr1",
    "Attribute2": "Attr2",
    "Attribute3": "Attr3",
    "Transaction": 95
  },
  {
    "Index": 9431,
    "ObjectId": "Obj9431",
    "Attribute1": "Attr1",
    "Attribute2": "Attr2",
    "Attribute3": "Attr3",
    "Transaction": 95
  },
  {
    "Index": 9432,
    "ObjectId": "Obj9432",
    "Attribute1": "Attr1",
    "Attribute2": "Attr2",
    "Attribute3": "Attr3",
    "Transaction": 95
  },
  {
    "Index": 9433,
    "ObjectId": "Obj9433",
    "Attribute1": "Attr1",
    "Attribute2": "Attr2",
    "Attribute3": "Attr3",
    "Transaction": 95
  },
  {
    "Index": 9434,
    "ObjectId": "Obj9434",
    "Attribute1": "Attr1",
    "Attribute2": "Attr2",
    "Attribute3": "Attr3",
    "Transaction": 95
  },
  {
    "Index": 9435,
    "ObjectId": "Obj9435",
    "Attribute1": "Attr1",
    "Attribute2": "Attr2",
    "Attribute3": "Attr3",
    "Transaction": 95
  },
  {
    "Index": 9436,
    "ObjectId": "Obj9436",
    "Attribute1": "Attr1",
    "Attribute2": "Attr2",
    "Attribute3": "Attr3",
    "Transaction": 95
  },
  {
    "Index": 9437,
    "ObjectId": "Obj9437",
    "Attribute1": "Attr1",
    "Attribute2": "Attr2",
    "Attribute3": "Attr3",
    "Transaction": 95
  },
  {
    "Index": 9438,
    "ObjectId": "Obj9438",
    "Attribute1": "Attr1",
    "Attribute2": "Attr2",
    "Attribute3": "Attr3",
    "Transaction": 95
  },
  {
    "Index": 9439,
    "ObjectId": "Obj9439",
    "Attribute1": "Attr1",
    "Attribute2": "Attr2",
    "Attribute3": "Attr3",
    "Transaction": 95
  },
  {
    "Index": 9440,
    "ObjectId": "Obj9440",
    "Attribute1": "Attr1",
    "Attribute2": "Attr2",
    "Attribute3": "Attr3",
    "Transaction": 95
  },
  {
    "Index": 9441,
    "ObjectId": "Obj9441",
    "Attribute1": "Attr1",
    "Attribute2": "Attr2",
    "Attribute3": "Attr3",
    "Transaction": 95
  },
  {
    "Index": 9442,
    "ObjectId": "Obj9442",
    "Attribute1": "Attr1",
    "Attribute2": "Attr2",
    "Attribute3": "Attr3",
    "Transaction": 95
  },
  {
    "Index": 9443,
    "ObjectId": "Obj9443",
    "Attribute1": "Attr1",
    "Attribute2": "Attr2",
    "Attribute3": "Attr3",
    "Transaction": 95
  },
  {
    "Index": 9444,
    "ObjectId": "Obj9444",
    "Attribute1": "Attr1",
    "Attribute2": "Attr2",
    "Attribute3": "Attr3",
    "Transaction": 95
  },
  {
    "Index": 9445,
    "ObjectId": "Obj9445",
    "Attribute1": "Attr1",
    "Attribute2": "Attr2",
    "Attribute3": "Attr3",
    "Transaction": 95
  },
  {
    "Index": 9446,
    "ObjectId": "Obj9446",
    "Attribute1": "Attr1",
    "Attribute2": "Attr2",
    "Attribute3": "Attr3",
    "Transaction": 95
  },
  {
    "Index": 9447,
    "ObjectId": "Obj9447",
    "Attribute1": "Attr1",
    "Attribute2": "Attr2",
    "Attribute3": "Attr3",
    "Transaction": 95
  },
  {
    "Index": 9448,
    "ObjectId": "Obj9448",
    "Attribute1": "Attr1",
    "Attribute2": "Attr2",
    "Attribute3": "Attr3",
    "Transaction": 95
  },
  {
    "Index": 9449,
    "ObjectId": "Obj9449",
    "Attribute1": "Attr1",
    "Attribute2": "Attr2",
    "Attribute3": "Attr3",
    "Transaction": 95
  },
  {
    "Index": 9450,
    "ObjectId": "Obj9450",
    "Attribute1": "Attr1",
    "Attribute2": "Attr2",
    "Attribute3": "Attr3",
    "Transaction": 95
  },
  {
    "Index": 9451,
    "ObjectId": "Obj9451",
    "Attribute1": "Attr1",
    "Attribute2": "Attr2",
    "Attribute3": "Attr3",
    "Transaction": 95
  },
  {
    "Index": 9452,
    "ObjectId": "Obj9452",
    "Attribute1": "Attr1",
    "Attribute2": "Attr2",
    "Attribute3": "Attr3",
    "Transaction": 95
  },
  {
    "Index": 9453,
    "ObjectId": "Obj9453",
    "Attribute1": "Attr1",
    "Attribute2": "Attr2",
    "Attribute3": "Attr3",
    "Transaction": 95
  },
  {
    "Index": 9454,
    "ObjectId": "Obj9454",
    "Attribute1": "Attr1",
    "Attribute2": "Attr2",
    "Attribute3": "Attr3",
    "Transaction": 95
  },
  {
    "Index": 9455,
    "ObjectId": "Obj9455",
    "Attribute1": "Attr1",
    "Attribute2": "Attr2",
    "Attribute3": "Attr3",
    "Transaction": 95
  },
  {
    "Index": 9456,
    "ObjectId": "Obj9456",
    "Attribute1": "Attr1",
    "Attribute2": "Attr2",
    "Attribute3": "Attr3",
    "Transaction": 95
  },
  {
    "Index": 9457,
    "ObjectId": "Obj9457",
    "Attribute1": "Attr1",
    "Attribute2": "Attr2",
    "Attribute3": "Attr3",
    "Transaction": 95
  },
  {
    "Index": 9458,
    "ObjectId": "Obj9458",
    "Attribute1": "Attr1",
    "Attribute2": "Attr2",
    "Attribute3": "Attr3",
    "Transaction": 95
  },
  {
    "Index": 9459,
    "ObjectId": "Obj9459",
    "Attribute1": "Attr1",
    "Attribute2": "Attr2",
    "Attribute3": "Attr3",
    "Transaction": 95
  },
  {
    "Index": 9460,
    "ObjectId": "Obj9460",
    "Attribute1": "Attr1",
    "Attribute2": "Attr2",
    "Attribute3": "Attr3",
    "Transaction": 95
  },
  {
    "Index": 9461,
    "ObjectId": "Obj9461",
    "Attribute1": "Attr1",
    "Attribute2": "Attr2",
    "Attribute3": "Attr3",
    "Transaction": 95
  },
  {
    "Index": 9462,
    "ObjectId": "Obj9462",
    "Attribute1": "Attr1",
    "Attribute2": "Attr2",
    "Attribute3": "Attr3",
    "Transaction": 95
  },
  {
    "Index": 9463,
    "ObjectId": "Obj9463",
    "Attribute1": "Attr1",
    "Attribute2": "Attr2",
    "Attribute3": "Attr3",
    "Transaction": 95
  },
  {
    "Index": 9464,
    "ObjectId": "Obj9464",
    "Attribute1": "Attr1",
    "Attribute2": "Attr2",
    "Attribute3": "Attr3",
    "Transaction": 95
  },
  {
    "Index": 9465,
    "ObjectId": "Obj9465",
    "Attribute1": "Attr1",
    "Attribute2": "Attr2",
    "Attribute3": "Attr3",
    "Transaction": 95
  },
  {
    "Index": 9466,
    "ObjectId": "Obj9466",
    "Attribute1": "Attr1",
    "Attribute2": "Attr2",
    "Attribute3": "Attr3",
    "Transaction": 95
  },
  {
    "Index": 9467,
    "ObjectId": "Obj9467",
    "Attribute1": "Attr1",
    "Attribute2": "Attr2",
    "Attribute3": "Attr3",
    "Transaction": 95
  },
  {
    "Index": 9468,
    "ObjectId": "Obj9468",
    "Attribute1": "Attr1",
    "Attribute2": "Attr2",
    "Attribute3": "Attr3",
    "Transaction": 95
  },
  {
    "Index": 9469,
    "ObjectId": "Obj9469",
    "Attribute1": "Attr1",
    "Attribute2": "Attr2",
    "Attribute3": "Attr3",
    "Transaction": 95
  },
  {
    "Index": 9470,
    "ObjectId": "Obj9470",
    "Attribute1": "Attr1",
    "Attribute2": "Attr2",
    "Attribute3": "Attr3",
    "Transaction": 95
  },
  {
    "Index": 9471,
    "ObjectId": "Obj9471",
    "Attribute1": "Attr1",
    "Attribute2": "Attr2",
    "Attribute3": "Attr3",
    "Transaction": 95
  },
  {
    "Index": 9472,
    "ObjectId": "Obj9472",
    "Attribute1": "Attr1",
    "Attribute2": "Attr2",
    "Attribute3": "Attr3",
    "Transaction": 95
  },
  {
    "Index": 9473,
    "ObjectId": "Obj9473",
    "Attribute1": "Attr1",
    "Attribute2": "Attr2",
    "Attribute3": "Attr3",
    "Transaction": 95
  },
  {
    "Index": 9474,
    "ObjectId": "Obj9474",
    "Attribute1": "Attr1",
    "Attribute2": "Attr2",
    "Attribute3": "Attr3",
    "Transaction": 95
  },
  {
    "Index": 9475,
    "ObjectId": "Obj9475",
    "Attribute1": "Attr1",
    "Attribute2": "Attr2",
    "Attribute3": "Attr3",
    "Transaction": 95
  },
  {
    "Index": 9476,
    "ObjectId": "Obj9476",
    "Attribute1": "Attr1",
    "Attribute2": "Attr2",
    "Attribute3": "Attr3",
    "Transaction": 95
  },
  {
    "Index": 9477,
    "ObjectId": "Obj9477",
    "Attribute1": "Attr1",
    "Attribute2": "Attr2",
    "Attribute3": "Attr3",
    "Transaction": 95
  },
  {
    "Index": 9478,
    "ObjectId": "Obj9478",
    "Attribute1": "Attr1",
    "Attribute2": "Attr2",
    "Attribute3": "Attr3",
    "Transaction": 95
  },
  {
    "Index": 9479,
    "ObjectId": "Obj9479",
    "Attribute1": "Attr1",
    "Attribute2": "Attr2",
    "Attribute3": "Attr3",
    "Transaction": 95
  },
  {
    "Index": 9480,
    "ObjectId": "Obj9480",
    "Attribute1": "Attr1",
    "Attribute2": "Attr2",
    "Attribute3": "Attr3",
    "Transaction": 95
  },
  {
    "Index": 9481,
    "ObjectId": "Obj9481",
    "Attribute1": "Attr1",
    "Attribute2": "Attr2",
    "Attribute3": "Attr3",
    "Transaction": 95
  },
  {
    "Index": 9482,
    "ObjectId": "Obj9482",
    "Attribute1": "Attr1",
    "Attribute2": "Attr2",
    "Attribute3": "Attr3",
    "Transaction": 95
  },
  {
    "Index": 9483,
    "ObjectId": "Obj9483",
    "Attribute1": "Attr1",
    "Attribute2": "Attr2",
    "Attribute3": "Attr3",
    "Transaction": 95
  },
  {
    "Index": 9484,
    "ObjectId": "Obj9484",
    "Attribute1": "Attr1",
    "Attribute2": "Attr2",
    "Attribute3": "Attr3",
    "Transaction": 95
  },
  {
    "Index": 9485,
    "ObjectId": "Obj9485",
    "Attribute1": "Attr1",
    "Attribute2": "Attr2",
    "Attribute3": "Attr3",
    "Transaction": 95
  },
  {
    "Index": 9486,
    "ObjectId": "Obj9486",
    "Attribute1": "Attr1",
    "Attribute2": "Attr2",
    "Attribute3": "Attr3",
    "Transaction": 95
  },
  {
    "Index": 9487,
    "ObjectId": "Obj9487",
    "Attribute1": "Attr1",
    "Attribute2": "Attr2",
    "Attribute3": "Attr3",
    "Transaction": 95
  },
  {
    "Index": 9488,
    "ObjectId": "Obj9488",
    "Attribute1": "Attr1",
    "Attribute2": "Attr2",
    "Attribute3": "Attr3",
    "Transaction": 95
  },
  {
    "Index": 9489,
    "ObjectId": "Obj9489",
    "Attribute1": "Attr1",
    "Attribute2": "Attr2",
    "Attribute3": "Attr3",
    "Transaction": 95
  },
  {
    "Index": 9490,
    "ObjectId": "Obj9490",
    "Attribute1": "Attr1",
    "Attribute2": "Attr2",
    "Attribute3": "Attr3",
    "Transaction": 95
  },
  {
    "Index": 9491,
    "ObjectId": "Obj9491",
    "Attribute1": "Attr1",
    "Attribute2": "Attr2",
    "Attribute3": "Attr3",
    "Transaction": 95
  },
  {
    "Index": 9492,
    "ObjectId": "Obj9492",
    "Attribute1": "Attr1",
    "Attribute2": "Attr2",
    "Attribute3": "Attr3",
    "Transaction": 95
  },
  {
    "Index": 9493,
    "ObjectId": "Obj9493",
    "Attribute1": "Attr1",
    "Attribute2": "Attr2",
    "Attribute3": "Attr3",
    "Transaction": 95
  },
  {
    "Index": 9494,
    "ObjectId": "Obj9494",
    "Attribute1": "Attr1",
    "Attribute2": "Attr2",
    "Attribute3": "Attr3",
    "Transaction": 95
  },
  {
    "Index": 9495,
    "ObjectId": "Obj9495",
    "Attribute1": "Attr1",
    "Attribute2": "Attr2",
    "Attribute3": "Attr3",
    "Transaction": 95
  },
  {
    "Index": 9496,
    "ObjectId": "Obj9496",
    "Attribute1": "Attr1",
    "Attribute2": "Attr2",
    "Attribute3": "Attr3",
    "Transaction": 95
  },
  {
    "Index": 9497,
    "ObjectId": "Obj9497",
    "Attribute1": "Attr1",
    "Attribute2": "Attr2",
    "Attribute3": "Attr3",
    "Transaction": 95
  },
  {
    "Index": 9498,
    "ObjectId": "Obj9498",
    "Attribute1": "Attr1",
    "Attribute2": "Attr2",
    "Attribute3": "Attr3",
    "Transaction": 95
  },
  {
    "Index": 9499,
    "ObjectId": "Obj9499",
    "Attribute1": "Attr1",
    "Attribute2": "Attr2",
    "Attribute3": "Attr3",
    "Transaction": 95
  },
  {
    "Index": 9500,
    "ObjectId": "Obj9500",
    "Attribute1": "Attr1",
    "Attribute2": "Attr2",
    "Attribute3": "Attr3",
    "Transaction": 95
  }
]