[
  {
    "Index": 6601,
    "ObjectId": "Obj6601",
    "Attribute1": "Attr1",
    "Attribute2": "Attr2",
    "Attribute3": "Attr3",
    "Transaction": 67
  },
  {
    "Index": 6602,
    "ObjectId": "Obj6602",
    "Attribute1": "Attr1",
    "Attribute2": "Attr2",
    "Attribute3": "Attr3",
    "Transaction": 67
  },
  {
    "Index": 6603,
    "ObjectId": "Obj6603",
    "Attribute1": "Attr1",
    "Attribute2": "Attr2",
    "Attribute3": "Attr3",
    "Transaction": 67
  },
  {
    "Index": 6604,
    "ObjectId": "Obj6604",
    "Attribute1": "Attr1",
    "Attribute2": "Attr2",
    "Attribute3": "Attr3",
    "Transaction": 67
  },
  {
    "Index": 6605,
    "ObjectId": "Obj6605",
    "Attribute1": "Attr1",
    "Attribute2": "Attr2",
    "Attribute3": "Attr3",
    "Transaction": 67
  },
  {
    "Index": 6606,
    "ObjectId": "Obj6606",
    "Attribute1": "Attr1",
    "Attribute2": "Attr2",
    "Attribute3": "Attr3",
    "Transaction": 67
  },
  {
    "Index": 6607,
    "ObjectId": "Obj6607",
    "Attribute1": "Attr1",
    "Attribute2": "Attr2",
    "Attribute3": "Attr3",
    "Transaction": 67
  },
  {
    "Index": 6608,
    "ObjectId": "Obj6608",
    "Attribute1": "Attr1",
    "Attribute2": "Attr2",
    "Attribute3": "Attr3",
    "Transaction": 67
  },
  {
    "Index": 6609,
    "ObjectId": "Obj6609",
    "Attribute1": "Attr1",
    "Attribute2": "Attr2",
    "Attribute3": "Attr3",
    "Transaction": 67
  },
  {
    "Index": 6610,
    "ObjectId": "Obj6610",
    "Attribute1": "Attr1",
    "Attribute2": "Attr2",
    "Attribute3": "Attr3",
    "Transaction": 67
  },
  {
    "Index": 6611,
    "ObjectId": "Obj6611",
    "Attribute1": "Attr1",
    "Attribute2": "Attr2",
    "Attribute3": "Attr3",
    "Transaction": 67
  },
  {
    "Index": 6612,
    "ObjectId": "Obj6612",
    "Attribute1": "Attr1",
    "Attribute2": "Attr2",
    "Attribute3": "Attr3",
    "Transaction": 67
  },
  {
    "Index": 6613,
    "ObjectId": "Obj6613",
    "Attribute1": "Attr1",
    "Attribute2": "Attr2",
    "Attribute3": "Attr3",
    "Transaction": 67
  },
  {
    "Index": 6614,
    "ObjectId": "Obj6614",
    "Attribute1": "Attr1",
    "Attribute2": "Attr2",
    "Attribute3": "Attr3",
    "Transaction": 67
  },
  {
    "Index": 6615,
    "ObjectId": "Obj6615",
    "Attribute1": "Attr1",
    "Attribute2": "Attr2",
    "Attribute3": "Attr3",
    "Transaction": 67
  },
  {
    "Index": 6616,
    "ObjectId": "Obj6616",
    "Attribute1": "Attr1",
    "Attribute2": "Attr2",
    "Attribute3": "Attr3",
    "Transaction": 67
  },
  {
    "Index": 6617,
    "ObjectId": "Obj6617",
    "Attribute1": "Attr1",
    "Attribute2": "Attr2",
    "Attribute3": "Attr3",
    "Transaction": 67
  },
  {
    "Index": 6618,
    "ObjectId": "Obj6618",
    "Attribute1": "Attr1",
    "Attribute2": "Attr2",
    "Attribute3": "Attr3",
    "Transaction": 67
  },
  {
    "Index": 6619,
    "ObjectId": "Obj6619",
    "Attribute1": "Attr1",
    "Attribute2": "Attr2",
    "Attribute3": "Attr3",
    "Transaction": 67
  },
  {
    "Index": 6620,
    "ObjectId": "Obj6620",
    "Attribute1": "Attr1",
    "Attribute2": "Attr2",
    "Attribute3": "Attr3",
    "Transaction": 67
  },
  {
    "Index": 6621,
    "ObjectId": "Obj6621",
    "Attribute1": "Attr1",
    "Attribute2": "Attr2",
    "Attribute3": "Attr3",
    "Transaction": 67
  },
  {
    "Index": 6622,
    "ObjectId": "Obj6622",
    "Attribute1": "Attr1",
    "Attribute2": "Attr2",
    "Attribute3": "Attr3",
    "Transaction": 67
  },
  {
    "Index": 6623,
    "ObjectId": "Obj6623",
    "Attribute1": "Attr1",
    "Attribute2": "Attr2",
    "Attribute3": "Attr3",
    "Transaction": 67
  },
  {
    "Index": 6624,
    "ObjectId": "Obj6624",
    "Attribute1": "Attr1",
    "Attribute2": "Attr2",
    "Attribute3": "Attr3",
    "Transaction": 67
  },
  {
    "Index": 6625,
    "ObjectId": "Obj6625",
    "Attribute1": "Attr1",
    "Attribute2": "Attr2",
    "Attribute3": "Attr3",
    "Transaction": 67
  },
  {
    "Index": 6626,
    "ObjectId": "Obj6626",
    "Attribute1": "Attr1",
    "Attribute2": "Attr2",
    "Attribute3": "Attr3",
    "Transaction": 67
  },
  {
    "Index": 6627,
    "ObjectId": "Obj6627",
    "Attribute1": "Attr1",
    "Attribute2": "Attr2",
    "Attribute3": "Attr3",
    "Transaction": 67
  },
  {
    "Index": 6628,
    "ObjectId": "Obj6628",
    "Attribute1": "Attr1",
    "Attribute2": "Attr2",
    "Attribute3": "Attr3",
    "Transaction": 67
  },
  {
    "Index": 6629,
    "ObjectId": "Obj6629",
    "Attribute1": "Attr1",
    "Attribute2": "Attr2",
    "Attribute3": "Attr3",
    "Transaction": 67
  },
  {
    "Index": 6630,
    "ObjectId": "Obj6630",
    "Attribute1": "Attr1",
    "Attribute2": "Attr2",
    "Attribute3": "Attr3",
    "Transaction": 67
  },
  {
    "Index": 6631,
    "ObjectId": "Obj6631",
    "Attribute1": "Attr1",
    "Attribute2": "Attr2",
    "Attribute3": "Attr3",
    "Transaction": 67
  },
  {
    "Index": 6632,
    "ObjectId": "Obj6632",
    "Attribute1": "Attr1",
    "Attribute2": "Attr2",
    "Attribute3": "Attr3",
    "Transaction": 67
  },
  {
    "Index": 6633,
    "ObjectId": "Obj6633",
    "Attribute1": "Attr1",
    "Attribute2": "Attr2",
    "Attribute3": "Attr3",
    "Transaction": 67
  },
  {
    "Index": 6634,
    "ObjectId": "Obj6634",
    "Attribute1": "Attr1",
    "Attribute2": "Attr2",
    "Attribute3": "Attr3",
    "Transaction": 67
  },
  {
    "Index": 6635,
    "ObjectId": "Obj6635",
    "Attribute1": "Attr1",
    "Attribute2": "Attr2",
    "Attribute3": "Attr3",
    "Transaction": 67
  },
  {
    "Index": 6636,
    "ObjectId": "Obj6636",
    "Attribute1": "Attr1",
    "Attribute2": "Attr2",
    "Attribute3": "Attr3",
    "Transaction": 67
  },
  {
    "Index": 6637,
    "ObjectId": "Obj6637",
    "Attribute1": "Attr1",
    "Attribute2": "Attr2",
    "Attribute3": "Attr3",
    "Transaction": 67
  },
  {
    "Index": 6638,
    "ObjectId": "Obj6638",
    "Attribute1": "Attr1",
    "Attribute2": "Attr2",
    "Attribute3": "Attr3",
    "Transaction": 67
  },
  {
    "Index": 6639,
    "ObjectId": "Obj6639",
    "Attribute1": "Attr1",
    "Attribute2": "Attr2",
    "Attribute3": "Attr3",
    "Transaction": 67
  },
  {
    "Index": 6640,
    "ObjectId": "Obj6640",
    "Attribute1": "Attr1",
    "Attribute2": "Attr2",
    "Attribute3": "Attr3",
    "Transaction": 67
  },
  {
    "Index": 6641,
    "ObjectId": "Obj6641",
    "Attribute1": "Attr1",
    "Attribute2": "Attr2",
    "Attribute3": "Attr3",
    "Transaction": 67
  },
  {
    "Index": 6642,
    "ObjectId": "Obj6642",
    "Attribute1": "Attr1",
    "Attribute2": "Attr2",
    "Attribute3": "Attr3",
    "Transaction": 67
  },
  {
    "Index": 6643,
    "ObjectId": "Obj6643",
    "Attribute1": "Attr1",
    "Attribute2": "Attr2",
    "Attribute3": "Attr3",
    "Transaction": 67
  },
  {
    "Index": 6644,
    "ObjectId": "Obj6644",
    "Attribute1": "Attr1",
    "Attribute2": "Attr2",
    "Attribute3": "Attr3",
    "Transaction": 67
  },
  {
    "Index": 6645,
    "ObjectId": "Obj6645",
    "Attribute1": "Attr1",
    "Attribute2": "Attr2",
    "Attribute3": "Attr3",
    "Transaction": 67
  },
  {
    "Index": 6646,
    "ObjectId": "Obj6646",
    "Attribute1": "Attr1",
    "Attribute2": "Attr2",
    "Attribute3": "Attr3",
    "Transaction": 67
  },
  {
    "Index": 6647,
    "ObjectId": "Obj6647",
    "Attribute1": "Attr1",
    "Attribute2": "Attr2",
    "Attribute3": "Attr3",
    "Transaction": 67
  },
  {
    "Index": 6648,
    "ObjectId": "Obj6648",
    "Attribute1": "Attr1",
    "Attribute2": "Attr2",
    "Attribute3": "Attr3",
    "Transaction": 67
  },
  {
    "Index": 6649,
    "ObjectId": "Obj6649",
    "Attribute1": "Attr1",
    "Attribute2": "Attr2",
    "Attribute3": "Attr3",
    "Transaction": 67
  },
  {
    "Index": 6650,
    "ObjectId": "Obj6650",
    "Attribute1": "Attr1",
    "Attribute2": "Attr2",
    "Attribute3": "Attr3",
    "Transaction": 67
  },
  {
    "Index": 6651,
    "ObjectId": "Obj6651",
    "Attribute1": "Attr1",
    "Attribute2": "Attr2",
    "Attribute3": "Attr3",
    "Transaction": 67
  },
  {
    "Index": 6652,
    "ObjectId": "Obj6652",
    "Attribute1": "Attr1",
    "Attribute2": "Attr2",
    "Attribute3": "Attr3",
    "Transaction": 67
  },
  {
    "Index": 6653,
    "ObjectId": "Obj6653",
    "Attribute1": "Attr1",
    "Attribute2": "Attr2",
    "Attribute3": "Attr3",
    "Transaction": 67
  },
  {
    "Index": 6654,
    "ObjectId": "Obj6654",
    "Attribute1": "Attr1",
    "Attribute2": "Attr2",
    "Attribute3": "Attr3",
    "Transaction": 67
  },
  {
    "Index": 6655,
    "ObjectId": "Obj6655",
    "Attribute1": "Attr1",
    "Attribute2": "Attr2",
    "Attribute3": "Attr3",
    "Transaction": 67
  },
  {
    "Index": 6656,
    "ObjectId": "Obj6656",
    "Attribute1": "Attr1",
    "Attribute2": "Attr2",
    "Attribute3": "Attr3",
    "Transaction": 67
  },
  {
    "Index": 6657,
    "ObjectId": "Obj6657",
    "Attribute1": "Attr1",
    "Attribute2": "Attr2",
    "Attribute3": "Attr3",
    "Transaction": 67
  },
  {
    "Index": 6658,
    "ObjectId": "Obj6658",
    "Attribute1": "Attr1",
    "Attribute2": "Attr2",
    "Attribute3": "Attr3",
    "Transaction": 67
  },
  {
    "Index": 6659,
    "ObjectId": "Obj6659",
    "Attribute1": "Attr1",
    "Attribute2": "Attr2",
    "Attribute3": "Attr3",
    "Transaction": 67
  },
  {
    "Index": 6660,
    "ObjectId": "Obj6660",
    "Attribute1": "Attr1",
    "Attribute2": "Attr2",
    "Attribute3": "Attr3",
    "Transaction": 67
  },
  {
    "Index": 6661,
    "ObjectId": "Obj6661",
    "Attribute1": "Attr1",
    "Attribute2": "Attr2",
    "Attribute3": "Attr3",
    "Transaction": 67
  },
  {
    "Index": 6662,
    "ObjectId": "Obj6662",
    "Attribute1": "Attr1",
    "Attribute2": "Attr2",
    "Attribute3": "Attr3",
    "Transaction": 67
  },
  {
    "Index": 6663,
    "ObjectId": "Obj6663",
    "Attribute1": "Attr1",
    "Attribute2": "Attr2",
    "Attribute3": "Attr3",
    "Transaction": 67
  },
  {
    "Index": 6664,
    "ObjectId": "Obj6664",
    "Attribute1": "Attr1",
    "Attribute2": "Attr2",
    "Attribute3": "Attr3",
    "Transaction": 67
  },
  {
    "Index": 6665,
    "ObjectId": "Obj6665",
    "Attribute1": "Attr1",
    "Attribute2": "Attr2",
    "Attribute3": "Attr3",
    "Transaction": 67
  },
  {
    "Index": 6666,
    "ObjectId": "Obj6666",
    "Attribute1": "Attr1",
    "Attribute2": "Attr2",
    "Attribute3": "Attr3",
    "Transaction": 67
  },
  {
    "Index": 6667,
    "ObjectId": "Obj6667",
    "Attribute1": "Attr1",
    "Attribute2": "Attr2",
    "Attribute3": "Attr3",
    "Transaction": 67
  },
  {
    "Index": 6668,
    "ObjectId": "Obj6668",
    "Attribute1": "Attr1",
    "Attribute2": "Attr2",
    "Attribute3": "Attr3",
    "Transaction": 67
  },
  {
    "Index": 6669,
    "ObjectId": "Obj6669",
    "Attribute1": "Attr1",
    "Attribute2": "Attr2",
    "Attribute3": "Attr3",
    "Transaction": 67
  },
  {
    "Index": 6670,
    "ObjectId": "Obj6670",
    "Attribute1": "Attr1",
    "Attribute2": "Attr2",
    "Attribute3": "Attr3",
    "Transaction": 67
  },
  {
    "Index": 6671,
    "ObjectId": "Obj6671",
    "Attribute1": "Attr1",
    "Attribute2": "Attr2",
    "Attribute3": "Attr3",
    "Transaction": 67
  },
  {
    "Index": 6672,
    "ObjectId": "Obj6672",
    "Attribute1": "Attr1",
    "Attribute2": "Attr2",
    "Attribute3": "Attr3",
    "Transaction": 67
  },
  {
    "Index": 6673,
    "ObjectId": "Obj6673",
    "Attribute1": "Attr1",
    "Attribute2": "Attr2",
    "Attribute3": "Attr3",
    "Transaction": 67
  },
  {
    "Index": 6674,
    "ObjectId": "Obj6674",
    "Attribute1": "Attr1",
    "Attribute2": "Attr2",
    "Attribute3": "Attr3",
    "Transaction": 67
  },
  {
    "Index": 6675,
    "ObjectId": "Obj6675",
    "Attribute1": "Attr1",
    "Attribute2": "Attr2",
    "Attribute3": "Attr3",
    "Transaction": 67
  },
  {
    "Index": 6676,
    "ObjectId": "Obj6676",
    "Attribute1": "Attr1",
    "Attribute2": "Attr2",
    "Attribute3": "Attr3",
    "Transaction": 67
  },
  {
    "Index": 6677,
    "ObjectId": "Obj6677",
    "Attribute1": "Attr1",
    "Attribute2": "Attr2",
    "Attribute3": "Attr3",
    "Transaction": 67
  },
  {
    "Index": 6678,
    "ObjectId": "Obj6678",
    "Attribute1": "Attr1",
    "Attribute2": "Attr2",
    "Attribute3": "Attr3",
    "Transaction": 67
  },
  {
    "Index": 6679,
    "ObjectId": "Obj6679",
    "Attribute1": "Attr1",
    "Attribute2": "Attr2",
    "Attribute3": "Attr3",
    "Transaction": 67
  },
  {
    "Index": 6680,
    "ObjectId": "Obj6680",
    "Attribute1": "Attr1",
    "Attribute2": "Attr2",
    "Attribute3": "Attr3",
    "Transaction": 67
  },
  {
    "Index": 6681,
    "ObjectId": "Obj6681",
    "Attribute1": "Attr1",
    "Attribute2": "Attr2",
    "Attribute3": "Attr3",
    "Transaction": 67
  },
  {
    "Index": 6682,
    "ObjectId": "Obj6682",
    "Attribute1": "Attr1",
    "Attribute2": "Attr2",
    "Attribute3": "Attr3",
    "Transaction": 67
  },
  {
    "Index": 6683,
    "ObjectId": "Obj6683",
    "Attribute1": "Attr1",
    "Attribute2": "Attr2",
    "Attribute3": "Attr3",
    "Transaction": 67
  },
  {
    "Index": 6684,
    "ObjectId": "Obj6684",
    "Attribute1": "Attr1",
    "Attribute2": "Attr2",
    "Attribute3": "Attr3",
    "Transaction": 67
  },
  {
    "Index": 6685,
    "ObjectId": "Obj6685",
    "Attribute1": "Attr1",
    "Attribute2": "Attr2",
    "Attribute3": "Attr3",
    "Transaction": 67
  },
  {
    "Index": 6686,
    "ObjectId": "Obj6686",
    "Attribute1": "Attr1",
    "Attribute2": "Attr2",
    "Attribute3": "Attr3",
    "Transaction": 67
  },
  {
    "Index": 6687,
    "ObjectId": "Obj6687",
    "Attribute1": "Attr1",
    "Attribute2": "Attr2",
    "Attribute3": "Attr3",
    "Transaction": 67
  },
  {
    "Index": 6688,
    "ObjectId": "Obj6688",
    "Attribute1": "Attr1",
    "Attribute2": "Attr2",
    "Attribute3": "Attr3",
    "Transaction": 67
  },
  {
    "Index": 6689,
    "ObjectId": "Obj6689",
    "Attribute1": "Attr1",
    "Attribute2": "Attr2",
    "Attribute3": "Attr3",
    "Transaction": 67
  },
  {
    "Index": 6690,
    "ObjectId": "Obj6690",
    "Attribute1": "Attr1",
    "Attribute2": "Attr2",
    "Attribute3": "Attr3",
    "Transaction": 67
  },
  {
    "Index": 6691,
    "ObjectId": "Obj6691",
    "Attribute1": "Attr1",
    "Attribute2": "Attr2",
    "Attribute3": "Attr3",
    "Transaction": 67
  },
  {
    "Index": 6692,
    "ObjectId": "Obj6692",
    "Attribute1": "Attr1",
    "Attribute2": "Attr2",
    "Attribute3": "Attr3",
    "Transaction": 67
  },
  {
    "Index": 6693,
    "ObjectId": "Obj6693",
    "Attribute1": "Attr1",
    "Attribute2": "Attr2",
    "Attribute3": "Attr3",
    "Transaction": 67
  },
  {
    "Index": 6694,
    "ObjectId": "Obj6694",
    "Attribute1": "Attr1",
    "Attribute2": "Attr2",
    "Attribute3": "Attr3",
    "Transaction": 67
  },
  {
    "Index": 6695,
    "ObjectId": "Obj6695",
    "Attribute1": "Attr1",
    "Attribute2": "Attr2",
    "Attribute3": "Attr3",
    "Transaction": 67
  },
  {
    "Index": 6696,
    "ObjectId": "Obj6696",
    "Attribute1": "Attr1",
    "Attribute2": "Attr2",
    "Attribute3": "Attr3",
    "Transaction": 67
  },
  {
    "Index": 6697,
    "ObjectId": "Obj6697",
    "Attribute1": "Attr1",
    "Attribute2": "Attr2",
    "Attribute3": "Attr3",
    "Transaction": 67
  },
  {
    "Index": 6698,
    "ObjectId": "Obj6698",
    "Attribute1": "Attr1",
    "Attribute2": "Attr2",
    "Attribute3": "Attr3",
    "Transaction": 67
  },
  {
    "Index": 6699,
    "ObjectId": "Obj6699",
    "Attribute1": "Attr1",
    "Attribute2": "Attr2",
    "Attribute3": "Attr3",
    "Transaction": 67
  },
  {
    "Index": 6700,
    "ObjectId": "Obj6700",
    "Attribute1": "Attr1",
    "Attribute2": "Attr2",
    "Attribute3": "Attr3",
    "Transaction": 67
  }
]