[
  {
    "Index": 6101,
    "ObjectId": "Obj6101",
    "Attribute1": "Attr1",
    "Attribute2": "Attr2",
    "Attribute3": "Attr3",
    "Transaction": 62
  },
  {
    "Index": 6102,
    "ObjectId": "Obj6102",
    "Attribute1": "Attr1",
    "Attribute2": "Attr2",
    "Attribute3": "Attr3",
    "Transaction": 62
  },
  {
    "Index": 6103,
    "ObjectId": "Obj6103",
    "Attribute1": "Attr1",
    "Attribute2": "Attr2",
    "Attribute3": "Attr3",
    "Transaction": 62
  },
  {
    "Index": 6104,
    "ObjectId": "Obj6104",
    "Attribute1": "Attr1",
    "Attribute2": "Attr2",
    "Attribute3": "Attr3",
    "Transaction": 62
  },
  {
    "Index": 6105,
    "ObjectId": "Obj6105",
    "Attribute1": "Attr1",
    "Attribute2": "Attr2",
    "Attribute3": "Attr3",
    "Transaction": 62
  },
  {
    "Index": 6106,
    "ObjectId": "Obj6106",
    "Attribute1": "Attr1",
    "Attribute2": "Attr2",
    "Attribute3": "Attr3",
    "Transaction": 62
  },
  {
    "Index": 6107,
    "ObjectId": "Obj6107",
    "Attribute1": "Attr1",
    "Attribute2": "Attr2",
    "Attribute3": "Attr3",
    "Transaction": 62
  },
  {
    "Index": 6108,
    "ObjectId": "Obj6108",
    "Attribute1": "Attr1",
    "Attribute2": "Attr2",
    "Attribute3": "Attr3",
    "Transaction": 62
  },
  {
    "Index": 6109,
    "ObjectId": "Obj6109",
    "Attribute1": "Attr1",
    "Attribute2": "Attr2",
    "Attribute3": "Attr3",
    "Transaction": 62
  },
  {
    "Index": 6110,
    "ObjectId": "Obj6110",
    "Attribute1": "Attr1",
    "Attribute2": "Attr2",
    "Attribute3": "Attr3",
    "Transaction": 62
  },
  {
    "Index": 6111,
    "ObjectId": "Obj6111",
    "Attribute1": "Attr1",
    "Attribute2": "Attr2",
    "Attribute3": "Attr3",
    "Transaction": 62
  },
  {
    "Index": 6112,
    "ObjectId": "Obj6112",
    "Attribute1": "Attr1",
    "Attribute2": "Attr2",
    "Attribute3": "Attr3",
    "Transaction": 62
  },
  {
    "Index": 6113,
    "ObjectId": "Obj6113",
    "Attribute1": "Attr1",
    "Attribute2": "Attr2",
    "Attribute3": "Attr3",
    "Transaction": 62
  },
  {
    "Index": 6114,
    "ObjectId": "Obj6114",
    "Attribute1": "Attr1",
    "Attribute2": "Attr2",
    "Attribute3": "Attr3",
    "Transaction": 62
  },
  {
    "Index": 6115,
    "ObjectId": "Obj6115",
    "Attribute1": "Attr1",
    "Attribute2": "Attr2",
    "Attribute3": "Attr3",
    "Transaction": 62
  },
  {
    "Index": 6116,
    "ObjectId": "Obj6116",
    "Attribute1": "Attr1",
    "Attribute2": "Attr2",
    "Attribute3": "Attr3",
    "Transaction": 62
  },
  {
    "Index": 6117,
    "ObjectId": "Obj6117",
    "Attribute1": "Attr1",
    "Attribute2": "Attr2",
    "Attribute3": "Attr3",
    "Transaction": 62
  },
  {
    "Index": 6118,
    "ObjectId": "Obj6118",
    "Attribute1": "Attr1",
    "Attribute2": "Attr2",
    "Attribute3": "Attr3",
    "Transaction": 62
  },
  {
    "Index": 6119,
    "ObjectId": "Obj6119",
    "Attribute1": "Attr1",
    "Attribute2": "Attr2",
    "Attribute3": "Attr3",
    "Transaction": 62
  },
  {
    "Index": 6120,
    "ObjectId": "Obj6120",
    "Attribute1": "Attr1",
    "Attribute2": "Attr2",
    "Attribute3": "Attr3",
    "Transaction": 62
  },
  {
    "Index": 6121,
    "ObjectId": "Obj6121",
    "Attribute1": "Attr1",
    "Attribute2": "Attr2",
    "Attribute3": "Attr3",
    "Transaction": 62
  },
  {
    "Index": 6122,
    "ObjectId": "Obj6122",
    "Attribute1": "Attr1",
    "Attribute2": "Attr2",
    "Attribute3": "Attr3",
    "Transaction": 62
  },
  {
    "Index": 6123,
    "ObjectId": "Obj6123",
    "Attribute1": "Attr1",
    "Attribute2": "Attr2",
    "Attribute3": "Attr3",
    "Transaction": 62
  },
  {
    "Index": 6124,
    "ObjectId": "Obj6124",
    "Attribute1": "Attr1",
    "Attribute2": "Attr2",
    "Attribute3": "Attr3",
    "Transaction": 62
  },
  {
    "Index": 6125,
    "ObjectId": "Obj6125",
    "Attribute1": "Attr1",
    "Attribute2": "Attr2",
    "Attribute3": "Attr3",
    "Transaction": 62
  },
  {
    "Index": 6126,
    "ObjectId": "Obj6126",
    "Attribute1": "Attr1",
    "Attribute2": "Attr2",
    "Attribute3": "Attr3",
    "Transaction": 62
  },
  {
    "Index": 6127,
    "ObjectId": "Obj6127",
    "Attribute1": "Attr1",
    "Attribute2": "Attr2",
    "Attribute3": "Attr3",
    "Transaction": 62
  },
  {
    "Index": 6128,
    "ObjectId": "Obj6128",
    "Attribute1": "Attr1",
    "Attribute2": "Attr2",
    "Attribute3": "Attr3",
    "Transaction": 62
  },
  {
    "Index": 6129,
    "ObjectId": "Obj6129",
    "Attribute1": "Attr1",
    "Attribute2": "Attr2",
    "Attribute3": "Attr3",
    "Transaction": 62
  },
  {
    "Index": 6130,
    "ObjectId": "Obj6130",
    "Attribute1": "Attr1",
    "Attribute2": "Attr2",
    "Attribute3": "Attr3",
    "Transaction": 62
  },
  {
    "Index": 6131,
    "ObjectId": "Obj6131",
    "Attribute1": "Attr1",
    "Attribute2": "Attr2",
    "Attribute3": "Attr3",
    "Transaction": 62
  },
  {
    "Index": 6132,
    "ObjectId": "Obj6132",
    "Attribute1": "Attr1",
    "Attribute2": "Attr2",
    "Attribute3": "Attr3",
    "Transaction": 62
  },
  {
    "Index": 6133,
    "ObjectId": "Obj6133",
    "Attribute1": "Attr1",
    "Attribute2": "Attr2",
    "Attribute3": "Attr3",
    "Transaction": 62
  },
  {
    "Index": 6134,
    "ObjectId": "Obj6134",
    "Attribute1": "Attr1",
    "Attribute2": "Attr2",
    "Attribute3": "Attr3",
    "Transaction": 62
  },
  {
    "Index": 6135,
    "ObjectId": "Obj6135",
    "Attribute1": "Attr1",
    "Attribute2": "Attr2",
    "Attribute3": "Attr3",
    "Transaction": 62
  },
  {
    "Index": 6136,
    "ObjectId": "Obj6136",
    "Attribute1": "Attr1",
    "Attribute2": "Attr2",
    "Attribute3": "Attr3",
    "Transaction": 62
  },
  {
    "Index": 6137,
    "ObjectId": "Obj6137",
    "Attribute1": "Attr1",
    "Attribute2": "Attr2",
    "Attribute3": "Attr3",
    "Transaction": 62
  },
  {
    "Index": 6138,
    "ObjectId": "Obj6138",
    "Attribute1": "Attr1",
    "Attribute2": "Attr2",
    "Attribute3": "Attr3",
    "Transaction": 62
  },
  {
    "Index": 6139,
    "ObjectId": "Obj6139",
    "Attribute1": "Attr1",
    "Attribute2": "Attr2",
    "Attribute3": "Attr3",
    "Transaction": 62
  },
  {
    "Index": 6140,
    "ObjectId": "Obj6140",
    "Attribute1": "Attr1",
    "Attribute2": "Attr2",
    "Attribute3": "Attr3",
    "Transaction": 62
  },
  {
    "Index": 6141,
    "ObjectId": "Obj6141",
    "Attribute1": "Attr1",
    "Attribute2": "Attr2",
    "Attribute3": "Attr3",
    "Transaction": 62
  },
  {
    "Index": 6142,
    "ObjectId": "Obj6142",
    "Attribute1": "Attr1",
    "Attribute2": "Attr2",
    "Attribute3": "Attr3",
    "Transaction": 62
  },
  {
    "Index": 6143,
    "ObjectId": "Obj6143",
    "Attribute1": "Attr1",
    "Attribute2": "Attr2",
    "Attribute3": "Attr3",
    "Transaction": 62
  },
  {
    "Index": 6144,
    "ObjectId": "Obj6144",
    "Attribute1": "Attr1",
    "Attribute2": "Attr2",
    "Attribute3": "Attr3",
    "Transaction": 62
  },
  {
    "Index": 6145,
    "ObjectId": "Obj6145",
    "Attribute1": "Attr1",
    "Attribute2": "Attr2",
    "Attribute3": "Attr3",
    "Transaction": 62
  },
  {
    "Index": 6146,
    "ObjectId": "Obj6146",
    "Attribute1": "Attr1",
    "Attribute2": "Attr2",
    "Attribute3": "Attr3",
    "Transaction": 62
  },
  {
    "Index": 6147,
    "ObjectId": "Obj6147",
    "Attribute1": "Attr1",
    "Attribute2": "Attr2",
    "Attribute3": "Attr3",
    "Transaction": 62
  },
  {
    "Index": 6148,
    "ObjectId": "Obj6148",
    "Attribute1": "Attr1",
    "Attribute2": "Attr2",
    "Attribute3": "Attr3",
    "Transaction": 62
  },
  {
    "Index": 6149,
    "ObjectId": "Obj6149",
    "Attribute1": "Attr1",
    "Attribute2": "Attr2",
    "Attribute3": "Attr3",
    "Transaction": 62
  },
  {
    "Index": 6150,
    "ObjectId": "Obj6150",
    "Attribute1": "Attr1",
    "Attribute2": "Attr2",
    "Attribute3": "Attr3",
    "Transaction": 62
  },
  {
    "Index": 6151,
    "ObjectId": "Obj6151",
    "Attribute1": "Attr1",
    "Attribute2": "Attr2",
    "Attribute3": "Attr3",
    "Transaction": 62
  },
  {
    "Index": 6152,
    "ObjectId": "Obj6152",
    "Attribute1": "Attr1",
    "Attribute2": "Attr2",
    "Attribute3": "Attr3",
    "Transaction": 62
  },
  {
    "Index": 6153,
    "ObjectId": "Obj6153",
    "Attribute1": "Attr1",
    "Attribute2": "Attr2",
    "Attribute3": "Attr3",
    "Transaction": 62
  },
  {
    "Index": 6154,
    "ObjectId": "Obj6154",
    "Attribute1": "Attr1",
    "Attribute2": "Attr2",
    "Attribute3": "Attr3",
    "Transaction": 62
  },
  {
    "Index": 6155,
    "ObjectId": "Obj6155",
    "Attribute1": "Attr1",
    "Attribute2": "Attr2",
    "Attribute3": "Attr3",
    "Transaction": 62
  },
  {
    "Index": 6156,
    "ObjectId": "Obj6156",
    "Attribute1": "Attr1",
    "Attribute2": "Attr2",
    "Attribute3": "Attr3",
    "Transaction": 62
  },
  {
    "Index": 6157,
    "ObjectId": "Obj6157",
    "Attribute1": "Attr1",
    "Attribute2": "Attr2",
    "Attribute3": "Attr3",
    "Transaction": 62
  },
  {
    "Index": 6158,
    "ObjectId": "Obj6158",
    "Attribute1": "Attr1",
    "Attribute2": "Attr2",
    "Attribute3": "Attr3",
    "Transaction": 62
  },
  {
    "Index": 6159,
    "ObjectId": "Obj6159",
    "Attribute1": "Attr1",
    "Attribute2": "Attr2",
    "Attribute3": "Attr3",
    "Transaction": 62
  },
  {
    "Index": 6160,
    "ObjectId": "Obj6160",
    "Attribute1": "Attr1",
    "Attribute2": "Attr2",
    "Attribute3": "Attr3",
    "Transaction": 62
  },
  {
    "Index": 6161,
    "ObjectId": "Obj6161",
    "Attribute1": "Attr1",
    "Attribute2": "Attr2",
    "Attribute3": "Attr3",
    "Transaction": 62
  },
  {
    "Index": 6162,
    "ObjectId": "Obj6162",
    "Attribute1": "Attr1",
    "Attribute2": "Attr2",
    "Attribute3": "Attr3",
    "Transaction": 62
  },
  {
    "Index": 6163,
    "ObjectId": "Obj6163",
    "Attribute1": "Attr1",
    "Attribute2": "Attr2",
    "Attribute3": "Attr3",
    "Transaction": 62
  },
  {
    "Index": 6164,
    "ObjectId": "Obj6164",
    "Attribute1": "Attr1",
    "Attribute2": "Attr2",
    "Attribute3": "Attr3",
    "Transaction": 62
  },
  {
    "Index": 6165,
    "ObjectId": "Obj6165",
    "Attribute1": "Attr1",
    "Attribute2": "Attr2",
    "Attribute3": "Attr3",
    "Transaction": 62
  },
  {
    "Index": 6166,
    "ObjectId": "Obj6166",
    "Attribute1": "Attr1",
    "Attribute2": "Attr2",
    "Attribute3": "Attr3",
    "Transaction": 62
  },
  {
    "Index": 6167,
    "ObjectId": "Obj6167",
    "Attribute1": "Attr1",
    "Attribute2": "Attr2",
    "Attribute3": "Attr3",
    "Transaction": 62
  },
  {
    "Index": 6168,
    "ObjectId": "Obj6168",
    "Attribute1": "Attr1",
    "Attribute2": "Attr2",
    "Attribute3": "Attr3",
    "Transaction": 62
  },
  {
    "Index": 6169,
    "ObjectId": "Obj6169",
    "Attribute1": "Attr1",
    "Attribute2": "Attr2",
    "Attribute3": "Attr3",
    "Transaction": 62
  },
  {
    "Index": 6170,
    "ObjectId": "Obj6170",
    "Attribute1": "Attr1",
    "Attribute2": "Attr2",
    "Attribute3": "Attr3",
    "Transaction": 62
  },
  {
    "Index": 6171,
    "ObjectId": "Obj6171",
    "Attribute1": "Attr1",
    "Attribute2": "Attr2",
    "Attribute3": "Attr3",
    "Transaction": 62
  },
  {
    "Index": 6172,
    "ObjectId": "Obj6172",
    "Attribute1": "Attr1",
    "Attribute2": "Attr2",
    "Attribute3": "Attr3",
    "Transaction": 62
  },
  {
    "Index": 6173,
    "ObjectId": "Obj6173",
    "Attribute1": "Attr1",
    "Attribute2": "Attr2",
    "Attribute3": "Attr3",
    "Transaction": 62
  },
  {
    "Index": 6174,
    "ObjectId": "Obj6174",
    "Attribute1": "Attr1",
    "Attribute2": "Attr2",
    "Attribute3": "Attr3",
    "Transaction": 62
  },
  {
    "Index": 6175,
    "ObjectId": "Obj6175",
    "Attribute1": "Attr1",
    "Attribute2": "Attr2",
    "Attribute3": "Attr3",
    "Transaction": 62
  },
  {
    "Index": 6176,
    "ObjectId": "Obj6176",
    "Attribute1": "Attr1",
    "Attribute2": "Attr2",
    "Attribute3": "Attr3",
    "Transaction": 62
  },
  {
    "Index": 6177,
    "ObjectId": "Obj6177",
    "Attribute1": "Attr1",
    "Attribute2": "Attr2",
    "Attribute3": "Attr3",
    "Transaction": 62
  },
  {
    "Index": 6178,
    "ObjectId": "Obj6178",
    "Attribute1": "Attr1",
    "Attribute2": "Attr2",
    "Attribute3": "Attr3",
    "Transaction": 62
  },
  {
    "Index": 6179,
    "ObjectId": "Obj6179",
    "Attribute1": "Attr1",
    "Attribute2": "Attr2",
    "Attribute3": "Attr3",
    "Transaction": 62
  },
  {
    "Index": 6180,
    "ObjectId": "Obj6180",
    "Attribute1": "Attr1",
    "Attribute2": "Attr2",
    "Attribute3": "Attr3",
    "Transaction": 62
  },
  {
    "Index": 6181,
    "ObjectId": "Obj6181",
    "Attribute1": "Attr1",
    "Attribute2": "Attr2",
    "Attribute3": "Attr3",
    "Transaction": 62
  },
  {
    "Index": 6182,
    "ObjectId": "Obj6182",
    "Attribute1": "Attr1",
    "Attribute2": "Attr2",
    "Attribute3": "Attr3",
    "Transaction": 62
  },
  {
    "Index": 6183,
    "ObjectId": "Obj6183",
    "Attribute1": "Attr1",
    "Attribute2": "Attr2",
    "Attribute3": "Attr3",
    "Transaction": 62
  },
  {
    "Index": 6184,
    "ObjectId": "Obj6184",
    "Attribute1": "Attr1",
    "Attribute2": "Attr2",
    "Attribute3": "Attr3",
    "Transaction": 62
  },
  {
    "Index": 6185,
    "ObjectId": "Obj6185",
    "Attribute1": "Attr1",
    "Attribute2": "Attr2",
    "Attribute3": "Attr3",
    "Transaction": 62
  },
  {
    "Index": 6186,
    "ObjectId": "Obj6186",
    "Attribute1": "Attr1",
    "Attribute2": "Attr2",
    "Attribute3": "Attr3",
    "Transaction": 62
  },
  {
    "Index": 6187,
    "ObjectId": "Obj6187",
    "Attribute1": "Attr1",
    "Attribute2": "Attr2",
    "Attribute3": "Attr3",
    "Transaction": 62
  },
  {
    "Index": 6188,
    "ObjectId": "Obj6188",
    "Attribute1": "Attr1",
    "Attribute2": "Attr2",
    "Attribute3": "Attr3",
    "Transaction": 62
  },
  {
    "Index": 6189,
    "ObjectId": "Obj6189",
    "Attribute1": "Attr1",
    "Attribute2": "Attr2",
    "Attribute3": "Attr3",
    "Transaction": 62
  },
  {
    "Index": 6190,
    "ObjectId": "Obj6190",
    "Attribute1": "Attr1",
    "Attribute2": "Attr2",
    "Attribute3": "Attr3",
    "Transaction": 62
  },
  {
    "Index": 6191,
    "ObjectId": "Obj6191",
    "Attribute1": "Attr1",
    "Attribute2": "Attr2",
    "Attribute3": "Attr3",
    "Transaction": 62
  },
  {
    "Index": 6192,
    "ObjectId": "Obj6192",
    "Attribute1": "Attr1",
    "Attribute2": "Attr2",
    "Attribute3": "Attr3",
    "Transaction": 62
  },
  {
    "Index": 6193,
    "ObjectId": "Obj6193",
    "Attribute1": "Attr1",
    "Attribute2": "Attr2",
    "Attribute3": "Attr3",
    "Transaction": 62
  },
  {
    "Index": 6194,
    "ObjectId": "Obj6194",
    "Attribute1": "Attr1",
    "Attribute2": "Attr2",
    "Attribute3": "Attr3",
    "Transaction": 62
  },
  {
    "Index": 6195,
    "ObjectId": "Obj6195",
    "Attribute1": "Attr1",
    "Attribute2": "Attr2",
    "Attribute3": "Attr3",
    "Transaction": 62
  },
  {
    "Index": 6196,
    "ObjectId": "Obj6196",
    "Attribute1": "Attr1",
    "Attribute2": "Attr2",
    "Attribute3": "Attr3",
    "Transaction": 62
  },
  {
    "Index": 6197,
    "ObjectId": "Obj6197",
    "Attribute1": "Attr1",
    "Attribute2": "Attr2",
    "Attribute3": "Attr3",
    "Transaction": 62
  },
  {
    "Index": 6198,
    "ObjectId": "Obj6198",
    "Attribute1": "Attr1",
    "Attribute2": "Attr2",
    "Attribute3": "Attr3",
    "Transaction": 62
  },
  {
    "Index": 6199,
    "ObjectId": "Obj6199",
    "Attribute1": "Attr1",
    "Attribute2": "Attr2",
    "Attribute3": "Attr3",
    "Transaction": 62
  },
  {
    "Index": 6200,
    "ObjectId": "Obj6200",
    "Attribute1": "Attr1",
    "Attribute2": "Attr2",
    "Attribute3": "Attr3",
    "Transaction": 62
  }
]