[
  {
    "Index": 7301,
    "ObjectId": "Obj7301",
    "Attribute1": "Attr1",
    "Attribute2": "Attr2",
    "Attribute3": "Attr3",
    "Transaction": 74
  },
  {
    "Index": 7302,
    "ObjectId": "Obj7302",
    "Attribute1": "Attr1",
    "Attribute2": "Attr2",
    "Attribute3": "Attr3",
    "Transaction": 74
  },
  {
    "Index": 7303,
    "ObjectId": "Obj7303",
    "Attribute1": "Attr1",
    "Attribute2": "Attr2",
    "Attribute3": "Attr3",
    "Transaction": 74
  },
  {
    "Index": 7304,
    "ObjectId": "Obj7304",
    "Attribute1": "Attr1",
    "Attribute2": "Attr2",
    "Attribute3": "Attr3",
    "Transaction": 74
  },
  {
    "Index": 7305,
    "ObjectId": "Obj7305",
    "Attribute1": "Attr1",
    "Attribute2": "Attr2",
    "Attribute3": "Attr3",
    "Transaction": 74
  },
  {
    "Index": 7306,
    "ObjectId": "Obj7306",
    "Attribute1": "Attr1",
    "Attribute2": "Attr2",
    "Attribute3": "Attr3",
    "Transaction": 74
  },
  {
    "Index": 7307,
    "ObjectId": "Obj7307",
    "Attribute1": "Attr1",
    "Attribute2": "Attr2",
    "Attribute3": "Attr3",
    "Transaction": 74
  },
  {
    "Index": 7308,
    "ObjectId": "Obj7308",
    "Attribute1": "Attr1",
    "Attribute2": "Attr2",
    "Attribute3": "Attr3",
    "Transaction": 74
  },
  {
    "Index": 7309,
    "ObjectId": "Obj7309",
    "Attribute1": "Attr1",
    "Attribute2": "Attr2",
    "Attribute3": "Attr3",
    "Transaction": 74
  },
  {
    "Index": 7310,
    "ObjectId": "Obj7310",
    "Attribute1": "Attr1",
    "Attribute2": "Attr2",
    "Attribute3": "Attr3",
    "Transaction": 74
  },
  {
    "Index": 7311,
    "ObjectId": "Obj7311",
    "Attribute1": "Attr1",
    "Attribute2": "Attr2",
    "Attribute3": "Attr3",
    "Transaction": 74
  },
  {
    "Index": 7312,
    "ObjectId": "Obj7312",
    "Attribute1": "Attr1",
    "Attribute2": "Attr2",
    "Attribute3": "Attr3",
    "Transaction": 74
  },
  {
    "Index": 7313,
    "ObjectId": "Obj7313",
    "Attribute1": "Attr1",
    "Attribute2": "Attr2",
    "Attribute3": "Attr3",
    "Transaction": 74
  },
  {
    "Index": 7314,
    "ObjectId": "Obj7314",
    "Attribute1": "Attr1",
    "Attribute2": "Attr2",
    "Attribute3": "Attr3",
    "Transaction": 74
  },
  {
    "Index": 7315,
    "ObjectId": "Obj7315",
    "Attribute1": "Attr1",
    "Attribute2": "Attr2",
    "Attribute3": "Attr3",
    "Transaction": 74
  },
  {
    "Index": 7316,
    "ObjectId": "Obj7316",
    "Attribute1": "Attr1",
    "Attribute2": "Attr2",
    "Attribute3": "Attr3",
    "Transaction": 74
  },
  {
    "Index": 7317,
    "ObjectId": "Obj7317",
    "Attribute1": "Attr1",
    "Attribute2": "Attr2",
    "Attribute3": "Attr3",
    "Transaction": 74
  },
  {
    "Index": 7318,
    "ObjectId": "Obj7318",
    "Attribute1": "Attr1",
    "Attribute2": "Attr2",
    "Attribute3": "Attr3",
    "Transaction": 74
  },
  {
    "Index": 7319,
    "ObjectId": "Obj7319",
    "Attribute1": "Attr1",
    "Attribute2": "Attr2",
    "Attribute3": "Attr3",
    "Transaction": 74
  },
  {
    "Index": 7320,
    "ObjectId": "Obj7320",
    "Attribute1": "Attr1",
    "Attribute2": "Attr2",
    "Attribute3": "Attr3",
    "Transaction": 74
  },
  {
    "Index": 7321,
    "ObjectId": "Obj7321",
    "Attribute1": "Attr1",
    "Attribute2": "Attr2",
    "Attribute3": "Attr3",
    "Transaction": 74
  },
  {
    "Index": 7322,
    "ObjectId": "Obj7322",
    "Attribute1": "Attr1",
    "Attribute2": "Attr2",
    "Attribute3": "Attr3",
    "Transaction": 74
  },
  {
    "Index": 7323,
    "ObjectId": "Obj7323",
    "Attribute1": "Attr1",
    "Attribute2": "Attr2",
    "Attribute3": "Attr3",
    "Transaction": 74
  },
  {
    "Index": 7324,
    "ObjectId": "Obj7324",
    "Attribute1": "Attr1",
    "Attribute2": "Attr2",
    "Attribute3": "Attr3",
    "Transaction": 74
  },
  {
    "Index": 7325,
    "ObjectId": "Obj7325",
    "Attribute1": "Attr1",
    "Attribute2": "Attr2",
    "Attribute3": "Attr3",
    "Transaction": 74
  },
  {
    "Index": 7326,
    "ObjectId": "Obj7326",
    "Attribute1": "Attr1",
    "Attribute2": "Attr2",
    "Attribute3": "Attr3",
    "Transaction": 74
  },
  {
    "Index": 7327,
    "ObjectId": "Obj7327",
    "Attribute1": "Attr1",
    "Attribute2": "Attr2",
    "Attribute3": "Attr3",
    "Transaction": 74
  },
  {
    "Index": 7328,
    "ObjectId": "Obj7328",
    "Attribute1": "Attr1",
    "Attribute2": "Attr2",
    "Attribute3": "Attr3",
    "Transaction": 74
  },
  {
    "Index": 7329,
    "ObjectId": "Obj7329",
    "Attribute1": "Attr1",
    "Attribute2": "Attr2",
    "Attribute3": "Attr3",
    "Transaction": 74
  },
  {
    "Index": 7330,
    "ObjectId": "Obj7330",
    "Attribute1": "Attr1",
    "Attribute2": "Attr2",
    "Attribute3": "Attr3",
    "Transaction": 74
  },
  {
    "Index": 7331,
    "ObjectId": "Obj7331",
    "Attribute1": "Attr1",
    "Attribute2": "Attr2",
    "Attribute3": "Attr3",
    "Transaction": 74
  },
  {
    "Index": 7332,
    "ObjectId": "Obj7332",
    "Attribute1": "Attr1",
    "Attribute2": "Attr2",
    "Attribute3": "Attr3",
    "Transaction": 74
  },
  {
    "Index": 7333,
    "ObjectId": "Obj7333",
    "Attribute1": "Attr1",
    "Attribute2": "Attr2",
    "Attribute3": "Attr3",
    "Transaction": 74
  },
  {
    "Index": 7334,
    "ObjectId": "Obj7334",
    "Attribute1": "Attr1",
    "Attribute2": "Attr2",
    "Attribute3": "Attr3",
    "Transaction": 74
  },
  {
    "Index": 7335,
    "ObjectId": "Obj7335",
    "Attribute1": "Attr1",
    "Attribute2": "Attr2",
    "Attribute3": "Attr3",
    "Transaction": 74
  },
  {
    "Index": 7336,
    "ObjectId": "Obj7336",
    "Attribute1": "Attr1",
    "Attribute2": "Attr2",
    "Attribute3": "Attr3",
    "Transaction": 74
  },
  {
    "Index": 7337,
    "ObjectId": "Obj7337",
    "Attribute1": "Attr1",
    "Attribute2": "Attr2",
    "Attribute3": "Attr3",
    "Transaction": 74
  },
  {
    "Index": 7338,
    "ObjectId": "Obj7338",
    "Attribute1": "Attr1",
    "Attribute2": "Attr2",
    "Attribute3": "Attr3",
    "Transaction": 74
  },
  {
    "Index": 7339,
    "ObjectId": "Obj7339",
    "Attribute1": "Attr1",
    "Attribute2": "Attr2",
    "Attribute3": "Attr3",
    "Transaction": 74
  },
  {
    "Index": 7340,
    "ObjectId": "Obj7340",
    "Attribute1": "Attr1",
    "Attribute2": "Attr2",
    "Attribute3": "Attr3",
    "Transaction": 74
  },
  {
    "Index": 7341,
    "ObjectId": "Obj7341",
    "Attribute1": "Attr1",
    "Attribute2": "Attr2",
    "Attribute3": "Attr3",
    "Transaction": 74
  },
  {
    "Index": 7342,
    "ObjectId": "Obj7342",
    "Attribute1": "Attr1",
    "Attribute2": "Attr2",
    "Attribute3": "Attr3",
    "Transaction": 74
  },
  {
    "Index": 7343,
    "ObjectId": "Obj7343",
    "Attribute1": "Attr1",
    "Attribute2": "Attr2",
    "Attribute3": "Attr3",
    "Transaction": 74
  },
  {
    "Index": 7344,
    "ObjectId": "Obj7344",
    "Attribute1": "Attr1",
    "Attribute2": "Attr2",
    "Attribute3": "Attr3",
    "Transaction": 74
  },
  {
    "Index": 7345,
    "ObjectId": "Obj7345",
    "Attribute1": "Attr1",
    "Attribute2": "Attr2",
    "Attribute3": "Attr3",
    "Transaction": 74
  },
  {
    "Index": 7346,
    "ObjectId": "Obj7346",
    "Attribute1": "Attr1",
    "Attribute2": "Attr2",
    "Attribute3": "Attr3",
    "Transaction": 74
  },
  {
    "Index": 7347,
    "ObjectId": "Obj7347",
    "Attribute1": "Attr1",
    "Attribute2": "Attr2",
    "Attribute3": "Attr3",
    "Transaction": 74
  },
  {
    "Index": 7348,
    "ObjectId": "Obj7348",
    "Attribute1": "Attr1",
    "Attribute2": "Attr2",
    "Attribute3": "Attr3",
    "Transaction": 74
  },
  {
    "Index": 7349,
    "ObjectId": "Obj7349",
    "Attribute1": "Attr1",
    "Attribute2": "Attr2",
    "Attribute3": "Attr3",
    "Transaction": 74
  },
  {
    "Index": 7350,
    "ObjectId": "Obj7350",
    "Attribute1": "Attr1",
    "Attribute2": "Attr2",
    "Attribute3": "Attr3",
    "Transaction": 74
  },
  {
    "Index": 7351,
    "ObjectId": "Obj7351",
    "Attribute1": "Attr1",
    "Attribute2": "Attr2",
    "Attribute3": "Attr3",
    "Transaction": 74
  },
  {
    "Index": 7352,
    "ObjectId": "Obj7352",
    "Attribute1": "Attr1",
    "Attribute2": "Attr2",
    "Attribute3": "Attr3",
    "Transaction": 74
  },
  {
    "Index": 7353,
    "ObjectId": "Obj7353",
    "Attribute1": "Attr1",
    "Attribute2": "Attr2",
    "Attribute3": "Attr3",
    "Transaction": 74
  },
  {
    "Index": 7354,
    "ObjectId": "Obj7354",
    "Attribute1": "Attr1",
    "Attribute2": "Attr2",
    "Attribute3": "Attr3",
    "Transaction": 74
  },
  {
    "Index": 7355,
    "ObjectId": "Obj7355",
    "Attribute1": "Attr1",
    "Attribute2": "Attr2",
    "Attribute3": "Attr3",
    "Transaction": 74
  },
  {
    "Index": 7356,
    "ObjectId": "Obj7356",
    "Attribute1": "Attr1",
    "Attribute2": "Attr2",
    "Attribute3": "Attr3",
    "Transaction": 74
  },
  {
    "Index": 7357,
    "ObjectId": "Obj7357",
    "Attribute1": "Attr1",
    "Attribute2": "Attr2",
    "Attribute3": "Attr3",
    "Transaction": 74
  },
  {
    "Index": 7358,
    "ObjectId": "Obj7358",
    "Attribute1": "Attr1",
    "Attribute2": "Attr2",
    "Attribute3": "Attr3",
    "Transaction": 74
  },
  {
    "Index": 7359,
    "ObjectId": "Obj7359",
    "Attribute1": "Attr1",
    "Attribute2": "Attr2",
    "Attribute3": "Attr3",
    "Transaction": 74
  },
  {
    "Index": 7360,
    "ObjectId": "Obj7360",
    "Attribute1": "Attr1",
    "Attribute2": "Attr2",
    "Attribute3": "Attr3",
    "Transaction": 74
  },
  {
    "Index": 7361,
    "ObjectId": "Obj7361",
    "Attribute1": "Attr1",
    "Attribute2": "Attr2",
    "Attribute3": "Attr3",
    "Transaction": 74
  },
  {
    "Index": 7362,
    "ObjectId": "Obj7362",
    "Attribute1": "Attr1",
    "Attribute2": "Attr2",
    "Attribute3": "Attr3",
    "Transaction": 74
  },
  {
    "Index": 7363,
    "ObjectId": "Obj7363",
    "Attribute1": "Attr1",
    "Attribute2": "Attr2",
    "Attribute3": "Attr3",
    "Transaction": 74
  },
  {
    "Index": 7364,
    "ObjectId": "Obj7364",
    "Attribute1": "Attr1",
    "Attribute2": "Attr2",
    "Attribute3": "Attr3",
    "Transaction": 74
  },
  {
    "Index": 7365,
    "ObjectId": "Obj7365",
    "Attribute1": "Attr1",
    "Attribute2": "Attr2",
    "Attribute3": "Attr3",
    "Transaction": 74
  },
  {
    "Index": 7366,
    "ObjectId": "Obj7366",
    "Attribute1": "Attr1",
    "Attribute2": "Attr2",
    "Attribute3": "Attr3",
    "Transaction": 74
  },
  {
    "Index": 7367,
    "ObjectId": "Obj7367",
    "Attribute1": "Attr1",
    "Attribute2": "Attr2",
    "Attribute3": "Attr3",
    "Transaction": 74
  },
  {
    "Index": 7368,
    "ObjectId": "Obj7368",
    "Attribute1": "Attr1",
    "Attribute2": "Attr2",
    "Attribute3": "Attr3",
    "Transaction": 74
  },
  {
    "Index": 7369,
    "ObjectId": "Obj7369",
    "Attribute1": "Attr1",
    "Attribute2": "Attr2",
    "Attribute3": "Attr3",
    "Transaction": 74
  },
  {
    "Index": 7370,
    "ObjectId": "Obj7370",
    "Attribute1": "Attr1",
    "Attribute2": "Attr2",
    "Attribute3": "Attr3",
    "Transaction": 74
  },
  {
    "Index": 7371,
    "ObjectId": "Obj7371",
    "Attribute1": "Attr1",
    "Attribute2": "Attr2",
    "Attribute3": "Attr3",
    "Transaction": 74
  },
  {
    "Index": 7372,
    "ObjectId": "Obj7372",
    "Attribute1": "Attr1",
    "Attribute2": "Attr2",
    "Attribute3": "Attr3",
    "Transaction": 74
  },
  {
    "Index": 7373,
    "ObjectId": "Obj7373",
    "Attribute1": "Attr1",
    "Attribute2": "Attr2",
    "Attribute3": "Attr3",
    "Transaction": 74
  },
  {
    "Index": 7374,
    "ObjectId": "Obj7374",
    "Attribute1": "Attr1",
    "Attribute2": "Attr2",
    "Attribute3": "Attr3",
    "Transaction": 74
  },
  {
    "Index": 7375,
    "ObjectId": "Obj7375",
    "Attribute1": "Attr1",
    "Attribute2": "Attr2",
    "Attribute3": "Attr3",
    "Transaction": 74
  },
  {
    "Index": 7376,
    "ObjectId": "Obj7376",
    "Attribute1": "Attr1",
    "Attribute2": "Attr2",
    "Attribute3": "Attr3",
    "Transaction": 74
  },
  {
    "Index": 7377,
    "ObjectId": "Obj7377",
    "Attribute1": "Attr1",
    "Attribute2": "Attr2",
    "Attribute3": "Attr3",
    "Transaction": 74
  },
  {
    "Index": 7378,
    "ObjectId": "Obj7378",
    "Attribute1": "Attr1",
    "Attribute2": "Attr2",
    "Attribute3": "Attr3",
    "Transaction": 74
  },
  {
    "Index": 7379,
    "ObjectId": "Obj7379",
    "Attribute1": "Attr1",
    "Attribute2": "Attr2",
    "Attribute3": "Attr3",
    "Transaction": 74
  },
  {
    "Index": 7380,
    "ObjectId": "Obj7380",
    "Attribute1": "Attr1",
    "Attribute2": "Attr2",
    "Attribute3": "Attr3",
    "Transaction": 74
  },
  {
    "Index": 7381,
    "ObjectId": "Obj7381",
    "Attribute1": "Attr1",
    "Attribute2": "Attr2",
    "Attribute3": "Attr3",
    "Transaction": 74
  },
  {
    "Index": 7382,
    "ObjectId": "Obj7382",
    "Attribute1": "Attr1",
    "Attribute2": "Attr2",
    "Attribute3": "Attr3",
    "Transaction": 74
  },
  {
    "Index": 7383,
    "ObjectId": "Obj7383",
    "Attribute1": "Attr1",
    "Attribute2": "Attr2",
    "Attribute3": "Attr3",
    "Transaction": 74
  },
  {
    "Index": 7384,
    "ObjectId": "Obj7384",
    "Attribute1": "Attr1",
    "Attribute2": "Attr2",
    "Attribute3": "Attr3",
    "Transaction": 74
  },
  {
    "Index": 7385,
    "ObjectId": "Obj7385",
    "Attribute1": "Attr1",
    "Attribute2": "Attr2",
    "Attribute3": "Attr3",
    "Transaction": 74
  },
  {
    "Index": 7386,
    "ObjectId": "Obj7386",
    "Attribute1": "Attr1",
    "Attribute2": "Attr2",
    "Attribute3": "Attr3",
    "Transaction": 74
  },
  {
    "Index": 7387,
    "ObjectId": "Obj7387",
    "Attribute1": "Attr1",
    "Attribute2": "Attr2",
    "Attribute3": "Attr3",
    "Transaction": 74
  },
  {
    "Index": 7388,
    "ObjectId": "Obj7388",
    "Attribute1": "Attr1",
    "Attribute2": "Attr2",
    "Attribute3": "Attr3",
    "Transaction": 74
  },
  {
    "Index": 7389,
    "ObjectId": "Obj7389",
    "Attribute1": "Attr1",
    "Attribute2": "Attr2",
    "Attribute3": "Attr3",
    "Transaction": 74
  },
  {
    "Index": 7390,
    "ObjectId": "Obj7390",
    "Attribute1": "Attr1",
    "Attribute2": "Attr2",
    "Attribute3": "Attr3",
    "Transaction": 74
  },
  {
    "Index": 7391,
    "ObjectId": "Obj7391",
    "Attribute1": "Attr1",
    "Attribute2": "Attr2",
    "Attribute3": "Attr3",
    "Transaction": 74
  },
  {
    "Index": 7392,
    "ObjectId": "Obj7392",
    "Attribute1": "Attr1",
    "Attribute2": "Attr2",
    "Attribute3": "Attr3",
    "Transaction": 74
  },
  {
    "Index": 7393,
    "ObjectId": "Obj7393",
    "Attribute1": "Attr1",
    "Attribute2": "Attr2",
    "Attribute3": "Attr3",
    "Transaction": 74
  },
  {
    "Index": 7394,
    "ObjectId": "Obj7394",
    "Attribute1": "Attr1",
    "Attribute2": "Attr2",
    "Attribute3": "Attr3",
    "Transaction": 74
  },
  {
    "Index": 7395,
    "ObjectId": "Obj7395",
    "Attribute1": "Attr1",
    "Attribute2": "Attr2",
    "Attribute3": "Attr3",
    "Transaction": 74
  },
  {
    "Index": 7396,
    "ObjectId": "Obj7396",
    "Attribute1": "Attr1",
    "Attribute2": "Attr2",
    "Attribute3": "Attr3",
    "Transaction": 74
  },
  {
    "Index": 7397,
    "ObjectId": "Obj7397",
    "Attribute1": "Attr1",
    "Attribute2": "Attr2",
    "Attribute3": "Attr3",
    "Transaction": 74
  },
  {
    "Index": 7398,
    "ObjectId": "Obj7398",
    "Attribute1": "Attr1",
    "Attribute2": "Attr2",
    "Attribute3": "Attr3",
    "Transaction": 74
  },
  {
    "Index": 7399,
    "ObjectId": "Obj7399",
    "Attribute1": "Attr1",
    "Attribute2": "Attr2",
    "Attribute3": "Attr3",
    "Transaction": 74
  },
  {
    "Index": 7400,
    "ObjectId": "Obj7400",
    "Attribute1": "Attr1",
    "Attribute2": "Attr2",
    "Attribute3": "Attr3",
    "Transaction": 74
  }
]