[
  {
    "Index": 2401,
    "ObjectId": "Obj2401",
    "Attribute1": "Attr1",
    "Attribute2": "Attr2",
    "Attribute3": "Attr3",
    "Transaction": 25
  },
  {
    "Index": 2402,
    "ObjectId": "Obj2402",
    "Attribute1": "Attr1",
    "Attribute2": "Attr2",
    "Attribute3": "Attr3",
    "Transaction": 25
  },
  {
    "Index": 2403,
    "ObjectId": "Obj2403",
    "Attribute1": "Attr1",
    "Attribute2": "Attr2",
    "Attribute3": "Attr3",
    "Transaction": 25
  },
  {
    "Index": 2404,
    "ObjectId": "Obj2404",
    "Attribute1": "Attr1",
    "Attribute2": "Attr2",
    "Attribute3": "Attr3",
    "Transaction": 25
  },
  {
    "Index": 2405,
    "ObjectId": "Obj2405",
    "Attribute1": "Attr1",
    "Attribute2": "Attr2",
    "Attribute3": "Attr3",
    "Transaction": 25
  },
  {
    "Index": 2406,
    "ObjectId": "Obj2406",
    "Attribute1": "Attr1",
    "Attribute2": "Attr2",
    "Attribute3": "Attr3",
    "Transaction": 25
  },
  {
    "Index": 2407,
    "ObjectId": "Obj2407",
    "Attribute1": "Attr1",
    "Attribute2": "Attr2",
    "Attribute3": "Attr3",
    "Transaction": 25
  },
  {
    "Index": 2408,
    "ObjectId": "Obj2408",
    "Attribute1": "Attr1",
    "Attribute2": "Attr2",
    "Attribute3": "Attr3",
    "Transaction": 25
  },
  {
    "Index": 2409,
    "ObjectId": "Obj2409",
    "Attribute1": "Attr1",
    "Attribute2": "Attr2",
    "Attribute3": "Attr3",
    "Transaction": 25
  },
  {
    "Index": 2410,
    "ObjectId": "Obj2410",
    "Attribute1": "Attr1",
    "Attribute2": "Attr2",
    "Attribute3": "Attr3",
    "Transaction": 25
  },
  {
    "Index": 2411,
    "ObjectId": "Obj2411",
    "Attribute1": "Attr1",
    "Attribute2": "Attr2",
    "Attribute3": "Attr3",
    "Transaction": 25
  },
  {
    "Index": 2412,
    "ObjectId": "Obj2412",
    "Attribute1": "Attr1",
    "Attribute2": "Attr2",
    "Attribute3": "Attr3",
    "Transaction": 25
  },
  {
    "Index": 2413,
    "ObjectId": "Obj2413",
    "Attribute1": "Attr1",
    "Attribute2": "Attr2",
    "Attribute3": "Attr3",
    "Transaction": 25
  },
  {
    "Index": 2414,
    "ObjectId": "Obj2414",
    "Attribute1": "Attr1",
    "Attribute2": "Attr2",
    "Attribute3": "Attr3",
    "Transaction": 25
  },
  {
    "Index": 2415,
    "ObjectId": "Obj2415",
    "Attribute1": "Attr1",
    "Attribute2": "Attr2",
    "Attribute3": "Attr3",
    "Transaction": 25
  },
  {
    "Index": 2416,
    "ObjectId": "Obj2416",
    "Attribute1": "Attr1",
    "Attribute2": "Attr2",
    "Attribute3": "Attr3",
    "Transaction": 25
  },
  {
    "Index": 2417,
    "ObjectId": "Obj2417",
    "Attribute1": "Attr1",
    "Attribute2": "Attr2",
    "Attribute3": "Attr3",
    "Transaction": 25
  },
  {
    "Index": 2418,
    "ObjectId": "Obj2418",
    "Attribute1": "Attr1",
    "Attribute2": "Attr2",
    "Attribute3": "Attr3",
    "Transaction": 25
  },
  {
    "Index": 2419,
    "ObjectId": "Obj2419",
    "Attribute1": "Attr1",
    "Attribute2": "Attr2",
    "Attribute3": "Attr3",
    "Transaction": 25
  },
  {
    "Index": 2420,
    "ObjectId": "Obj2420",
    "Attribute1": "Attr1",
    "Attribute2": "Attr2",
    "Attribute3": "Attr3",
    "Transaction": 25
  },
  {
    "Index": 2421,
    "ObjectId": "Obj2421",
    "Attribute1": "Attr1",
    "Attribute2": "Attr2",
    "Attribute3": "Attr3",
    "Transaction": 25
  },
  {
    "Index": 2422,
    "ObjectId": "Obj2422",
    "Attribute1": "Attr1",
    "Attribute2": "Attr2",
    "Attribute3": "Attr3",
    "Transaction": 25
  },
  {
    "Index": 2423,
    "ObjectId": "Obj2423",
    "Attribute1": "Attr1",
    "Attribute2": "Attr2",
    "Attribute3": "Attr3",
    "Transaction": 25
  },
  {
    "Index": 2424,
    "ObjectId": "Obj2424",
    "Attribute1": "Attr1",
    "Attribute2": "Attr2",
    "Attribute3": "Attr3",
    "Transaction": 25
  },
  {
    "Index": 2425,
    "ObjectId": "Obj2425",
    "Attribute1": "Attr1",
    "Attribute2": "Attr2",
    "Attribute3": "Attr3",
    "Transaction": 25
  },
  {
    "Index": 2426,
    "ObjectId": "Obj2426",
    "Attribute1": "Attr1",
    "Attribute2": "Attr2",
    "Attribute3": "Attr3",
    "Transaction": 25
  },
  {
    "Index": 2427,
    "ObjectId": "Obj2427",
    "Attribute1": "Attr1",
    "Attribute2": "Attr2",
    "Attribute3": "Attr3",
    "Transaction": 25
  },
  {
    "Index": 2428,
    "ObjectId": "Obj2428",
    "Attribute1": "Attr1",
    "Attribute2": "Attr2",
    "Attribute3": "Attr3",
    "Transaction": 25
  },
  {
    "Index": 2429,
    "ObjectId": "Obj2429",
    "Attribute1": "Attr1",
    "Attribute2": "Attr2",
    "Attribute3": "Attr3",
    "Transaction": 25
  },
  {
    "Index": 2430,
    "ObjectId": "Obj2430",
    "Attribute1": "Attr1",
    "Attribute2": "Attr2",
    "Attribute3": "Attr3",
    "Transaction": 25
  },
  {
    "Index": 2431,
    "ObjectId": "Obj2431",
    "Attribute1": "Attr1",
    "Attribute2": "Attr2",
    "Attribute3": "Attr3",
    "Transaction": 25
  },
  {
    "Index": 2432,
    "ObjectId": "Obj2432",
    "Attribute1": "Attr1",
    "Attribute2": "Attr2",
    "Attribute3": "Attr3",
    "Transaction": 25
  },
  {
    "Index": 2433,
    "ObjectId": "Obj2433",
    "Attribute1": "Attr1",
    "Attribute2": "Attr2",
    "Attribute3": "Attr3",
    "Transaction": 25
  },
  {
    "Index": 2434,
    "ObjectId": "Obj2434",
    "Attribute1": "Attr1",
    "Attribute2": "Attr2",
    "Attribute3": "Attr3",
    "Transaction": 25
  },
  {
    "Index": 2435,
    "ObjectId": "Obj2435",
    "Attribute1": "Attr1",
    "Attribute2": "Attr2",
    "Attribute3": "Attr3",
    "Transaction": 25
  },
  {
    "Index": 2436,
    "ObjectId": "Obj2436",
    "Attribute1": "Attr1",
    "Attribute2": "Attr2",
    "Attribute3": "Attr3",
    "Transaction": 25
  },
  {
    "Index": 2437,
    "ObjectId": "Obj2437",
    "Attribute1": "Attr1",
    "Attribute2": "Attr2",
    "Attribute3": "Attr3",
    "Transaction": 25
  },
  {
    "Index": 2438,
    "ObjectId": "Obj2438",
    "Attribute1": "Attr1",
    "Attribute2": "Attr2",
    "Attribute3": "Attr3",
    "Transaction": 25
  },
  {
    "Index": 2439,
    "ObjectId": "Obj2439",
    "Attribute1": "Attr1",
    "Attribute2": "Attr2",
    "Attribute3": "Attr3",
    "Transaction": 25
  },
  {
    "Index": 2440,
    "ObjectId": "Obj2440",
    "Attribute1": "Attr1",
    "Attribute2": "Attr2",
    "Attribute3": "Attr3",
    "Transaction": 25
  },
  {
    "Index": 2441,
    "ObjectId": "Obj2441",
    "Attribute1": "Attr1",
    "Attribute2": "Attr2",
    "Attribute3": "Attr3",
    "Transaction": 25
  },
  {
    "Index": 2442,
    "ObjectId": "Obj2442",
    "Attribute1": "Attr1",
    "Attribute2": "Attr2",
    "Attribute3": "Attr3",
    "Transaction": 25
  },
  {
    "Index": 2443,
    "ObjectId": "Obj2443",
    "Attribute1": "Attr1",
    "Attribute2": "Attr2",
    "Attribute3": "Attr3",
    "Transaction": 25
  },
  {
    "Index": 2444,
    "ObjectId": "Obj2444",
    "Attribute1": "Attr1",
    "Attribute2": "Attr2",
    "Attribute3": "Attr3",
    "Transaction": 25
  },
  {
    "Index": 2445,
    "ObjectId": "Obj2445",
    "Attribute1": "Attr1",
    "Attribute2": "Attr2",
    "Attribute3": "Attr3",
    "Transaction": 25
  },
  {
    "Index": 2446,
    "ObjectId": "Obj2446",
    "Attribute1": "Attr1",
    "Attribute2": "Attr2",
    "Attribute3": "Attr3",
    "Transaction": 25
  },
  {
    "Index": 2447,
    "ObjectId": "Obj2447",
    "Attribute1": "Attr1",
    "Attribute2": "Attr2",
    "Attribute3": "Attr3",
    "Transaction": 25
  },
  {
    "Index": 2448,
    "ObjectId": "Obj2448",
    "Attribute1": "Attr1",
    "Attribute2": "Attr2",
    "Attribute3": "Attr3",
    "Transaction": 25
  },
  {
    "Index": 2449,
    "ObjectId": "Obj2449",
    "Attribute1": "Attr1",
    "Attribute2": "Attr2",
    "Attribute3": "Attr3",
    "Transaction": 25
  },
  {
    "Index": 2450,
    "ObjectId": "Obj2450",
    "Attribute1": "Attr1",
    "Attribute2": "Attr2",
    "Attribute3": "Attr3",
    "Transaction": 25
  },
  {
    "Index": 2451,
    "ObjectId": "Obj2451",
    "Attribute1": "Attr1",
    "Attribute2": "Attr2",
    "Attribute3": "Attr3",
    "Transaction": 25
  },
  {
    "Index": 2452,
    "ObjectId": "Obj2452",
    "Attribute1": "Attr1",
    "Attribute2": "Attr2",
    "Attribute3": "Attr3",
    "Transaction": 25
  },
  {
    "Index": 2453,
    "ObjectId": "Obj2453",
    "Attribute1": "Attr1",
    "Attribute2": "Attr2",
    "Attribute3": "Attr3",
    "Transaction": 25
  },
  {
    "Index": 2454,
    "ObjectId": "Obj2454",
    "Attribute1": "Attr1",
    "Attribute2": "Attr2",
    "Attribute3": "Attr3",
    "Transaction": 25
  },
  {
    "Index": 2455,
    "ObjectId": "Obj2455",
    "Attribute1": "Attr1",
    "Attribute2": "Attr2",
    "Attribute3": "Attr3",
    "Transaction": 25
  },
  {
    "Index": 2456,
    "ObjectId": "Obj2456",
    "Attribute1": "Attr1",
    "Attribute2": "Attr2",
    "Attribute3": "Attr3",
    "Transaction": 25
  },
  {
    "Index": 2457,
    "ObjectId": "Obj2457",
    "Attribute1": "Attr1",
    "Attribute2": "Attr2",
    "Attribute3": "Attr3",
    "Transaction": 25
  },
  {
    "Index": 2458,
    "ObjectId": "Obj2458",
    "Attribute1": "Attr1",
    "Attribute2": "Attr2",
    "Attribute3": "Attr3",
    "Transaction": 25
  },
  {
    "Index": 2459,
    "ObjectId": "Obj2459",
    "Attribute1": "Attr1",
    "Attribute2": "Attr2",
    "Attribute3": "Attr3",
    "Transaction": 25
  },
  {
    "Index": 2460,
    "ObjectId": "Obj2460",
    "Attribute1": "Attr1",
    "Attribute2": "Attr2",
    "Attribute3": "Attr3",
    "Transaction": 25
  },
  {
    "Index": 2461,
    "ObjectId": "Obj2461",
    "Attribute1": "Attr1",
    "Attribute2": "Attr2",
    "Attribute3": "Attr3",
    "Transaction": 25
  },
  {
    "Index": 2462,
    "ObjectId": "Obj2462",
    "Attribute1": "Attr1",
    "Attribute2": "Attr2",
    "Attribute3": "Attr3",
    "Transaction": 25
  },
  {
    "Index": 2463,
    "ObjectId": "Obj2463",
    "Attribute1": "Attr1",
    "Attribute2": "Attr2",
    "Attribute3": "Attr3",
    "Transaction": 25
  },
  {
    "Index": 2464,
    "ObjectId": "Obj2464",
    "Attribute1": "Attr1",
    "Attribute2": "Attr2",
    "Attribute3": "Attr3",
    "Transaction": 25
  },
  {
    "Index": 2465,
    "ObjectId": "Obj2465",
    "Attribute1": "Attr1",
    "Attribute2": "Attr2",
    "Attribute3": "Attr3",
    "Transaction": 25
  },
  {
    "Index": 2466,
    "ObjectId": "Obj2466",
    "Attribute1": "Attr1",
    "Attribute2": "Attr2",
    "Attribute3": "Attr3",
    "Transaction": 25
  },
  {
    "Index": 2467,
    "ObjectId": "Obj2467",
    "Attribute1": "Attr1",
    "Attribute2": "Attr2",
    "Attribute3": "Attr3",
    "Transaction": 25
  },
  {
    "Index": 2468,
    "ObjectId": "Obj2468",
    "Attribute1": "Attr1",
    "Attribute2": "Attr2",
    "Attribute3": "Attr3",
    "Transaction": 25
  },
  {
    "Index": 2469,
    "ObjectId": "Obj2469",
    "Attribute1": "Attr1",
    "Attribute2": "Attr2",
    "Attribute3": "Attr3",
    "Transaction": 25
  },
  {
    "Index": 2470,
    "ObjectId": "Obj2470",
    "Attribute1": "Attr1",
    "Attribute2": "Attr2",
    "Attribute3": "Attr3",
    "Transaction": 25
  },
  {
    "Index": 2471,
    "ObjectId": "Obj2471",
    "Attribute1": "Attr1",
    "Attribute2": "Attr2",
    "Attribute3": "Attr3",
    "Transaction": 25
  },
  {
    "Index": 2472,
    "ObjectId": "Obj2472",
    "Attribute1": "Attr1",
    "Attribute2": "Attr2",
    "Attribute3": "Attr3",
    "Transaction": 25
  },
  {
    "Index": 2473,
    "ObjectId": "Obj2473",
    "Attribute1": "Attr1",
    "Attribute2": "Attr2",
    "Attribute3": "Attr3",
    "Transaction": 25
  },
  {
    "Index": 2474,
    "ObjectId": "Obj2474",
    "Attribute1": "Attr1",
    "Attribute2": "Attr2",
    "Attribute3": "Attr3",
    "Transaction": 25
  },
  {
    "Index": 2475,
    "ObjectId": "Obj2475",
    "Attribute1": "Attr1",
    "Attribute2": "Attr2",
    "Attribute3": "Attr3",
    "Transaction": 25
  },
  {
    "Index": 2476,
    "ObjectId": "Obj2476",
    "Attribute1": "Attr1",
    "Attribute2": "Attr2",
    "Attribute3": "Attr3",
    "Transaction": 25
  },
  {
    "Index": 2477,
    "ObjectId": "Obj2477",
    "Attribute1": "Attr1",
    "Attribute2": "Attr2",
    "Attribute3": "Attr3",
    "Transaction": 25
  },
  {
    "Index": 2478,
    "ObjectId": "Obj2478",
    "Attribute1": "Attr1",
    "Attribute2": "Attr2",
    "Attribute3": "Attr3",
    "Transaction": 25
  },
  {
    "Index": 2479,
    "ObjectId": "Obj2479",
    "Attribute1": "Attr1",
    "Attribute2": "Attr2",
    "Attribute3": "Attr3",
    "Transaction": 25
  },
  {
    "Index": 2480,
    "ObjectId": "Obj2480",
    "Attribute1": "Attr1",
    "Attribute2": "Attr2",
    "Attribute3": "Attr3",
    "Transaction": 25
  },
  {
    "Index": 2481,
    "ObjectId": "Obj2481",
    "Attribute1": "Attr1",
    "Attribute2": "Attr2",
    "Attribute3": "Attr3",
    "Transaction": 25
  },
  {
    "Index": 2482,
    "ObjectId": "Obj2482",
    "Attribute1": "Attr1",
    "Attribute2": "Attr2",
    "Attribute3": "Attr3",
    "Transaction": 25
  },
  {
    "Index": 2483,
    "ObjectId": "Obj2483",
    "Attribute1": "Attr1",
    "Attribute2": "Attr2",
    "Attribute3": "Attr3",
    "Transaction": 25
  },
  {
    "Index": 2484,
    "ObjectId": "Obj2484",
    "Attribute1": "Attr1",
    "Attribute2": "Attr2",
    "Attribute3": "Attr3",
    "Transaction": 25
  },
  {
    "Index": 2485,
    "ObjectId": "Obj2485",
    "Attribute1": "Attr1",
    "Attribute2": "Attr2",
    "Attribute3": "Attr3",
    "Transaction": 25
  },
  {
    "Index": 2486,
    "ObjectId": "Obj2486",
    "Attribute1": "Attr1",
    "Attribute2": "Attr2",
    "Attribute3": "Attr3",
    "Transaction": 25
  },
  {
    "Index": 2487,
    "ObjectId": "Obj2487",
    "Attribute1": "Attr1",
    "Attribute2": "Attr2",
    "Attribute3": "Attr3",
    "Transaction": 25
  },
  {
    "Index": 2488,
    "ObjectId": "Obj2488",
    "Attribute1": "Attr1",
    "Attribute2": "Attr2",
    "Attribute3": "Attr3",
    "Transaction": 25
  },
  {
    "Index": 2489,
    "ObjectId": "Obj2489",
    "Attribute1": "Attr1",
    "Attribute2": "Attr2",
    "Attribute3": "Attr3",
    "Transaction": 25
  },
  {
    "Index": 2490,
    "ObjectId": "Obj2490",
    "Attribute1": "Attr1",
    "Attribute2": "Attr2",
    "Attribute3": "Attr3",
    "Transaction": 25
  },
  {
    "Index": 2491,
    "ObjectId": "Obj2491",
    "Attribute1": "Attr1",
    "Attribute2": "Attr2",
    "Attribute3": "Attr3",
    "Transaction": 25
  },
  {
    "Index": 2492,
    "ObjectId": "Obj2492",
    "Attribute1": "Attr1",
    "Attribute2": "Attr2",
    "Attribute3": "Attr3",
    "Transaction": 25
  },
  {
    "Index": 2493,
    "ObjectId": "Obj2493",
    "Attribute1": "Attr1",
    "Attribute2": "Attr2",
    "Attribute3": "Attr3",
    "Transaction": 25
  },
  {
    "Index": 2494,
    "ObjectId": "Obj2494",
    "Attribute1": "Attr1",
    "Attribute2": "Attr2",
    "Attribute3": "Attr3",
    "Transaction": 25
  },
  {
    "Index": 2495,
    "ObjectId": "Obj2495",
    "Attribute1": "Attr1",
    "Attribute2": "Attr2",
    "Attribute3": "Attr3",
    "Transaction": 25
  },
  {
    "Index": 2496,
    "ObjectId": "Obj2496",
    "Attribute1": "Attr1",
    "Attribute2": "Attr2",
    "Attribute3": "Attr3",
    "Transaction": 25
  },
  {
    "Index": 2497,
    "ObjectId": "Obj2497",
    "Attribute1": "Attr1",
    "Attribute2": "Attr2",
    "Attribute3": "Attr3",
    "Transaction": 25
  },
  {
    "Index": 2498,
    "ObjectId": "Obj2498",
    "Attribute1": "Attr1",
    "Attribute2": "Attr2",
    "Attribute3": "Attr3",
    "Transaction": 25
  },
  {
    "Index": 2499,
    "ObjectId": "Obj2499",
    "Attribute1": "Attr1",
    "Attribute2": "Attr2",
    "Attribute3": "Attr3",
    "Transaction": 25
  },
  {
    "Index": 2500,
    "ObjectId": "Obj2500",
    "Attribute1": "Attr1",
    "Attribute2": "Attr2",
    "Attribute3": "Attr3",
    "Transaction": 25
  }
]