[
  {
    "Index": 5601,
    "ObjectId": "Obj5601",
    "Attribute1": "Attr1",
    "Attribute2": "Attr2",
    "Attribute3": "Attr3",
    "Transaction": 57
  },
  {
    "Index": 5602,
    "ObjectId": "Obj5602",
    "Attribute1": "Attr1",
    "Attribute2": "Attr2",
    "Attribute3": "Attr3",
    "Transaction": 57
  },
  {
    "Index": 5603,
    "ObjectId": "Obj5603",
    "Attribute1": "Attr1",
    "Attribute2": "Attr2",
    "Attribute3": "Attr3",
    "Transaction": 57
  },
  {
    "Index": 5604,
    "ObjectId": "Obj5604",
    "Attribute1": "Attr1",
    "Attribute2": "Attr2",
    "Attribute3": "Attr3",
    "Transaction": 57
  },
  {
    "Index": 5605,
    "ObjectId": "Obj5605",
    "Attribute1": "Attr1",
    "Attribute2": "Attr2",
    "Attribute3": "Attr3",
    "Transaction": 57
  },
  {
    "Index": 5606,
    "ObjectId": "Obj5606",
    "Attribute1": "Attr1",
    "Attribute2": "Attr2",
    "Attribute3": "Attr3",
    "Transaction": 57
  },
  {
    "Index": 5607,
    "ObjectId": "Obj5607",
    "Attribute1": "Attr1",
    "Attribute2": "Attr2",
    "Attribute3": "Attr3",
    "Transaction": 57
  },
  {
    "Index": 5608,
    "ObjectId": "Obj5608",
    "Attribute1": "Attr1",
    "Attribute2": "Attr2",
    "Attribute3": "Attr3",
    "Transaction": 57
  },
  {
    "Index": 5609,
    "ObjectId": "Obj5609",
    "Attribute1": "Attr1",
    "Attribute2": "Attr2",
    "Attribute3": "Attr3",
    "Transaction": 57
  },
  {
    "Index": 5610,
    "ObjectId": "Obj5610",
    "Attribute1": "Attr1",
    "Attribute2": "Attr2",
    "Attribute3": "Attr3",
    "Transaction": 57
  },
  {
    "Index": 5611,
    "ObjectId": "Obj5611",
    "Attribute1": "Attr1",
    "Attribute2": "Attr2",
    "Attribute3": "Attr3",
    "Transaction": 57
  },
  {
    "Index": 5612,
    "ObjectId": "Obj5612",
    "Attribute1": "Attr1",
    "Attribute2": "Attr2",
    "Attribute3": "Attr3",
    "Transaction": 57
  },
  {
    "Index": 5613,
    "ObjectId": "Obj5613",
    "Attribute1": "Attr1",
    "Attribute2": "Attr2",
    "Attribute3": "Attr3",
    "Transaction": 57
  },
  {
    "Index": 5614,
    "ObjectId": "Obj5614",
    "Attribute1": "Attr1",
    "Attribute2": "Attr2",
    "Attribute3": "Attr3",
    "Transaction": 57
  },
  {
    "Index": 5615,
    "ObjectId": "Obj5615",
    "Attribute1": "Attr1",
    "Attribute2": "Attr2",
    "Attribute3": "Attr3",
    "Transaction": 57
  },
  {
    "Index": 5616,
    "ObjectId": "Obj5616",
    "Attribute1": "Attr1",
    "Attribute2": "Attr2",
    "Attribute3": "Attr3",
    "Transaction": 57
  },
  {
    "Index": 5617,
    "ObjectId": "Obj5617",
    "Attribute1": "Attr1",
    "Attribute2": "Attr2",
    "Attribute3": "Attr3",
    "Transaction": 57
  },
  {
    "Index": 5618,
    "ObjectId": "Obj5618",
    "Attribute1": "Attr1",
    "Attribute2": "Attr2",
    "Attribute3": "Attr3",
    "Transaction": 57
  },
  {
    "Index": 5619,
    "ObjectId": "Obj5619",
    "Attribute1": "Attr1",
    "Attribute2": "Attr2",
    "Attribute3": "Attr3",
    "Transaction": 57
  },
  {
    "Index": 5620,
    "ObjectId": "Obj5620",
    "Attribute1": "Attr1",
    "Attribute2": "Attr2",
    "Attribute3": "Attr3",
    "Transaction": 57
  },
  {
    "Index": 5621,
    "ObjectId": "Obj5621",
    "Attribute1": "Attr1",
    "Attribute2": "Attr2",
    "Attribute3": "Attr3",
    "Transaction": 57
  },
  {
    "Index": 5622,
    "ObjectId": "Obj5622",
    "Attribute1": "Attr1",
    "Attribute2": "Attr2",
    "Attribute3": "Attr3",
    "Transaction": 57
  },
  {
    "Index": 5623,
    "ObjectId": "Obj5623",
    "Attribute1": "Attr1",
    "Attribute2": "Attr2",
    "Attribute3": "Attr3",
    "Transaction": 57
  },
  {
    "Index": 5624,
    "ObjectId": "Obj5624",
    "Attribute1": "Attr1",
    "Attribute2": "Attr2",
    "Attribute3": "Attr3",
    "Transaction": 57
  },
  {
    "Index": 5625,
    "ObjectId": "Obj5625",
    "Attribute1": "Attr1",
    "Attribute2": "Attr2",
    "Attribute3": "Attr3",
    "Transaction": 57
  },
  {
    "Index": 5626,
    "ObjectId": "Obj5626",
    "Attribute1": "Attr1",
    "Attribute2": "Attr2",
    "Attribute3": "Attr3",
    "Transaction": 57
  },
  {
    "Index": 5627,
    "ObjectId": "Obj5627",
    "Attribute1": "Attr1",
    "Attribute2": "Attr2",
    "Attribute3": "Attr3",
    "Transaction": 57
  },
  {
    "Index": 5628,
    "ObjectId": "Obj5628",
    "Attribute1": "Attr1",
    "Attribute2": "Attr2",
    "Attribute3": "Attr3",
    "Transaction": 57
  },
  {
    "Index": 5629,
    "ObjectId": "Obj5629",
    "Attribute1": "Attr1",
    "Attribute2": "Attr2",
    "Attribute3": "Attr3",
    "Transaction": 57
  },
  {
    "Index": 5630,
    "ObjectId": "Obj5630",
    "Attribute1": "Attr1",
    "Attribute2": "Attr2",
    "Attribute3": "Attr3",
    "Transaction": 57
  },
  {
    "Index": 5631,
    "ObjectId": "Obj5631",
    "Attribute1": "Attr1",
    "Attribute2": "Attr2",
    "Attribute3": "Attr3",
    "Transaction": 57
  },
  {
    "Index": 5632,
    "ObjectId": "Obj5632",
    "Attribute1": "Attr1",
    "Attribute2": "Attr2",
    "Attribute3": "Attr3",
    "Transaction": 57
  },
  {
    "Index": 5633,
    "ObjectId": "Obj5633",
    "Attribute1": "Attr1",
    "Attribute2": "Attr2",
    "Attribute3": "Attr3",
    "Transaction": 57
  },
  {
    "Index": 5634,
    "ObjectId": "Obj5634",
    "Attribute1": "Attr1",
    "Attribute2": "Attr2",
    "Attribute3": "Attr3",
    "Transaction": 57
  },
  {
    "Index": 5635,
    "ObjectId": "Obj5635",
    "Attribute1": "Attr1",
    "Attribute2": "Attr2",
    "Attribute3": "Attr3",
    "Transaction": 57
  },
  {
    "Index": 5636,
    "ObjectId": "Obj5636",
    "Attribute1": "Attr1",
    "Attribute2": "Attr2",
    "Attribute3": "Attr3",
    "Transaction": 57
  },
  {
    "Index": 5637,
    "ObjectId": "Obj5637",
    "Attribute1": "Attr1",
    "Attribute2": "Attr2",
    "Attribute3": "Attr3",
    "Transaction": 57
  },
  {
    "Index": 5638,
    "ObjectId": "Obj5638",
    "Attribute1": "Attr1",
    "Attribute2": "Attr2",
    "Attribute3": "Attr3",
    "Transaction": 57
  },
  {
    "Index": 5639,
    "ObjectId": "Obj5639",
    "Attribute1": "Attr1",
    "Attribute2": "Attr2",
    "Attribute3": "Attr3",
    "Transaction": 57
  },
  {
    "Index": 5640,
    "ObjectId": "Obj5640",
    "Attribute1": "Attr1",
    "Attribute2": "Attr2",
    "Attribute3": "Attr3",
    "Transaction": 57
  },
  {
    "Index": 5641,
    "ObjectId": "Obj5641",
    "Attribute1": "Attr1",
    "Attribute2": "Attr2",
    "Attribute3": "Attr3",
    "Transaction": 57
  },
  {
    "Index": 5642,
    "ObjectId": "Obj5642",
    "Attribute1": "Attr1",
    "Attribute2": "Attr2",
    "Attribute3": "Attr3",
    "Transaction": 57
  },
  {
    "Index": 5643,
    "ObjectId": "Obj5643",
    "Attribute1": "Attr1",
    "Attribute2": "Attr2",
    "Attribute3": "Attr3",
    "Transaction": 57
  },
  {
    "Index": 5644,
    "ObjectId": "Obj5644",
    "Attribute1": "Attr1",
    "Attribute2": "Attr2",
    "Attribute3": "Attr3",
    "Transaction": 57
  },
  {
    "Index": 5645,
    "ObjectId": "Obj5645",
    "Attribute1": "Attr1",
    "Attribute2": "Attr2",
    "Attribute3": "Attr3",
    "Transaction": 57
  },
  {
    "Index": 5646,
    "ObjectId": "Obj5646",
    "Attribute1": "Attr1",
    "Attribute2": "Attr2",
    "Attribute3": "Attr3",
    "Transaction": 57
  },
  {
    "Index": 5647,
    "ObjectId": "Obj5647",
    "Attribute1": "Attr1",
    "Attribute2": "Attr2",
    "Attribute3": "Attr3",
    "Transaction": 57
  },
  {
    "Index": 5648,
    "ObjectId": "Obj5648",
    "Attribute1": "Attr1",
    "Attribute2": "Attr2",
    "Attribute3": "Attr3",
    "Transaction": 57
  },
  {
    "Index": 5649,
    "ObjectId": "Obj5649",
    "Attribute1": "Attr1",
    "Attribute2": "Attr2",
    "Attribute3": "Attr3",
    "Transaction": 57
  },
  {
    "Index": 5650,
    "ObjectId": "Obj5650",
    "Attribute1": "Attr1",
    "Attribute2": "Attr2",
    "Attribute3": "Attr3",
    "Transaction": 57
  },
  {
    "Index": 5651,
    "ObjectId": "Obj5651",
    "Attribute1": "Attr1",
    "Attribute2": "Attr2",
    "Attribute3": "Attr3",
    "Transaction": 57
  },
  {
    "Index": 5652,
    "ObjectId": "Obj5652",
    "Attribute1": "Attr1",
    "Attribute2": "Attr2",
    "Attribute3": "Attr3",
    "Transaction": 57
  },
  {
    "Index": 5653,
    "ObjectId": "Obj5653",
    "Attribute1": "Attr1",
    "Attribute2": "Attr2",
    "Attribute3": "Attr3",
    "Transaction": 57
  },
  {
    "Index": 5654,
    "ObjectId": "Obj5654",
    "Attribute1": "Attr1",
    "Attribute2": "Attr2",
    "Attribute3": "Attr3",
    "Transaction": 57
  },
  {
    "Index": 5655,
    "ObjectId": "Obj5655",
    "Attribute1": "Attr1",
    "Attribute2": "Attr2",
    "Attribute3": "Attr3",
    "Transaction": 57
  },
  {
    "Index": 5656,
    "ObjectId": "Obj5656",
    "Attribute1": "Attr1",
    "Attribute2": "Attr2",
    "Attribute3": "Attr3",
    "Transaction": 57
  },
  {
    "Index": 5657,
    "ObjectId": "Obj5657",
    "Attribute1": "Attr1",
    "Attribute2": "Attr2",
    "Attribute3": "Attr3",
    "Transaction": 57
  },
  {
    "Index": 5658,
    "ObjectId": "Obj5658",
    "Attribute1": "Attr1",
    "Attribute2": "Attr2",
    "Attribute3": "Attr3",
    "Transaction": 57
  },
  {
    "Index": 5659,
    "ObjectId": "Obj5659",
    "Attribute1": "Attr1",
    "Attribute2": "Attr2",
    "Attribute3": "Attr3",
    "Transaction": 57
  },
  {
    "Index": 5660,
    "ObjectId": "Obj5660",
    "Attribute1": "Attr1",
    "Attribute2": "Attr2",
    "Attribute3": "Attr3",
    "Transaction": 57
  },
  {
    "Index": 5661,
    "ObjectId": "Obj5661",
    "Attribute1": "Attr1",
    "Attribute2": "Attr2",
    "Attribute3": "Attr3",
    "Transaction": 57
  },
  {
    "Index": 5662,
    "ObjectId": "Obj5662",
    "Attribute1": "Attr1",
    "Attribute2": "Attr2",
    "Attribute3": "Attr3",
    "Transaction": 57
  },
  {
    "Index": 5663,
    "ObjectId": "Obj5663",
    "Attribute1": "Attr1",
    "Attribute2": "Attr2",
    "Attribute3": "Attr3",
    "Transaction": 57
  },
  {
    "Index": 5664,
    "ObjectId": "Obj5664",
    "Attribute1": "Attr1",
    "Attribute2": "Attr2",
    "Attribute3": "Attr3",
    "Transaction": 57
  },
  {
    "Index": 5665,
    "ObjectId": "Obj5665",
    "Attribute1": "Attr1",
    "Attribute2": "Attr2",
    "Attribute3": "Attr3",
    "Transaction": 57
  },
  {
    "Index": 5666,
    "ObjectId": "Obj5666",
    "Attribute1": "Attr1",
    "Attribute2": "Attr2",
    "Attribute3": "Attr3",
    "Transaction": 57
  },
  {
    "Index": 5667,
    "ObjectId": "Obj5667",
    "Attribute1": "Attr1",
    "Attribute2": "Attr2",
    "Attribute3": "Attr3",
    "Transaction": 57
  },
  {
    "Index": 5668,
    "ObjectId": "Obj5668",
    "Attribute1": "Attr1",
    "Attribute2": "Attr2",
    "Attribute3": "Attr3",
    "Transaction": 57
  },
  {
    "Index": 5669,
    "ObjectId": "Obj5669",
    "Attribute1": "Attr1",
    "Attribute2": "Attr2",
    "Attribute3": "Attr3",
    "Transaction": 57
  },
  {
    "Index": 5670,
    "ObjectId": "Obj5670",
    "Attribute1": "Attr1",
    "Attribute2": "Attr2",
    "Attribute3": "Attr3",
    "Transaction": 57
  },
  {
    "Index": 5671,
    "ObjectId": "Obj5671",
    "Attribute1": "Attr1",
    "Attribute2": "Attr2",
    "Attribute3": "Attr3",
    "Transaction": 57
  },
  {
    "Index": 5672,
    "ObjectId": "Obj5672",
    "Attribute1": "Attr1",
    "Attribute2": "Attr2",
    "Attribute3": "Attr3",
    "Transaction": 57
  },
  {
    "Index": 5673,
    "ObjectId": "Obj5673",
    "Attribute1": "Attr1",
    "Attribute2": "Attr2",
    "Attribute3": "Attr3",
    "Transaction": 57
  },
  {
    "Index": 5674,
    "ObjectId": "Obj5674",
    "Attribute1": "Attr1",
    "Attribute2": "Attr2",
    "Attribute3": "Attr3",
    "Transaction": 57
  },
  {
    "Index": 5675,
    "ObjectId": "Obj5675",
    "Attribute1": "Attr1",
    "Attribute2": "Attr2",
    "Attribute3": "Attr3",
    "Transaction": 57
  },
  {
    "Index": 5676,
    "ObjectId": "Obj5676",
    "Attribute1": "Attr1",
    "Attribute2": "Attr2",
    "Attribute3": "Attr3",
    "Transaction": 57
  },
  {
    "Index": 5677,
    "ObjectId": "Obj5677",
    "Attribute1": "Attr1",
    "Attribute2": "Attr2",
    "Attribute3": "Attr3",
    "Transaction": 57
  },
  {
    "Index": 5678,
    "ObjectId": "Obj5678",
    "Attribute1": "Attr1",
    "Attribute2": "Attr2",
    "Attribute3": "Attr3",
    "Transaction": 57
  },
  {
    "Index": 5679,
    "ObjectId": "Obj5679",
    "Attribute1": "Attr1",
    "Attribute2": "Attr2",
    "Attribute3": "Attr3",
    "Transaction": 57
  },
  {
    "Index": 5680,
    "ObjectId": "Obj5680",
    "Attribute1": "Attr1",
    "Attribute2": "Attr2",
    "Attribute3": "Attr3",
    "Transaction": 57
  },
  {
    "Index": 5681,
    "ObjectId": "Obj5681",
    "Attribute1": "Attr1",
    "Attribute2": "Attr2",
    "Attribute3": "Attr3",
    "Transaction": 57
  },
  {
    "Index": 5682,
    "ObjectId": "Obj5682",
    "Attribute1": "Attr1",
    "Attribute2": "Attr2",
    "Attribute3": "Attr3",
    "Transaction": 57
  },
  {
    "Index": 5683,
    "ObjectId": "Obj5683",
    "Attribute1": "Attr1",
    "Attribute2": "Attr2",
    "Attribute3": "Attr3",
    "Transaction": 57
  },
  {
    "Index": 5684,
    "ObjectId": "Obj5684",
    "Attribute1": "Attr1",
    "Attribute2": "Attr2",
    "Attribute3": "Attr3",
    "Transaction": 57
  },
  {
    "Index": 5685,
    "ObjectId": "Obj5685",
    "Attribute1": "Attr1",
    "Attribute2": "Attr2",
    "Attribute3": "Attr3",
    "Transaction": 57
  },
  {
    "Index": 5686,
    "ObjectId": "Obj5686",
    "Attribute1": "Attr1",
    "Attribute2": "Attr2",
    "Attribute3": "Attr3",
    "Transaction": 57
  },
  {
    "Index": 5687,
    "ObjectId": "Obj5687",
    "Attribute1": "Attr1",
    "Attribute2": "Attr2",
    "Attribute3": "Attr3",
    "Transaction": 57
  },
  {
    "Index": 5688,
    "ObjectId": "Obj5688",
    "Attribute1": "Attr1",
    "Attribute2": "Attr2",
    "Attribute3": "Attr3",
    "Transaction": 57
  },
  {
    "Index": 5689,
    "ObjectId": "Obj5689",
    "Attribute1": "Attr1",
    "Attribute2": "Attr2",
    "Attribute3": "Attr3",
    "Transaction": 57
  },
  {
    "Index": 5690,
    "ObjectId": "Obj5690",
    "Attribute1": "Attr1",
    "Attribute2": "Attr2",
    "Attribute3": "Attr3",
    "Transaction": 57
  },
  {
    "Index": 5691,
    "ObjectId": "Obj5691",
    "Attribute1": "Attr1",
    "Attribute2": "Attr2",
    "Attribute3": "Attr3",
    "Transaction": 57
  },
  {
    "Index": 5692,
    "ObjectId": "Obj5692",
    "Attribute1": "Attr1",
    "Attribute2": "Attr2",
    "Attribute3": "Attr3",
    "Transaction": 57
  },
  {
    "Index": 5693,
    "ObjectId": "Obj5693",
    "Attribute1": "Attr1",
    "Attribute2": "Attr2",
    "Attribute3": "Attr3",
    "Transaction": 57
  },
  {
    "Index": 5694,
    "ObjectId": "Obj5694",
    "Attribute1": "Attr1",
    "Attribute2": "Attr2",
    "Attribute3": "Attr3",
    "Transaction": 57
  },
  {
    "Index": 5695,
    "ObjectId": "Obj5695",
    "Attribute1": "Attr1",
    "Attribute2": "Attr2",
    "Attribute3": "Attr3",
    "Transaction": 57
  },
  {
    "Index": 5696,
    "ObjectId": "Obj5696",
    "Attribute1": "Attr1",
    "Attribute2": "Attr2",
    "Attribute3": "Attr3",
    "Transaction": 57
  },
  {
    "Index": 5697,
    "ObjectId": "Obj5697",
    "Attribute1": "Attr1",
    "Attribute2": "Attr2",
    "Attribute3": "Attr3",
    "Transaction": 57
  },
  {
    "Index": 5698,
    "ObjectId": "Obj5698",
    "Attribute1": "Attr1",
    "Attribute2": "Attr2",
    "Attribute3": "Attr3",
    "Transaction": 57
  },
  {
    "Index": 5699,
    "ObjectId": "Obj5699",
    "Attribute1": "Attr1",
    "Attribute2": "Attr2",
    "Attribute3": "Attr3",
    "Transaction": 57
  },
  {
    "Index": 5700,
    "ObjectId": "Obj5700",
    "Attribute1": "Attr1",
    "Attribute2": "Attr2",
    "Attribute3": "Attr3",
    "Transaction": 57
  }
]