[
  {
    "Index": 2001,
    "ObjectId": "Obj2001",
    "Attribute1": "Attr1",
    "Attribute2": "Attr2",
    "Attribute3": "Attr3",
    "Transaction": 21
  },
  {
    "Index": 2002,
    "ObjectId": "Obj2002",
    "Attribute1": "Attr1",
    "Attribute2": "Attr2",
    "Attribute3": "Attr3",
    "Transaction": 21
  },
  {
    "Index": 2003,
    "ObjectId": "Obj2003",
    "Attribute1": "Attr1",
    "Attribute2": "Attr2",
    "Attribute3": "Attr3",
    "Transaction": 21
  },
  {
    "Index": 2004,
    "ObjectId": "Obj2004",
    "Attribute1": "Attr1",
    "Attribute2": "Attr2",
    "Attribute3": "Attr3",
    "Transaction": 21
  },
  {
    "Index": 2005,
    "ObjectId": "Obj2005",
    "Attribute1": "Attr1",
    "Attribute2": "Attr2",
    "Attribute3": "Attr3",
    "Transaction": 21
  },
  {
    "Index": 2006,
    "ObjectId": "Obj2006",
    "Attribute1": "Attr1",
    "Attribute2": "Attr2",
    "Attribute3": "Attr3",
    "Transaction": 21
  },
  {
    "Index": 2007,
    "ObjectId": "Obj2007",
    "Attribute1": "Attr1",
    "Attribute2": "Attr2",
    "Attribute3": "Attr3",
    "Transaction": 21
  },
  {
    "Index": 2008,
    "ObjectId": "Obj2008",
    "Attribute1": "Attr1",
    "Attribute2": "Attr2",
    "Attribute3": "Attr3",
    "Transaction": 21
  },
  {
    "Index": 2009,
    "ObjectId": "Obj2009",
    "Attribute1": "Attr1",
    "Attribute2": "Attr2",
    "Attribute3": "Attr3",
    "Transaction": 21
  },
  {
    "Index": 2010,
    "ObjectId": "Obj2010",
    "Attribute1": "Attr1",
    "Attribute2": "Attr2",
    "Attribute3": "Attr3",
    "Transaction": 21
  },
  {
    "Index": 2011,
    "ObjectId": "Obj2011",
    "Attribute1": "Attr1",
    "Attribute2": "Attr2",
    "Attribute3": "Attr3",
    "Transaction": 21
  },
  {
    "Index": 2012,
    "ObjectId": "Obj2012",
    "Attribute1": "Attr1",
    "Attribute2": "Attr2",
    "Attribute3": "Attr3",
    "Transaction": 21
  },
  {
    "Index": 2013,
    "ObjectId": "Obj2013",
    "Attribute1": "Attr1",
    "Attribute2": "Attr2",
    "Attribute3": "Attr3",
    "Transaction": 21
  },
  {
    "Index": 2014,
    "ObjectId": "Obj2014",
    "Attribute1": "Attr1",
    "Attribute2": "Attr2",
    "Attribute3": "Attr3",
    "Transaction": 21
  },
  {
    "Index": 2015,
    "ObjectId": "Obj2015",
    "Attribute1": "Attr1",
    "Attribute2": "Attr2",
    "Attribute3": "Attr3",
    "Transaction": 21
  },
  {
    "Index": 2016,
    "ObjectId": "Obj2016",
    "Attribute1": "Attr1",
    "Attribute2": "Attr2",
    "Attribute3": "Attr3",
    "Transaction": 21
  },
  {
    "Index": 2017,
    "ObjectId": "Obj2017",
    "Attribute1": "Attr1",
    "Attribute2": "Attr2",
    "Attribute3": "Attr3",
    "Transaction": 21
  },
  {
    "Index": 2018,
    "ObjectId": "Obj2018",
    "Attribute1": "Attr1",
    "Attribute2": "Attr2",
    "Attribute3": "Attr3",
    "Transaction": 21
  },
  {
    "Index": 2019,
    "ObjectId": "Obj2019",
    "Attribute1": "Attr1",
    "Attribute2": "Attr2",
    "Attribute3": "Attr3",
    "Transaction": 21
  },
  {
    "Index": 2020,
    "ObjectId": "Obj2020",
    "Attribute1": "Attr1",
    "Attribute2": "Attr2",
    "Attribute3": "Attr3",
    "Transaction": 21
  },
  {
    "Index": 2021,
    "ObjectId": "Obj2021",
    "Attribute1": "Attr1",
    "Attribute2": "Attr2",
    "Attribute3": "Attr3",
    "Transaction": 21
  },
  {
    "Index": 2022,
    "ObjectId": "Obj2022",
    "Attribute1": "Attr1",
    "Attribute2": "Attr2",
    "Attribute3": "Attr3",
    "Transaction": 21
  },
  {
    "Index": 2023,
    "ObjectId": "Obj2023",
    "Attribute1": "Attr1",
    "Attribute2": "Attr2",
    "Attribute3": "Attr3",
    "Transaction": 21
  },
  {
    "Index": 2024,
    "ObjectId": "Obj2024",
    "Attribute1": "Attr1",
    "Attribute2": "Attr2",
    "Attribute3": "Attr3",
    "Transaction": 21
  },
  {
    "Index": 2025,
    "ObjectId": "Obj2025",
    "Attribute1": "Attr1",
    "Attribute2": "Attr2",
    "Attribute3": "Attr3",
    "Transaction": 21
  },
  {
    "Index": 2026,
    "ObjectId": "Obj2026",
    "Attribute1": "Attr1",
    "Attribute2": "Attr2",
    "Attribute3": "Attr3",
    "Transaction": 21
  },
  {
    "Index": 2027,
    "ObjectId": "Obj2027",
    "Attribute1": "Attr1",
    "Attribute2": "Attr2",
    "Attribute3": "Attr3",
    "Transaction": 21
  },
  {
    "Index": 2028,
    "ObjectId": "Obj2028",
    "Attribute1": "Attr1",
    "Attribute2": "Attr2",
    "Attribute3": "Attr3",
    "Transaction": 21
  },
  {
    "Index": 2029,
    "ObjectId": "Obj2029",
    "Attribute1": "Attr1",
    "Attribute2": "Attr2",
    "Attribute3": "Attr3",
    "Transaction": 21
  },
  {
    "Index": 2030,
    "ObjectId": "Obj2030",
    "Attribute1": "Attr1",
    "Attribute2": "Attr2",
    "Attribute3": "Attr3",
    "Transaction": 21
  },
  {
    "Index": 2031,
    "ObjectId": "Obj2031",
    "Attribute1": "Attr1",
    "Attribute2": "Attr2",
    "Attribute3": "Attr3",
    "Transaction": 21
  },
  {
    "Index": 2032,
    "ObjectId": "Obj2032",
    "Attribute1": "Attr1",
    "Attribute2": "Attr2",
    "Attribute3": "Attr3",
    "Transaction": 21
  },
  {
    "Index": 2033,
    "ObjectId": "Obj2033",
    "Attribute1": "Attr1",
    "Attribute2": "Attr2",
    "Attribute3": "Attr3",
    "Transaction": 21
  },
  {
    "Index": 2034,
    "ObjectId": "Obj2034",
    "Attribute1": "Attr1",
    "Attribute2": "Attr2",
    "Attribute3": "Attr3",
    "Transaction": 21
  },
  {
    "Index": 2035,
    "ObjectId": "Obj2035",
    "Attribute1": "Attr1",
    "Attribute2": "Attr2",
    "Attribute3": "Attr3",
    "Transaction": 21
  },
  {
    "Index": 2036,
    "ObjectId": "Obj2036",
    "Attribute1": "Attr1",
    "Attribute2": "Attr2",
    "Attribute3": "Attr3",
    "Transaction": 21
  },
  {
    "Index": 2037,
    "ObjectId": "Obj2037",
    "Attribute1": "Attr1",
    "Attribute2": "Attr2",
    "Attribute3": "Attr3",
    "Transaction": 21
  },
  {
    "Index": 2038,
    "ObjectId": "Obj2038",
    "Attribute1": "Attr1",
    "Attribute2": "Attr2",
    "Attribute3": "Attr3",
    "Transaction": 21
  },
  {
    "Index": 2039,
    "ObjectId": "Obj2039",
    "Attribute1": "Attr1",
    "Attribute2": "Attr2",
    "Attribute3": "Attr3",
    "Transaction": 21
  },
  {
    "Index": 2040,
    "ObjectId": "Obj2040",
    "Attribute1": "Attr1",
    "Attribute2": "Attr2",
    "Attribute3": "Attr3",
    "Transaction": 21
  },
  {
    "Index": 2041,
    "ObjectId": "Obj2041",
    "Attribute1": "Attr1",
    "Attribute2": "Attr2",
    "Attribute3": "Attr3",
    "Transaction": 21
  },
  {
    "Index": 2042,
    "ObjectId": "Obj2042",
    "Attribute1": "Attr1",
    "Attribute2": "Attr2",
    "Attribute3": "Attr3",
    "Transaction": 21
  },
  {
    "Index": 2043,
    "ObjectId": "Obj2043",
    "Attribute1": "Attr1",
    "Attribute2": "Attr2",
    "Attribute3": "Attr3",
    "Transaction": 21
  },
  {
    "Index": 2044,
    "ObjectId": "Obj2044",
    "Attribute1": "Attr1",
    "Attribute2": "Attr2",
    "Attribute3": "Attr3",
    "Transaction": 21
  },
  {
    "Index": 2045,
    "ObjectId": "Obj2045",
    "Attribute1": "Attr1",
    "Attribute2": "Attr2",
    "Attribute3": "Attr3",
    "Transaction": 21
  },
  {
    "Index": 2046,
    "ObjectId": "Obj2046",
    "Attribute1": "Attr1",
    "Attribute2": "Attr2",
    "Attribute3": "Attr3",
    "Transaction": 21
  },
  {
    "Index": 2047,
    "ObjectId": "Obj2047",
    "Attribute1": "Attr1",
    "Attribute2": "Attr2",
    "Attribute3": "Attr3",
    "Transaction": 21
  },
  {
    "Index": 2048,
    "ObjectId": "Obj2048",
    "Attribute1": "Attr1",
    "Attribute2": "Attr2",
    "Attribute3": "Attr3",
    "Transaction": 21
  },
  {
    "Index": 2049,
    "ObjectId": "Obj2049",
    "Attribute1": "Attr1",
    "Attribute2": "Attr2",
    "Attribute3": "Attr3",
    "Transaction": 21
  },
  {
    "Index": 2050,
    "ObjectId": "Obj2050",
    "Attribute1": "Attr1",
    "Attribute2": "Attr2",
    "Attribute3": "Attr3",
    "Transaction": 21
  },
  {
    "Index": 2051,
    "ObjectId": "Obj2051",
    "Attribute1": "Attr1",
    "Attribute2": "Attr2",
    "Attribute3": "Attr3",
    "Transaction": 21
  },
  {
    "Index": 2052,
    "ObjectId": "Obj2052",
    "Attribute1": "Attr1",
    "Attribute2": "Attr2",
    "Attribute3": "Attr3",
    "Transaction": 21
  },
  {
    "Index": 2053,
    "ObjectId": "Obj2053",
    "Attribute1": "Attr1",
    "Attribute2": "Attr2",
    "Attribute3": "Attr3",
    "Transaction": 21
  },
  {
    "Index": 2054,
    "ObjectId": "Obj2054",
    "Attribute1": "Attr1",
    "Attribute2": "Attr2",
    "Attribute3": "Attr3",
    "Transaction": 21
  },
  {
    "Index": 2055,
    "ObjectId": "Obj2055",
    "Attribute1": "Attr1",
    "Attribute2": "Attr2",
    "Attribute3": "Attr3",
    "Transaction": 21
  },
  {
    "Index": 2056,
    "ObjectId": "Obj2056",
    "Attribute1": "Attr1",
    "Attribute2": "Attr2",
    "Attribute3": "Attr3",
    "Transaction": 21
  },
  {
    "Index": 2057,
    "ObjectId": "Obj2057",
    "Attribute1": "Attr1",
    "Attribute2": "Attr2",
    "Attribute3": "Attr3",
    "Transaction": 21
  },
  {
    "Index": 2058,
    "ObjectId": "Obj2058",
    "Attribute1": "Attr1",
    "Attribute2": "Attr2",
    "Attribute3": "Attr3",
    "Transaction": 21
  },
  {
    "Index": 2059,
    "ObjectId": "Obj2059",
    "Attribute1": "Attr1",
    "Attribute2": "Attr2",
    "Attribute3": "Attr3",
    "Transaction": 21
  },
  {
    "Index": 2060,
    "ObjectId": "Obj2060",
    "Attribute1": "Attr1",
    "Attribute2": "Attr2",
    "Attribute3": "Attr3",
    "Transaction": 21
  },
  {
    "Index": 2061,
    "ObjectId": "Obj2061",
    "Attribute1": "Attr1",
    "Attribute2": "Attr2",
    "Attribute3": "Attr3",
    "Transaction": 21
  },
  {
    "Index": 2062,
    "ObjectId": "Obj2062",
    "Attribute1": "Attr1",
    "Attribute2": "Attr2",
    "Attribute3": "Attr3",
    "Transaction": 21
  },
  {
    "Index": 2063,
    "ObjectId": "Obj2063",
    "Attribute1": "Attr1",
    "Attribute2": "Attr2",
    "Attribute3": "Attr3",
    "Transaction": 21
  },
  {
    "Index": 2064,
    "ObjectId": "Obj2064",
    "Attribute1": "Attr1",
    "Attribute2": "Attr2",
    "Attribute3": "Attr3",
    "Transaction": 21
  },
  {
    "Index": 2065,
    "ObjectId": "Obj2065",
    "Attribute1": "Attr1",
    "Attribute2": "Attr2",
    "Attribute3": "Attr3",
    "Transaction": 21
  },
  {
    "Index": 2066,
    "ObjectId": "Obj2066",
    "Attribute1": "Attr1",
    "Attribute2": "Attr2",
    "Attribute3": "Attr3",
    "Transaction": 21
  },
  {
    "Index": 2067,
    "ObjectId": "Obj2067",
    "Attribute1": "Attr1",
    "Attribute2": "Attr2",
    "Attribute3": "Attr3",
    "Transaction": 21
  },
  {
    "Index": 2068,
    "ObjectId": "Obj2068",
    "Attribute1": "Attr1",
    "Attribute2": "Attr2",
    "Attribute3": "Attr3",
    "Transaction": 21
  },
  {
    "Index": 2069,
    "ObjectId": "Obj2069",
    "Attribute1": "Attr1",
    "Attribute2": "Attr2",
    "Attribute3": "Attr3",
    "Transaction": 21
  },
  {
    "Index": 2070,
    "ObjectId": "Obj2070",
    "Attribute1": "Attr1",
    "Attribute2": "Attr2",
    "Attribute3": "Attr3",
    "Transaction": 21
  },
  {
    "Index": 2071,
    "ObjectId": "Obj2071",
    "Attribute1": "Attr1",
    "Attribute2": "Attr2",
    "Attribute3": "Attr3",
    "Transaction": 21
  },
  {
    "Index": 2072,
    "ObjectId": "Obj2072",
    "Attribute1": "Attr1",
    "Attribute2": "Attr2",
    "Attribute3": "Attr3",
    "Transaction": 21
  },
  {
    "Index": 2073,
    "ObjectId": "Obj2073",
    "Attribute1": "Attr1",
    "Attribute2": "Attr2",
    "Attribute3": "Attr3",
    "Transaction": 21
  },
  {
    "Index": 2074,
    "ObjectId": "Obj2074",
    "Attribute1": "Attr1",
    "Attribute2": "Attr2",
    "Attribute3": "Attr3",
    "Transaction": 21
  },
  {
    "Index": 2075,
    "ObjectId": "Obj2075",
    "Attribute1": "Attr1",
    "Attribute2": "Attr2",
    "Attribute3": "Attr3",
    "Transaction": 21
  },
  {
    "Index": 2076,
    "ObjectId": "Obj2076",
    "Attribute1": "Attr1",
    "Attribute2": "Attr2",
    "Attribute3": "Attr3",
    "Transaction": 21
  },
  {
    "Index": 2077,
    "ObjectId": "Obj2077",
    "Attribute1": "Attr1",
    "Attribute2": "Attr2",
    "Attribute3": "Attr3",
    "Transaction": 21
  },
  {
    "Index": 2078,
    "ObjectId": "Obj2078",
    "Attribute1": "Attr1",
    "Attribute2": "Attr2",
    "Attribute3": "Attr3",
    "Transaction": 21
  },
  {
    "Index": 2079,
    "ObjectId": "Obj2079",
    "Attribute1": "Attr1",
    "Attribute2": "Attr2",
    "Attribute3": "Attr3",
    "Transaction": 21
  },
  {
    "Index": 2080,
    "ObjectId": "Obj2080",
    "Attribute1": "Attr1",
    "Attribute2": "Attr2",
    "Attribute3": "Attr3",
    "Transaction": 21
  },
  {
    "Index": 2081,
    "ObjectId": "Obj2081",
    "Attribute1": "Attr1",
    "Attribute2": "Attr2",
    "Attribute3": "Attr3",
    "Transaction": 21
  },
  {
    "Index": 2082,
    "ObjectId": "Obj2082",
    "Attribute1": "Attr1",
    "Attribute2": "Attr2",
    "Attribute3": "Attr3",
    "Transaction": 21
  },
  {
    "Index": 2083,
    "ObjectId": "Obj2083",
    "Attribute1": "Attr1",
    "Attribute2": "Attr2",
    "Attribute3": "Attr3",
    "Transaction": 21
  },
  {
    "Index": 2084,
    "ObjectId": "Obj2084",
    "Attribute1": "Attr1",
    "Attribute2": "Attr2",
    "Attribute3": "Attr3",
    "Transaction": 21
  },
  {
    "Index": 2085,
    "ObjectId": "Obj2085",
    "Attribute1": "Attr1",
    "Attribute2": "Attr2",
    "Attribute3": "Attr3",
    "Transaction": 21
  },
  {
    "Index": 2086,
    "ObjectId": "Obj2086",
    "Attribute1": "Attr1",
    "Attribute2": "Attr2",
    "Attribute3": "Attr3",
    "Transaction": 21
  },
  {
    "Index": 2087,
    "ObjectId": "Obj2087",
    "Attribute1": "Attr1",
    "Attribute2": "Attr2",
    "Attribute3": "Attr3",
    "Transaction": 21
  },
  {
    "Index": 2088,
    "ObjectId": "Obj2088",
    "Attribute1": "Attr1",
    "Attribute2": "Attr2",
    "Attribute3": "Attr3",
    "Transaction": 21
  },
  {
    "Index": 2089,
    "ObjectId": "Obj2089",
    "Attribute1": "Attr1",
    "Attribute2": "Attr2",
    "Attribute3": "Attr3",
    "Transaction": 21
  },
  {
    "Index": 2090,
    "ObjectId": "Obj2090",
    "Attribute1": "Attr1",
    "Attribute2": "Attr2",
    "Attribute3": "Attr3",
    "Transaction": 21
  },
  {
    "Index": 2091,
    "ObjectId": "Obj2091",
    "Attribute1": "Attr1",
    "Attribute2": "Attr2",
    "Attribute3": "Attr3",
    "Transaction": 21
  },
  {
    "Index": 2092,
    "ObjectId": "Obj2092",
    "Attribute1": "Attr1",
    "Attribute2": "Attr2",
    "Attribute3": "Attr3",
    "Transaction": 21
  },
  {
    "Index": 2093,
    "ObjectId": "Obj2093",
    "Attribute1": "Attr1",
    "Attribute2": "Attr2",
    "Attribute3": "Attr3",
    "Transaction": 21
  },
  {
    "Index": 2094,
    "ObjectId": "Obj2094",
    "Attribute1": "Attr1",
    "Attribute2": "Attr2",
    "Attribute3": "Attr3",
    "Transaction": 21
  },
  {
    "Index": 2095,
    "ObjectId": "Obj2095",
    "Attribute1": "Attr1",
    "Attribute2": "Attr2",
    "Attribute3": "Attr3",
    "Transaction": 21
  },
  {
    "Index": 2096,
    "ObjectId": "Obj2096",
    "Attribute1": "Attr1",
    "Attribute2": "Attr2",
    "Attribute3": "Attr3",
    "Transaction": 21
  },
  {
    "Index": 2097,
    "ObjectId": "Obj2097",
    "Attribute1": "Attr1",
    "Attribute2": "Attr2",
    "Attribute3": "Attr3",
    "Transaction": 21
  },
  {
    "Index": 2098,
    "ObjectId": "Obj2098",
    "Attribute1": "Attr1",
    "Attribute2": "Attr2",
    "Attribute3": "Attr3",
    "Transaction": 21
  },
  {
    "Index": 2099,
    "ObjectId": "Obj2099",
    "Attribute1": "Attr1",
    "Attribute2": "Attr2",
    "Attribute3": "Attr3",
    "Transaction": 21
  },
  {
    "Index": 2100,
    "ObjectId": "Obj2100",
    "Attribute1": "Attr1",
    "Attribute2": "Attr2",
    "Attribute3": "Attr3",
    "Transaction": 21
  }
]