[
  {
    "Index": 9501,
    "ObjectId": "Obj9501",
    "Attribute1": "Attr1",
    "Attribute2": "Attr2",
    "Attribute3": "Attr3",
    "Transaction": 96
  },
  {
    "Index": 9502,
    "ObjectId": "Obj9502",
    "Attribute1": "Attr1",
    "Attribute2": "Attr2",
    "Attribute3": "Attr3",
    "Transaction": 96
  },
  {
    "Index": 9503,
    "ObjectId": "Obj9503",
    "Attribute1": "Attr1",
    "Attribute2": "Attr2",
    "Attribute3": "Attr3",
    "Transaction": 96
  },
  {
    "Index": 9504,
    "ObjectId": "Obj9504",
    "Attribute1": "Attr1",
    "Attribute2": "Attr2",
    "Attribute3": "Attr3",
    "Transaction": 96
  },
  {
    "Index": 9505,
    "ObjectId": "Obj9505",
    "Attribute1": "Attr1",
    "Attribute2": "Attr2",
    "Attribute3": "Attr3",
    "Transaction": 96
  },
  {
    "Index": 9506,
    "ObjectId": "Obj9506",
    "Attribute1": "Attr1",
    "Attribute2": "Attr2",
    "Attribute3": "Attr3",
    "Transaction": 96
  },
  {
    "Index": 9507,
    "ObjectId": "Obj9507",
    "Attribute1": "Attr1",
    "Attribute2": "Attr2",
    "Attribute3": "Attr3",
    "Transaction": 96
  },
  {
    "Index": 9508,
    "ObjectId": "Obj9508",
    "Attribute1": "Attr1",
    "Attribute2": "Attr2",
    "Attribute3": "Attr3",
    "Transaction": 96
  },
  {
    "Index": 9509,
    "ObjectId": "Obj9509",
    "Attribute1": "Attr1",
    "Attribute2": "Attr2",
    "Attribute3": "Attr3",
    "Transaction": 96
  },
  {
    "Index": 9510,
    "ObjectId": "Obj9510",
    "Attribute1": "Attr1",
    "Attribute2": "Attr2",
    "Attribute3": "Attr3",
    "Transaction": 96
  },
  {
    "Index": 9511,
    "ObjectId": "Obj9511",
    "Attribute1": "Attr1",
    "Attribute2": "Attr2",
    "Attribute3": "Attr3",
    "Transaction": 96
  },
  {
    "Index": 9512,
    "ObjectId": "Obj9512",
    "Attribute1": "Attr1",
    "Attribute2": "Attr2",
    "Attribute3": "Attr3",
    "Transaction": 96
  },
  {
    "Index": 9513,
    "ObjectId": "Obj9513",
    "Attribute1": "Attr1",
    "Attribute2": "Attr2",
    "Attribute3": "Attr3",
    "Transaction": 96
  },
  {
    "Index": 9514,
    "ObjectId": "Obj9514",
    "Attribute1": "Attr1",
    "Attribute2": "Attr2",
    "Attribute3": "Attr3",
    "Transaction": 96
  },
  {
    "Index": 9515,
    "ObjectId": "Obj9515",
    "Attribute1": "Attr1",
    "Attribute2": "Attr2",
    "Attribute3": "Attr3",
    "Transaction": 96
  },
  {
    "Index": 9516,
    "ObjectId": "Obj9516",
    "Attribute1": "Attr1",
    "Attribute2": "Attr2",
    "Attribute3": "Attr3",
    "Transaction": 96
  },
  {
    "Index": 9517,
    "ObjectId": "Obj9517",
    "Attribute1": "Attr1",
    "Attribute2": "Attr2",
    "Attribute3": "Attr3",
    "Transaction": 96
  },
  {
    "Index": 9518,
    "ObjectId": "Obj9518",
    "Attribute1": "Attr1",
    "Attribute2": "Attr2",
    "Attribute3": "Attr3",
    "Transaction": 96
  },
  {
    "Index": 9519,
    "ObjectId": "Obj9519",
    "Attribute1": "Attr1",
    "Attribute2": "Attr2",
    "Attribute3": "Attr3",
    "Transaction": 96
  },
  {
    "Index": 9520,
    "ObjectId": "Obj9520",
    "Attribute1": "Attr1",
    "Attribute2": "Attr2",
    "Attribute3": "Attr3",
    "Transaction": 96
  },
  {
    "Index": 9521,
    "ObjectId": "Obj9521",
    "Attribute1": "Attr1",
    "Attribute2": "Attr2",
    "Attribute3": "Attr3",
    "Transaction": 96
  },
  {
    "Index": 9522,
    "ObjectId": "Obj9522",
    "Attribute1": "Attr1",
    "Attribute2": "Attr2",
    "Attribute3": "Attr3",
    "Transaction": 96
  },
  {
    "Index": 9523,
    "ObjectId": "Obj9523",
    "Attribute1": "Attr1",
    "Attribute2": "Attr2",
    "Attribute3": "Attr3",
    "Transaction": 96
  },
  {
    "Index": 9524,
    "ObjectId": "Obj9524",
    "Attribute1": "Attr1",
    "Attribute2": "Attr2",
    "Attribute3": "Attr3",
    "Transaction": 96
  },
  {
    "Index": 9525,
    "ObjectId": "Obj9525",
    "Attribute1": "Attr1",
    "Attribute2": "Attr2",
    "Attribute3": "Attr3",
    "Transaction": 96
  },
  {
    "Index": 9526,
    "ObjectId": "Obj9526",
    "Attribute1": "Attr1",
    "Attribute2": "Attr2",
    "Attribute3": "Attr3",
    "Transaction": 96
  },
  {
    "Index": 9527,
    "ObjectId": "Obj9527",
    "Attribute1": "Attr1",
    "Attribute2": "Attr2",
    "Attribute3": "Attr3",
    "Transaction": 96
  },
  {
    "Index": 9528,
    "ObjectId": "Obj9528",
    "Attribute1": "Attr1",
    "Attribute2": "Attr2",
    "Attribute3": "Attr3",
    "Transaction": 96
  },
  {
    "Index": 9529,
    "ObjectId": "Obj9529",
    "Attribute1": "Attr1",
    "Attribute2": "Attr2",
    "Attribute3": "Attr3",
    "Transaction": 96
  },
  {
    "Index": 9530,
    "ObjectId": "Obj9530",
    "Attribute1": "Attr1",
    "Attribute2": "Attr2",
    "Attribute3": "Attr3",
    "Transaction": 96
  },
  {
    "Index": 9531,
    "ObjectId": "Obj9531",
    "Attribute1": "Attr1",
    "Attribute2": "Attr2",
    "Attribute3": "Attr3",
    "Transaction": 96
  },
  {
    "Index": 9532,
    "ObjectId": "Obj9532",
    "Attribute1": "Attr1",
    "Attribute2": "Attr2",
    "Attribute3": "Attr3",
    "Transaction": 96
  },
  {
    "Index": 9533,
    "ObjectId": "Obj9533",
    "Attribute1": "Attr1",
    "Attribute2": "Attr2",
    "Attribute3": "Attr3",
    "Transaction": 96
  },
  {
    "Index": 9534,
    "ObjectId": "Obj9534",
    "Attribute1": "Attr1",
    "Attribute2": "Attr2",
    "Attribute3": "Attr3",
    "Transaction": 96
  },
  {
    "Index": 9535,
    "ObjectId": "Obj9535",
    "Attribute1": "Attr1",
    "Attribute2": "Attr2",
    "Attribute3": "Attr3",
    "Transaction": 96
  },
  {
    "Index": 9536,
    "ObjectId": "Obj9536",
    "Attribute1": "Attr1",
    "Attribute2": "Attr2",
    "Attribute3": "Attr3",
    "Transaction": 96
  },
  {
    "Index": 9537,
    "ObjectId": "Obj9537",
    "Attribute1": "Attr1",
    "Attribute2": "Attr2",
    "Attribute3": "Attr3",
    "Transaction": 96
  },
  {
    "Index": 9538,
    "ObjectId": "Obj9538",
    "Attribute1": "Attr1",
    "Attribute2": "Attr2",
    "Attribute3": "Attr3",
    "Transaction": 96
  },
  {
    "Index": 9539,
    "ObjectId": "Obj9539",
    "Attribute1": "Attr1",
    "Attribute2": "Attr2",
    "Attribute3": "Attr3",
    "Transaction": 96
  },
  {
    "Index": 9540,
    "ObjectId": "Obj9540",
    "Attribute1": "Attr1",
    "Attribute2": "Attr2",
    "Attribute3": "Attr3",
    "Transaction": 96
  },
  {
    "Index": 9541,
    "ObjectId": "Obj9541",
    "Attribute1": "Attr1",
    "Attribute2": "Attr2",
    "Attribute3": "Attr3",
    "Transaction": 96
  },
  {
    "Index": 9542,
    "ObjectId": "Obj9542",
    "Attribute1": "Attr1",
    "Attribute2": "Attr2",
    "Attribute3": "Attr3",
    "Transaction": 96
  },
  {
    "Index": 9543,
    "ObjectId": "Obj9543",
    "Attribute1": "Attr1",
    "Attribute2": "Attr2",
    "Attribute3": "Attr3",
    "Transaction": 96
  },
  {
    "Index": 9544,
    "ObjectId": "Obj9544",
    "Attribute1": "Attr1",
    "Attribute2": "Attr2",
    "Attribute3": "Attr3",
    "Transaction": 96
  },
  {
    "Index": 9545,
    "ObjectId": "Obj9545",
    "Attribute1": "Attr1",
    "Attribute2": "Attr2",
    "Attribute3": "Attr3",
    "Transaction": 96
  },
  {
    "Index": 9546,
    "ObjectId": "Obj9546",
    "Attribute1": "Attr1",
    "Attribute2": "Attr2",
    "Attribute3": "Attr3",
    "Transaction": 96
  },
  {
    "Index": 9547,
    "ObjectId": "Obj9547",
    "Attribute1": "Attr1",
    "Attribute2": "Attr2",
    "Attribute3": "Attr3",
    "Transaction": 96
  },
  {
    "Index": 9548,
    "ObjectId": "Obj9548",
    "Attribute1": "Attr1",
    "Attribute2": "Attr2",
    "Attribute3": "Attr3",
    "Transaction": 96
  },
  {
    "Index": 9549,
    "ObjectId": "Obj9549",
    "Attribute1": "Attr1",
    "Attribute2": "Attr2",
    "Attribute3": "Attr3",
    "Transaction": 96
  },
  {
    "Index": 9550,
    "ObjectId": "Obj9550",
    "Attribute1": "Attr1",
    "Attribute2": "Attr2",
    "Attribute3": "Attr3",
    "Transaction": 96
  },
  {
    "Index": 9551,
    "ObjectId": "Obj9551",
    "Attribute1": "Attr1",
    "Attribute2": "Attr2",
    "Attribute3": "Attr3",
    "Transaction": 96
  },
  {
    "Index": 9552,
    "ObjectId": "Obj9552",
    "Attribute1": "Attr1",
    "Attribute2": "Attr2",
    "Attribute3": "Attr3",
    "Transaction": 96
  },
  {
    "Index": 9553,
    "ObjectId": "Obj9553",
    "Attribute1": "Attr1",
    "Attribute2": "Attr2",
    "Attribute3": "Attr3",
    "Transaction": 96
  },
  {
    "Index": 9554,
    "ObjectId": "Obj9554",
    "Attribute1": "Attr1",
    "Attribute2": "Attr2",
    "Attribute3": "Attr3",
    "Transaction": 96
  },
  {
    "Index": 9555,
    "ObjectId": "Obj9555",
    "Attribute1": "Attr1",
    "Attribute2": "Attr2",
    "Attribute3": "Attr3",
    "Transaction": 96
  },
  {
    "Index": 9556,
    "ObjectId": "Obj9556",
    "Attribute1": "Attr1",
    "Attribute2": "Attr2",
    "Attribute3": "Attr3",
    "Transaction": 96
  },
  {
    "Index": 9557,
    "ObjectId": "Obj9557",
    "Attribute1": "Attr1",
    "Attribute2": "Attr2",
    "Attribute3": "Attr3",
    "Transaction": 96
  },
  {
    "Index": 9558,
    "ObjectId": "Obj9558",
    "Attribute1": "Attr1",
    "Attribute2": "Attr2",
    "Attribute3": "Attr3",
    "Transaction": 96
  },
  {
    "Index": 9559,
    "ObjectId": "Obj9559",
    "Attribute1": "Attr1",
    "Attribute2": "Attr2",
    "Attribute3": "Attr3",
    "Transaction": 96
  },
  {
    "Index": 9560,
    "ObjectId": "Obj9560",
    "Attribute1": "Attr1",
    "Attribute2": "Attr2",
    "Attribute3": "Attr3",
    "Transaction": 96
  },
  {
    "Index": 9561,
    "ObjectId": "Obj9561",
    "Attribute1": "Attr1",
    "Attribute2": "Attr2",
    "Attribute3": "Attr3",
    "Transaction": 96
  },
  {
    "Index": 9562,
    "ObjectId": "Obj9562",
    "Attribute1": "Attr1",
    "Attribute2": "Attr2",
    "Attribute3": "Attr3",
    "Transaction": 96
  },
  {
    "Index": 9563,
    "ObjectId": "Obj9563",
    "Attribute1": "Attr1",
    "Attribute2": "Attr2",
    "Attribute3": "Attr3",
    "Transaction": 96
  },
  {
    "Index": 9564,
    "ObjectId": "Obj9564",
    "Attribute1": "Attr1",
    "Attribute2": "Attr2",
    "Attribute3": "Attr3",
    "Transaction": 96
  },
  {
    "Index": 9565,
    "ObjectId": "Obj9565",
    "Attribute1": "Attr1",
    "Attribute2": "Attr2",
    "Attribute3": "Attr3",
    "Transaction": 96
  },
  {
    "Index": 9566,
    "ObjectId": "Obj9566",
    "Attribute1": "Attr1",
    "Attribute2": "Attr2",
    "Attribute3": "Attr3",
    "Transaction": 96
  },
  {
    "Index": 9567,
    "ObjectId": "Obj9567",
    "Attribute1": "Attr1",
    "Attribute2": "Attr2",
    "Attribute3": "Attr3",
    "Transaction": 96
  },
  {
    "Index": 9568,
    "ObjectId": "Obj9568",
    "Attribute1": "Attr1",
    "Attribute2": "Attr2",
    "Attribute3": "Attr3",
    "Transaction": 96
  },
  {
    "Index": 9569,
    "ObjectId": "Obj9569",
    "Attribute1": "Attr1",
    "Attribute2": "Attr2",
    "Attribute3": "Attr3",
    "Transaction": 96
  },
  {
    "Index": 9570,
    "ObjectId": "Obj9570",
    "Attribute1": "Attr1",
    "Attribute2": "Attr2",
    "Attribute3": "Attr3",
    "Transaction": 96
  },
  {
    "Index": 9571,
    "ObjectId": "Obj9571",
    "Attribute1": "Attr1",
    "Attribute2": "Attr2",
    "Attribute3": "Attr3",
    "Transaction": 96
  },
  {
    "Index": 9572,
    "ObjectId": "Obj9572",
    "Attribute1": "Attr1",
    "Attribute2": "Attr2",
    "Attribute3": "Attr3",
    "Transaction": 96
  },
  {
    "Index": 9573,
    "ObjectId": "Obj9573",
    "Attribute1": "Attr1",
    "Attribute2": "Attr2",
    "Attribute3": "Attr3",
    "Transaction": 96
  },
  {
    "Index": 9574,
    "ObjectId": "Obj9574",
    "Attribute1": "Attr1",
    "Attribute2": "Attr2",
    "Attribute3": "Attr3",
    "Transaction": 96
  },
  {
    "Index": 9575,
    "ObjectId": "Obj9575",
    "Attribute1": "Attr1",
    "Attribute2": "Attr2",
    "Attribute3": "Attr3",
    "Transaction": 96
  },
  {
    "Index": 9576,
    "ObjectId": "Obj9576",
    "Attribute1": "Attr1",
    "Attribute2": "Attr2",
    "Attribute3": "Attr3",
    "Transaction": 96
  },
  {
    "Index": 9577,
    "ObjectId": "Obj9577",
    "Attribute1": "Attr1",
    "Attribute2": "Attr2",
    "Attribute3": "Attr3",
    "Transaction": 96
  },
  {
    "Index": 9578,
    "ObjectId": "Obj9578",
    "Attribute1": "Attr1",
    "Attribute2": "Attr2",
    "Attribute3": "Attr3",
    "Transaction": 96
  },
  {
    "Index": 9579,
    "ObjectId": "Obj9579",
    "Attribute1": "Attr1",
    "Attribute2": "Attr2",
    "Attribute3": "Attr3",
    "Transaction": 96
  },
  {
    "Index": 9580,
    "ObjectId": "Obj9580",
    "Attribute1": "Attr1",
    "Attribute2": "Attr2",
    "Attribute3": "Attr3",
    "Transaction": 96
  },
  {
    "Index": 9581,
    "ObjectId": "Obj9581",
    "Attribute1": "Attr1",
    "Attribute2": "Attr2",
    "Attribute3": "Attr3",
    "Transaction": 96
  },
  {
    "Index": 9582,
    "ObjectId": "Obj9582",
    "Attribute1": "Attr1",
    "Attribute2": "Attr2",
    "Attribute3": "Attr3",
    "Transaction": 96
  },
  {
    "Index": 9583,
    "ObjectId": "Obj9583",
    "Attribute1": "Attr1",
    "Attribute2": "Attr2",
    "Attribute3": "Attr3",
    "Transaction": 96
  },
  {
    "Index": 9584,
    "ObjectId": "Obj9584",
    "Attribute1": "Attr1",
    "Attribute2": "Attr2",
    "Attribute3": "Attr3",
    "Transaction": 96
  },
  {
    "Index": 9585,
    "ObjectId": "Obj9585",
    "Attribute1": "Attr1",
    "Attribute2": "Attr2",
    "Attribute3": "Attr3",
    "Transaction": 96
  },
  {
    "Index": 9586,
    "ObjectId": "Obj9586",
    "Attribute1": "Attr1",
    "Attribute2": "Attr2",
    "Attribute3": "Attr3",
    "Transaction": 96
  },
  {
    "Index": 9587,
    "ObjectId": "Obj9587",
    "Attribute1": "Attr1",
    "Attribute2": "Attr2",
    "Attribute3": "Attr3",
    "Transaction": 96
  },
  {
    "Index": 9588,
    "ObjectId": "Obj9588",
    "Attribute1": "Attr1",
    "Attribute2": "Attr2",
    "Attribute3": "Attr3",
    "Transaction": 96
  },
  {
    "Index": 9589,
    "ObjectId": "Obj9589",
    "Attribute1": "Attr1",
    "Attribute2": "Attr2",
    "Attribute3": "Attr3",
    "Transaction": 96
  },
  {
    "Index": 9590,
    "ObjectId": "Obj9590",
    "Attribute1": "Attr1",
    "Attribute2": "Attr2",
    "Attribute3": "Attr3",
    "Transaction": 96
  },
  {
    "Index": 9591,
    "ObjectId": "Obj9591",
    "Attribute1": "Attr1",
    "Attribute2": "Attr2",
    "Attribute3": "Attr3",
    "Transaction": 96
  },
  {
    "Index": 9592,
    "ObjectId": "Obj9592",
    "Attribute1": "Attr1",
    "Attribute2": "Attr2",
    "Attribute3": "Attr3",
    "Transaction": 96
  },
  {
    "Index": 9593,
    "ObjectId": "Obj9593",
    "Attribute1": "Attr1",
    "Attribute2": "Attr2",
    "Attribute3": "Attr3",
    "Transaction": 96
  },
  {
    "Index": 9594,
    "ObjectId": "Obj9594",
    "Attribute1": "Attr1",
    "Attribute2": "Attr2",
    "Attribute3": "Attr3",
    "Transaction": 96
  },
  {
    "Index": 9595,
    "ObjectId": "Obj9595",
    "Attribute1": "Attr1",
    "Attribute2": "Attr2",
    "Attribute3": "Attr3",
    "Transaction": 96
  },
  {
    "Index": 9596,
    "ObjectId": "Obj9596",
    "Attribute1": "Attr1",
    "Attribute2": "Attr2",
    "Attribute3": "Attr3",
    "Transaction": 96
  },
  {
    "Index": 9597,
    "ObjectId": "Obj9597",
    "Attribute1": "Attr1",
    "Attribute2": "Attr2",
    "Attribute3": "Attr3",
    "Transaction": 96
  },
  {
    "Index": 9598,
    "ObjectId": "Obj9598",
    "Attribute1": "Attr1",
    "Attribute2": "Attr2",
    "Attribute3": "Attr3",
    "Transaction": 96
  },
  {
    "Index": 9599,
    "ObjectId": "Obj9599",
    "Attribute1": "Attr1",
    "Attribute2": "Attr2",
    "Attribute3": "Attr3",
    "Transaction": 96
  },
  {
    "Index": 9600,
    "ObjectId": "Obj9600",
    "Attribute1": "Attr1",
    "Attribute2": "Attr2",
    "Attribute3": "Attr3",
    "Transaction": 96
  }
]