[
  {
    "Index": 4301,
    "ObjectId": "Obj4301",
    "Attribute1": "Attr1",
    "Attribute2": "Attr2",
    "Attribute3": "Attr3",
    "Transaction": 44
  },
  {
    "Index": 4302,
    "ObjectId": "Obj4302",
    "Attribute1": "Attr1",
    "Attribute2": "Attr2",
    "Attribute3": "Attr3",
    "Transaction": 44
  },
  {
    "Index": 4303,
    "ObjectId": "Obj4303",
    "Attribute1": "Attr1",
    "Attribute2": "Attr2",
    "Attribute3": "Attr3",
    "Transaction": 44
  },
  {
    "Index": 4304,
    "ObjectId": "Obj4304",
    "Attribute1": "Attr1",
    "Attribute2": "Attr2",
    "Attribute3": "Attr3",
    "Transaction": 44
  },
  {
    "Index": 4305,
    "ObjectId": "Obj4305",
    "Attribute1": "Attr1",
    "Attribute2": "Attr2",
    "Attribute3": "Attr3",
    "Transaction": 44
  },
  {
    "Index": 4306,
    "ObjectId": "Obj4306",
    "Attribute1": "Attr1",
    "Attribute2": "Attr2",
    "Attribute3": "Attr3",
    "Transaction": 44
  },
  {
    "Index": 4307,
    "ObjectId": "Obj4307",
    "Attribute1": "Attr1",
    "Attribute2": "Attr2",
    "Attribute3": "Attr3",
    "Transaction": 44
  },
  {
    "Index": 4308,
    "ObjectId": "Obj4308",
    "Attribute1": "Attr1",
    "Attribute2": "Attr2",
    "Attribute3": "Attr3",
    "Transaction": 44
  },
  {
    "Index": 4309,
    "ObjectId": "Obj4309",
    "Attribute1": "Attr1",
    "Attribute2": "Attr2",
    "Attribute3": "Attr3",
    "Transaction": 44
  },
  {
    "Index": 4310,
    "ObjectId": "Obj4310",
    "Attribute1": "Attr1",
    "Attribute2": "Attr2",
    "Attribute3": "Attr3",
    "Transaction": 44
  },
  {
    "Index": 4311,
    "ObjectId": "Obj4311",
    "Attribute1": "Attr1",
    "Attribute2": "Attr2",
    "Attribute3": "Attr3",
    "Transaction": 44
  },
  {
    "Index": 4312,
    "ObjectId": "Obj4312",
    "Attribute1": "Attr1",
    "Attribute2": "Attr2",
    "Attribute3": "Attr3",
    "Transaction": 44
  },
  {
    "Index": 4313,
    "ObjectId": "Obj4313",
    "Attribute1": "Attr1",
    "Attribute2": "Attr2",
    "Attribute3": "Attr3",
    "Transaction": 44
  },
  {
    "Index": 4314,
    "ObjectId": "Obj4314",
    "Attribute1": "Attr1",
    "Attribute2": "Attr2",
    "Attribute3": "Attr3",
    "Transaction": 44
  },
  {
    "Index": 4315,
    "ObjectId": "Obj4315",
    "Attribute1": "Attr1",
    "Attribute2": "Attr2",
    "Attribute3": "Attr3",
    "Transaction": 44
  },
  {
    "Index": 4316,
    "ObjectId": "Obj4316",
    "Attribute1": "Attr1",
    "Attribute2": "Attr2",
    "Attribute3": "Attr3",
    "Transaction": 44
  },
  {
    "Index": 4317,
    "ObjectId": "Obj4317",
    "Attribute1": "Attr1",
    "Attribute2": "Attr2",
    "Attribute3": "Attr3",
    "Transaction": 44
  },
  {
    "Index": 4318,
    "ObjectId": "Obj4318",
    "Attribute1": "Attr1",
    "Attribute2": "Attr2",
    "Attribute3": "Attr3",
    "Transaction": 44
  },
  {
    "Index": 4319,
    "ObjectId": "Obj4319",
    "Attribute1": "Attr1",
    "Attribute2": "Attr2",
    "Attribute3": "Attr3",
    "Transaction": 44
  },
  {
    "Index": 4320,
    "ObjectId": "Obj4320",
    "Attribute1": "Attr1",
    "Attribute2": "Attr2",
    "Attribute3": "Attr3",
    "Transaction": 44
  },
  {
    "Index": 4321,
    "ObjectId": "Obj4321",
    "Attribute1": "Attr1",
    "Attribute2": "Attr2",
    "Attribute3": "Attr3",
    "Transaction": 44
  },
  {
    "Index": 4322,
    "ObjectId": "Obj4322",
    "Attribute1": "Attr1",
    "Attribute2": "Attr2",
    "Attribute3": "Attr3",
    "Transaction": 44
  },
  {
    "Index": 4323,
    "ObjectId": "Obj4323",
    "Attribute1": "Attr1",
    "Attribute2": "Attr2",
    "Attribute3": "Attr3",
    "Transaction": 44
  },
  {
    "Index": 4324,
    "ObjectId": "Obj4324",
    "Attribute1": "Attr1",
    "Attribute2": "Attr2",
    "Attribute3": "Attr3",
    "Transaction": 44
  },
  {
    "Index": 4325,
    "ObjectId": "Obj4325",
    "Attribute1": "Attr1",
    "Attribute2": "Attr2",
    "Attribute3": "Attr3",
    "Transaction": 44
  },
  {
    "Index": 4326,
    "ObjectId": "Obj4326",
    "Attribute1": "Attr1",
    "Attribute2": "Attr2",
    "Attribute3": "Attr3",
    "Transaction": 44
  },
  {
    "Index": 4327,
    "ObjectId": "Obj4327",
    "Attribute1": "Attr1",
    "Attribute2": "Attr2",
    "Attribute3": "Attr3",
    "Transaction": 44
  },
  {
    "Index": 4328,
    "ObjectId": "Obj4328",
    "Attribute1": "Attr1",
    "Attribute2": "Attr2",
    "Attribute3": "Attr3",
    "Transaction": 44
  },
  {
    "Index": 4329,
    "ObjectId": "Obj4329",
    "Attribute1": "Attr1",
    "Attribute2": "Attr2",
    "Attribute3": "Attr3",
    "Transaction": 44
  },
  {
    "Index": 4330,
    "ObjectId": "Obj4330",
    "Attribute1": "Attr1",
    "Attribute2": "Attr2",
    "Attribute3": "Attr3",
    "Transaction": 44
  },
  {
    "Index": 4331,
    "ObjectId": "Obj4331",
    "Attribute1": "Attr1",
    "Attribute2": "Attr2",
    "Attribute3": "Attr3",
    "Transaction": 44
  },
  {
    "Index": 4332,
    "ObjectId": "Obj4332",
    "Attribute1": "Attr1",
    "Attribute2": "Attr2",
    "Attribute3": "Attr3",
    "Transaction": 44
  },
  {
    "Index": 4333,
    "ObjectId": "Obj4333",
    "Attribute1": "Attr1",
    "Attribute2": "Attr2",
    "Attribute3": "Attr3",
    "Transaction": 44
  },
  {
    "Index": 4334,
    "ObjectId": "Obj4334",
    "Attribute1": "Attr1",
    "Attribute2": "Attr2",
    "Attribute3": "Attr3",
    "Transaction": 44
  },
  {
    "Index": 4335,
    "ObjectId": "Obj4335",
    "Attribute1": "Attr1",
    "Attribute2": "Attr2",
    "Attribute3": "Attr3",
    "Transaction": 44
  },
  {
    "Index": 4336,
    "ObjectId": "Obj4336",
    "Attribute1": "Attr1",
    "Attribute2": "Attr2",
    "Attribute3": "Attr3",
    "Transaction": 44
  },
  {
    "Index": 4337,
    "ObjectId": "Obj4337",
    "Attribute1": "Attr1",
    "Attribute2": "Attr2",
    "Attribute3": "Attr3",
    "Transaction": 44
  },
  {
    "Index": 4338,
    "ObjectId": "Obj4338",
    "Attribute1": "Attr1",
    "Attribute2": "Attr2",
    "Attribute3": "Attr3",
    "Transaction": 44
  },
  {
    "Index": 4339,
    "ObjectId": "Obj4339",
    "Attribute1": "Attr1",
    "Attribute2": "Attr2",
    "Attribute3": "Attr3",
    "Transaction": 44
  },
  {
    "Index": 4340,
    "ObjectId": "Obj4340",
    "Attribute1": "Attr1",
    "Attribute2": "Attr2",
    "Attribute3": "Attr3",
    "Transaction": 44
  },
  {
    "Index": 4341,
    "ObjectId": "Obj4341",
    "Attribute1": "Attr1",
    "Attribute2": "Attr2",
    "Attribute3": "Attr3",
    "Transaction": 44
  },
  {
    "Index": 4342,
    "ObjectId": "Obj4342",
    "Attribute1": "Attr1",
    "Attribute2": "Attr2",
    "Attribute3": "Attr3",
    "Transaction": 44
  },
  {
    "Index": 4343,
    "ObjectId": "Obj4343",
    "Attribute1": "Attr1",
    "Attribute2": "Attr2",
    "Attribute3": "Attr3",
    "Transaction": 44
  },
  {
    "Index": 4344,
    "ObjectId": "Obj4344",
    "Attribute1": "Attr1",
    "Attribute2": "Attr2",
    "Attribute3": "Attr3",
    "Transaction": 44
  },
  {
    "Index": 4345,
    "ObjectId": "Obj4345",
    "Attribute1": "Attr1",
    "Attribute2": "Attr2",
    "Attribute3": "Attr3",
    "Transaction": 44
  },
  {
    "Index": 4346,
    "ObjectId": "Obj4346",
    "Attribute1": "Attr1",
    "Attribute2": "Attr2",
    "Attribute3": "Attr3",
    "Transaction": 44
  },
  {
    "Index": 4347,
    "ObjectId": "Obj4347",
    "Attribute1": "Attr1",
    "Attribute2": "Attr2",
    "Attribute3": "Attr3",
    "Transaction": 44
  },
  {
    "Index": 4348,
    "ObjectId": "Obj4348",
    "Attribute1": "Attr1",
    "Attribute2": "Attr2",
    "Attribute3": "Attr3",
    "Transaction": 44
  },
  {
    "Index": 4349,
    "ObjectId": "Obj4349",
    "Attribute1": "Attr1",
    "Attribute2": "Attr2",
    "Attribute3": "Attr3",
    "Transaction": 44
  },
  {
    "Index": 4350,
    "ObjectId": "Obj4350",
    "Attribute1": "Attr1",
    "Attribute2": "Attr2",
    "Attribute3": "Attr3",
    "Transaction": 44
  },
  {
    "Index": 4351,
    "ObjectId": "Obj4351",
    "Attribute1": "Attr1",
    "Attribute2": "Attr2",
    "Attribute3": "Attr3",
    "Transaction": 44
  },
  {
    "Index": 4352,
    "ObjectId": "Obj4352",
    "Attribute1": "Attr1",
    "Attribute2": "Attr2",
    "Attribute3": "Attr3",
    "Transaction": 44
  },
  {
    "Index": 4353,
    "ObjectId": "Obj4353",
    "Attribute1": "Attr1",
    "Attribute2": "Attr2",
    "Attribute3": "Attr3",
    "Transaction": 44
  },
  {
    "Index": 4354,
    "ObjectId": "Obj4354",
    "Attribute1": "Attr1",
    "Attribute2": "Attr2",
    "Attribute3": "Attr3",
    "Transaction": 44
  },
  {
    "Index": 4355,
    "ObjectId": "Obj4355",
    "Attribute1": "Attr1",
    "Attribute2": "Attr2",
    "Attribute3": "Attr3",
    "Transaction": 44
  },
  {
    "Index": 4356,
    "ObjectId": "Obj4356",
    "Attribute1": "Attr1",
    "Attribute2": "Attr2",
    "Attribute3": "Attr3",
    "Transaction": 44
  },
  {
    "Index": 4357,
    "ObjectId": "Obj4357",
    "Attribute1": "Attr1",
    "Attribute2": "Attr2",
    "Attribute3": "Attr3",
    "Transaction": 44
  },
  {
    "Index": 4358,
    "ObjectId": "Obj4358",
    "Attribute1": "Attr1",
    "Attribute2": "Attr2",
    "Attribute3": "Attr3",
    "Transaction": 44
  },
  {
    "Index": 4359,
    "ObjectId": "Obj4359",
    "Attribute1": "Attr1",
    "Attribute2": "Attr2",
    "Attribute3": "Attr3",
    "Transaction": 44
  },
  {
    "Index": 4360,
    "ObjectId": "Obj4360",
    "Attribute1": "Attr1",
    "Attribute2": "Attr2",
    "Attribute3": "Attr3",
    "Transaction": 44
  },
  {
    "Index": 4361,
    "ObjectId": "Obj4361",
    "Attribute1": "Attr1",
    "Attribute2": "Attr2",
    "Attribute3": "Attr3",
    "Transaction": 44
  },
  {
    "Index": 4362,
    "ObjectId": "Obj4362",
    "Attribute1": "Attr1",
    "Attribute2": "Attr2",
    "Attribute3": "Attr3",
    "Transaction": 44
  },
  {
    "Index": 4363,
    "ObjectId": "Obj4363",
    "Attribute1": "Attr1",
    "Attribute2": "Attr2",
    "Attribute3": "Attr3",
    "Transaction": 44
  },
  {
    "Index": 4364,
    "ObjectId": "Obj4364",
    "Attribute1": "Attr1",
    "Attribute2": "Attr2",
    "Attribute3": "Attr3",
    "Transaction": 44
  },
  {
    "Index": 4365,
    "ObjectId": "Obj4365",
    "Attribute1": "Attr1",
    "Attribute2": "Attr2",
    "Attribute3": "Attr3",
    "Transaction": 44
  },
  {
    "Index": 4366,
    "ObjectId": "Obj4366",
    "Attribute1": "Attr1",
    "Attribute2": "Attr2",
    "Attribute3": "Attr3",
    "Transaction": 44
  },
  {
    "Index": 4367,
    "ObjectId": "Obj4367",
    "Attribute1": "Attr1",
    "Attribute2": "Attr2",
    "Attribute3": "Attr3",
    "Transaction": 44
  },
  {
    "Index": 4368,
    "ObjectId": "Obj4368",
    "Attribute1": "Attr1",
    "Attribute2": "Attr2",
    "Attribute3": "Attr3",
    "Transaction": 44
  },
  {
    "Index": 4369,
    "ObjectId": "Obj4369",
    "Attribute1": "Attr1",
    "Attribute2": "Attr2",
    "Attribute3": "Attr3",
    "Transaction": 44
  },
  {
    "Index": 4370,
    "ObjectId": "Obj4370",
    "Attribute1": "Attr1",
    "Attribute2": "Attr2",
    "Attribute3": "Attr3",
    "Transaction": 44
  },
  {
    "Index": 4371,
    "ObjectId": "Obj4371",
    "Attribute1": "Attr1",
    "Attribute2": "Attr2",
    "Attribute3": "Attr3",
    "Transaction": 44
  },
  {
    "Index": 4372,
    "ObjectId": "Obj4372",
    "Attribute1": "Attr1",
    "Attribute2": "Attr2",
    "Attribute3": "Attr3",
    "Transaction": 44
  },
  {
    "Index": 4373,
    "ObjectId": "Obj4373",
    "Attribute1": "Attr1",
    "Attribute2": "Attr2",
    "Attribute3": "Attr3",
    "Transaction": 44
  },
  {
    "Index": 4374,
    "ObjectId": "Obj4374",
    "Attribute1": "Attr1",
    "Attribute2": "Attr2",
    "Attribute3": "Attr3",
    "Transaction": 44
  },
  {
    "Index": 4375,
    "ObjectId": "Obj4375",
    "Attribute1": "Attr1",
    "Attribute2": "Attr2",
    "Attribute3": "Attr3",
    "Transaction": 44
  },
  {
    "Index": 4376,
    "ObjectId": "Obj4376",
    "Attribute1": "Attr1",
    "Attribute2": "Attr2",
    "Attribute3": "Attr3",
    "Transaction": 44
  },
  {
    "Index": 4377,
    "ObjectId": "Obj4377",
    "Attribute1": "Attr1",
    "Attribute2": "Attr2",
    "Attribute3": "Attr3",
    "Transaction": 44
  },
  {
    "Index": 4378,
    "ObjectId": "Obj4378",
    "Attribute1": "Attr1",
    "Attribute2": "Attr2",
    "Attribute3": "Attr3",
    "Transaction": 44
  },
  {
    "Index": 4379,
    "ObjectId": "Obj4379",
    "Attribute1": "Attr1",
    "Attribute2": "Attr2",
    "Attribute3": "Attr3",
    "Transaction": 44
  },
  {
    "Index": 4380,
    "ObjectId": "Obj4380",
    "Attribute1": "Attr1",
    "Attribute2": "Attr2",
    "Attribute3": "Attr3",
    "Transaction": 44
  },
  {
    "Index": 4381,
    "ObjectId": "Obj4381",
    "Attribute1": "Attr1",
    "Attribute2": "Attr2",
    "Attribute3": "Attr3",
    "Transaction": 44
  },
  {
    "Index": 4382,
    "ObjectId": "Obj4382",
    "Attribute1": "Attr1",
    "Attribute2": "Attr2",
    "Attribute3": "Attr3",
    "Transaction": 44
  },
  {
    "Index": 4383,
    "ObjectId": "Obj4383",
    "Attribute1": "Attr1",
    "Attribute2": "Attr2",
    "Attribute3": "Attr3",
    "Transaction": 44
  },
  {
    "Index": 4384,
    "ObjectId": "Obj4384",
    "Attribute1": "Attr1",
    "Attribute2": "Attr2",
    "Attribute3": "Attr3",
    "Transaction": 44
  },
  {
    "Index": 4385,
    "ObjectId": "Obj4385",
    "Attribute1": "Attr1",
    "Attribute2": "Attr2",
    "Attribute3": "Attr3",
    "Transaction": 44
  },
  {
    "Index": 4386,
    "ObjectId": "Obj4386",
    "Attribute1": "Attr1",
    "Attribute2": "Attr2",
    "Attribute3": "Attr3",
    "Transaction": 44
  },
  {
    "Index": 4387,
    "ObjectId": "Obj4387",
    "Attribute1": "Attr1",
    "Attribute2": "Attr2",
    "Attribute3": "Attr3",
    "Transaction": 44
  },
  {
    "Index": 4388,
    "ObjectId": "Obj4388",
    "Attribute1": "Attr1",
    "Attribute2": "Attr2",
    "Attribute3": "Attr3",
    "Transaction": 44
  },
  {
    "Index": 4389,
    "ObjectId": "Obj4389",
    "Attribute1": "Attr1",
    "Attribute2": "Attr2",
    "Attribute3": "Attr3",
    "Transaction": 44
  },
  {
    "Index": 4390,
    "ObjectId": "Obj4390",
    "Attribute1": "Attr1",
    "Attribute2": "Attr2",
    "Attribute3": "Attr3",
    "Transaction": 44
  },
  {
    "Index": 4391,
    "ObjectId": "Obj4391",
    "Attribute1": "Attr1",
    "Attribute2": "Attr2",
    "Attribute3": "Attr3",
    "Transaction": 44
  },
  {
    "Index": 4392,
    "ObjectId": "Obj4392",
    "Attribute1": "Attr1",
    "Attribute2": "Attr2",
    "Attribute3": "Attr3",
    "Transaction": 44
  },
  {
    "Index": 4393,
    "ObjectId": "Obj4393",
    "Attribute1": "Attr1",
    "Attribute2": "Attr2",
    "Attribute3": "Attr3",
    "Transaction": 44
  },
  {
    "Index": 4394,
    "ObjectId": "Obj4394",
    "Attribute1": "Attr1",
    "Attribute2": "Attr2",
    "Attribute3": "Attr3",
    "Transaction": 44
  },
  {
    "Index": 4395,
    "ObjectId": "Obj4395",
    "Attribute1": "Attr1",
    "Attribute2": "Attr2",
    "Attribute3": "Attr3",
    "Transaction": 44
  },
  {
    "Index": 4396,
    "ObjectId": "Obj4396",
    "Attribute1": "Attr1",
    "Attribute2": "Attr2",
    "Attribute3": "Attr3",
    "Transaction": 44
  },
  {
    "Index": 4397,
    "ObjectId": "Obj4397",
    "Attribute1": "Attr1",
    "Attribute2": "Attr2",
    "Attribute3": "Attr3",
    "Transaction": 44
  },
  {
    "Index": 4398,
    "ObjectId": "Obj4398",
    "Attribute1": "Attr1",
    "Attribute2": "Attr2",
    "Attribute3": "Attr3",
    "Transaction": 44
  },
  {
    "Index": 4399,
    "ObjectId": "Obj4399",
    "Attribute1": "Attr1",
    "Attribute2": "Attr2",
    "Attribute3": "Attr3",
    "Transaction": 44
  },
  {
    "Index": 4400,
    "ObjectId": "Obj4400",
    "Attribute1": "Attr1",
    "Attribute2": "Attr2",
    "Attribute3": "Attr3",
    "Transaction": 44
  }
]