[
  {
    "Index": 9801,
    "ObjectId": "Obj9801",
    "Attribute1": "Attr1",
    "Attribute2": "Attr2",
    "Attribute3": "Attr3",
    "Transaction": 99
  },
  {
    "Index": 9802,
    "ObjectId": "Obj9802",
    "Attribute1": "Attr1",
    "Attribute2": "Attr2",
    "Attribute3": "Attr3",
    "Transaction": 99
  },
  {
    "Index": 9803,
    "ObjectId": "Obj9803",
    "Attribute1": "Attr1",
    "Attribute2": "Attr2",
    "Attribute3": "Attr3",
    "Transaction": 99
  },
  {
    "Index": 9804,
    "ObjectId": "Obj9804",
    "Attribute1": "Attr1",
    "Attribute2": "Attr2",
    "Attribute3": "Attr3",
    "Transaction": 99
  },
  {
    "Index": 9805,
    "ObjectId": "Obj9805",
    "Attribute1": "Attr1",
    "Attribute2": "Attr2",
    "Attribute3": "Attr3",
    "Transaction": 99
  },
  {
    "Index": 9806,
    "ObjectId": "Obj9806",
    "Attribute1": "Attr1",
    "Attribute2": "Attr2",
    "Attribute3": "Attr3",
    "Transaction": 99
  },
  {
    "Index": 9807,
    "ObjectId": "Obj9807",
    "Attribute1": "Attr1",
    "Attribute2": "Attr2",
    "Attribute3": "Attr3",
    "Transaction": 99
  },
  {
    "Index": 9808,
    "ObjectId": "Obj9808",
    "Attribute1": "Attr1",
    "Attribute2": "Attr2",
    "Attribute3": "Attr3",
    "Transaction": 99
  },
  {
    "Index": 9809,
    "ObjectId": "Obj9809",
    "Attribute1": "Attr1",
    "Attribute2": "Attr2",
    "Attribute3": "Attr3",
    "Transaction": 99
  },
  {
    "Index": 9810,
    "ObjectId": "Obj9810",
    "Attribute1": "Attr1",
    "Attribute2": "Attr2",
    "Attribute3": "Attr3",
    "Transaction": 99
  },
  {
    "Index": 9811,
    "ObjectId": "Obj9811",
    "Attribute1": "Attr1",
    "Attribute2": "Attr2",
    "Attribute3": "Attr3",
    "Transaction": 99
  },
  {
    "Index": 9812,
    "ObjectId": "Obj9812",
    "Attribute1": "Attr1",
    "Attribute2": "Attr2",
    "Attribute3": "Attr3",
    "Transaction": 99
  },
  {
    "Index": 9813,
    "ObjectId": "Obj9813",
    "Attribute1": "Attr1",
    "Attribute2": "Attr2",
    "Attribute3": "Attr3",
    "Transaction": 99
  },
  {
    "Index": 9814,
    "ObjectId": "Obj9814",
    "Attribute1": "Attr1",
    "Attribute2": "Attr2",
    "Attribute3": "Attr3",
    "Transaction": 99
  },
  {
    "Index": 9815,
    "ObjectId": "Obj9815",
    "Attribute1": "Attr1",
    "Attribute2": "Attr2",
    "Attribute3": "Attr3",
    "Transaction": 99
  },
  {
    "Index": 9816,
    "ObjectId": "Obj9816",
    "Attribute1": "Attr1",
    "Attribute2": "Attr2",
    "Attribute3": "Attr3",
    "Transaction": 99
  },
  {
    "Index": 9817,
    "ObjectId": "Obj9817",
    "Attribute1": "Attr1",
    "Attribute2": "Attr2",
    "Attribute3": "Attr3",
    "Transaction": 99
  },
  {
    "Index": 9818,
    "ObjectId": "Obj9818",
    "Attribute1": "Attr1",
    "Attribute2": "Attr2",
    "Attribute3": "Attr3",
    "Transaction": 99
  },
  {
    "Index": 9819,
    "ObjectId": "Obj9819",
    "Attribute1": "Attr1",
    "Attribute2": "Attr2",
    "Attribute3": "Attr3",
    "Transaction": 99
  },
  {
    "Index": 9820,
    "ObjectId": "Obj9820",
    "Attribute1": "Attr1",
    "Attribute2": "Attr2",
    "Attribute3": "Attr3",
    "Transaction": 99
  },
  {
    "Index": 9821,
    "ObjectId": "Obj9821",
    "Attribute1": "Attr1",
    "Attribute2": "Attr2",
    "Attribute3": "Attr3",
    "Transaction": 99
  },
  {
    "Index": 9822,
    "ObjectId": "Obj9822",
    "Attribute1": "Attr1",
    "Attribute2": "Attr2",
    "Attribute3": "Attr3",
    "Transaction": 99
  },
  {
    "Index": 9823,
    "ObjectId": "Obj9823",
    "Attribute1": "Attr1",
    "Attribute2": "Attr2",
    "Attribute3": "Attr3",
    "Transaction": 99
  },
  {
    "Index": 9824,
    "ObjectId": "Obj9824",
    "Attribute1": "Attr1",
    "Attribute2": "Attr2",
    "Attribute3": "Attr3",
    "Transaction": 99
  },
  {
    "Index": 9825,
    "ObjectId": "Obj9825",
    "Attribute1": "Attr1",
    "Attribute2": "Attr2",
    "Attribute3": "Attr3",
    "Transaction": 99
  },
  {
    "Index": 9826,
    "ObjectId": "Obj9826",
    "Attribute1": "Attr1",
    "Attribute2": "Attr2",
    "Attribute3": "Attr3",
    "Transaction": 99
  },
  {
    "Index": 9827,
    "ObjectId": "Obj9827",
    "Attribute1": "Attr1",
    "Attribute2": "Attr2",
    "Attribute3": "Attr3",
    "Transaction": 99
  },
  {
    "Index": 9828,
    "ObjectId": "Obj9828",
    "Attribute1": "Attr1",
    "Attribute2": "Attr2",
    "Attribute3": "Attr3",
    "Transaction": 99
  },
  {
    "Index": 9829,
    "ObjectId": "Obj9829",
    "Attribute1": "Attr1",
    "Attribute2": "Attr2",
    "Attribute3": "Attr3",
    "Transaction": 99
  },
  {
    "Index": 9830,
    "ObjectId": "Obj9830",
    "Attribute1": "Attr1",
    "Attribute2": "Attr2",
    "Attribute3": "Attr3",
    "Transaction": 99
  },
  {
    "Index": 9831,
    "ObjectId": "Obj9831",
    "Attribute1": "Attr1",
    "Attribute2": "Attr2",
    "Attribute3": "Attr3",
    "Transaction": 99
  },
  {
    "Index": 9832,
    "ObjectId": "Obj9832",
    "Attribute1": "Attr1",
    "Attribute2": "Attr2",
    "Attribute3": "Attr3",
    "Transaction": 99
  },
  {
    "Index": 9833,
    "ObjectId": "Obj9833",
    "Attribute1": "Attr1",
    "Attribute2": "Attr2",
    "Attribute3": "Attr3",
    "Transaction": 99
  },
  {
    "Index": 9834,
    "ObjectId": "Obj9834",
    "Attribute1": "Attr1",
    "Attribute2": "Attr2",
    "Attribute3": "Attr3",
    "Transaction": 99
  },
  {
    "Index": 9835,
    "ObjectId": "Obj9835",
    "Attribute1": "Attr1",
    "Attribute2": "Attr2",
    "Attribute3": "Attr3",
    "Transaction": 99
  },
  {
    "Index": 9836,
    "ObjectId": "Obj9836",
    "Attribute1": "Attr1",
    "Attribute2": "Attr2",
    "Attribute3": "Attr3",
    "Transaction": 99
  },
  {
    "Index": 9837,
    "ObjectId": "Obj9837",
    "Attribute1": "Attr1",
    "Attribute2": "Attr2",
    "Attribute3": "Attr3",
    "Transaction": 99
  },
  {
    "Index": 9838,
    "ObjectId": "Obj9838",
    "Attribute1": "Attr1",
    "Attribute2": "Attr2",
    "Attribute3": "Attr3",
    "Transaction": 99
  },
  {
    "Index": 9839,
    "ObjectId": "Obj9839",
    "Attribute1": "Attr1",
    "Attribute2": "Attr2",
    "Attribute3": "Attr3",
    "Transaction": 99
  },
  {
    "Index": 9840,
    "ObjectId": "Obj9840",
    "Attribute1": "Attr1",
    "Attribute2": "Attr2",
    "Attribute3": "Attr3",
    "Transaction": 99
  },
  {
    "Index": 9841,
    "ObjectId": "Obj9841",
    "Attribute1": "Attr1",
    "Attribute2": "Attr2",
    "Attribute3": "Attr3",
    "Transaction": 99
  },
  {
    "Index": 9842,
    "ObjectId": "Obj9842",
    "Attribute1": "Attr1",
    "Attribute2": "Attr2",
    "Attribute3": "Attr3",
    "Transaction": 99
  },
  {
    "Index": 9843,
    "ObjectId": "Obj9843",
    "Attribute1": "Attr1",
    "Attribute2": "Attr2",
    "Attribute3": "Attr3",
    "Transaction": 99
  },
  {
    "Index": 9844,
    "ObjectId": "Obj9844",
    "Attribute1": "Attr1",
    "Attribute2": "Attr2",
    "Attribute3": "Attr3",
    "Transaction": 99
  },
  {
    "Index": 9845,
    "ObjectId": "Obj9845",
    "Attribute1": "Attr1",
    "Attribute2": "Attr2",
    "Attribute3": "Attr3",
    "Transaction": 99
  },
  {
    "Index": 9846,
    "ObjectId": "Obj9846",
    "Attribute1": "Attr1",
    "Attribute2": "Attr2",
    "Attribute3": "Attr3",
    "Transaction": 99
  },
  {
    "Index": 9847,
    "ObjectId": "Obj9847",
    "Attribute1": "Attr1",
    "Attribute2": "Attr2",
    "Attribute3": "Attr3",
    "Transaction": 99
  },
  {
    "Index": 9848,
    "ObjectId": "Obj9848",
    "Attribute1": "Attr1",
    "Attribute2": "Attr2",
    "Attribute3": "Attr3",
    "Transaction": 99
  },
  {
    "Index": 9849,
    "ObjectId": "Obj9849",
    "Attribute1": "Attr1",
    "Attribute2": "Attr2",
    "Attribute3": "Attr3",
    "Transaction": 99
  },
  {
    "Index": 9850,
    "ObjectId": "Obj9850",
    "Attribute1": "Attr1",
    "Attribute2": "Attr2",
    "Attribute3": "Attr3",
    "Transaction": 99
  },
  {
    "Index": 9851,
    "ObjectId": "Obj9851",
    "Attribute1": "Attr1",
    "Attribute2": "Attr2",
    "Attribute3": "Attr3",
    "Transaction": 99
  },
  {
    "Index": 9852,
    "ObjectId": "Obj9852",
    "Attribute1": "Attr1",
    "Attribute2": "Attr2",
    "Attribute3": "Attr3",
    "Transaction": 99
  },
  {
    "Index": 9853,
    "ObjectId": "Obj9853",
    "Attribute1": "Attr1",
    "Attribute2": "Attr2",
    "Attribute3": "Attr3",
    "Transaction": 99
  },
  {
    "Index": 9854,
    "ObjectId": "Obj9854",
    "Attribute1": "Attr1",
    "Attribute2": "Attr2",
    "Attribute3": "Attr3",
    "Transaction": 99
  },
  {
    "Index": 9855,
    "ObjectId": "Obj9855",
    "Attribute1": "Attr1",
    "Attribute2": "Attr2",
    "Attribute3": "Attr3",
    "Transaction": 99
  },
  {
    "Index": 9856,
    "ObjectId": "Obj9856",
    "Attribute1": "Attr1",
    "Attribute2": "Attr2",
    "Attribute3": "Attr3",
    "Transaction": 99
  },
  {
    "Index": 9857,
    "ObjectId": "Obj9857",
    "Attribute1": "Attr1",
    "Attribute2": "Attr2",
    "Attribute3": "Attr3",
    "Transaction": 99
  },
  {
    "Index": 9858,
    "ObjectId": "Obj9858",
    "Attribute1": "Attr1",
    "Attribute2": "Attr2",
    "Attribute3": "Attr3",
    "Transaction": 99
  },
  {
    "Index": 9859,
    "ObjectId": "Obj9859",
    "Attribute1": "Attr1",
    "Attribute2": "Attr2",
    "Attribute3": "Attr3",
    "Transaction": 99
  },
  {
    "Index": 9860,
    "ObjectId": "Obj9860",
    "Attribute1": "Attr1",
    "Attribute2": "Attr2",
    "Attribute3": "Attr3",
    "Transaction": 99
  },
  {
    "Index": 9861,
    "ObjectId": "Obj9861",
    "Attribute1": "Attr1",
    "Attribute2": "Attr2",
    "Attribute3": "Attr3",
    "Transaction": 99
  },
  {
    "Index": 9862,
    "ObjectId": "Obj9862",
    "Attribute1": "Attr1",
    "Attribute2": "Attr2",
    "Attribute3": "Attr3",
    "Transaction": 99
  },
  {
    "Index": 9863,
    "ObjectId": "Obj9863",
    "Attribute1": "Attr1",
    "Attribute2": "Attr2",
    "Attribute3": "Attr3",
    "Transaction": 99
  },
  {
    "Index": 9864,
    "ObjectId": "Obj9864",
    "Attribute1": "Attr1",
    "Attribute2": "Attr2",
    "Attribute3": "Attr3",
    "Transaction": 99
  },
  {
    "Index": 9865,
    "ObjectId": "Obj9865",
    "Attribute1": "Attr1",
    "Attribute2": "Attr2",
    "Attribute3": "Attr3",
    "Transaction": 99
  },
  {
    "Index": 9866,
    "ObjectId": "Obj9866",
    "Attribute1": "Attr1",
    "Attribute2": "Attr2",
    "Attribute3": "Attr3",
    "Transaction": 99
  },
  {
    "Index": 9867,
    "ObjectId": "Obj9867",
    "Attribute1": "Attr1",
    "Attribute2": "Attr2",
    "Attribute3": "Attr3",
    "Transaction": 99
  },
  {
    "Index": 9868,
    "ObjectId": "Obj9868",
    "Attribute1": "Attr1",
    "Attribute2": "Attr2",
    "Attribute3": "Attr3",
    "Transaction": 99
  },
  {
    "Index": 9869,
    "ObjectId": "Obj9869",
    "Attribute1": "Attr1",
    "Attribute2": "Attr2",
    "Attribute3": "Attr3",
    "Transaction": 99
  },
  {
    "Index": 9870,
    "ObjectId": "Obj9870",
    "Attribute1": "Attr1",
    "Attribute2": "Attr2",
    "Attribute3": "Attr3",
    "Transaction": 99
  },
  {
    "Index": 9871,
    "ObjectId": "Obj9871",
    "Attribute1": "Attr1",
    "Attribute2": "Attr2",
    "Attribute3": "Attr3",
    "Transaction": 99
  },
  {
    "Index": 9872,
    "ObjectId": "Obj9872",
    "Attribute1": "Attr1",
    "Attribute2": "Attr2",
    "Attribute3": "Attr3",
    "Transaction": 99
  },
  {
    "Index": 9873,
    "ObjectId": "Obj9873",
    "Attribute1": "Attr1",
    "Attribute2": "Attr2",
    "Attribute3": "Attr3",
    "Transaction": 99
  },
  {
    "Index": 9874,
    "ObjectId": "Obj9874",
    "Attribute1": "Attr1",
    "Attribute2": "Attr2",
    "Attribute3": "Attr3",
    "Transaction": 99
  },
  {
    "Index": 9875,
    "ObjectId": "Obj9875",
    "Attribute1": "Attr1",
    "Attribute2": "Attr2",
    "Attribute3": "Attr3",
    "Transaction": 99
  },
  {
    "Index": 9876,
    "ObjectId": "Obj9876",
    "Attribute1": "Attr1",
    "Attribute2": "Attr2",
    "Attribute3": "Attr3",
    "Transaction": 99
  },
  {
    "Index": 9877,
    "ObjectId": "Obj9877",
    "Attribute1": "Attr1",
    "Attribute2": "Attr2",
    "Attribute3": "Attr3",
    "Transaction": 99
  },
  {
    "Index": 9878,
    "ObjectId": "Obj9878",
    "Attribute1": "Attr1",
    "Attribute2": "Attr2",
    "Attribute3": "Attr3",
    "Transaction": 99
  },
  {
    "Index": 9879,
    "ObjectId": "Obj9879",
    "Attribute1": "Attr1",
    "Attribute2": "Attr2",
    "Attribute3": "Attr3",
    "Transaction": 99
  },
  {
    "Index": 9880,
    "ObjectId": "Obj9880",
    "Attribute1": "Attr1",
    "Attribute2": "Attr2",
    "Attribute3": "Attr3",
    "Transaction": 99
  },
  {
    "Index": 9881,
    "ObjectId": "Obj9881",
    "Attribute1": "Attr1",
    "Attribute2": "Attr2",
    "Attribute3": "Attr3",
    "Transaction": 99
  },
  {
    "Index": 9882,
    "ObjectId": "Obj9882",
    "Attribute1": "Attr1",
    "Attribute2": "Attr2",
    "Attribute3": "Attr3",
    "Transaction": 99
  },
  {
    "Index": 9883,
    "ObjectId": "Obj9883",
    "Attribute1": "Attr1",
    "Attribute2": "Attr2",
    "Attribute3": "Attr3",
    "Transaction": 99
  },
  {
    "Index": 9884,
    "ObjectId": "Obj9884",
    "Attribute1": "Attr1",
    "Attribute2": "Attr2",
    "Attribute3": "Attr3",
    "Transaction": 99
  },
  {
    "Index": 9885,
    "ObjectId": "Obj9885",
    "Attribute1": "Attr1",
    "Attribute2": "Attr2",
    "Attribute3": "Attr3",
    "Transaction": 99
  },
  {
    "Index": 9886,
    "ObjectId": "Obj9886",
    "Attribute1": "Attr1",
    "Attribute2": "Attr2",
    "Attribute3": "Attr3",
    "Transaction": 99
  },
  {
    "Index": 9887,
    "ObjectId": "Obj9887",
    "Attribute1": "Attr1",
    "Attribute2": "Attr2",
    "Attribute3": "Attr3",
    "Transaction": 99
  },
  {
    "Index": 9888,
    "ObjectId": "Obj9888",
    "Attribute1": "Attr1",
    "Attribute2": "Attr2",
    "Attribute3": "Attr3",
    "Transaction": 99
  },
  {
    "Index": 9889,
    "ObjectId": "Obj9889",
    "Attribute1": "Attr1",
    "Attribute2": "Attr2",
    "Attribute3": "Attr3",
    "Transaction": 99
  },
  {
    "Index": 9890,
    "ObjectId": "Obj9890",
    "Attribute1": "Attr1",
    "Attribute2": "Attr2",
    "Attribute3": "Attr3",
    "Transaction": 99
  },
  {
    "Index": 9891,
    "ObjectId": "Obj9891",
    "Attribute1": "Attr1",
    "Attribute2": "Attr2",
    "Attribute3": "Attr3",
    "Transaction": 99
  },
  {
    "Index": 9892,
    "ObjectId": "Obj9892",
    "Attribute1": "Attr1",
    "Attribute2": "Attr2",
    "Attribute3": "Attr3",
    "Transaction": 99
  },
  {
    "Index": 9893,
    "ObjectId": "Obj9893",
    "Attribute1": "Attr1",
    "Attribute2": "Attr2",
    "Attribute3": "Attr3",
    "Transaction": 99
  },
  {
    "Index": 9894,
    "ObjectId": "Obj9894",
    "Attribute1": "Attr1",
    "Attribute2": "Attr2",
    "Attribute3": "Attr3",
    "Transaction": 99
  },
  {
    "Index": 9895,
    "ObjectId": "Obj9895",
    "Attribute1": "Attr1",
    "Attribute2": "Attr2",
    "Attribute3": "Attr3",
    "Transaction": 99
  },
  {
    "Index": 9896,
    "ObjectId": "Obj9896",
    "Attribute1": "Attr1",
    "Attribute2": "Attr2",
    "Attribute3": "Attr3",
    "Transaction": 99
  },
  {
    "Index": 9897,
    "ObjectId": "Obj9897",
    "Attribute1": "Attr1",
    "Attribute2": "Attr2",
    "Attribute3": "Attr3",
    "Transaction": 99
  },
  {
    "Index": 9898,
    "ObjectId": "Obj9898",
    "Attribute1": "Attr1",
    "Attribute2": "Attr2",
    "Attribute3": "Attr3",
    "Transaction": 99
  },
  {
    "Index": 9899,
    "ObjectId": "Obj9899",
    "Attribute1": "Attr1",
    "Attribute2": "Attr2",
    "Attribute3": "Attr3",
    "Transaction": 99
  },
  {
    "Index": 9900,
    "ObjectId": "Obj9900",
    "Attribute1": "Attr1",
    "Attribute2": "Attr2",
    "Attribute3": "Attr3",
    "Transaction": 99
  }
]