[
  {
    "Index": 401,
    "ObjectId": "Obj401",
    "Attribute1": "Attr1",
    "Attribute2": "Attr2",
    "Attribute3": "Attr3",
    "Transaction": 5
  },
  {
    "Index": 402,
    "ObjectId": "Obj402",
    "Attribute1": "Attr1",
    "Attribute2": "Attr2",
    "Attribute3": "Attr3",
    "Transaction": 5
  },
  {
    "Index": 403,
    "ObjectId": "Obj403",
    "Attribute1": "Attr1",
    "Attribute2": "Attr2",
    "Attribute3": "Attr3",
    "Transaction": 5
  },
  {
    "Index": 404,
    "ObjectId": "Obj404",
    "Attribute1": "Attr1",
    "Attribute2": "Attr2",
    "Attribute3": "Attr3",
    "Transaction": 5
  },
  {
    "Index": 405,
    "ObjectId": "Obj405",
    "Attribute1": "Attr1",
    "Attribute2": "Attr2",
    "Attribute3": "Attr3",
    "Transaction": 5
  },
  {
    "Index": 406,
    "ObjectId": "Obj406",
    "Attribute1": "Attr1",
    "Attribute2": "Attr2",
    "Attribute3": "Attr3",
    "Transaction": 5
  },
  {
    "Index": 407,
    "ObjectId": "Obj407",
    "Attribute1": "Attr1",
    "Attribute2": "Attr2",
    "Attribute3": "Attr3",
    "Transaction": 5
  },
  {
    "Index": 408,
    "ObjectId": "Obj408",
    "Attribute1": "Attr1",
    "Attribute2": "Attr2",
    "Attribute3": "Attr3",
    "Transaction": 5
  },
  {
    "Index": 409,
    "ObjectId": "Obj409",
    "Attribute1": "Attr1",
    "Attribute2": "Attr2",
    "Attribute3": "Attr3",
    "Transaction": 5
  },
  {
    "Index": 410,
    "ObjectId": "Obj410",
    "Attribute1": "Attr1",
    "Attribute2": "Attr2",
    "Attribute3": "Attr3",
    "Transaction": 5
  },
  {
    "Index": 411,
    "ObjectId": "Obj411",
    "Attribute1": "Attr1",
    "Attribute2": "Attr2",
    "Attribute3": "Attr3",
    "Transaction": 5
  },
  {
    "Index": 412,
    "ObjectId": "Obj412",
    "Attribute1": "Attr1",
    "Attribute2": "Attr2",
    "Attribute3": "Attr3",
    "Transaction": 5
  },
  {
    "Index": 413,
    "ObjectId": "Obj413",
    "Attribute1": "Attr1",
    "Attribute2": "Attr2",
    "Attribute3": "Attr3",
    "Transaction": 5
  },
  {
    "Index": 414,
    "ObjectId": "Obj414",
    "Attribute1": "Attr1",
    "Attribute2": "Attr2",
    "Attribute3": "Attr3",
    "Transaction": 5
  },
  {
    "Index": 415,
    "ObjectId": "Obj415",
    "Attribute1": "Attr1",
    "Attribute2": "Attr2",
    "Attribute3": "Attr3",
    "Transaction": 5
  },
  {
    "Index": 416,
    "ObjectId": "Obj416",
    "Attribute1": "Attr1",
    "Attribute2": "Attr2",
    "Attribute3": "Attr3",
    "Transaction": 5
  },
  {
    "Index": 417,
    "ObjectId": "Obj417",
    "Attribute1": "Attr1",
    "Attribute2": "Attr2",
    "Attribute3": "Attr3",
    "Transaction": 5
  },
  {
    "Index": 418,
    "ObjectId": "Obj418",
    "Attribute1": "Attr1",
    "Attribute2": "Attr2",
    "Attribute3": "Attr3",
    "Transaction": 5
  },
  {
    "Index": 419,
    "ObjectId": "Obj419",
    "Attribute1": "Attr1",
    "Attribute2": "Attr2",
    "Attribute3": "Attr3",
    "Transaction": 5
  },
  {
    "Index": 420,
    "ObjectId": "Obj420",
    "Attribute1": "Attr1",
    "Attribute2": "Attr2",
    "Attribute3": "Attr3",
    "Transaction": 5
  },
  {
    "Index": 421,
    "ObjectId": "Obj421",
    "Attribute1": "Attr1",
    "Attribute2": "Attr2",
    "Attribute3": "Attr3",
    "Transaction": 5
  },
  {
    "Index": 422,
    "ObjectId": "Obj422",
    "Attribute1": "Attr1",
    "Attribute2": "Attr2",
    "Attribute3": "Attr3",
    "Transaction": 5
  },
  {
    "Index": 423,
    "ObjectId": "Obj423",
    "Attribute1": "Attr1",
    "Attribute2": "Attr2",
    "Attribute3": "Attr3",
    "Transaction": 5
  },
  {
    "Index": 424,
    "ObjectId": "Obj424",
    "Attribute1": "Attr1",
    "Attribute2": "Attr2",
    "Attribute3": "Attr3",
    "Transaction": 5
  },
  {
    "Index": 425,
    "ObjectId": "Obj425",
    "Attribute1": "Attr1",
    "Attribute2": "Attr2",
    "Attribute3": "Attr3",
    "Transaction": 5
  },
  {
    "Index": 426,
    "ObjectId": "Obj426",
    "Attribute1": "Attr1",
    "Attribute2": "Attr2",
    "Attribute3": "Attr3",
    "Transaction": 5
  },
  {
    "Index": 427,
    "ObjectId": "Obj427",
    "Attribute1": "Attr1",
    "Attribute2": "Attr2",
    "Attribute3": "Attr3",
    "Transaction": 5
  },
  {
    "Index": 428,
    "ObjectId": "Obj428",
    "Attribute1": "Attr1",
    "Attribute2": "Attr2",
    "Attribute3": "Attr3",
    "Transaction": 5
  },
  {
    "Index": 429,
    "ObjectId": "Obj429",
    "Attribute1": "Attr1",
    "Attribute2": "Attr2",
    "Attribute3": "Attr3",
    "Transaction": 5
  },
  {
    "Index": 430,
    "ObjectId": "Obj430",
    "Attribute1": "Attr1",
    "Attribute2": "Attr2",
    "Attribute3": "Attr3",
    "Transaction": 5
  },
  {
    "Index": 431,
    "ObjectId": "Obj431",
    "Attribute1": "Attr1",
    "Attribute2": "Attr2",
    "Attribute3": "Attr3",
    "Transaction": 5
  },
  {
    "Index": 432,
    "ObjectId": "Obj432",
    "Attribute1": "Attr1",
    "Attribute2": "Attr2",
    "Attribute3": "Attr3",
    "Transaction": 5
  },
  {
    "Index": 433,
    "ObjectId": "Obj433",
    "Attribute1": "Attr1",
    "Attribute2": "Attr2",
    "Attribute3": "Attr3",
    "Transaction": 5
  },
  {
    "Index": 434,
    "ObjectId": "Obj434",
    "Attribute1": "Attr1",
    "Attribute2": "Attr2",
    "Attribute3": "Attr3",
    "Transaction": 5
  },
  {
    "Index": 435,
    "ObjectId": "Obj435",
    "Attribute1": "Attr1",
    "Attribute2": "Attr2",
    "Attribute3": "Attr3",
    "Transaction": 5
  },
  {
    "Index": 436,
    "ObjectId": "Obj436",
    "Attribute1": "Attr1",
    "Attribute2": "Attr2",
    "Attribute3": "Attr3",
    "Transaction": 5
  },
  {
    "Index": 437,
    "ObjectId": "Obj437",
    "Attribute1": "Attr1",
    "Attribute2": "Attr2",
    "Attribute3": "Attr3",
    "Transaction": 5
  },
  {
    "Index": 438,
    "ObjectId": "Obj438",
    "Attribute1": "Attr1",
    "Attribute2": "Attr2",
    "Attribute3": "Attr3",
    "Transaction": 5
  },
  {
    "Index": 439,
    "ObjectId": "Obj439",
    "Attribute1": "Attr1",
    "Attribute2": "Attr2",
    "Attribute3": "Attr3",
    "Transaction": 5
  },
  {
    "Index": 440,
    "ObjectId": "Obj440",
    "Attribute1": "Attr1",
    "Attribute2": "Attr2",
    "Attribute3": "Attr3",
    "Transaction": 5
  },
  {
    "Index": 441,
    "ObjectId": "Obj441",
    "Attribute1": "Attr1",
    "Attribute2": "Attr2",
    "Attribute3": "Attr3",
    "Transaction": 5
  },
  {
    "Index": 442,
    "ObjectId": "Obj442",
    "Attribute1": "Attr1",
    "Attribute2": "Attr2",
    "Attribute3": "Attr3",
    "Transaction": 5
  },
  {
    "Index": 443,
    "ObjectId": "Obj443",
    "Attribute1": "Attr1",
    "Attribute2": "Attr2",
    "Attribute3": "Attr3",
    "Transaction": 5
  },
  {
    "Index": 444,
    "ObjectId": "Obj444",
    "Attribute1": "Attr1",
    "Attribute2": "Attr2",
    "Attribute3": "Attr3",
    "Transaction": 5
  },
  {
    "Index": 445,
    "ObjectId": "Obj445",
    "Attribute1": "Attr1",
    "Attribute2": "Attr2",
    "Attribute3": "Attr3",
    "Transaction": 5
  },
  {
    "Index": 446,
    "ObjectId": "Obj446",
    "Attribute1": "Attr1",
    "Attribute2": "Attr2",
    "Attribute3": "Attr3",
    "Transaction": 5
  },
  {
    "Index": 447,
    "ObjectId": "Obj447",
    "Attribute1": "Attr1",
    "Attribute2": "Attr2",
    "Attribute3": "Attr3",
    "Transaction": 5
  },
  {
    "Index": 448,
    "ObjectId": "Obj448",
    "Attribute1": "Attr1",
    "Attribute2": "Attr2",
    "Attribute3": "Attr3",
    "Transaction": 5
  },
  {
    "Index": 449,
    "ObjectId": "Obj449",
    "Attribute1": "Attr1",
    "Attribute2": "Attr2",
    "Attribute3": "Attr3",
    "Transaction": 5
  },
  {
    "Index": 450,
    "ObjectId": "Obj450",
    "Attribute1": "Attr1",
    "Attribute2": "Attr2",
    "Attribute3": "Attr3",
    "Transaction": 5
  },
  {
    "Index": 451,
    "ObjectId": "Obj451",
    "Attribute1": "Attr1",
    "Attribute2": "Attr2",
    "Attribute3": "Attr3",
    "Transaction": 5
  },
  {
    "Index": 452,
    "ObjectId": "Obj452",
    "Attribute1": "Attr1",
    "Attribute2": "Attr2",
    "Attribute3": "Attr3",
    "Transaction": 5
  },
  {
    "Index": 453,
    "ObjectId": "Obj453",
    "Attribute1": "Attr1",
    "Attribute2": "Attr2",
    "Attribute3": "Attr3",
    "Transaction": 5
  },
  {
    "Index": 454,
    "ObjectId": "Obj454",
    "Attribute1": "Attr1",
    "Attribute2": "Attr2",
    "Attribute3": "Attr3",
    "Transaction": 5
  },
  {
    "Index": 455,
    "ObjectId": "Obj455",
    "Attribute1": "Attr1",
    "Attribute2": "Attr2",
    "Attribute3": "Attr3",
    "Transaction": 5
  },
  {
    "Index": 456,
    "ObjectId": "Obj456",
    "Attribute1": "Attr1",
    "Attribute2": "Attr2",
    "Attribute3": "Attr3",
    "Transaction": 5
  },
  {
    "Index": 457,
    "ObjectId": "Obj457",
    "Attribute1": "Attr1",
    "Attribute2": "Attr2",
    "Attribute3": "Attr3",
    "Transaction": 5
  },
  {
    "Index": 458,
    "ObjectId": "Obj458",
    "Attribute1": "Attr1",
    "Attribute2": "Attr2",
    "Attribute3": "Attr3",
    "Transaction": 5
  },
  {
    "Index": 459,
    "ObjectId": "Obj459",
    "Attribute1": "Attr1",
    "Attribute2": "Attr2",
    "Attribute3": "Attr3",
    "Transaction": 5
  },
  {
    "Index": 460,
    "ObjectId": "Obj460",
    "Attribute1": "Attr1",
    "Attribute2": "Attr2",
    "Attribute3": "Attr3",
    "Transaction": 5
  },
  {
    "Index": 461,
    "ObjectId": "Obj461",
    "Attribute1": "Attr1",
    "Attribute2": "Attr2",
    "Attribute3": "Attr3",
    "Transaction": 5
  },
  {
    "Index": 462,
    "ObjectId": "Obj462",
    "Attribute1": "Attr1",
    "Attribute2": "Attr2",
    "Attribute3": "Attr3",
    "Transaction": 5
  },
  {
    "Index": 463,
    "ObjectId": "Obj463",
    "Attribute1": "Attr1",
    "Attribute2": "Attr2",
    "Attribute3": "Attr3",
    "Transaction": 5
  },
  {
    "Index": 464,
    "ObjectId": "Obj464",
    "Attribute1": "Attr1",
    "Attribute2": "Attr2",
    "Attribute3": "Attr3",
    "Transaction": 5
  },
  {
    "Index": 465,
    "ObjectId": "Obj465",
    "Attribute1": "Attr1",
    "Attribute2": "Attr2",
    "Attribute3": "Attr3",
    "Transaction": 5
  },
  {
    "Index": 466,
    "ObjectId": "Obj466",
    "Attribute1": "Attr1",
    "Attribute2": "Attr2",
    "Attribute3": "Attr3",
    "Transaction": 5
  },
  {
    "Index": 467,
    "ObjectId": "Obj467",
    "Attribute1": "Attr1",
    "Attribute2": "Attr2",
    "Attribute3": "Attr3",
    "Transaction": 5
  },
  {
    "Index": 468,
    "ObjectId": "Obj468",
    "Attribute1": "Attr1",
    "Attribute2": "Attr2",
    "Attribute3": "Attr3",
    "Transaction": 5
  },
  {
    "Index": 469,
    "ObjectId": "Obj469",
    "Attribute1": "Attr1",
    "Attribute2": "Attr2",
    "Attribute3": "Attr3",
    "Transaction": 5
  },
  {
    "Index": 470,
    "ObjectId": "Obj470",
    "Attribute1": "Attr1",
    "Attribute2": "Attr2",
    "Attribute3": "Attr3",
    "Transaction": 5
  },
  {
    "Index": 471,
    "ObjectId": "Obj471",
    "Attribute1": "Attr1",
    "Attribute2": "Attr2",
    "Attribute3": "Attr3",
    "Transaction": 5
  },
  {
    "Index": 472,
    "ObjectId": "Obj472",
    "Attribute1": "Attr1",
    "Attribute2": "Attr2",
    "Attribute3": "Attr3",
    "Transaction": 5
  },
  {
    "Index": 473,
    "ObjectId": "Obj473",
    "Attribute1": "Attr1",
    "Attribute2": "Attr2",
    "Attribute3": "Attr3",
    "Transaction": 5
  },
  {
    "Index": 474,
    "ObjectId": "Obj474",
    "Attribute1": "Attr1",
    "Attribute2": "Attr2",
    "Attribute3": "Attr3",
    "Transaction": 5
  },
  {
    "Index": 475,
    "ObjectId": "Obj475",
    "Attribute1": "Attr1",
    "Attribute2": "Attr2",
    "Attribute3": "Attr3",
    "Transaction": 5
  },
  {
    "Index": 476,
    "ObjectId": "Obj476",
    "Attribute1": "Attr1",
    "Attribute2": "Attr2",
    "Attribute3": "Attr3",
    "Transaction": 5
  },
  {
    "Index": 477,
    "ObjectId": "Obj477",
    "Attribute1": "Attr1",
    "Attribute2": "Attr2",
    "Attribute3": "Attr3",
    "Transaction": 5
  },
  {
    "Index": 478,
    "ObjectId": "Obj478",
    "Attribute1": "Attr1",
    "Attribute2": "Attr2",
    "Attribute3": "Attr3",
    "Transaction": 5
  },
  {
    "Index": 479,
    "ObjectId": "Obj479",
    "Attribute1": "Attr1",
    "Attribute2": "Attr2",
    "Attribute3": "Attr3",
    "Transaction": 5
  },
  {
    "Index": 480,
    "ObjectId": "Obj480",
    "Attribute1": "Attr1",
    "Attribute2": "Attr2",
    "Attribute3": "Attr3",
    "Transaction": 5
  },
  {
    "Index": 481,
    "ObjectId": "Obj481",
    "Attribute1": "Attr1",
    "Attribute2": "Attr2",
    "Attribute3": "Attr3",
    "Transaction": 5
  },
  {
    "Index": 482,
    "ObjectId": "Obj482",
    "Attribute1": "Attr1",
    "Attribute2": "Attr2",
    "Attribute3": "Attr3",
    "Transaction": 5
  },
  {
    "Index": 483,
    "ObjectId": "Obj483",
    "Attribute1": "Attr1",
    "Attribute2": "Attr2",
    "Attribute3": "Attr3",
    "Transaction": 5
  },
  {
    "Index": 484,
    "ObjectId": "Obj484",
    "Attribute1": "Attr1",
    "Attribute2": "Attr2",
    "Attribute3": "Attr3",
    "Transaction": 5
  },
  {
    "Index": 485,
    "ObjectId": "Obj485",
    "Attribute1": "Attr1",
    "Attribute2": "Attr2",
    "Attribute3": "Attr3",
    "Transaction": 5
  },
  {
    "Index": 486,
    "ObjectId": "Obj486",
    "Attribute1": "Attr1",
    "Attribute2": "Attr2",
    "Attribute3": "Attr3",
    "Transaction": 5
  },
  {
    "Index": 487,
    "ObjectId": "Obj487",
    "Attribute1": "Attr1",
    "Attribute2": "Attr2",
    "Attribute3": "Attr3",
    "Transaction": 5
  },
  {
    "Index": 488,
    "ObjectId": "Obj488",
    "Attribute1": "Attr1",
    "Attribute2": "Attr2",
    "Attribute3": "Attr3",
    "Transaction": 5
  },
  {
    "Index": 489,
    "ObjectId": "Obj489",
    "Attribute1": "Attr1",
    "Attribute2": "Attr2",
    "Attribute3": "Attr3",
    "Transaction": 5
  },
  {
    "Index": 490,
    "ObjectId": "Obj490",
    "Attribute1": "Attr1",
    "Attribute2": "Attr2",
    "Attribute3": "Attr3",
    "Transaction": 5
  },
  {
    "Index": 491,
    "ObjectId": "Obj491",
    "Attribute1": "Attr1",
    "Attribute2": "Attr2",
    "Attribute3": "Attr3",
    "Transaction": 5
  },
  {
    "Index": 492,
    "ObjectId": "Obj492",
    "Attribute1": "Attr1",
    "Attribute2": "Attr2",
    "Attribute3": "Attr3",
    "Transaction": 5
  },
  {
    "Index": 493,
    "ObjectId": "Obj493",
    "Attribute1": "Attr1",
    "Attribute2": "Attr2",
    "Attribute3": "Attr3",
    "Transaction": 5
  },
  {
    "Index": 494,
    "ObjectId": "Obj494",
    "Attribute1": "Attr1",
    "Attribute2": "Attr2",
    "Attribute3": "Attr3",
    "Transaction": 5
  },
  {
    "Index": 495,
    "ObjectId": "Obj495",
    "Attribute1": "Attr1",
    "Attribute2": "Attr2",
    "Attribute3": "Attr3",
    "Transaction": 5
  },
  {
    "Index": 496,
    "ObjectId": "Obj496",
    "Attribute1": "Attr1",
    "Attribute2": "Attr2",
    "Attribute3": "Attr3",
    "Transaction": 5
  },
  {
    "Index": 497,
    "ObjectId": "Obj497",
    "Attribute1": "Attr1",
    "Attribute2": "Attr2",
    "Attribute3": "Attr3",
    "Transaction": 5
  },
  {
    "Index": 498,
    "ObjectId": "Obj498",
    "Attribute1": "Attr1",
    "Attribute2": "Attr2",
    "Attribute3": "Attr3",
    "Transaction": 5
  },
  {
    "Index": 499,
    "ObjectId": "Obj499",
    "Attribute1": "Attr1",
    "Attribute2": "Attr2",
    "Attribute3": "Attr3",
    "Transaction": 5
  },
  {
    "Index": 500,
    "ObjectId": "Obj500",
    "Attribute1": "Attr1",
    "Attribute2": "Attr2",
    "Attribute3": "Attr3",
    "Transaction": 5
  }
]