[
  {
    "Index": 2201,
    "ObjectId": "Obj2201",
    "Attribute1": "Attr1",
    "Attribute2": "Attr2",
    "Attribute3": "Attr3",
    "Transaction": 23
  },
  {
    "Index": 2202,
    "ObjectId": "Obj2202",
    "Attribute1": "Attr1",
    "Attribute2": "Attr2",
    "Attribute3": "Attr3",
    "Transaction": 23
  },
  {
    "Index": 2203,
    "ObjectId": "Obj2203",
    "Attribute1": "Attr1",
    "Attribute2": "Attr2",
    "Attribute3": "Attr3",
    "Transaction": 23
  },
  {
    "Index": 2204,
    "ObjectId": "Obj2204",
    "Attribute1": "Attr1",
    "Attribute2": "Attr2",
    "Attribute3": "Attr3",
    "Transaction": 23
  },
  {
    "Index": 2205,
    "ObjectId": "Obj2205",
    "Attribute1": "Attr1",
    "Attribute2": "Attr2",
    "Attribute3": "Attr3",
    "Transaction": 23
  },
  {
    "Index": 2206,
    "ObjectId": "Obj2206",
    "Attribute1": "Attr1",
    "Attribute2": "Attr2",
    "Attribute3": "Attr3",
    "Transaction": 23
  },
  {
    "Index": 2207,
    "ObjectId": "Obj2207",
    "Attribute1": "Attr1",
    "Attribute2": "Attr2",
    "Attribute3": "Attr3",
    "Transaction": 23
  },
  {
    "Index": 2208,
    "ObjectId": "Obj2208",
    "Attribute1": "Attr1",
    "Attribute2": "Attr2",
    "Attribute3": "Attr3",
    "Transaction": 23
  },
  {
    "Index": 2209,
    "ObjectId": "Obj2209",
    "Attribute1": "Attr1",
    "Attribute2": "Attr2",
    "Attribute3": "Attr3",
    "Transaction": 23
  },
  {
    "Index": 2210,
    "ObjectId": "Obj2210",
    "Attribute1": "Attr1",
    "Attribute2": "Attr2",
    "Attribute3": "Attr3",
    "Transaction": 23
  },
  {
    "Index": 2211,
    "ObjectId": "Obj2211",
    "Attribute1": "Attr1",
    "Attribute2": "Attr2",
    "Attribute3": "Attr3",
    "Transaction": 23
  },
  {
    "Index": 2212,
    "ObjectId": "Obj2212",
    "Attribute1": "Attr1",
    "Attribute2": "Attr2",
    "Attribute3": "Attr3",
    "Transaction": 23
  },
  {
    "Index": 2213,
    "ObjectId": "Obj2213",
    "Attribute1": "Attr1",
    "Attribute2": "Attr2",
    "Attribute3": "Attr3",
    "Transaction": 23
  },
  {
    "Index": 2214,
    "ObjectId": "Obj2214",
    "Attribute1": "Attr1",
    "Attribute2": "Attr2",
    "Attribute3": "Attr3",
    "Transaction": 23
  },
  {
    "Index": 2215,
    "ObjectId": "Obj2215",
    "Attribute1": "Attr1",
    "Attribute2": "Attr2",
    "Attribute3": "Attr3",
    "Transaction": 23
  },
  {
    "Index": 2216,
    "ObjectId": "Obj2216",
    "Attribute1": "Attr1",
    "Attribute2": "Attr2",
    "Attribute3": "Attr3",
    "Transaction": 23
  },
  {
    "Index": 2217,
    "ObjectId": "Obj2217",
    "Attribute1": "Attr1",
    "Attribute2": "Attr2",
    "Attribute3": "Attr3",
    "Transaction": 23
  },
  {
    "Index": 2218,
    "ObjectId": "Obj2218",
    "Attribute1": "Attr1",
    "Attribute2": "Attr2",
    "Attribute3": "Attr3",
    "Transaction": 23
  },
  {
    "Index": 2219,
    "ObjectId": "Obj2219",
    "Attribute1": "Attr1",
    "Attribute2": "Attr2",
    "Attribute3": "Attr3",
    "Transaction": 23
  },
  {
    "Index": 2220,
    "ObjectId": "Obj2220",
    "Attribute1": "Attr1",
    "Attribute2": "Attr2",
    "Attribute3": "Attr3",
    "Transaction": 23
  },
  {
    "Index": 2221,
    "ObjectId": "Obj2221",
    "Attribute1": "Attr1",
    "Attribute2": "Attr2",
    "Attribute3": "Attr3",
    "Transaction": 23
  },
  {
    "Index": 2222,
    "ObjectId": "Obj2222",
    "Attribute1": "Attr1",
    "Attribute2": "Attr2",
    "Attribute3": "Attr3",
    "Transaction": 23
  },
  {
    "Index": 2223,
    "ObjectId": "Obj2223",
    "Attribute1": "Attr1",
    "Attribute2": "Attr2",
    "Attribute3": "Attr3",
    "Transaction": 23
  },
  {
    "Index": 2224,
    "ObjectId": "Obj2224",
    "Attribute1": "Attr1",
    "Attribute2": "Attr2",
    "Attribute3": "Attr3",
    "Transaction": 23
  },
  {
    "Index": 2225,
    "ObjectId": "Obj2225",
    "Attribute1": "Attr1",
    "Attribute2": "Attr2",
    "Attribute3": "Attr3",
    "Transaction": 23
  },
  {
    "Index": 2226,
    "ObjectId": "Obj2226",
    "Attribute1": "Attr1",
    "Attribute2": "Attr2",
    "Attribute3": "Attr3",
    "Transaction": 23
  },
  {
    "Index": 2227,
    "ObjectId": "Obj2227",
    "Attribute1": "Attr1",
    "Attribute2": "Attr2",
    "Attribute3": "Attr3",
    "Transaction": 23
  },
  {
    "Index": 2228,
    "ObjectId": "Obj2228",
    "Attribute1": "Attr1",
    "Attribute2": "Attr2",
    "Attribute3": "Attr3",
    "Transaction": 23
  },
  {
    "Index": 2229,
    "ObjectId": "Obj2229",
    "Attribute1": "Attr1",
    "Attribute2": "Attr2",
    "Attribute3": "Attr3",
    "Transaction": 23
  },
  {
    "Index": 2230,
    "ObjectId": "Obj2230",
    "Attribute1": "Attr1",
    "Attribute2": "Attr2",
    "Attribute3": "Attr3",
    "Transaction": 23
  },
  {
    "Index": 2231,
    "ObjectId": "Obj2231",
    "Attribute1": "Attr1",
    "Attribute2": "Attr2",
    "Attribute3": "Attr3",
    "Transaction": 23
  },
  {
    "Index": 2232,
    "ObjectId": "Obj2232",
    "Attribute1": "Attr1",
    "Attribute2": "Attr2",
    "Attribute3": "Attr3",
    "Transaction": 23
  },
  {
    "Index": 2233,
    "ObjectId": "Obj2233",
    "Attribute1": "Attr1",
    "Attribute2": "Attr2",
    "Attribute3": "Attr3",
    "Transaction": 23
  },
  {
    "Index": 2234,
    "ObjectId": "Obj2234",
    "Attribute1": "Attr1",
    "Attribute2": "Attr2",
    "Attribute3": "Attr3",
    "Transaction": 23
  },
  {
    "Index": 2235,
    "ObjectId": "Obj2235",
    "Attribute1": "Attr1",
    "Attribute2": "Attr2",
    "Attribute3": "Attr3",
    "Transaction": 23
  },
  {
    "Index": 2236,
    "ObjectId": "Obj2236",
    "Attribute1": "Attr1",
    "Attribute2": "Attr2",
    "Attribute3": "Attr3",
    "Transaction": 23
  },
  {
    "Index": 2237,
    "ObjectId": "Obj2237",
    "Attribute1": "Attr1",
    "Attribute2": "Attr2",
    "Attribute3": "Attr3",
    "Transaction": 23
  },
  {
    "Index": 2238,
    "ObjectId": "Obj2238",
    "Attribute1": "Attr1",
    "Attribute2": "Attr2",
    "Attribute3": "Attr3",
    "Transaction": 23
  },
  {
    "Index": 2239,
    "ObjectId": "Obj2239",
    "Attribute1": "Attr1",
    "Attribute2": "Attr2",
    "Attribute3": "Attr3",
    "Transaction": 23
  },
  {
    "Index": 2240,
    "ObjectId": "Obj2240",
    "Attribute1": "Attr1",
    "Attribute2": "Attr2",
    "Attribute3": "Attr3",
    "Transaction": 23
  },
  {
    "Index": 2241,
    "ObjectId": "Obj2241",
    "Attribute1": "Attr1",
    "Attribute2": "Attr2",
    "Attribute3": "Attr3",
    "Transaction": 23
  },
  {
    "Index": 2242,
    "ObjectId": "Obj2242",
    "Attribute1": "Attr1",
    "Attribute2": "Attr2",
    "Attribute3": "Attr3",
    "Transaction": 23
  },
  {
    "Index": 2243,
    "ObjectId": "Obj2243",
    "Attribute1": "Attr1",
    "Attribute2": "Attr2",
    "Attribute3": "Attr3",
    "Transaction": 23
  },
  {
    "Index": 2244,
    "ObjectId": "Obj2244",
    "Attribute1": "Attr1",
    "Attribute2": "Attr2",
    "Attribute3": "Attr3",
    "Transaction": 23
  },
  {
    "Index": 2245,
    "ObjectId": "Obj2245",
    "Attribute1": "Attr1",
    "Attribute2": "Attr2",
    "Attribute3": "Attr3",
    "Transaction": 23
  },
  {
    "Index": 2246,
    "ObjectId": "Obj2246",
    "Attribute1": "Attr1",
    "Attribute2": "Attr2",
    "Attribute3": "Attr3",
    "Transaction": 23
  },
  {
    "Index": 2247,
    "ObjectId": "Obj2247",
    "Attribute1": "Attr1",
    "Attribute2": "Attr2",
    "Attribute3": "Attr3",
    "Transaction": 23
  },
  {
    "Index": 2248,
    "ObjectId": "Obj2248",
    "Attribute1": "Attr1",
    "Attribute2": "Attr2",
    "Attribute3": "Attr3",
    "Transaction": 23
  },
  {
    "Index": 2249,
    "ObjectId": "Obj2249",
    "Attribute1": "Attr1",
    "Attribute2": "Attr2",
    "Attribute3": "Attr3",
    "Transaction": 23
  },
  {
    "Index": 2250,
    "ObjectId": "Obj2250",
    "Attribute1": "Attr1",
    "Attribute2": "Attr2",
    "Attribute3": "Attr3",
    "Transaction": 23
  },
  {
    "Index": 2251,
    "ObjectId": "Obj2251",
    "Attribute1": "Attr1",
    "Attribute2": "Attr2",
    "Attribute3": "Attr3",
    "Transaction": 23
  },
  {
    "Index": 2252,
    "ObjectId": "Obj2252",
    "Attribute1": "Attr1",
    "Attribute2": "Attr2",
    "Attribute3": "Attr3",
    "Transaction": 23
  },
  {
    "Index": 2253,
    "ObjectId": "Obj2253",
    "Attribute1": "Attr1",
    "Attribute2": "Attr2",
    "Attribute3": "Attr3",
    "Transaction": 23
  },
  {
    "Index": 2254,
    "ObjectId": "Obj2254",
    "Attribute1": "Attr1",
    "Attribute2": "Attr2",
    "Attribute3": "Attr3",
    "Transaction": 23
  },
  {
    "Index": 2255,
    "ObjectId": "Obj2255",
    "Attribute1": "Attr1",
    "Attribute2": "Attr2",
    "Attribute3": "Attr3",
    "Transaction": 23
  },
  {
    "Index": 2256,
    "ObjectId": "Obj2256",
    "Attribute1": "Attr1",
    "Attribute2": "Attr2",
    "Attribute3": "Attr3",
    "Transaction": 23
  },
  {
    "Index": 2257,
    "ObjectId": "Obj2257",
    "Attribute1": "Attr1",
    "Attribute2": "Attr2",
    "Attribute3": "Attr3",
    "Transaction": 23
  },
  {
    "Index": 2258,
    "ObjectId": "Obj2258",
    "Attribute1": "Attr1",
    "Attribute2": "Attr2",
    "Attribute3": "Attr3",
    "Transaction": 23
  },
  {
    "Index": 2259,
    "ObjectId": "Obj2259",
    "Attribute1": "Attr1",
    "Attribute2": "Attr2",
    "Attribute3": "Attr3",
    "Transaction": 23
  },
  {
    "Index": 2260,
    "ObjectId": "Obj2260",
    "Attribute1": "Attr1",
    "Attribute2": "Attr2",
    "Attribute3": "Attr3",
    "Transaction": 23
  },
  {
    "Index": 2261,
    "ObjectId": "Obj2261",
    "Attribute1": "Attr1",
    "Attribute2": "Attr2",
    "Attribute3": "Attr3",
    "Transaction": 23
  },
  {
    "Index": 2262,
    "ObjectId": "Obj2262",
    "Attribute1": "Attr1",
    "Attribute2": "Attr2",
    "Attribute3": "Attr3",
    "Transaction": 23
  },
  {
    "Index": 2263,
    "ObjectId": "Obj2263",
    "Attribute1": "Attr1",
    "Attribute2": "Attr2",
    "Attribute3": "Attr3",
    "Transaction": 23
  },
  {
    "Index": 2264,
    "ObjectId": "Obj2264",
    "Attribute1": "Attr1",
    "Attribute2": "Attr2",
    "Attribute3": "Attr3",
    "Transaction": 23
  },
  {
    "Index": 2265,
    "ObjectId": "Obj2265",
    "Attribute1": "Attr1",
    "Attribute2": "Attr2",
    "Attribute3": "Attr3",
    "Transaction": 23
  },
  {
    "Index": 2266,
    "ObjectId": "Obj2266",
    "Attribute1": "Attr1",
    "Attribute2": "Attr2",
    "Attribute3": "Attr3",
    "Transaction": 23
  },
  {
    "Index": 2267,
    "ObjectId": "Obj2267",
    "Attribute1": "Attr1",
    "Attribute2": "Attr2",
    "Attribute3": "Attr3",
    "Transaction": 23
  },
  {
    "Index": 2268,
    "ObjectId": "Obj2268",
    "Attribute1": "Attr1",
    "Attribute2": "Attr2",
    "Attribute3": "Attr3",
    "Transaction": 23
  },
  {
    "Index": 2269,
    "ObjectId": "Obj2269",
    "Attribute1": "Attr1",
    "Attribute2": "Attr2",
    "Attribute3": "Attr3",
    "Transaction": 23
  },
  {
    "Index": 2270,
    "ObjectId": "Obj2270",
    "Attribute1": "Attr1",
    "Attribute2": "Attr2",
    "Attribute3": "Attr3",
    "Transaction": 23
  },
  {
    "Index": 2271,
    "ObjectId": "Obj2271",
    "Attribute1": "Attr1",
    "Attribute2": "Attr2",
    "Attribute3": "Attr3",
    "Transaction": 23
  },
  {
    "Index": 2272,
    "ObjectId": "Obj2272",
    "Attribute1": "Attr1",
    "Attribute2": "Attr2",
    "Attribute3": "Attr3",
    "Transaction": 23
  },
  {
    "Index": 2273,
    "ObjectId": "Obj2273",
    "Attribute1": "Attr1",
    "Attribute2": "Attr2",
    "Attribute3": "Attr3",
    "Transaction": 23
  },
  {
    "Index": 2274,
    "ObjectId": "Obj2274",
    "Attribute1": "Attr1",
    "Attribute2": "Attr2",
    "Attribute3": "Attr3",
    "Transaction": 23
  },
  {
    "Index": 2275,
    "ObjectId": "Obj2275",
    "Attribute1": "Attr1",
    "Attribute2": "Attr2",
    "Attribute3": "Attr3",
    "Transaction": 23
  },
  {
    "Index": 2276,
    "ObjectId": "Obj2276",
    "Attribute1": "Attr1",
    "Attribute2": "Attr2",
    "Attribute3": "Attr3",
    "Transaction": 23
  },
  {
    "Index": 2277,
    "ObjectId": "Obj2277",
    "Attribute1": "Attr1",
    "Attribute2": "Attr2",
    "Attribute3": "Attr3",
    "Transaction": 23
  },
  {
    "Index": 2278,
    "ObjectId": "Obj2278",
    "Attribute1": "Attr1",
    "Attribute2": "Attr2",
    "Attribute3": "Attr3",
    "Transaction": 23
  },
  {
    "Index": 2279,
    "ObjectId": "Obj2279",
    "Attribute1": "Attr1",
    "Attribute2": "Attr2",
    "Attribute3": "Attr3",
    "Transaction": 23
  },
  {
    "Index": 2280,
    "ObjectId": "Obj2280",
    "Attribute1": "Attr1",
    "Attribute2": "Attr2",
    "Attribute3": "Attr3",
    "Transaction": 23
  },
  {
    "Index": 2281,
    "ObjectId": "Obj2281",
    "Attribute1": "Attr1",
    "Attribute2": "Attr2",
    "Attribute3": "Attr3",
    "Transaction": 23
  },
  {
    "Index": 2282,
    "ObjectId": "Obj2282",
    "Attribute1": "Attr1",
    "Attribute2": "Attr2",
    "Attribute3": "Attr3",
    "Transaction": 23
  },
  {
    "Index": 2283,
    "ObjectId": "Obj2283",
    "Attribute1": "Attr1",
    "Attribute2": "Attr2",
    "Attribute3": "Attr3",
    "Transaction": 23
  },
  {
    "Index": 2284,
    "ObjectId": "Obj2284",
    "Attribute1": "Attr1",
    "Attribute2": "Attr2",
    "Attribute3": "Attr3",
    "Transaction": 23
  },
  {
    "Index": 2285,
    "ObjectId": "Obj2285",
    "Attribute1": "Attr1",
    "Attribute2": "Attr2",
    "Attribute3": "Attr3",
    "Transaction": 23
  },
  {
    "Index": 2286,
    "ObjectId": "Obj2286",
    "Attribute1": "Attr1",
    "Attribute2": "Attr2",
    "Attribute3": "Attr3",
    "Transaction": 23
  },
  {
    "Index": 2287,
    "ObjectId": "Obj2287",
    "Attribute1": "Attr1",
    "Attribute2": "Attr2",
    "Attribute3": "Attr3",
    "Transaction": 23
  },
  {
    "Index": 2288,
    "ObjectId": "Obj2288",
    "Attribute1": "Attr1",
    "Attribute2": "Attr2",
    "Attribute3": "Attr3",
    "Transaction": 23
  },
  {
    "Index": 2289,
    "ObjectId": "Obj2289",
    "Attribute1": "Attr1",
    "Attribute2": "Attr2",
    "Attribute3": "Attr3",
    "Transaction": 23
  },
  {
    "Index": 2290,
    "ObjectId": "Obj2290",
    "Attribute1": "Attr1",
    "Attribute2": "Attr2",
    "Attribute3": "Attr3",
    "Transaction": 23
  },
  {
    "Index": 2291,
    "ObjectId": "Obj2291",
    "Attribute1": "Attr1",
    "Attribute2": "Attr2",
    "Attribute3": "Attr3",
    "Transaction": 23
  },
  {
    "Index": 2292,
    "ObjectId": "Obj2292",
    "Attribute1": "Attr1",
    "Attribute2": "Attr2",
    "Attribute3": "Attr3",
    "Transaction": 23
  },
  {
    "Index": 2293,
    "ObjectId": "Obj2293",
    "Attribute1": "Attr1",
    "Attribute2": "Attr2",
    "Attribute3": "Attr3",
    "Transaction": 23
  },
  {
    "Index": 2294,
    "ObjectId": "Obj2294",
    "Attribute1": "Attr1",
    "Attribute2": "Attr2",
    "Attribute3": "Attr3",
    "Transaction": 23
  },
  {
    "Index": 2295,
    "ObjectId": "Obj2295",
    "Attribute1": "Attr1",
    "Attribute2": "Attr2",
    "Attribute3": "Attr3",
    "Transaction": 23
  },
  {
    "Index": 2296,
    "ObjectId": "Obj2296",
    "Attribute1": "Attr1",
    "Attribute2": "Attr2",
    "Attribute3": "Attr3",
    "Transaction": 23
  },
  {
    "Index": 2297,
    "ObjectId": "Obj2297",
    "Attribute1": "Attr1",
    "Attribute2": "Attr2",
    "Attribute3": "Attr3",
    "Transaction": 23
  },
  {
    "Index": 2298,
    "ObjectId": "Obj2298",
    "Attribute1": "Attr1",
    "Attribute2": "Attr2",
    "Attribute3": "Attr3",
    "Transaction": 23
  },
  {
    "Index": 2299,
    "ObjectId": "Obj2299",
    "Attribute1": "Attr1",
    "Attribute2": "Attr2",
    "Attribute3": "Attr3",
    "Transaction": 23
  },
  {
    "Index": 2300,
    "ObjectId": "Obj2300",
    "Attribute1": "Attr1",
    "Attribute2": "Attr2",
    "Attribute3": "Attr3",
    "Transaction": 23
  }
]