[
  {
    "Index": 201,
    "ObjectId": "Obj201",
    "Attribute1": "Attr1",
    "Attribute2": "Attr2",
    "Attribute3": "Attr3",
    "Transaction": 3
  },
  {
    "Index": 202,
    "ObjectId": "Obj202",
    "Attribute1": "Attr1",
    "Attribute2": "Attr2",
    "Attribute3": "Attr3",
    "Transaction": 3
  },
  {
    "Index": 203,
    "ObjectId": "Obj203",
    "Attribute1": "Attr1",
    "Attribute2": "Attr2",
    "Attribute3": "Attr3",
    "Transaction": 3
  },
  {
    "Index": 204,
    "ObjectId": "Obj204",
    "Attribute1": "Attr1",
    "Attribute2": "Attr2",
    "Attribute3": "Attr3",
    "Transaction": 3
  },
  {
    "Index": 205,
    "ObjectId": "Obj205",
    "Attribute1": "Attr1",
    "Attribute2": "Attr2",
    "Attribute3": "Attr3",
    "Transaction": 3
  },
  {
    "Index": 206,
    "ObjectId": "Obj206",
    "Attribute1": "Attr1",
    "Attribute2": "Attr2",
    "Attribute3": "Attr3",
    "Transaction": 3
  },
  {
    "Index": 207,
    "ObjectId": "Obj207",
    "Attribute1": "Attr1",
    "Attribute2": "Attr2",
    "Attribute3": "Attr3",
    "Transaction": 3
  },
  {
    "Index": 208,
    "ObjectId": "Obj208",
    "Attribute1": "Attr1",
    "Attribute2": "Attr2",
    "Attribute3": "Attr3",
    "Transaction": 3
  },
  {
    "Index": 209,
    "ObjectId": "Obj209",
    "Attribute1": "Attr1",
    "Attribute2": "Attr2",
    "Attribute3": "Attr3",
    "Transaction": 3
  },
  {
    "Index": 210,
    "ObjectId": "Obj210",
    "Attribute1": "Attr1",
    "Attribute2": "Attr2",
    "Attribute3": "Attr3",
    "Transaction": 3
  },
  {
    "Index": 211,
    "ObjectId": "Obj211",
    "Attribute1": "Attr1",
    "Attribute2": "Attr2",
    "Attribute3": "Attr3",
    "Transaction": 3
  },
  {
    "Index": 212,
    "ObjectId": "Obj212",
    "Attribute1": "Attr1",
    "Attribute2": "Attr2",
    "Attribute3": "Attr3",
    "Transaction": 3
  },
  {
    "Index": 213,
    "ObjectId": "Obj213",
    "Attribute1": "Attr1",
    "Attribute2": "Attr2",
    "Attribute3": "Attr3",
    "Transaction": 3
  },
  {
    "Index": 214,
    "ObjectId": "Obj214",
    "Attribute1": "Attr1",
    "Attribute2": "Attr2",
    "Attribute3": "Attr3",
    "Transaction": 3
  },
  {
    "Index": 215,
    "ObjectId": "Obj215",
    "Attribute1": "Attr1",
    "Attribute2": "Attr2",
    "Attribute3": "Attr3",
    "Transaction": 3
  },
  {
    "Index": 216,
    "ObjectId": "Obj216",
    "Attribute1": "Attr1",
    "Attribute2": "Attr2",
    "Attribute3": "Attr3",
    "Transaction": 3
  },
  {
    "Index": 217,
    "ObjectId": "Obj217",
    "Attribute1": "Attr1",
    "Attribute2": "Attr2",
    "Attribute3": "Attr3",
    "Transaction": 3
  },
  {
    "Index": 218,
    "ObjectId": "Obj218",
    "Attribute1": "Attr1",
    "Attribute2": "Attr2",
    "Attribute3": "Attr3",
    "Transaction": 3
  },
  {
    "Index": 219,
    "ObjectId": "Obj219",
    "Attribute1": "Attr1",
    "Attribute2": "Attr2",
    "Attribute3": "Attr3",
    "Transaction": 3
  },
  {
    "Index": 220,
    "ObjectId": "Obj220",
    "Attribute1": "Attr1",
    "Attribute2": "Attr2",
    "Attribute3": "Attr3",
    "Transaction": 3
  },
  {
    "Index": 221,
    "ObjectId": "Obj221",
    "Attribute1": "Attr1",
    "Attribute2": "Attr2",
    "Attribute3": "Attr3",
    "Transaction": 3
  },
  {
    "Index": 222,
    "ObjectId": "Obj222",
    "Attribute1": "Attr1",
    "Attribute2": "Attr2",
    "Attribute3": "Attr3",
    "Transaction": 3
  },
  {
    "Index": 223,
    "ObjectId": "Obj223",
    "Attribute1": "Attr1",
    "Attribute2": "Attr2",
    "Attribute3": "Attr3",
    "Transaction": 3
  },
  {
    "Index": 224,
    "ObjectId": "Obj224",
    "Attribute1": "Attr1",
    "Attribute2": "Attr2",
    "Attribute3": "Attr3",
    "Transaction": 3
  },
  {
    "Index": 225,
    "ObjectId": "Obj225",
    "Attribute1": "Attr1",
    "Attribute2": "Attr2",
    "Attribute3": "Attr3",
    "Transaction": 3
  },
  {
    "Index": 226,
    "ObjectId": "Obj226",
    "Attribute1": "Attr1",
    "Attribute2": "Attr2",
    "Attribute3": "Attr3",
    "Transaction": 3
  },
  {
    "Index": 227,
    "ObjectId": "Obj227",
    "Attribute1": "Attr1",
    "Attribute2": "Attr2",
    "Attribute3": "Attr3",
    "Transaction": 3
  },
  {
    "Index": 228,
    "ObjectId": "Obj228",
    "Attribute1": "Attr1",
    "Attribute2": "Attr2",
    "Attribute3": "Attr3",
    "Transaction": 3
  },
  {
    "Index": 229,
    "ObjectId": "Obj229",
    "Attribute1": "Attr1",
    "Attribute2": "Attr2",
    "Attribute3": "Attr3",
    "Transaction": 3
  },
  {
    "Index": 230,
    "ObjectId": "Obj230",
    "Attribute1": "Attr1",
    "Attribute2": "Attr2",
    "Attribute3": "Attr3",
    "Transaction": 3
  },
  {
    "Index": 231,
    "ObjectId": "Obj231",
    "Attribute1": "Attr1",
    "Attribute2": "Attr2",
    "Attribute3": "Attr3",
    "Transaction": 3
  },
  {
    "Index": 232,
    "ObjectId": "Obj232",
    "Attribute1": "Attr1",
    "Attribute2": "Attr2",
    "Attribute3": "Attr3",
    "Transaction": 3
  },
  {
    "Index": 233,
    "ObjectId": "Obj233",
    "Attribute1": "Attr1",
    "Attribute2": "Attr2",
    "Attribute3": "Attr3",
    "Transaction": 3
  },
  {
    "Index": 234,
    "ObjectId": "Obj234",
    "Attribute1": "Attr1",
    "Attribute2": "Attr2",
    "Attribute3": "Attr3",
    "Transaction": 3
  },
  {
    "Index": 235,
    "ObjectId": "Obj235",
    "Attribute1": "Attr1",
    "Attribute2": "Attr2",
    "Attribute3": "Attr3",
    "Transaction": 3
  },
  {
    "Index": 236,
    "ObjectId": "Obj236",
    "Attribute1": "Attr1",
    "Attribute2": "Attr2",
    "Attribute3": "Attr3",
    "Transaction": 3
  },
  {
    "Index": 237,
    "ObjectId": "Obj237",
    "Attribute1": "Attr1",
    "Attribute2": "Attr2",
    "Attribute3": "Attr3",
    "Transaction": 3
  },
  {
    "Index": 238,
    "ObjectId": "Obj238",
    "Attribute1": "Attr1",
    "Attribute2": "Attr2",
    "Attribute3": "Attr3",
    "Transaction": 3
  },
  {
    "Index": 239,
    "ObjectId": "Obj239",
    "Attribute1": "Attr1",
    "Attribute2": "Attr2",
    "Attribute3": "Attr3",
    "Transaction": 3
  },
  {
    "Index": 240,
    "ObjectId": "Obj240",
    "Attribute1": "Attr1",
    "Attribute2": "Attr2",
    "Attribute3": "Attr3",
    "Transaction": 3
  },
  {
    "Index": 241,
    "ObjectId": "Obj241",
    "Attribute1": "Attr1",
    "Attribute2": "Attr2",
    "Attribute3": "Attr3",
    "Transaction": 3
  },
  {
    "Index": 242,
    "ObjectId": "Obj242",
    "Attribute1": "Attr1",
    "Attribute2": "Attr2",
    "Attribute3": "Attr3",
    "Transaction": 3
  },
  {
    "Index": 243,
    "ObjectId": "Obj243",
    "Attribute1": "Attr1",
    "Attribute2": "Attr2",
    "Attribute3": "Attr3",
    "Transaction": 3
  },
  {
    "Index": 244,
    "ObjectId": "Obj244",
    "Attribute1": "Attr1",
    "Attribute2": "Attr2",
    "Attribute3": "Attr3",
    "Transaction": 3
  },
  {
    "Index": 245,
    "ObjectId": "Obj245",
    "Attribute1": "Attr1",
    "Attribute2": "Attr2",
    "Attribute3": "Attr3",
    "Transaction": 3
  },
  {
    "Index": 246,
    "ObjectId": "Obj246",
    "Attribute1": "Attr1",
    "Attribute2": "Attr2",
    "Attribute3": "Attr3",
    "Transaction": 3
  },
  {
    "Index": 247,
    "ObjectId": "Obj247",
    "Attribute1": "Attr1",
    "Attribute2": "Attr2",
    "Attribute3": "Attr3",
    "Transaction": 3
  },
  {
    "Index": 248,
    "ObjectId": "Obj248",
    "Attribute1": "Attr1",
    "Attribute2": "Attr2",
    "Attribute3": "Attr3",
    "Transaction": 3
  },
  {
    "Index": 249,
    "ObjectId": "Obj249",
    "Attribute1": "Attr1",
    "Attribute2": "Attr2",
    "Attribute3": "Attr3",
    "Transaction": 3
  },
  {
    "Index": 250,
    "ObjectId": "Obj250",
    "Attribute1": "Attr1",
    "Attribute2": "Attr2",
    "Attribute3": "Attr3",
    "Transaction": 3
  },
  {
    "Index": 251,
    "ObjectId": "Obj251",
    "Attribute1": "Attr1",
    "Attribute2": "Attr2",
    "Attribute3": "Attr3",
    "Transaction": 3
  },
  {
    "Index": 252,
    "ObjectId": "Obj252",
    "Attribute1": "Attr1",
    "Attribute2": "Attr2",
    "Attribute3": "Attr3",
    "Transaction": 3
  },
  {
    "Index": 253,
    "ObjectId": "Obj253",
    "Attribute1": "Attr1",
    "Attribute2": "Attr2",
    "Attribute3": "Attr3",
    "Transaction": 3
  },
  {
    "Index": 254,
    "ObjectId": "Obj254",
    "Attribute1": "Attr1",
    "Attribute2": "Attr2",
    "Attribute3": "Attr3",
    "Transaction": 3
  },
  {
    "Index": 255,
    "ObjectId": "Obj255",
    "Attribute1": "Attr1",
    "Attribute2": "Attr2",
    "Attribute3": "Attr3",
    "Transaction": 3
  },
  {
    "Index": 256,
    "ObjectId": "Obj256",
    "Attribute1": "Attr1",
    "Attribute2": "Attr2",
    "Attribute3": "Attr3",
    "Transaction": 3
  },
  {
    "Index": 257,
    "ObjectId": "Obj257",
    "Attribute1": "Attr1",
    "Attribute2": "Attr2",
    "Attribute3": "Attr3",
    "Transaction": 3
  },
  {
    "Index": 258,
    "ObjectId": "Obj258",
    "Attribute1": "Attr1",
    "Attribute2": "Attr2",
    "Attribute3": "Attr3",
    "Transaction": 3
  },
  {
    "Index": 259,
    "ObjectId": "Obj259",
    "Attribute1": "Attr1",
    "Attribute2": "Attr2",
    "Attribute3": "Attr3",
    "Transaction": 3
  },
  {
    "Index": 260,
    "ObjectId": "Obj260",
    "Attribute1": "Attr1",
    "Attribute2": "Attr2",
    "Attribute3": "Attr3",
    "Transaction": 3
  },
  {
    "Index": 261,
    "ObjectId": "Obj261",
    "Attribute1": "Attr1",
    "Attribute2": "Attr2",
    "Attribute3": "Attr3",
    "Transaction": 3
  },
  {
    "Index": 262,
    "ObjectId": "Obj262",
    "Attribute1": "Attr1",
    "Attribute2": "Attr2",
    "Attribute3": "Attr3",
    "Transaction": 3
  },
  {
    "Index": 263,
    "ObjectId": "Obj263",
    "Attribute1": "Attr1",
    "Attribute2": "Attr2",
    "Attribute3": "Attr3",
    "Transaction": 3
  },
  {
    "Index": 264,
    "ObjectId": "Obj264",
    "Attribute1": "Attr1",
    "Attribute2": "Attr2",
    "Attribute3": "Attr3",
    "Transaction": 3
  },
  {
    "Index": 265,
    "ObjectId": "Obj265",
    "Attribute1": "Attr1",
    "Attribute2": "Attr2",
    "Attribute3": "Attr3",
    "Transaction": 3
  },
  {
    "Index": 266,
    "ObjectId": "Obj266",
    "Attribute1": "Attr1",
    "Attribute2": "Attr2",
    "Attribute3": "Attr3",
    "Transaction": 3
  },
  {
    "Index": 267,
    "ObjectId": "Obj267",
    "Attribute1": "Attr1",
    "Attribute2": "Attr2",
    "Attribute3": "Attr3",
    "Transaction": 3
  },
  {
    "Index": 268,
    "ObjectId": "Obj268",
    "Attribute1": "Attr1",
    "Attribute2": "Attr2",
    "Attribute3": "Attr3",
    "Transaction": 3
  },
  {
    "Index": 269,
    "ObjectId": "Obj269",
    "Attribute1": "Attr1",
    "Attribute2": "Attr2",
    "Attribute3": "Attr3",
    "Transaction": 3
  },
  {
    "Index": 270,
    "ObjectId": "Obj270",
    "Attribute1": "Attr1",
    "Attribute2": "Attr2",
    "Attribute3": "Attr3",
    "Transaction": 3
  },
  {
    "Index": 271,
    "ObjectId": "Obj271",
    "Attribute1": "Attr1",
    "Attribute2": "Attr2",
    "Attribute3": "Attr3",
    "Transaction": 3
  },
  {
    "Index": 272,
    "ObjectId": "Obj272",
    "Attribute1": "Attr1",
    "Attribute2": "Attr2",
    "Attribute3": "Attr3",
    "Transaction": 3
  },
  {
    "Index": 273,
    "ObjectId": "Obj273",
    "Attribute1": "Attr1",
    "Attribute2": "Attr2",
    "Attribute3": "Attr3",
    "Transaction": 3
  },
  {
    "Index": 274,
    "ObjectId": "Obj274",
    "Attribute1": "Attr1",
    "Attribute2": "Attr2",
    "Attribute3": "Attr3",
    "Transaction": 3
  },
  {
    "Index": 275,
    "ObjectId": "Obj275",
    "Attribute1": "Attr1",
    "Attribute2": "Attr2",
    "Attribute3": "Attr3",
    "Transaction": 3
  },
  {
    "Index": 276,
    "ObjectId": "Obj276",
    "Attribute1": "Attr1",
    "Attribute2": "Attr2",
    "Attribute3": "Attr3",
    "Transaction": 3
  },
  {
    "Index": 277,
    "ObjectId": "Obj277",
    "Attribute1": "Attr1",
    "Attribute2": "Attr2",
    "Attribute3": "Attr3",
    "Transaction": 3
  },
  {
    "Index": 278,
    "ObjectId": "Obj278",
    "Attribute1": "Attr1",
    "Attribute2": "Attr2",
    "Attribute3": "Attr3",
    "Transaction": 3
  },
  {
    "Index": 279,
    "ObjectId": "Obj279",
    "Attribute1": "Attr1",
    "Attribute2": "Attr2",
    "Attribute3": "Attr3",
    "Transaction": 3
  },
  {
    "Index": 280,
    "ObjectId": "Obj280",
    "Attribute1": "Attr1",
    "Attribute2": "Attr2",
    "Attribute3": "Attr3",
    "Transaction": 3
  },
  {
    "Index": 281,
    "ObjectId": "Obj281",
    "Attribute1": "Attr1",
    "Attribute2": "Attr2",
    "Attribute3": "Attr3",
    "Transaction": 3
  },
  {
    "Index": 282,
    "ObjectId": "Obj282",
    "Attribute1": "Attr1",
    "Attribute2": "Attr2",
    "Attribute3": "Attr3",
    "Transaction": 3
  },
  {
    "Index": 283,
    "ObjectId": "Obj283",
    "Attribute1": "Attr1",
    "Attribute2": "Attr2",
    "Attribute3": "Attr3",
    "Transaction": 3
  },
  {
    "Index": 284,
    "ObjectId": "Obj284",
    "Attribute1": "Attr1",
    "Attribute2": "Attr2",
    "Attribute3": "Attr3",
    "Transaction": 3
  },
  {
    "Index": 285,
    "ObjectId": "Obj285",
    "Attribute1": "Attr1",
    "Attribute2": "Attr2",
    "Attribute3": "Attr3",
    "Transaction": 3
  },
  {
    "Index": 286,
    "ObjectId": "Obj286",
    "Attribute1": "Attr1",
    "Attribute2": "Attr2",
    "Attribute3": "Attr3",
    "Transaction": 3
  },
  {
    "Index": 287,
    "ObjectId": "Obj287",
    "Attribute1": "Attr1",
    "Attribute2": "Attr2",
    "Attribute3": "Attr3",
    "Transaction": 3
  },
  {
    "Index": 288,
    "ObjectId": "Obj288",
    "Attribute1": "Attr1",
    "Attribute2": "Attr2",
    "Attribute3": "Attr3",
    "Transaction": 3
  },
  {
    "Index": 289,
    "ObjectId": "Obj289",
    "Attribute1": "Attr1",
    "Attribute2": "Attr2",
    "Attribute3": "Attr3",
    "Transaction": 3
  },
  {
    "Index": 290,
    "ObjectId": "Obj290",
    "Attribute1": "Attr1",
    "Attribute2": "Attr2",
    "Attribute3": "Attr3",
    "Transaction": 3
  },
  {
    "Index": 291,
    "ObjectId": "Obj291",
    "Attribute1": "Attr1",
    "Attribute2": "Attr2",
    "Attribute3": "Attr3",
    "Transaction": 3
  },
  {
    "Index": 292,
    "ObjectId": "Obj292",
    "Attribute1": "Attr1",
    "Attribute2": "Attr2",
    "Attribute3": "Attr3",
    "Transaction": 3
  },
  {
    "Index": 293,
    "ObjectId": "Obj293",
    "Attribute1": "Attr1",
    "Attribute2": "Attr2",
    "Attribute3": "Attr3",
    "Transaction": 3
  },
  {
    "Index": 294,
    "ObjectId": "Obj294",
    "Attribute1": "Attr1",
    "Attribute2": "Attr2",
    "Attribute3": "Attr3",
    "Transaction": 3
  },
  {
    "Index": 295,
    "ObjectId": "Obj295",
    "Attribute1": "Attr1",
    "Attribute2": "Attr2",
    "Attribute3": "Attr3",
    "Transaction": 3
  },
  {
    "Index": 296,
    "ObjectId": "Obj296",
    "Attribute1": "Attr1",
    "Attribute2": "Attr2",
    "Attribute3": "Attr3",
    "Transaction": 3
  },
  {
    "Index": 297,
    "ObjectId": "Obj297",
    "Attribute1": "Attr1",
    "Attribute2": "Attr2",
    "Attribute3": "Attr3",
    "Transaction": 3
  },
  {
    "Index": 298,
    "ObjectId": "Obj298",
    "Attribute1": "Attr1",
    "Attribute2": "Attr2",
    "Attribute3": "Attr3",
    "Transaction": 3
  },
  {
    "Index": 299,
    "ObjectId": "Obj299",
    "Attribute1": "Attr1",
    "Attribute2": "Attr2",
    "Attribute3": "Attr3",
    "Transaction": 3
  },
  {
    "Index": 300,
    "ObjectId": "Obj300",
    "Attribute1": "Attr1",
    "Attribute2": "Attr2",
    "Attribute3": "Attr3",
    "Transaction": 3
  }
]