[
  {
    "Index": 9301,
    "ObjectId": "Obj9301",
    "Attribute1": "Attr1",
    "Attribute2": "Attr2",
    "Attribute3": "Attr3",
    "Transaction": 94
  },
  {
    "Index": 9302,
    "ObjectId": "Obj9302",
    "Attribute1": "Attr1",
    "Attribute2": "Attr2",
    "Attribute3": "Attr3",
    "Transaction": 94
  },
  {
    "Index": 9303,
    "ObjectId": "Obj9303",
    "Attribute1": "Attr1",
    "Attribute2": "Attr2",
    "Attribute3": "Attr3",
    "Transaction": 94
  },
  {
    "Index": 9304,
    "ObjectId": "Obj9304",
    "Attribute1": "Attr1",
    "Attribute2": "Attr2",
    "Attribute3": "Attr3",
    "Transaction": 94
  },
  {
    "Index": 9305,
    "ObjectId": "Obj9305",
    "Attribute1": "Attr1",
    "Attribute2": "Attr2",
    "Attribute3": "Attr3",
    "Transaction": 94
  },
  {
    "Index": 9306,
    "ObjectId": "Obj9306",
    "Attribute1": "Attr1",
    "Attribute2": "Attr2",
    "Attribute3": "Attr3",
    "Transaction": 94
  },
  {
    "Index": 9307,
    "ObjectId": "Obj9307",
    "Attribute1": "Attr1",
    "Attribute2": "Attr2",
    "Attribute3": "Attr3",
    "Transaction": 94
  },
  {
    "Index": 9308,
    "ObjectId": "Obj9308",
    "Attribute1": "Attr1",
    "Attribute2": "Attr2",
    "Attribute3": "Attr3",
    "Transaction": 94
  },
  {
    "Index": 9309,
    "ObjectId": "Obj9309",
    "Attribute1": "Attr1",
    "Attribute2": "Attr2",
    "Attribute3": "Attr3",
    "Transaction": 94
  },
  {
    "Index": 9310,
    "ObjectId": "Obj9310",
    "Attribute1": "Attr1",
    "Attribute2": "Attr2",
    "Attribute3": "Attr3",
    "Transaction": 94
  },
  {
    "Index": 9311,
    "ObjectId": "Obj9311",
    "Attribute1": "Attr1",
    "Attribute2": "Attr2",
    "Attribute3": "Attr3",
    "Transaction": 94
  },
  {
    "Index": 9312,
    "ObjectId": "Obj9312",
    "Attribute1": "Attr1",
    "Attribute2": "Attr2",
    "Attribute3": "Attr3",
    "Transaction": 94
  },
  {
    "Index": 9313,
    "ObjectId": "Obj9313",
    "Attribute1": "Attr1",
    "Attribute2": "Attr2",
    "Attribute3": "Attr3",
    "Transaction": 94
  },
  {
    "Index": 9314,
    "ObjectId": "Obj9314",
    "Attribute1": "Attr1",
    "Attribute2": "Attr2",
    "Attribute3": "Attr3",
    "Transaction": 94
  },
  {
    "Index": 9315,
    "ObjectId": "Obj9315",
    "Attribute1": "Attr1",
    "Attribute2": "Attr2",
    "Attribute3": "Attr3",
    "Transaction": 94
  },
  {
    "Index": 9316,
    "ObjectId": "Obj9316",
    "Attribute1": "Attr1",
    "Attribute2": "Attr2",
    "Attribute3": "Attr3",
    "Transaction": 94
  },
  {
    "Index": 9317,
    "ObjectId": "Obj9317",
    "Attribute1": "Attr1",
    "Attribute2": "Attr2",
    "Attribute3": "Attr3",
    "Transaction": 94
  },
  {
    "Index": 9318,
    "ObjectId": "Obj9318",
    "Attribute1": "Attr1",
    "Attribute2": "Attr2",
    "Attribute3": "Attr3",
    "Transaction": 94
  },
  {
    "Index": 9319,
    "ObjectId": "Obj9319",
    "Attribute1": "Attr1",
    "Attribute2": "Attr2",
    "Attribute3": "Attr3",
    "Transaction": 94
  },
  {
    "Index": 9320,
    "ObjectId": "Obj9320",
    "Attribute1": "Attr1",
    "Attribute2": "Attr2",
    "Attribute3": "Attr3",
    "Transaction": 94
  },
  {
    "Index": 9321,
    "ObjectId": "Obj9321",
    "Attribute1": "Attr1",
    "Attribute2": "Attr2",
    "Attribute3": "Attr3",
    "Transaction": 94
  },
  {
    "Index": 9322,
    "ObjectId": "Obj9322",
    "Attribute1": "Attr1",
    "Attribute2": "Attr2",
    "Attribute3": "Attr3",
    "Transaction": 94
  },
  {
    "Index": 9323,
    "ObjectId": "Obj9323",
    "Attribute1": "Attr1",
    "Attribute2": "Attr2",
    "Attribute3": "Attr3",
    "Transaction": 94
  },
  {
    "Index": 9324,
    "ObjectId": "Obj9324",
    "Attribute1": "Attr1",
    "Attribute2": "Attr2",
    "Attribute3": "Attr3",
    "Transaction": 94
  },
  {
    "Index": 9325,
    "ObjectId": "Obj9325",
    "Attribute1": "Attr1",
    "Attribute2": "Attr2",
    "Attribute3": "Attr3",
    "Transaction": 94
  },
  {
    "Index": 9326,
    "ObjectId": "Obj9326",
    "Attribute1": "Attr1",
    "Attribute2": "Attr2",
    "Attribute3": "Attr3",
    "Transaction": 94
  },
  {
    "Index": 9327,
    "ObjectId": "Obj9327",
    "Attribute1": "Attr1",
    "Attribute2": "Attr2",
    "Attribute3": "Attr3",
    "Transaction": 94
  },
  {
    "Index": 9328,
    "ObjectId": "Obj9328",
    "Attribute1": "Attr1",
    "Attribute2": "Attr2",
    "Attribute3": "Attr3",
    "Transaction": 94
  },
  {
    "Index": 9329,
    "ObjectId": "Obj9329",
    "Attribute1": "Attr1",
    "Attribute2": "Attr2",
    "Attribute3": "Attr3",
    "Transaction": 94
  },
  {
    "Index": 9330,
    "ObjectId": "Obj9330",
    "Attribute1": "Attr1",
    "Attribute2": "Attr2",
    "Attribute3": "Attr3",
    "Transaction": 94
  },
  {
    "Index": 9331,
    "ObjectId": "Obj9331",
    "Attribute1": "Attr1",
    "Attribute2": "Attr2",
    "Attribute3": "Attr3",
    "Transaction": 94
  },
  {
    "Index": 9332,
    "ObjectId": "Obj9332",
    "Attribute1": "Attr1",
    "Attribute2": "Attr2",
    "Attribute3": "Attr3",
    "Transaction": 94
  },
  {
    "Index": 9333,
    "ObjectId": "Obj9333",
    "Attribute1": "Attr1",
    "Attribute2": "Attr2",
    "Attribute3": "Attr3",
    "Transaction": 94
  },
  {
    "Index": 9334,
    "ObjectId": "Obj9334",
    "Attribute1": "Attr1",
    "Attribute2": "Attr2",
    "Attribute3": "Attr3",
    "Transaction": 94
  },
  {
    "Index": 9335,
    "ObjectId": "Obj9335",
    "Attribute1": "Attr1",
    "Attribute2": "Attr2",
    "Attribute3": "Attr3",
    "Transaction": 94
  },
  {
    "Index": 9336,
    "ObjectId": "Obj9336",
    "Attribute1": "Attr1",
    "Attribute2": "Attr2",
    "Attribute3": "Attr3",
    "Transaction": 94
  },
  {
    "Index": 9337,
    "ObjectId": "Obj9337",
    "Attribute1": "Attr1",
    "Attribute2": "Attr2",
    "Attribute3": "Attr3",
    "Transaction": 94
  },
  {
    "Index": 9338,
    "ObjectId": "Obj9338",
    "Attribute1": "Attr1",
    "Attribute2": "Attr2",
    "Attribute3": "Attr3",
    "Transaction": 94
  },
  {
    "Index": 9339,
    "ObjectId": "Obj9339",
    "Attribute1": "Attr1",
    "Attribute2": "Attr2",
    "Attribute3": "Attr3",
    "Transaction": 94
  },
  {
    "Index": 9340,
    "ObjectId": "Obj9340",
    "Attribute1": "Attr1",
    "Attribute2": "Attr2",
    "Attribute3": "Attr3",
    "Transaction": 94
  },
  {
    "Index": 9341,
    "ObjectId": "Obj9341",
    "Attribute1": "Attr1",
    "Attribute2": "Attr2",
    "Attribute3": "Attr3",
    "Transaction": 94
  },
  {
    "Index": 9342,
    "ObjectId": "Obj9342",
    "Attribute1": "Attr1",
    "Attribute2": "Attr2",
    "Attribute3": "Attr3",
    "Transaction": 94
  },
  {
    "Index": 9343,
    "ObjectId": "Obj9343",
    "Attribute1": "Attr1",
    "Attribute2": "Attr2",
    "Attribute3": "Attr3",
    "Transaction": 94
  },
  {
    "Index": 9344,
    "ObjectId": "Obj9344",
    "Attribute1": "Attr1",
    "Attribute2": "Attr2",
    "Attribute3": "Attr3",
    "Transaction": 94
  },
  {
    "Index": 9345,
    "ObjectId": "Obj9345",
    "Attribute1": "Attr1",
    "Attribute2": "Attr2",
    "Attribute3": "Attr3",
    "Transaction": 94
  },
  {
    "Index": 9346,
    "ObjectId": "Obj9346",
    "Attribute1": "Attr1",
    "Attribute2": "Attr2",
    "Attribute3": "Attr3",
    "Transaction": 94
  },
  {
    "Index": 9347,
    "ObjectId": "Obj9347",
    "Attribute1": "Attr1",
    "Attribute2": "Attr2",
    "Attribute3": "Attr3",
    "Transaction": 94
  },
  {
    "Index": 9348,
    "ObjectId": "Obj9348",
    "Attribute1": "Attr1",
    "Attribute2": "Attr2",
    "Attribute3": "Attr3",
    "Transaction": 94
  },
  {
    "Index": 9349,
    "ObjectId": "Obj9349",
    "Attribute1": "Attr1",
    "Attribute2": "Attr2",
    "Attribute3": "Attr3",
    "Transaction": 94
  },
  {
    "Index": 9350,
    "ObjectId": "Obj9350",
    "Attribute1": "Attr1",
    "Attribute2": "Attr2",
    "Attribute3": "Attr3",
    "Transaction": 94
  },
  {
    "Index": 9351,
    "ObjectId": "Obj9351",
    "Attribute1": "Attr1",
    "Attribute2": "Attr2",
    "Attribute3": "Attr3",
    "Transaction": 94
  },
  {
    "Index": 9352,
    "ObjectId": "Obj9352",
    "Attribute1": "Attr1",
    "Attribute2": "Attr2",
    "Attribute3": "Attr3",
    "Transaction": 94
  },
  {
    "Index": 9353,
    "ObjectId": "Obj9353",
    "Attribute1": "Attr1",
    "Attribute2": "Attr2",
    "Attribute3": "Attr3",
    "Transaction": 94
  },
  {
    "Index": 9354,
    "ObjectId": "Obj9354",
    "Attribute1": "Attr1",
    "Attribute2": "Attr2",
    "Attribute3": "Attr3",
    "Transaction": 94
  },
  {
    "Index": 9355,
    "ObjectId": "Obj9355",
    "Attribute1": "Attr1",
    "Attribute2": "Attr2",
    "Attribute3": "Attr3",
    "Transaction": 94
  },
  {
    "Index": 9356,
    "ObjectId": "Obj9356",
    "Attribute1": "Attr1",
    "Attribute2": "Attr2",
    "Attribute3": "Attr3",
    "Transaction": 94
  },
  {
    "Index": 9357,
    "ObjectId": "Obj9357",
    "Attribute1": "Attr1",
    "Attribute2": "Attr2",
    "Attribute3": "Attr3",
    "Transaction": 94
  },
  {
    "Index": 9358,
    "ObjectId": "Obj9358",
    "Attribute1": "Attr1",
    "Attribute2": "Attr2",
    "Attribute3": "Attr3",
    "Transaction": 94
  },
  {
    "Index": 9359,
    "ObjectId": "Obj9359",
    "Attribute1": "Attr1",
    "Attribute2": "Attr2",
    "Attribute3": "Attr3",
    "Transaction": 94
  },
  {
    "Index": 9360,
    "ObjectId": "Obj9360",
    "Attribute1": "Attr1",
    "Attribute2": "Attr2",
    "Attribute3": "Attr3",
    "Transaction": 94
  },
  {
    "Index": 9361,
    "ObjectId": "Obj9361",
    "Attribute1": "Attr1",
    "Attribute2": "Attr2",
    "Attribute3": "Attr3",
    "Transaction": 94
  },
  {
    "Index": 9362,
    "ObjectId": "Obj9362",
    "Attribute1": "Attr1",
    "Attribute2": "Attr2",
    "Attribute3": "Attr3",
    "Transaction": 94
  },
  {
    "Index": 9363,
    "ObjectId": "Obj9363",
    "Attribute1": "Attr1",
    "Attribute2": "Attr2",
    "Attribute3": "Attr3",
    "Transaction": 94
  },
  {
    "Index": 9364,
    "ObjectId": "Obj9364",
    "Attribute1": "Attr1",
    "Attribute2": "Attr2",
    "Attribute3": "Attr3",
    "Transaction": 94
  },
  {
    "Index": 9365,
    "ObjectId": "Obj9365",
    "Attribute1": "Attr1",
    "Attribute2": "Attr2",
    "Attribute3": "Attr3",
    "Transaction": 94
  },
  {
    "Index": 9366,
    "ObjectId": "Obj9366",
    "Attribute1": "Attr1",
    "Attribute2": "Attr2",
    "Attribute3": "Attr3",
    "Transaction": 94
  },
  {
    "Index": 9367,
    "ObjectId": "Obj9367",
    "Attribute1": "Attr1",
    "Attribute2": "Attr2",
    "Attribute3": "Attr3",
    "Transaction": 94
  },
  {
    "Index": 9368,
    "ObjectId": "Obj9368",
    "Attribute1": "Attr1",
    "Attribute2": "Attr2",
    "Attribute3": "Attr3",
    "Transaction": 94
  },
  {
    "Index": 9369,
    "ObjectId": "Obj9369",
    "Attribute1": "Attr1",
    "Attribute2": "Attr2",
    "Attribute3": "Attr3",
    "Transaction": 94
  },
  {
    "Index": 9370,
    "ObjectId": "Obj9370",
    "Attribute1": "Attr1",
    "Attribute2": "Attr2",
    "Attribute3": "Attr3",
    "Transaction": 94
  },
  {
    "Index": 9371,
    "ObjectId": "Obj9371",
    "Attribute1": "Attr1",
    "Attribute2": "Attr2",
    "Attribute3": "Attr3",
    "Transaction": 94
  },
  {
    "Index": 9372,
    "ObjectId": "Obj9372",
    "Attribute1": "Attr1",
    "Attribute2": "Attr2",
    "Attribute3": "Attr3",
    "Transaction": 94
  },
  {
    "Index": 9373,
    "ObjectId": "Obj9373",
    "Attribute1": "Attr1",
    "Attribute2": "Attr2",
    "Attribute3": "Attr3",
    "Transaction": 94
  },
  {
    "Index": 9374,
    "ObjectId": "Obj9374",
    "Attribute1": "Attr1",
    "Attribute2": "Attr2",
    "Attribute3": "Attr3",
    "Transaction": 94
  },
  {
    "Index": 9375,
    "ObjectId": "Obj9375",
    "Attribute1": "Attr1",
    "Attribute2": "Attr2",
    "Attribute3": "Attr3",
    "Transaction": 94
  },
  {
    "Index": 9376,
    "ObjectId": "Obj9376",
    "Attribute1": "Attr1",
    "Attribute2": "Attr2",
    "Attribute3": "Attr3",
    "Transaction": 94
  },
  {
    "Index": 9377,
    "ObjectId": "Obj9377",
    "Attribute1": "Attr1",
    "Attribute2": "Attr2",
    "Attribute3": "Attr3",
    "Transaction": 94
  },
  {
    "Index": 9378,
    "ObjectId": "Obj9378",
    "Attribute1": "Attr1",
    "Attribute2": "Attr2",
    "Attribute3": "Attr3",
    "Transaction": 94
  },
  {
    "Index": 9379,
    "ObjectId": "Obj9379",
    "Attribute1": "Attr1",
    "Attribute2": "Attr2",
    "Attribute3": "Attr3",
    "Transaction": 94
  },
  {
    "Index": 9380,
    "ObjectId": "Obj9380",
    "Attribute1": "Attr1",
    "Attribute2": "Attr2",
    "Attribute3": "Attr3",
    "Transaction": 94
  },
  {
    "Index": 9381,
    "ObjectId": "Obj9381",
    "Attribute1": "Attr1",
    "Attribute2": "Attr2",
    "Attribute3": "Attr3",
    "Transaction": 94
  },
  {
    "Index": 9382,
    "ObjectId": "Obj9382",
    "Attribute1": "Attr1",
    "Attribute2": "Attr2",
    "Attribute3": "Attr3",
    "Transaction": 94
  },
  {
    "Index": 9383,
    "ObjectId": "Obj9383",
    "Attribute1": "Attr1",
    "Attribute2": "Attr2",
    "Attribute3": "Attr3",
    "Transaction": 94
  },
  {
    "Index": 9384,
    "ObjectId": "Obj9384",
    "Attribute1": "Attr1",
    "Attribute2": "Attr2",
    "Attribute3": "Attr3",
    "Transaction": 94
  },
  {
    "Index": 9385,
    "ObjectId": "Obj9385",
    "Attribute1": "Attr1",
    "Attribute2": "Attr2",
    "Attribute3": "Attr3",
    "Transaction": 94
  },
  {
    "Index": 9386,
    "ObjectId": "Obj9386",
    "Attribute1": "Attr1",
    "Attribute2": "Attr2",
    "Attribute3": "Attr3",
    "Transaction": 94
  },
  {
    "Index": 9387,
    "ObjectId": "Obj9387",
    "Attribute1": "Attr1",
    "Attribute2": "Attr2",
    "Attribute3": "Attr3",
    "Transaction": 94
  },
  {
    "Index": 9388,
    "ObjectId": "Obj9388",
    "Attribute1": "Attr1",
    "Attribute2": "Attr2",
    "Attribute3": "Attr3",
    "Transaction": 94
  },
  {
    "Index": 9389,
    "ObjectId": "Obj9389",
    "Attribute1": "Attr1",
    "Attribute2": "Attr2",
    "Attribute3": "Attr3",
    "Transaction": 94
  },
  {
    "Index": 9390,
    "ObjectId": "Obj9390",
    "Attribute1": "Attr1",
    "Attribute2": "Attr2",
    "Attribute3": "Attr3",
    "Transaction": 94
  },
  {
    "Index": 9391,
    "ObjectId": "Obj9391",
    "Attribute1": "Attr1",
    "Attribute2": "Attr2",
    "Attribute3": "Attr3",
    "Transaction": 94
  },
  {
    "Index": 9392,
    "ObjectId": "Obj9392",
    "Attribute1": "Attr1",
    "Attribute2": "Attr2",
    "Attribute3": "Attr3",
    "Transaction": 94
  },
  {
    "Index": 9393,
    "ObjectId": "Obj9393",
    "Attribute1": "Attr1",
    "Attribute2": "Attr2",
    "Attribute3": "Attr3",
    "Transaction": 94
  },
  {
    "Index": 9394,
    "ObjectId": "Obj9394",
    "Attribute1": "Attr1",
    "Attribute2": "Attr2",
    "Attribute3": "Attr3",
    "Transaction": 94
  },
  {
    "Index": 9395,
    "ObjectId": "Obj9395",
    "Attribute1": "Attr1",
    "Attribute2": "Attr2",
    "Attribute3": "Attr3",
    "Transaction": 94
  },
  {
    "Index": 9396,
    "ObjectId": "Obj9396",
    "Attribute1": "Attr1",
    "Attribute2": "Attr2",
    "Attribute3": "Attr3",
    "Transaction": 94
  },
  {
    "Index": 9397,
    "ObjectId": "Obj9397",
    "Attribute1": "Attr1",
    "Attribute2": "Attr2",
    "Attribute3": "Attr3",
    "Transaction": 94
  },
  {
    "Index": 9398,
    "ObjectId": "Obj9398",
    "Attribute1": "Attr1",
    "Attribute2": "Attr2",
    "Attribute3": "Attr3",
    "Transaction": 94
  },
  {
    "Index": 9399,
    "ObjectId": "Obj9399",
    "Attribute1": "Attr1",
    "Attribute2": "Attr2",
    "Attribute3": "Attr3",
    "Transaction": 94
  },
  {
    "Index": 9400,
    "ObjectId": "Obj9400",
    "Attribute1": "Attr1",
    "Attribute2": "Attr2",
    "Attribute3": "Attr3",
    "Transaction": 94
  }
]