[
  {
    "Index": 1901,
    "ObjectId": "Obj1901",
    "Attribute1": "Attr1",
    "Attribute2": "Attr2",
    "Attribute3": "Attr3",
    "Transaction": 20
  },
  {
    "Index": 1902,
    "ObjectId": "Obj1902",
    "Attribute1": "Attr1",
    "Attribute2": "Attr2",
    "Attribute3": "Attr3",
    "Transaction": 20
  },
  {
    "Index": 1903,
    "ObjectId": "Obj1903",
    "Attribute1": "Attr1",
    "Attribute2": "Attr2",
    "Attribute3": "Attr3",
    "Transaction": 20
  },
  {
    "Index": 1904,
    "ObjectId": "Obj1904",
    "Attribute1": "Attr1",
    "Attribute2": "Attr2",
    "Attribute3": "Attr3",
    "Transaction": 20
  },
  {
    "Index": 1905,
    "ObjectId": "Obj1905",
    "Attribute1": "Attr1",
    "Attribute2": "Attr2",
    "Attribute3": "Attr3",
    "Transaction": 20
  },
  {
    "Index": 1906,
    "ObjectId": "Obj1906",
    "Attribute1": "Attr1",
    "Attribute2": "Attr2",
    "Attribute3": "Attr3",
    "Transaction": 20
  },
  {
    "Index": 1907,
    "ObjectId": "Obj1907",
    "Attribute1": "Attr1",
    "Attribute2": "Attr2",
    "Attribute3": "Attr3",
    "Transaction": 20
  },
  {
    "Index": 1908,
    "ObjectId": "Obj1908",
    "Attribute1": "Attr1",
    "Attribute2": "Attr2",
    "Attribute3": "Attr3",
    "Transaction": 20
  },
  {
    "Index": 1909,
    "ObjectId": "Obj1909",
    "Attribute1": "Attr1",
    "Attribute2": "Attr2",
    "Attribute3": "Attr3",
    "Transaction": 20
  },
  {
    "Index": 1910,
    "ObjectId": "Obj1910",
    "Attribute1": "Attr1",
    "Attribute2": "Attr2",
    "Attribute3": "Attr3",
    "Transaction": 20
  },
  {
    "Index": 1911,
    "ObjectId": "Obj1911",
    "Attribute1": "Attr1",
    "Attribute2": "Attr2",
    "Attribute3": "Attr3",
    "Transaction": 20
  },
  {
    "Index": 1912,
    "ObjectId": "Obj1912",
    "Attribute1": "Attr1",
    "Attribute2": "Attr2",
    "Attribute3": "Attr3",
    "Transaction": 20
  },
  {
    "Index": 1913,
    "ObjectId": "Obj1913",
    "Attribute1": "Attr1",
    "Attribute2": "Attr2",
    "Attribute3": "Attr3",
    "Transaction": 20
  },
  {
    "Index": 1914,
    "ObjectId": "Obj1914",
    "Attribute1": "Attr1",
    "Attribute2": "Attr2",
    "Attribute3": "Attr3",
    "Transaction": 20
  },
  {
    "Index": 1915,
    "ObjectId": "Obj1915",
    "Attribute1": "Attr1",
    "Attribute2": "Attr2",
    "Attribute3": "Attr3",
    "Transaction": 20
  },
  {
    "Index": 1916,
    "ObjectId": "Obj1916",
    "Attribute1": "Attr1",
    "Attribute2": "Attr2",
    "Attribute3": "Attr3",
    "Transaction": 20
  },
  {
    "Index": 1917,
    "ObjectId": "Obj1917",
    "Attribute1": "Attr1",
    "Attribute2": "Attr2",
    "Attribute3": "Attr3",
    "Transaction": 20
  },
  {
    "Index": 1918,
    "ObjectId": "Obj1918",
    "Attribute1": "Attr1",
    "Attribute2": "Attr2",
    "Attribute3": "Attr3",
    "Transaction": 20
  },
  {
    "Index": 1919,
    "ObjectId": "Obj1919",
    "Attribute1": "Attr1",
    "Attribute2": "Attr2",
    "Attribute3": "Attr3",
    "Transaction": 20
  },
  {
    "Index": 1920,
    "ObjectId": "Obj1920",
    "Attribute1": "Attr1",
    "Attribute2": "Attr2",
    "Attribute3": "Attr3",
    "Transaction": 20
  },
  {
    "Index": 1921,
    "ObjectId": "Obj1921",
    "Attribute1": "Attr1",
    "Attribute2": "Attr2",
    "Attribute3": "Attr3",
    "Transaction": 20
  },
  {
    "Index": 1922,
    "ObjectId": "Obj1922",
    "Attribute1": "Attr1",
    "Attribute2": "Attr2",
    "Attribute3": "Attr3",
    "Transaction": 20
  },
  {
    "Index": 1923,
    "ObjectId": "Obj1923",
    "Attribute1": "Attr1",
    "Attribute2": "Attr2",
    "Attribute3": "Attr3",
    "Transaction": 20
  },
  {
    "Index": 1924,
    "ObjectId": "Obj1924",
    "Attribute1": "Attr1",
    "Attribute2": "Attr2",
    "Attribute3": "Attr3",
    "Transaction": 20
  },
  {
    "Index": 1925,
    "ObjectId": "Obj1925",
    "Attribute1": "Attr1",
    "Attribute2": "Attr2",
    "Attribute3": "Attr3",
    "Transaction": 20
  },
  {
    "Index": 1926,
    "ObjectId": "Obj1926",
    "Attribute1": "Attr1",
    "Attribute2": "Attr2",
    "Attribute3": "Attr3",
    "Transaction": 20
  },
  {
    "Index": 1927,
    "ObjectId": "Obj1927",
    "Attribute1": "Attr1",
    "Attribute2": "Attr2",
    "Attribute3": "Attr3",
    "Transaction": 20
  },
  {
    "Index": 1928,
    "ObjectId": "Obj1928",
    "Attribute1": "Attr1",
    "Attribute2": "Attr2",
    "Attribute3": "Attr3",
    "Transaction": 20
  },
  {
    "Index": 1929,
    "ObjectId": "Obj1929",
    "Attribute1": "Attr1",
    "Attribute2": "Attr2",
    "Attribute3": "Attr3",
    "Transaction": 20
  },
  {
    "Index": 1930,
    "ObjectId": "Obj1930",
    "Attribute1": "Attr1",
    "Attribute2": "Attr2",
    "Attribute3": "Attr3",
    "Transaction": 20
  },
  {
    "Index": 1931,
    "ObjectId": "Obj1931",
    "Attribute1": "Attr1",
    "Attribute2": "Attr2",
    "Attribute3": "Attr3",
    "Transaction": 20
  },
  {
    "Index": 1932,
    "ObjectId": "Obj1932",
    "Attribute1": "Attr1",
    "Attribute2": "Attr2",
    "Attribute3": "Attr3",
    "Transaction": 20
  },
  {
    "Index": 1933,
    "ObjectId": "Obj1933",
    "Attribute1": "Attr1",
    "Attribute2": "Attr2",
    "Attribute3": "Attr3",
    "Transaction": 20
  },
  {
    "Index": 1934,
    "ObjectId": "Obj1934",
    "Attribute1": "Attr1",
    "Attribute2": "Attr2",
    "Attribute3": "Attr3",
    "Transaction": 20
  },
  {
    "Index": 1935,
    "ObjectId": "Obj1935",
    "Attribute1": "Attr1",
    "Attribute2": "Attr2",
    "Attribute3": "Attr3",
    "Transaction": 20
  },
  {
    "Index": 1936,
    "ObjectId": "Obj1936",
    "Attribute1": "Attr1",
    "Attribute2": "Attr2",
    "Attribute3": "Attr3",
    "Transaction": 20
  },
  {
    "Index": 1937,
    "ObjectId": "Obj1937",
    "Attribute1": "Attr1",
    "Attribute2": "Attr2",
    "Attribute3": "Attr3",
    "Transaction": 20
  },
  {
    "Index": 1938,
    "ObjectId": "Obj1938",
    "Attribute1": "Attr1",
    "Attribute2": "Attr2",
    "Attribute3": "Attr3",
    "Transaction": 20
  },
  {
    "Index": 1939,
    "ObjectId": "Obj1939",
    "Attribute1": "Attr1",
    "Attribute2": "Attr2",
    "Attribute3": "Attr3",
    "Transaction": 20
  },
  {
    "Index": 1940,
    "ObjectId": "Obj1940",
    "Attribute1": "Attr1",
    "Attribute2": "Attr2",
    "Attribute3": "Attr3",
    "Transaction": 20
  },
  {
    "Index": 1941,
    "ObjectId": "Obj1941",
    "Attribute1": "Attr1",
    "Attribute2": "Attr2",
    "Attribute3": "Attr3",
    "Transaction": 20
  },
  {
    "Index": 1942,
    "ObjectId": "Obj1942",
    "Attribute1": "Attr1",
    "Attribute2": "Attr2",
    "Attribute3": "Attr3",
    "Transaction": 20
  },
  {
    "Index": 1943,
    "ObjectId": "Obj1943",
    "Attribute1": "Attr1",
    "Attribute2": "Attr2",
    "Attribute3": "Attr3",
    "Transaction": 20
  },
  {
    "Index": 1944,
    "ObjectId": "Obj1944",
    "Attribute1": "Attr1",
    "Attribute2": "Attr2",
    "Attribute3": "Attr3",
    "Transaction": 20
  },
  {
    "Index": 1945,
    "ObjectId": "Obj1945",
    "Attribute1": "Attr1",
    "Attribute2": "Attr2",
    "Attribute3": "Attr3",
    "Transaction": 20
  },
  {
    "Index": 1946,
    "ObjectId": "Obj1946",
    "Attribute1": "Attr1",
    "Attribute2": "Attr2",
    "Attribute3": "Attr3",
    "Transaction": 20
  },
  {
    "Index": 1947,
    "ObjectId": "Obj1947",
    "Attribute1": "Attr1",
    "Attribute2": "Attr2",
    "Attribute3": "Attr3",
    "Transaction": 20
  },
  {
    "Index": 1948,
    "ObjectId": "Obj1948",
    "Attribute1": "Attr1",
    "Attribute2": "Attr2",
    "Attribute3": "Attr3",
    "Transaction": 20
  },
  {
    "Index": 1949,
    "ObjectId": "Obj1949",
    "Attribute1": "Attr1",
    "Attribute2": "Attr2",
    "Attribute3": "Attr3",
    "Transaction": 20
  },
  {
    "Index": 1950,
    "ObjectId": "Obj1950",
    "Attribute1": "Attr1",
    "Attribute2": "Attr2",
    "Attribute3": "Attr3",
    "Transaction": 20
  },
  {
    "Index": 1951,
    "ObjectId": "Obj1951",
    "Attribute1": "Attr1",
    "Attribute2": "Attr2",
    "Attribute3": "Attr3",
    "Transaction": 20
  },
  {
    "Index": 1952,
    "ObjectId": "Obj1952",
    "Attribute1": "Attr1",
    "Attribute2": "Attr2",
    "Attribute3": "Attr3",
    "Transaction": 20
  },
  {
    "Index": 1953,
    "ObjectId": "Obj1953",
    "Attribute1": "Attr1",
    "Attribute2": "Attr2",
    "Attribute3": "Attr3",
    "Transaction": 20
  },
  {
    "Index": 1954,
    "ObjectId": "Obj1954",
    "Attribute1": "Attr1",
    "Attribute2": "Attr2",
    "Attribute3": "Attr3",
    "Transaction": 20
  },
  {
    "Index": 1955,
    "ObjectId": "Obj1955",
    "Attribute1": "Attr1",
    "Attribute2": "Attr2",
    "Attribute3": "Attr3",
    "Transaction": 20
  },
  {
    "Index": 1956,
    "ObjectId": "Obj1956",
    "Attribute1": "Attr1",
    "Attribute2": "Attr2",
    "Attribute3": "Attr3",
    "Transaction": 20
  },
  {
    "Index": 1957,
    "ObjectId": "Obj1957",
    "Attribute1": "Attr1",
    "Attribute2": "Attr2",
    "Attribute3": "Attr3",
    "Transaction": 20
  },
  {
    "Index": 1958,
    "ObjectId": "Obj1958",
    "Attribute1": "Attr1",
    "Attribute2": "Attr2",
    "Attribute3": "Attr3",
    "Transaction": 20
  },
  {
    "Index": 1959,
    "ObjectId": "Obj1959",
    "Attribute1": "Attr1",
    "Attribute2": "Attr2",
    "Attribute3": "Attr3",
    "Transaction": 20
  },
  {
    "Index": 1960,
    "ObjectId": "Obj1960",
    "Attribute1": "Attr1",
    "Attribute2": "Attr2",
    "Attribute3": "Attr3",
    "Transaction": 20
  },
  {
    "Index": 1961,
    "ObjectId": "Obj1961",
    "Attribute1": "Attr1",
    "Attribute2": "Attr2",
    "Attribute3": "Attr3",
    "Transaction": 20
  },
  {
    "Index": 1962,
    "ObjectId": "Obj1962",
    "Attribute1": "Attr1",
    "Attribute2": "Attr2",
    "Attribute3": "Attr3",
    "Transaction": 20
  },
  {
    "Index": 1963,
    "ObjectId": "Obj1963",
    "Attribute1": "Attr1",
    "Attribute2": "Attr2",
    "Attribute3": "Attr3",
    "Transaction": 20
  },
  {
    "Index": 1964,
    "ObjectId": "Obj1964",
    "Attribute1": "Attr1",
    "Attribute2": "Attr2",
    "Attribute3": "Attr3",
    "Transaction": 20
  },
  {
    "Index": 1965,
    "ObjectId": "Obj1965",
    "Attribute1": "Attr1",
    "Attribute2": "Attr2",
    "Attribute3": "Attr3",
    "Transaction": 20
  },
  {
    "Index": 1966,
    "ObjectId": "Obj1966",
    "Attribute1": "Attr1",
    "Attribute2": "Attr2",
    "Attribute3": "Attr3",
    "Transaction": 20
  },
  {
    "Index": 1967,
    "ObjectId": "Obj1967",
    "Attribute1": "Attr1",
    "Attribute2": "Attr2",
    "Attribute3": "Attr3",
    "Transaction": 20
  },
  {
    "Index": 1968,
    "ObjectId": "Obj1968",
    "Attribute1": "Attr1",
    "Attribute2": "Attr2",
    "Attribute3": "Attr3",
    "Transaction": 20
  },
  {
    "Index": 1969,
    "ObjectId": "Obj1969",
    "Attribute1": "Attr1",
    "Attribute2": "Attr2",
    "Attribute3": "Attr3",
    "Transaction": 20
  },
  {
    "Index": 1970,
    "ObjectId": "Obj1970",
    "Attribute1": "Attr1",
    "Attribute2": "Attr2",
    "Attribute3": "Attr3",
    "Transaction": 20
  },
  {
    "Index": 1971,
    "ObjectId": "Obj1971",
    "Attribute1": "Attr1",
    "Attribute2": "Attr2",
    "Attribute3": "Attr3",
    "Transaction": 20
  },
  {
    "Index": 1972,
    "ObjectId": "Obj1972",
    "Attribute1": "Attr1",
    "Attribute2": "Attr2",
    "Attribute3": "Attr3",
    "Transaction": 20
  },
  {
    "Index": 1973,
    "ObjectId": "Obj1973",
    "Attribute1": "Attr1",
    "Attribute2": "Attr2",
    "Attribute3": "Attr3",
    "Transaction": 20
  },
  {
    "Index": 1974,
    "ObjectId": "Obj1974",
    "Attribute1": "Attr1",
    "Attribute2": "Attr2",
    "Attribute3": "Attr3",
    "Transaction": 20
  },
  {
    "Index": 1975,
    "ObjectId": "Obj1975",
    "Attribute1": "Attr1",
    "Attribute2": "Attr2",
    "Attribute3": "Attr3",
    "Transaction": 20
  },
  {
    "Index": 1976,
    "ObjectId": "Obj1976",
    "Attribute1": "Attr1",
    "Attribute2": "Attr2",
    "Attribute3": "Attr3",
    "Transaction": 20
  },
  {
    "Index": 1977,
    "ObjectId": "Obj1977",
    "Attribute1": "Attr1",
    "Attribute2": "Attr2",
    "Attribute3": "Attr3",
    "Transaction": 20
  },
  {
    "Index": 1978,
    "ObjectId": "Obj1978",
    "Attribute1": "Attr1",
    "Attribute2": "Attr2",
    "Attribute3": "Attr3",
    "Transaction": 20
  },
  {
    "Index": 1979,
    "ObjectId": "Obj1979",
    "Attribute1": "Attr1",
    "Attribute2": "Attr2",
    "Attribute3": "Attr3",
    "Transaction": 20
  },
  {
    "Index": 1980,
    "ObjectId": "Obj1980",
    "Attribute1": "Attr1",
    "Attribute2": "Attr2",
    "Attribute3": "Attr3",
    "Transaction": 20
  },
  {
    "Index": 1981,
    "ObjectId": "Obj1981",
    "Attribute1": "Attr1",
    "Attribute2": "Attr2",
    "Attribute3": "Attr3",
    "Transaction": 20
  },
  {
    "Index": 1982,
    "ObjectId": "Obj1982",
    "Attribute1": "Attr1",
    "Attribute2": "Attr2",
    "Attribute3": "Attr3",
    "Transaction": 20
  },
  {
    "Index": 1983,
    "ObjectId": "Obj1983",
    "Attribute1": "Attr1",
    "Attribute2": "Attr2",
    "Attribute3": "Attr3",
    "Transaction": 20
  },
  {
    "Index": 1984,
    "ObjectId": "Obj1984",
    "Attribute1": "Attr1",
    "Attribute2": "Attr2",
    "Attribute3": "Attr3",
    "Transaction": 20
  },
  {
    "Index": 1985,
    "ObjectId": "Obj1985",
    "Attribute1": "Attr1",
    "Attribute2": "Attr2",
    "Attribute3": "Attr3",
    "Transaction": 20
  },
  {
    "Index": 1986,
    "ObjectId": "Obj1986",
    "Attribute1": "Attr1",
    "Attribute2": "Attr2",
    "Attribute3": "Attr3",
    "Transaction": 20
  },
  {
    "Index": 1987,
    "ObjectId": "Obj1987",
    "Attribute1": "Attr1",
    "Attribute2": "Attr2",
    "Attribute3": "Attr3",
    "Transaction": 20
  },
  {
    "Index": 1988,
    "ObjectId": "Obj1988",
    "Attribute1": "Attr1",
    "Attribute2": "Attr2",
    "Attribute3": "Attr3",
    "Transaction": 20
  },
  {
    "Index": 1989,
    "ObjectId": "Obj1989",
    "Attribute1": "Attr1",
    "Attribute2": "Attr2",
    "Attribute3": "Attr3",
    "Transaction": 20
  },
  {
    "Index": 1990,
    "ObjectId": "Obj1990",
    "Attribute1": "Attr1",
    "Attribute2": "Attr2",
    "Attribute3": "Attr3",
    "Transaction": 20
  },
  {
    "Index": 1991,
    "ObjectId": "Obj1991",
    "Attribute1": "Attr1",
    "Attribute2": "Attr2",
    "Attribute3": "Attr3",
    "Transaction": 20
  },
  {
    "Index": 1992,
    "ObjectId": "Obj1992",
    "Attribute1": "Attr1",
    "Attribute2": "Attr2",
    "Attribute3": "Attr3",
    "Transaction": 20
  },
  {
    "Index": 1993,
    "ObjectId": "Obj1993",
    "Attribute1": "Attr1",
    "Attribute2": "Attr2",
    "Attribute3": "Attr3",
    "Transaction": 20
  },
  {
    "Index": 1994,
    "ObjectId": "Obj1994",
    "Attribute1": "Attr1",
    "Attribute2": "Attr2",
    "Attribute3": "Attr3",
    "Transaction": 20
  },
  {
    "Index": 1995,
    "ObjectId": "Obj1995",
    "Attribute1": "Attr1",
    "Attribute2": "Attr2",
    "Attribute3": "Attr3",
    "Transaction": 20
  },
  {
    "Index": 1996,
    "ObjectId": "Obj1996",
    "Attribute1": "Attr1",
    "Attribute2": "Attr2",
    "Attribute3": "Attr3",
    "Transaction": 20
  },
  {
    "Index": 1997,
    "ObjectId": "Obj1997",
    "Attribute1": "Attr1",
    "Attribute2": "Attr2",
    "Attribute3": "Attr3",
    "Transaction": 20
  },
  {
    "Index": 1998,
    "ObjectId": "Obj1998",
    "Attribute1": "Attr1",
    "Attribute2": "Attr2",
    "Attribute3": "Attr3",
    "Transaction": 20
  },
  {
    "Index": 1999,
    "ObjectId": "Obj1999",
    "Attribute1": "Attr1",
    "Attribute2": "Attr2",
    "Attribute3": "Attr3",
    "Transaction": 20
  },
  {
    "Index": 2000,
    "ObjectId": "Obj2000",
    "Attribute1": "Attr1",
    "Attribute2": "Attr2",
    "Attribute3": "Attr3",
    "Transaction": 20
  }
]