[
  {
    "Index": 1201,
    "ObjectId": "Obj1201",
    "Attribute1": "Attr1",
    "Attribute2": "Attr2",
    "Attribute3": "Attr3",
    "Transaction": 13
  },
  {
    "Index": 1202,
    "ObjectId": "Obj1202",
    "Attribute1": "Attr1",
    "Attribute2": "Attr2",
    "Attribute3": "Attr3",
    "Transaction": 13
  },
  {
    "Index": 1203,
    "ObjectId": "Obj1203",
    "Attribute1": "Attr1",
    "Attribute2": "Attr2",
    "Attribute3": "Attr3",
    "Transaction": 13
  },
  {
    "Index": 1204,
    "ObjectId": "Obj1204",
    "Attribute1": "Attr1",
    "Attribute2": "Attr2",
    "Attribute3": "Attr3",
    "Transaction": 13
  },
  {
    "Index": 1205,
    "ObjectId": "Obj1205",
    "Attribute1": "Attr1",
    "Attribute2": "Attr2",
    "Attribute3": "Attr3",
    "Transaction": 13
  },
  {
    "Index": 1206,
    "ObjectId": "Obj1206",
    "Attribute1": "Attr1",
    "Attribute2": "Attr2",
    "Attribute3": "Attr3",
    "Transaction": 13
  },
  {
    "Index": 1207,
    "ObjectId": "Obj1207",
    "Attribute1": "Attr1",
    "Attribute2": "Attr2",
    "Attribute3": "Attr3",
    "Transaction": 13
  },
  {
    "Index": 1208,
    "ObjectId": "Obj1208",
    "Attribute1": "Attr1",
    "Attribute2": "Attr2",
    "Attribute3": "Attr3",
    "Transaction": 13
  },
  {
    "Index": 1209,
    "ObjectId": "Obj1209",
    "Attribute1": "Attr1",
    "Attribute2": "Attr2",
    "Attribute3": "Attr3",
    "Transaction": 13
  },
  {
    "Index": 1210,
    "ObjectId": "Obj1210",
    "Attribute1": "Attr1",
    "Attribute2": "Attr2",
    "Attribute3": "Attr3",
    "Transaction": 13
  },
  {
    "Index": 1211,
    "ObjectId": "Obj1211",
    "Attribute1": "Attr1",
    "Attribute2": "Attr2",
    "Attribute3": "Attr3",
    "Transaction": 13
  },
  {
    "Index": 1212,
    "ObjectId": "Obj1212",
    "Attribute1": "Attr1",
    "Attribute2": "Attr2",
    "Attribute3": "Attr3",
    "Transaction": 13
  },
  {
    "Index": 1213,
    "ObjectId": "Obj1213",
    "Attribute1": "Attr1",
    "Attribute2": "Attr2",
    "Attribute3": "Attr3",
    "Transaction": 13
  },
  {
    "Index": 1214,
    "ObjectId": "Obj1214",
    "Attribute1": "Attr1",
    "Attribute2": "Attr2",
    "Attribute3": "Attr3",
    "Transaction": 13
  },
  {
    "Index": 1215,
    "ObjectId": "Obj1215",
    "Attribute1": "Attr1",
    "Attribute2": "Attr2",
    "Attribute3": "Attr3",
    "Transaction": 13
  },
  {
    "Index": 1216,
    "ObjectId": "Obj1216",
    "Attribute1": "Attr1",
    "Attribute2": "Attr2",
    "Attribute3": "Attr3",
    "Transaction": 13
  },
  {
    "Index": 1217,
    "ObjectId": "Obj1217",
    "Attribute1": "Attr1",
    "Attribute2": "Attr2",
    "Attribute3": "Attr3",
    "Transaction": 13
  },
  {
    "Index": 1218,
    "ObjectId": "Obj1218",
    "Attribute1": "Attr1",
    "Attribute2": "Attr2",
    "Attribute3": "Attr3",
    "Transaction": 13
  },
  {
    "Index": 1219,
    "ObjectId": "Obj1219",
    "Attribute1": "Attr1",
    "Attribute2": "Attr2",
    "Attribute3": "Attr3",
    "Transaction": 13
  },
  {
    "Index": 1220,
    "ObjectId": "Obj1220",
    "Attribute1": "Attr1",
    "Attribute2": "Attr2",
    "Attribute3": "Attr3",
    "Transaction": 13
  },
  {
    "Index": 1221,
    "ObjectId": "Obj1221",
    "Attribute1": "Attr1",
    "Attribute2": "Attr2",
    "Attribute3": "Attr3",
    "Transaction": 13
  },
  {
    "Index": 1222,
    "ObjectId": "Obj1222",
    "Attribute1": "Attr1",
    "Attribute2": "Attr2",
    "Attribute3": "Attr3",
    "Transaction": 13
  },
  {
    "Index": 1223,
    "ObjectId": "Obj1223",
    "Attribute1": "Attr1",
    "Attribute2": "Attr2",
    "Attribute3": "Attr3",
    "Transaction": 13
  },
  {
    "Index": 1224,
    "ObjectId": "Obj1224",
    "Attribute1": "Attr1",
    "Attribute2": "Attr2",
    "Attribute3": "Attr3",
    "Transaction": 13
  },
  {
    "Index": 1225,
    "ObjectId": "Obj1225",
    "Attribute1": "Attr1",
    "Attribute2": "Attr2",
    "Attribute3": "Attr3",
    "Transaction": 13
  },
  {
    "Index": 1226,
    "ObjectId": "Obj1226",
    "Attribute1": "Attr1",
    "Attribute2": "Attr2",
    "Attribute3": "Attr3",
    "Transaction": 13
  },
  {
    "Index": 1227,
    "ObjectId": "Obj1227",
    "Attribute1": "Attr1",
    "Attribute2": "Attr2",
    "Attribute3": "Attr3",
    "Transaction": 13
  },
  {
    "Index": 1228,
    "ObjectId": "Obj1228",
    "Attribute1": "Attr1",
    "Attribute2": "Attr2",
    "Attribute3": "Attr3",
    "Transaction": 13
  },
  {
    "Index": 1229,
    "ObjectId": "Obj1229",
    "Attribute1": "Attr1",
    "Attribute2": "Attr2",
    "Attribute3": "Attr3",
    "Transaction": 13
  },
  {
    "Index": 1230,
    "ObjectId": "Obj1230",
    "Attribute1": "Attr1",
    "Attribute2": "Attr2",
    "Attribute3": "Attr3",
    "Transaction": 13
  },
  {
    "Index": 1231,
    "ObjectId": "Obj1231",
    "Attribute1": "Attr1",
    "Attribute2": "Attr2",
    "Attribute3": "Attr3",
    "Transaction": 13
  },
  {
    "Index": 1232,
    "ObjectId": "Obj1232",
    "Attribute1": "Attr1",
    "Attribute2": "Attr2",
    "Attribute3": "Attr3",
    "Transaction": 13
  },
  {
    "Index": 1233,
    "ObjectId": "Obj1233",
    "Attribute1": "Attr1",
    "Attribute2": "Attr2",
    "Attribute3": "Attr3",
    "Transaction": 13
  },
  {
    "Index": 1234,
    "ObjectId": "Obj1234",
    "Attribute1": "Attr1",
    "Attribute2": "Attr2",
    "Attribute3": "Attr3",
    "Transaction": 13
  },
  {
    "Index": 1235,
    "ObjectId": "Obj1235",
    "Attribute1": "Attr1",
    "Attribute2": "Attr2",
    "Attribute3": "Attr3",
    "Transaction": 13
  },
  {
    "Index": 1236,
    "ObjectId": "Obj1236",
    "Attribute1": "Attr1",
    "Attribute2": "Attr2",
    "Attribute3": "Attr3",
    "Transaction": 13
  },
  {
    "Index": 1237,
    "ObjectId": "Obj1237",
    "Attribute1": "Attr1",
    "Attribute2": "Attr2",
    "Attribute3": "Attr3",
    "Transaction": 13
  },
  {
    "Index": 1238,
    "ObjectId": "Obj1238",
    "Attribute1": "Attr1",
    "Attribute2": "Attr2",
    "Attribute3": "Attr3",
    "Transaction": 13
  },
  {
    "Index": 1239,
    "ObjectId": "Obj1239",
    "Attribute1": "Attr1",
    "Attribute2": "Attr2",
    "Attribute3": "Attr3",
    "Transaction": 13
  },
  {
    "Index": 1240,
    "ObjectId": "Obj1240",
    "Attribute1": "Attr1",
    "Attribute2": "Attr2",
    "Attribute3": "Attr3",
    "Transaction": 13
  },
  {
    "Index": 1241,
    "ObjectId": "Obj1241",
    "Attribute1": "Attr1",
    "Attribute2": "Attr2",
    "Attribute3": "Attr3",
    "Transaction": 13
  },
  {
    "Index": 1242,
    "ObjectId": "Obj1242",
    "Attribute1": "Attr1",
    "Attribute2": "Attr2",
    "Attribute3": "Attr3",
    "Transaction": 13
  },
  {
    "Index": 1243,
    "ObjectId": "Obj1243",
    "Attribute1": "Attr1",
    "Attribute2": "Attr2",
    "Attribute3": "Attr3",
    "Transaction": 13
  },
  {
    "Index": 1244,
    "ObjectId": "Obj1244",
    "Attribute1": "Attr1",
    "Attribute2": "Attr2",
    "Attribute3": "Attr3",
    "Transaction": 13
  },
  {
    "Index": 1245,
    "ObjectId": "Obj1245",
    "Attribute1": "Attr1",
    "Attribute2": "Attr2",
    "Attribute3": "Attr3",
    "Transaction": 13
  },
  {
    "Index": 1246,
    "ObjectId": "Obj1246",
    "Attribute1": "Attr1",
    "Attribute2": "Attr2",
    "Attribute3": "Attr3",
    "Transaction": 13
  },
  {
    "Index": 1247,
    "ObjectId": "Obj1247",
    "Attribute1": "Attr1",
    "Attribute2": "Attr2",
    "Attribute3": "Attr3",
    "Transaction": 13
  },
  {
    "Index": 1248,
    "ObjectId": "Obj1248",
    "Attribute1": "Attr1",
    "Attribute2": "Attr2",
    "Attribute3": "Attr3",
    "Transaction": 13
  },
  {
    "Index": 1249,
    "ObjectId": "Obj1249",
    "Attribute1": "Attr1",
    "Attribute2": "Attr2",
    "Attribute3": "Attr3",
    "Transaction": 13
  },
  {
    "Index": 1250,
    "ObjectId": "Obj1250",
    "Attribute1": "Attr1",
    "Attribute2": "Attr2",
    "Attribute3": "Attr3",
    "Transaction": 13
  },
  {
    "Index": 1251,
    "ObjectId": "Obj1251",
    "Attribute1": "Attr1",
    "Attribute2": "Attr2",
    "Attribute3": "Attr3",
    "Transaction": 13
  },
  {
    "Index": 1252,
    "ObjectId": "Obj1252",
    "Attribute1": "Attr1",
    "Attribute2": "Attr2",
    "Attribute3": "Attr3",
    "Transaction": 13
  },
  {
    "Index": 1253,
    "ObjectId": "Obj1253",
    "Attribute1": "Attr1",
    "Attribute2": "Attr2",
    "Attribute3": "Attr3",
    "Transaction": 13
  },
  {
    "Index": 1254,
    "ObjectId": "Obj1254",
    "Attribute1": "Attr1",
    "Attribute2": "Attr2",
    "Attribute3": "Attr3",
    "Transaction": 13
  },
  {
    "Index": 1255,
    "ObjectId": "Obj1255",
    "Attribute1": "Attr1",
    "Attribute2": "Attr2",
    "Attribute3": "Attr3",
    "Transaction": 13
  },
  {
    "Index": 1256,
    "ObjectId": "Obj1256",
    "Attribute1": "Attr1",
    "Attribute2": "Attr2",
    "Attribute3": "Attr3",
    "Transaction": 13
  },
  {
    "Index": 1257,
    "ObjectId": "Obj1257",
    "Attribute1": "Attr1",
    "Attribute2": "Attr2",
    "Attribute3": "Attr3",
    "Transaction": 13
  },
  {
    "Index": 1258,
    "ObjectId": "Obj1258",
    "Attribute1": "Attr1",
    "Attribute2": "Attr2",
    "Attribute3": "Attr3",
    "Transaction": 13
  },
  {
    "Index": 1259,
    "ObjectId": "Obj1259",
    "Attribute1": "Attr1",
    "Attribute2": "Attr2",
    "Attribute3": "Attr3",
    "Transaction": 13
  },
  {
    "Index": 1260,
    "ObjectId": "Obj1260",
    "Attribute1": "Attr1",
    "Attribute2": "Attr2",
    "Attribute3": "Attr3",
    "Transaction": 13
  },
  {
    "Index": 1261,
    "ObjectId": "Obj1261",
    "Attribute1": "Attr1",
    "Attribute2": "Attr2",
    "Attribute3": "Attr3",
    "Transaction": 13
  },
  {
    "Index": 1262,
    "ObjectId": "Obj1262",
    "Attribute1": "Attr1",
    "Attribute2": "Attr2",
    "Attribute3": "Attr3",
    "Transaction": 13
  },
  {
    "Index": 1263,
    "ObjectId": "Obj1263",
    "Attribute1": "Attr1",
    "Attribute2": "Attr2",
    "Attribute3": "Attr3",
    "Transaction": 13
  },
  {
    "Index": 1264,
    "ObjectId": "Obj1264",
    "Attribute1": "Attr1",
    "Attribute2": "Attr2",
    "Attribute3": "Attr3",
    "Transaction": 13
  },
  {
    "Index": 1265,
    "ObjectId": "Obj1265",
    "Attribute1": "Attr1",
    "Attribute2": "Attr2",
    "Attribute3": "Attr3",
    "Transaction": 13
  },
  {
    "Index": 1266,
    "ObjectId": "Obj1266",
    "Attribute1": "Attr1",
    "Attribute2": "Attr2",
    "Attribute3": "Attr3",
    "Transaction": 13
  },
  {
    "Index": 1267,
    "ObjectId": "Obj1267",
    "Attribute1": "Attr1",
    "Attribute2": "Attr2",
    "Attribute3": "Attr3",
    "Transaction": 13
  },
  {
    "Index": 1268,
    "ObjectId": "Obj1268",
    "Attribute1": "Attr1",
    "Attribute2": "Attr2",
    "Attribute3": "Attr3",
    "Transaction": 13
  },
  {
    "Index": 1269,
    "ObjectId": "Obj1269",
    "Attribute1": "Attr1",
    "Attribute2": "Attr2",
    "Attribute3": "Attr3",
    "Transaction": 13
  },
  {
    "Index": 1270,
    "ObjectId": "Obj1270",
    "Attribute1": "Attr1",
    "Attribute2": "Attr2",
    "Attribute3": "Attr3",
    "Transaction": 13
  },
  {
    "Index": 1271,
    "ObjectId": "Obj1271",
    "Attribute1": "Attr1",
    "Attribute2": "Attr2",
    "Attribute3": "Attr3",
    "Transaction": 13
  },
  {
    "Index": 1272,
    "ObjectId": "Obj1272",
    "Attribute1": "Attr1",
    "Attribute2": "Attr2",
    "Attribute3": "Attr3",
    "Transaction": 13
  },
  {
    "Index": 1273,
    "ObjectId": "Obj1273",
    "Attribute1": "Attr1",
    "Attribute2": "Attr2",
    "Attribute3": "Attr3",
    "Transaction": 13
  },
  {
    "Index": 1274,
    "ObjectId": "Obj1274",
    "Attribute1": "Attr1",
    "Attribute2": "Attr2",
    "Attribute3": "Attr3",
    "Transaction": 13
  },
  {
    "Index": 1275,
    "ObjectId": "Obj1275",
    "Attribute1": "Attr1",
    "Attribute2": "Attr2",
    "Attribute3": "Attr3",
    "Transaction": 13
  },
  {
    "Index": 1276,
    "ObjectId": "Obj1276",
    "Attribute1": "Attr1",
    "Attribute2": "Attr2",
    "Attribute3": "Attr3",
    "Transaction": 13
  },
  {
    "Index": 1277,
    "ObjectId": "Obj1277",
    "Attribute1": "Attr1",
    "Attribute2": "Attr2",
    "Attribute3": "Attr3",
    "Transaction": 13
  },
  {
    "Index": 1278,
    "ObjectId": "Obj1278",
    "Attribute1": "Attr1",
    "Attribute2": "Attr2",
    "Attribute3": "Attr3",
    "Transaction": 13
  },
  {
    "Index": 1279,
    "ObjectId": "Obj1279",
    "Attribute1": "Attr1",
    "Attribute2": "Attr2",
    "Attribute3": "Attr3",
    "Transaction": 13
  },
  {
    "Index": 1280,
    "ObjectId": "Obj1280",
    "Attribute1": "Attr1",
    "Attribute2": "Attr2",
    "Attribute3": "Attr3",
    "Transaction": 13
  },
  {
    "Index": 1281,
    "ObjectId": "Obj1281",
    "Attribute1": "Attr1",
    "Attribute2": "Attr2",
    "Attribute3": "Attr3",
    "Transaction": 13
  },
  {
    "Index": 1282,
    "ObjectId": "Obj1282",
    "Attribute1": "Attr1",
    "Attribute2": "Attr2",
    "Attribute3": "Attr3",
    "Transaction": 13
  },
  {
    "Index": 1283,
    "ObjectId": "Obj1283",
    "Attribute1": "Attr1",
    "Attribute2": "Attr2",
    "Attribute3": "Attr3",
    "Transaction": 13
  },
  {
    "Index": 1284,
    "ObjectId": "Obj1284",
    "Attribute1": "Attr1",
    "Attribute2": "Attr2",
    "Attribute3": "Attr3",
    "Transaction": 13
  },
  {
    "Index": 1285,
    "ObjectId": "Obj1285",
    "Attribute1": "Attr1",
    "Attribute2": "Attr2",
    "Attribute3": "Attr3",
    "Transaction": 13
  },
  {
    "Index": 1286,
    "ObjectId": "Obj1286",
    "Attribute1": "Attr1",
    "Attribute2": "Attr2",
    "Attribute3": "Attr3",
    "Transaction": 13
  },
  {
    "Index": 1287,
    "ObjectId": "Obj1287",
    "Attribute1": "Attr1",
    "Attribute2": "Attr2",
    "Attribute3": "Attr3",
    "Transaction": 13
  },
  {
    "Index": 1288,
    "ObjectId": "Obj1288",
    "Attribute1": "Attr1",
    "Attribute2": "Attr2",
    "Attribute3": "Attr3",
    "Transaction": 13
  },
  {
    "Index": 1289,
    "ObjectId": "Obj1289",
    "Attribute1": "Attr1",
    "Attribute2": "Attr2",
    "Attribute3": "Attr3",
    "Transaction": 13
  },
  {
    "Index": 1290,
    "ObjectId": "Obj1290",
    "Attribute1": "Attr1",
    "Attribute2": "Attr2",
    "Attribute3": "Attr3",
    "Transaction": 13
  },
  {
    "Index": 1291,
    "ObjectId": "Obj1291",
    "Attribute1": "Attr1",
    "Attribute2": "Attr2",
    "Attribute3": "Attr3",
    "Transaction": 13
  },
  {
    "Index": 1292,
    "ObjectId": "Obj1292",
    "Attribute1": "Attr1",
    "Attribute2": "Attr2",
    "Attribute3": "Attr3",
    "Transaction": 13
  },
  {
    "Index": 1293,
    "ObjectId": "Obj1293",
    "Attribute1": "Attr1",
    "Attribute2": "Attr2",
    "Attribute3": "Attr3",
    "Transaction": 13
  },
  {
    "Index": 1294,
    "ObjectId": "Obj1294",
    "Attribute1": "Attr1",
    "Attribute2": "Attr2",
    "Attribute3": "Attr3",
    "Transaction": 13
  },
  {
    "Index": 1295,
    "ObjectId": "Obj1295",
    "Attribute1": "Attr1",
    "Attribute2": "Attr2",
    "Attribute3": "Attr3",
    "Transaction": 13
  },
  {
    "Index": 1296,
    "ObjectId": "Obj1296",
    "Attribute1": "Attr1",
    "Attribute2": "Attr2",
    "Attribute3": "Attr3",
    "Transaction": 13
  },
  {
    "Index": 1297,
    "ObjectId": "Obj1297",
    "Attribute1": "Attr1",
    "Attribute2": "Attr2",
    "Attribute3": "Attr3",
    "Transaction": 13
  },
  {
    "Index": 1298,
    "ObjectId": "Obj1298",
    "Attribute1": "Attr1",
    "Attribute2": "Attr2",
    "Attribute3": "Attr3",
    "Transaction": 13
  },
  {
    "Index": 1299,
    "ObjectId": "Obj1299",
    "Attribute1": "Attr1",
    "Attribute2": "Attr2",
    "Attribute3": "Attr3",
    "Transaction": 13
  },
  {
    "Index": 1300,
    "ObjectId": "Obj1300",
    "Attribute1": "Attr1",
    "Attribute2": "Attr2",
    "Attribute3": "Attr3",
    "Transaction": 13
  }
]