[
  {
    "Index": 4501,
    "ObjectId": "Obj4501",
    "Attribute1": "Attr1",
    "Attribute2": "Attr2",
    "Attribute3": "Attr3",
    "Transaction": 46
  },
  {
    "Index": 4502,
    "ObjectId": "Obj4502",
    "Attribute1": "Attr1",
    "Attribute2": "Attr2",
    "Attribute3": "Attr3",
    "Transaction": 46
  },
  {
    "Index": 4503,
    "ObjectId": "Obj4503",
    "Attribute1": "Attr1",
    "Attribute2": "Attr2",
    "Attribute3": "Attr3",
    "Transaction": 46
  },
  {
    "Index": 4504,
    "ObjectId": "Obj4504",
    "Attribute1": "Attr1",
    "Attribute2": "Attr2",
    "Attribute3": "Attr3",
    "Transaction": 46
  },
  {
    "Index": 4505,
    "ObjectId": "Obj4505",
    "Attribute1": "Attr1",
    "Attribute2": "Attr2",
    "Attribute3": "Attr3",
    "Transaction": 46
  },
  {
    "Index": 4506,
    "ObjectId": "Obj4506",
    "Attribute1": "Attr1",
    "Attribute2": "Attr2",
    "Attribute3": "Attr3",
    "Transaction": 46
  },
  {
    "Index": 4507,
    "ObjectId": "Obj4507",
    "Attribute1": "Attr1",
    "Attribute2": "Attr2",
    "Attribute3": "Attr3",
    "Transaction": 46
  },
  {
    "Index": 4508,
    "ObjectId": "Obj4508",
    "Attribute1": "Attr1",
    "Attribute2": "Attr2",
    "Attribute3": "Attr3",
    "Transaction": 46
  },
  {
    "Index": 4509,
    "ObjectId": "Obj4509",
    "Attribute1": "Attr1",
    "Attribute2": "Attr2",
    "Attribute3": "Attr3",
    "Transaction": 46
  },
  {
    "Index": 4510,
    "ObjectId": "Obj4510",
    "Attribute1": "Attr1",
    "Attribute2": "Attr2",
    "Attribute3": "Attr3",
    "Transaction": 46
  },
  {
    "Index": 4511,
    "ObjectId": "Obj4511",
    "Attribute1": "Attr1",
    "Attribute2": "Attr2",
    "Attribute3": "Attr3",
    "Transaction": 46
  },
  {
    "Index": 4512,
    "ObjectId": "Obj4512",
    "Attribute1": "Attr1",
    "Attribute2": "Attr2",
    "Attribute3": "Attr3",
    "Transaction": 46
  },
  {
    "Index": 4513,
    "ObjectId": "Obj4513",
    "Attribute1": "Attr1",
    "Attribute2": "Attr2",
    "Attribute3": "Attr3",
    "Transaction": 46
  },
  {
    "Index": 4514,
    "ObjectId": "Obj4514",
    "Attribute1": "Attr1",
    "Attribute2": "Attr2",
    "Attribute3": "Attr3",
    "Transaction": 46
  },
  {
    "Index": 4515,
    "ObjectId": "Obj4515",
    "Attribute1": "Attr1",
    "Attribute2": "Attr2",
    "Attribute3": "Attr3",
    "Transaction": 46
  },
  {
    "Index": 4516,
    "ObjectId": "Obj4516",
    "Attribute1": "Attr1",
    "Attribute2": "Attr2",
    "Attribute3": "Attr3",
    "Transaction": 46
  },
  {
    "Index": 4517,
    "ObjectId": "Obj4517",
    "Attribute1": "Attr1",
    "Attribute2": "Attr2",
    "Attribute3": "Attr3",
    "Transaction": 46
  },
  {
    "Index": 4518,
    "ObjectId": "Obj4518",
    "Attribute1": "Attr1",
    "Attribute2": "Attr2",
    "Attribute3": "Attr3",
    "Transaction": 46
  },
  {
    "Index": 4519,
    "ObjectId": "Obj4519",
    "Attribute1": "Attr1",
    "Attribute2": "Attr2",
    "Attribute3": "Attr3",
    "Transaction": 46
  },
  {
    "Index": 4520,
    "ObjectId": "Obj4520",
    "Attribute1": "Attr1",
    "Attribute2": "Attr2",
    "Attribute3": "Attr3",
    "Transaction": 46
  },
  {
    "Index": 4521,
    "ObjectId": "Obj4521",
    "Attribute1": "Attr1",
    "Attribute2": "Attr2",
    "Attribute3": "Attr3",
    "Transaction": 46
  },
  {
    "Index": 4522,
    "ObjectId": "Obj4522",
    "Attribute1": "Attr1",
    "Attribute2": "Attr2",
    "Attribute3": "Attr3",
    "Transaction": 46
  },
  {
    "Index": 4523,
    "ObjectId": "Obj4523",
    "Attribute1": "Attr1",
    "Attribute2": "Attr2",
    "Attribute3": "Attr3",
    "Transaction": 46
  },
  {
    "Index": 4524,
    "ObjectId": "Obj4524",
    "Attribute1": "Attr1",
    "Attribute2": "Attr2",
    "Attribute3": "Attr3",
    "Transaction": 46
  },
  {
    "Index": 4525,
    "ObjectId": "Obj4525",
    "Attribute1": "Attr1",
    "Attribute2": "Attr2",
    "Attribute3": "Attr3",
    "Transaction": 46
  },
  {
    "Index": 4526,
    "ObjectId": "Obj4526",
    "Attribute1": "Attr1",
    "Attribute2": "Attr2",
    "Attribute3": "Attr3",
    "Transaction": 46
  },
  {
    "Index": 4527,
    "ObjectId": "Obj4527",
    "Attribute1": "Attr1",
    "Attribute2": "Attr2",
    "Attribute3": "Attr3",
    "Transaction": 46
  },
  {
    "Index": 4528,
    "ObjectId": "Obj4528",
    "Attribute1": "Attr1",
    "Attribute2": "Attr2",
    "Attribute3": "Attr3",
    "Transaction": 46
  },
  {
    "Index": 4529,
    "ObjectId": "Obj4529",
    "Attribute1": "Attr1",
    "Attribute2": "Attr2",
    "Attribute3": "Attr3",
    "Transaction": 46
  },
  {
    "Index": 4530,
    "ObjectId": "Obj4530",
    "Attribute1": "Attr1",
    "Attribute2": "Attr2",
    "Attribute3": "Attr3",
    "Transaction": 46
  },
  {
    "Index": 4531,
    "ObjectId": "Obj4531",
    "Attribute1": "Attr1",
    "Attribute2": "Attr2",
    "Attribute3": "Attr3",
    "Transaction": 46
  },
  {
    "Index": 4532,
    "ObjectId": "Obj4532",
    "Attribute1": "Attr1",
    "Attribute2": "Attr2",
    "Attribute3": "Attr3",
    "Transaction": 46
  },
  {
    "Index": 4533,
    "ObjectId": "Obj4533",
    "Attribute1": "Attr1",
    "Attribute2": "Attr2",
    "Attribute3": "Attr3",
    "Transaction": 46
  },
  {
    "Index": 4534,
    "ObjectId": "Obj4534",
    "Attribute1": "Attr1",
    "Attribute2": "Attr2",
    "Attribute3": "Attr3",
    "Transaction": 46
  },
  {
    "Index": 4535,
    "ObjectId": "Obj4535",
    "Attribute1": "Attr1",
    "Attribute2": "Attr2",
    "Attribute3": "Attr3",
    "Transaction": 46
  },
  {
    "Index": 4536,
    "ObjectId": "Obj4536",
    "Attribute1": "Attr1",
    "Attribute2": "Attr2",
    "Attribute3": "Attr3",
    "Transaction": 46
  },
  {
    "Index": 4537,
    "ObjectId": "Obj4537",
    "Attribute1": "Attr1",
    "Attribute2": "Attr2",
    "Attribute3": "Attr3",
    "Transaction": 46
  },
  {
    "Index": 4538,
    "ObjectId": "Obj4538",
    "Attribute1": "Attr1",
    "Attribute2": "Attr2",
    "Attribute3": "Attr3",
    "Transaction": 46
  },
  {
    "Index": 4539,
    "ObjectId": "Obj4539",
    "Attribute1": "Attr1",
    "Attribute2": "Attr2",
    "Attribute3": "Attr3",
    "Transaction": 46
  },
  {
    "Index": 4540,
    "ObjectId": "Obj4540",
    "Attribute1": "Attr1",
    "Attribute2": "Attr2",
    "Attribute3": "Attr3",
    "Transaction": 46
  },
  {
    "Index": 4541,
    "ObjectId": "Obj4541",
    "Attribute1": "Attr1",
    "Attribute2": "Attr2",
    "Attribute3": "Attr3",
    "Transaction": 46
  },
  {
    "Index": 4542,
    "ObjectId": "Obj4542",
    "Attribute1": "Attr1",
    "Attribute2": "Attr2",
    "Attribute3": "Attr3",
    "Transaction": 46
  },
  {
    "Index": 4543,
    "ObjectId": "Obj4543",
    "Attribute1": "Attr1",
    "Attribute2": "Attr2",
    "Attribute3": "Attr3",
    "Transaction": 46
  },
  {
    "Index": 4544,
    "ObjectId": "Obj4544",
    "Attribute1": "Attr1",
    "Attribute2": "Attr2",
    "Attribute3": "Attr3",
    "Transaction": 46
  },
  {
    "Index": 4545,
    "ObjectId": "Obj4545",
    "Attribute1": "Attr1",
    "Attribute2": "Attr2",
    "Attribute3": "Attr3",
    "Transaction": 46
  },
  {
    "Index": 4546,
    "ObjectId": "Obj4546",
    "Attribute1": "Attr1",
    "Attribute2": "Attr2",
    "Attribute3": "Attr3",
    "Transaction": 46
  },
  {
    "Index": 4547,
    "ObjectId": "Obj4547",
    "Attribute1": "Attr1",
    "Attribute2": "Attr2",
    "Attribute3": "Attr3",
    "Transaction": 46
  },
  {
    "Index": 4548,
    "ObjectId": "Obj4548",
    "Attribute1": "Attr1",
    "Attribute2": "Attr2",
    "Attribute3": "Attr3",
    "Transaction": 46
  },
  {
    "Index": 4549,
    "ObjectId": "Obj4549",
    "Attribute1": "Attr1",
    "Attribute2": "Attr2",
    "Attribute3": "Attr3",
    "Transaction": 46
  },
  {
    "Index": 4550,
    "ObjectId": "Obj4550",
    "Attribute1": "Attr1",
    "Attribute2": "Attr2",
    "Attribute3": "Attr3",
    "Transaction": 46
  },
  {
    "Index": 4551,
    "ObjectId": "Obj4551",
    "Attribute1": "Attr1",
    "Attribute2": "Attr2",
    "Attribute3": "Attr3",
    "Transaction": 46
  },
  {
    "Index": 4552,
    "ObjectId": "Obj4552",
    "Attribute1": "Attr1",
    "Attribute2": "Attr2",
    "Attribute3": "Attr3",
    "Transaction": 46
  },
  {
    "Index": 4553,
    "ObjectId": "Obj4553",
    "Attribute1": "Attr1",
    "Attribute2": "Attr2",
    "Attribute3": "Attr3",
    "Transaction": 46
  },
  {
    "Index": 4554,
    "ObjectId": "Obj4554",
    "Attribute1": "Attr1",
    "Attribute2": "Attr2",
    "Attribute3": "Attr3",
    "Transaction": 46
  },
  {
    "Index": 4555,
    "ObjectId": "Obj4555",
    "Attribute1": "Attr1",
    "Attribute2": "Attr2",
    "Attribute3": "Attr3",
    "Transaction": 46
  },
  {
    "Index": 4556,
    "ObjectId": "Obj4556",
    "Attribute1": "Attr1",
    "Attribute2": "Attr2",
    "Attribute3": "Attr3",
    "Transaction": 46
  },
  {
    "Index": 4557,
    "ObjectId": "Obj4557",
    "Attribute1": "Attr1",
    "Attribute2": "Attr2",
    "Attribute3": "Attr3",
    "Transaction": 46
  },
  {
    "Index": 4558,
    "ObjectId": "Obj4558",
    "Attribute1": "Attr1",
    "Attribute2": "Attr2",
    "Attribute3": "Attr3",
    "Transaction": 46
  },
  {
    "Index": 4559,
    "ObjectId": "Obj4559",
    "Attribute1": "Attr1",
    "Attribute2": "Attr2",
    "Attribute3": "Attr3",
    "Transaction": 46
  },
  {
    "Index": 4560,
    "ObjectId": "Obj4560",
    "Attribute1": "Attr1",
    "Attribute2": "Attr2",
    "Attribute3": "Attr3",
    "Transaction": 46
  },
  {
    "Index": 4561,
    "ObjectId": "Obj4561",
    "Attribute1": "Attr1",
    "Attribute2": "Attr2",
    "Attribute3": "Attr3",
    "Transaction": 46
  },
  {
    "Index": 4562,
    "ObjectId": "Obj4562",
    "Attribute1": "Attr1",
    "Attribute2": "Attr2",
    "Attribute3": "Attr3",
    "Transaction": 46
  },
  {
    "Index": 4563,
    "ObjectId": "Obj4563",
    "Attribute1": "Attr1",
    "Attribute2": "Attr2",
    "Attribute3": "Attr3",
    "Transaction": 46
  },
  {
    "Index": 4564,
    "ObjectId": "Obj4564",
    "Attribute1": "Attr1",
    "Attribute2": "Attr2",
    "Attribute3": "Attr3",
    "Transaction": 46
  },
  {
    "Index": 4565,
    "ObjectId": "Obj4565",
    "Attribute1": "Attr1",
    "Attribute2": "Attr2",
    "Attribute3": "Attr3",
    "Transaction": 46
  },
  {
    "Index": 4566,
    "ObjectId": "Obj4566",
    "Attribute1": "Attr1",
    "Attribute2": "Attr2",
    "Attribute3": "Attr3",
    "Transaction": 46
  },
  {
    "Index": 4567,
    "ObjectId": "Obj4567",
    "Attribute1": "Attr1",
    "Attribute2": "Attr2",
    "Attribute3": "Attr3",
    "Transaction": 46
  },
  {
    "Index": 4568,
    "ObjectId": "Obj4568",
    "Attribute1": "Attr1",
    "Attribute2": "Attr2",
    "Attribute3": "Attr3",
    "Transaction": 46
  },
  {
    "Index": 4569,
    "ObjectId": "Obj4569",
    "Attribute1": "Attr1",
    "Attribute2": "Attr2",
    "Attribute3": "Attr3",
    "Transaction": 46
  },
  {
    "Index": 4570,
    "ObjectId": "Obj4570",
    "Attribute1": "Attr1",
    "Attribute2": "Attr2",
    "Attribute3": "Attr3",
    "Transaction": 46
  },
  {
    "Index": 4571,
    "ObjectId": "Obj4571",
    "Attribute1": "Attr1",
    "Attribute2": "Attr2",
    "Attribute3": "Attr3",
    "Transaction": 46
  },
  {
    "Index": 4572,
    "ObjectId": "Obj4572",
    "Attribute1": "Attr1",
    "Attribute2": "Attr2",
    "Attribute3": "Attr3",
    "Transaction": 46
  },
  {
    "Index": 4573,
    "ObjectId": "Obj4573",
    "Attribute1": "Attr1",
    "Attribute2": "Attr2",
    "Attribute3": "Attr3",
    "Transaction": 46
  },
  {
    "Index": 4574,
    "ObjectId": "Obj4574",
    "Attribute1": "Attr1",
    "Attribute2": "Attr2",
    "Attribute3": "Attr3",
    "Transaction": 46
  },
  {
    "Index": 4575,
    "ObjectId": "Obj4575",
    "Attribute1": "Attr1",
    "Attribute2": "Attr2",
    "Attribute3": "Attr3",
    "Transaction": 46
  },
  {
    "Index": 4576,
    "ObjectId": "Obj4576",
    "Attribute1": "Attr1",
    "Attribute2": "Attr2",
    "Attribute3": "Attr3",
    "Transaction": 46
  },
  {
    "Index": 4577,
    "ObjectId": "Obj4577",
    "Attribute1": "Attr1",
    "Attribute2": "Attr2",
    "Attribute3": "Attr3",
    "Transaction": 46
  },
  {
    "Index": 4578,
    "ObjectId": "Obj4578",
    "Attribute1": "Attr1",
    "Attribute2": "Attr2",
    "Attribute3": "Attr3",
    "Transaction": 46
  },
  {
    "Index": 4579,
    "ObjectId": "Obj4579",
    "Attribute1": "Attr1",
    "Attribute2": "Attr2",
    "Attribute3": "Attr3",
    "Transaction": 46
  },
  {
    "Index": 4580,
    "ObjectId": "Obj4580",
    "Attribute1": "Attr1",
    "Attribute2": "Attr2",
    "Attribute3": "Attr3",
    "Transaction": 46
  },
  {
    "Index": 4581,
    "ObjectId": "Obj4581",
    "Attribute1": "Attr1",
    "Attribute2": "Attr2",
    "Attribute3": "Attr3",
    "Transaction": 46
  },
  {
    "Index": 4582,
    "ObjectId": "Obj4582",
    "Attribute1": "Attr1",
    "Attribute2": "Attr2",
    "Attribute3": "Attr3",
    "Transaction": 46
  },
  {
    "Index": 4583,
    "ObjectId": "Obj4583",
    "Attribute1": "Attr1",
    "Attribute2": "Attr2",
    "Attribute3": "Attr3",
    "Transaction": 46
  },
  {
    "Index": 4584,
    "ObjectId": "Obj4584",
    "Attribute1": "Attr1",
    "Attribute2": "Attr2",
    "Attribute3": "Attr3",
    "Transaction": 46
  },
  {
    "Index": 4585,
    "ObjectId": "Obj4585",
    "Attribute1": "Attr1",
    "Attribute2": "Attr2",
    "Attribute3": "Attr3",
    "Transaction": 46
  },
  {
    "Index": 4586,
    "ObjectId": "Obj4586",
    "Attribute1": "Attr1",
    "Attribute2": "Attr2",
    "Attribute3": "Attr3",
    "Transaction": 46
  },
  {
    "Index": 4587,
    "ObjectId": "Obj4587",
    "Attribute1": "Attr1",
    "Attribute2": "Attr2",
    "Attribute3": "Attr3",
    "Transaction": 46
  },
  {
    "Index": 4588,
    "ObjectId": "Obj4588",
    "Attribute1": "Attr1",
    "Attribute2": "Attr2",
    "Attribute3": "Attr3",
    "Transaction": 46
  },
  {
    "Index": 4589,
    "ObjectId": "Obj4589",
    "Attribute1": "Attr1",
    "Attribute2": "Attr2",
    "Attribute3": "Attr3",
    "Transaction": 46
  },
  {
    "Index": 4590,
    "ObjectId": "Obj4590",
    "Attribute1": "Attr1",
    "Attribute2": "Attr2",
    "Attribute3": "Attr3",
    "Transaction": 46
  },
  {
    "Index": 4591,
    "ObjectId": "Obj4591",
    "Attribute1": "Attr1",
    "Attribute2": "Attr2",
    "Attribute3": "Attr3",
    "Transaction": 46
  },
  {
    "Index": 4592,
    "ObjectId": "Obj4592",
    "Attribute1": "Attr1",
    "Attribute2": "Attr2",
    "Attribute3": "Attr3",
    "Transaction": 46
  },
  {
    "Index": 4593,
    "ObjectId": "Obj4593",
    "Attribute1": "Attr1",
    "Attribute2": "Attr2",
    "Attribute3": "Attr3",
    "Transaction": 46
  },
  {
    "Index": 4594,
    "ObjectId": "Obj4594",
    "Attribute1": "Attr1",
    "Attribute2": "Attr2",
    "Attribute3": "Attr3",
    "Transaction": 46
  },
  {
    "Index": 4595,
    "ObjectId": "Obj4595",
    "Attribute1": "Attr1",
    "Attribute2": "Attr2",
    "Attribute3": "Attr3",
    "Transaction": 46
  },
  {
    "Index": 4596,
    "ObjectId": "Obj4596",
    "Attribute1": "Attr1",
    "Attribute2": "Attr2",
    "Attribute3": "Attr3",
    "Transaction": 46
  },
  {
    "Index": 4597,
    "ObjectId": "Obj4597",
    "Attribute1": "Attr1",
    "Attribute2": "Attr2",
    "Attribute3": "Attr3",
    "Transaction": 46
  },
  {
    "Index": 4598,
    "ObjectId": "Obj4598",
    "Attribute1": "Attr1",
    "Attribute2": "Attr2",
    "Attribute3": "Attr3",
    "Transaction": 46
  },
  {
    "Index": 4599,
    "ObjectId": "Obj4599",
    "Attribute1": "Attr1",
    "Attribute2": "Attr2",
    "Attribute3": "Attr3",
    "Transaction": 46
  },
  {
    "Index": 4600,
    "ObjectId": "Obj4600",
    "Attribute1": "Attr1",
    "Attribute2": "Attr2",
    "Attribute3": "Attr3",
    "Transaction": 46
  }
]