[
  {
    "Index": 5401,
    "ObjectId": "Obj5401",
    "Attribute1": "Attr1",
    "Attribute2": "Attr2",
    "Attribute3": "Attr3",
    "Transaction": 55
  },
  {
    "Index": 5402,
    "ObjectId": "Obj5402",
    "Attribute1": "Attr1",
    "Attribute2": "Attr2",
    "Attribute3": "Attr3",
    "Transaction": 55
  },
  {
    "Index": 5403,
    "ObjectId": "Obj5403",
    "Attribute1": "Attr1",
    "Attribute2": "Attr2",
    "Attribute3": "Attr3",
    "Transaction": 55
  },
  {
    "Index": 5404,
    "ObjectId": "Obj5404",
    "Attribute1": "Attr1",
    "Attribute2": "Attr2",
    "Attribute3": "Attr3",
    "Transaction": 55
  },
  {
    "Index": 5405,
    "ObjectId": "Obj5405",
    "Attribute1": "Attr1",
    "Attribute2": "Attr2",
    "Attribute3": "Attr3",
    "Transaction": 55
  },
  {
    "Index": 5406,
    "ObjectId": "Obj5406",
    "Attribute1": "Attr1",
    "Attribute2": "Attr2",
    "Attribute3": "Attr3",
    "Transaction": 55
  },
  {
    "Index": 5407,
    "ObjectId": "Obj5407",
    "Attribute1": "Attr1",
    "Attribute2": "Attr2",
    "Attribute3": "Attr3",
    "Transaction": 55
  },
  {
    "Index": 5408,
    "ObjectId": "Obj5408",
    "Attribute1": "Attr1",
    "Attribute2": "Attr2",
    "Attribute3": "Attr3",
    "Transaction": 55
  },
  {
    "Index": 5409,
    "ObjectId": "Obj5409",
    "Attribute1": "Attr1",
    "Attribute2": "Attr2",
    "Attribute3": "Attr3",
    "Transaction": 55
  },
  {
    "Index": 5410,
    "ObjectId": "Obj5410",
    "Attribute1": "Attr1",
    "Attribute2": "Attr2",
    "Attribute3": "Attr3",
    "Transaction": 55
  },
  {
    "Index": 5411,
    "ObjectId": "Obj5411",
    "Attribute1": "Attr1",
    "Attribute2": "Attr2",
    "Attribute3": "Attr3",
    "Transaction": 55
  },
  {
    "Index": 5412,
    "ObjectId": "Obj5412",
    "Attribute1": "Attr1",
    "Attribute2": "Attr2",
    "Attribute3": "Attr3",
    "Transaction": 55
  },
  {
    "Index": 5413,
    "ObjectId": "Obj5413",
    "Attribute1": "Attr1",
    "Attribute2": "Attr2",
    "Attribute3": "Attr3",
    "Transaction": 55
  },
  {
    "Index": 5414,
    "ObjectId": "Obj5414",
    "Attribute1": "Attr1",
    "Attribute2": "Attr2",
    "Attribute3": "Attr3",
    "Transaction": 55
  },
  {
    "Index": 5415,
    "ObjectId": "Obj5415",
    "Attribute1": "Attr1",
    "Attribute2": "Attr2",
    "Attribute3": "Attr3",
    "Transaction": 55
  },
  {
    "Index": 5416,
    "ObjectId": "Obj5416",
    "Attribute1": "Attr1",
    "Attribute2": "Attr2",
    "Attribute3": "Attr3",
    "Transaction": 55
  },
  {
    "Index": 5417,
    "ObjectId": "Obj5417",
    "Attribute1": "Attr1",
    "Attribute2": "Attr2",
    "Attribute3": "Attr3",
    "Transaction": 55
  },
  {
    "Index": 5418,
    "ObjectId": "Obj5418",
    "Attribute1": "Attr1",
    "Attribute2": "Attr2",
    "Attribute3": "Attr3",
    "Transaction": 55
  },
  {
    "Index": 5419,
    "ObjectId": "Obj5419",
    "Attribute1": "Attr1",
    "Attribute2": "Attr2",
    "Attribute3": "Attr3",
    "Transaction": 55
  },
  {
    "Index": 5420,
    "ObjectId": "Obj5420",
    "Attribute1": "Attr1",
    "Attribute2": "Attr2",
    "Attribute3": "Attr3",
    "Transaction": 55
  },
  {
    "Index": 5421,
    "ObjectId": "Obj5421",
    "Attribute1": "Attr1",
    "Attribute2": "Attr2",
    "Attribute3": "Attr3",
    "Transaction": 55
  },
  {
    "Index": 5422,
    "ObjectId": "Obj5422",
    "Attribute1": "Attr1",
    "Attribute2": "Attr2",
    "Attribute3": "Attr3",
    "Transaction": 55
  },
  {
    "Index": 5423,
    "ObjectId": "Obj5423",
    "Attribute1": "Attr1",
    "Attribute2": "Attr2",
    "Attribute3": "Attr3",
    "Transaction": 55
  },
  {
    "Index": 5424,
    "ObjectId": "Obj5424",
    "Attribute1": "Attr1",
    "Attribute2": "Attr2",
    "Attribute3": "Attr3",
    "Transaction": 55
  },
  {
    "Index": 5425,
    "ObjectId": "Obj5425",
    "Attribute1": "Attr1",
    "Attribute2": "Attr2",
    "Attribute3": "Attr3",
    "Transaction": 55
  },
  {
    "Index": 5426,
    "ObjectId": "Obj5426",
    "Attribute1": "Attr1",
    "Attribute2": "Attr2",
    "Attribute3": "Attr3",
    "Transaction": 55
  },
  {
    "Index": 5427,
    "ObjectId": "Obj5427",
    "Attribute1": "Attr1",
    "Attribute2": "Attr2",
    "Attribute3": "Attr3",
    "Transaction": 55
  },
  {
    "Index": 5428,
    "ObjectId": "Obj5428",
    "Attribute1": "Attr1",
    "Attribute2": "Attr2",
    "Attribute3": "Attr3",
    "Transaction": 55
  },
  {
    "Index": 5429,
    "ObjectId": "Obj5429",
    "Attribute1": "Attr1",
    "Attribute2": "Attr2",
    "Attribute3": "Attr3",
    "Transaction": 55
  },
  {
    "Index": 5430,
    "ObjectId": "Obj5430",
    "Attribute1": "Attr1",
    "Attribute2": "Attr2",
    "Attribute3": "Attr3",
    "Transaction": 55
  },
  {
    "Index": 5431,
    "ObjectId": "Obj5431",
    "Attribute1": "Attr1",
    "Attribute2": "Attr2",
    "Attribute3": "Attr3",
    "Transaction": 55
  },
  {
    "Index": 5432,
    "ObjectId": "Obj5432",
    "Attribute1": "Attr1",
    "Attribute2": "Attr2",
    "Attribute3": "Attr3",
    "Transaction": 55
  },
  {
    "Index": 5433,
    "ObjectId": "Obj5433",
    "Attribute1": "Attr1",
    "Attribute2": "Attr2",
    "Attribute3": "Attr3",
    "Transaction": 55
  },
  {
    "Index": 5434,
    "ObjectId": "Obj5434",
    "Attribute1": "Attr1",
    "Attribute2": "Attr2",
    "Attribute3": "Attr3",
    "Transaction": 55
  },
  {
    "Index": 5435,
    "ObjectId": "Obj5435",
    "Attribute1": "Attr1",
    "Attribute2": "Attr2",
    "Attribute3": "Attr3",
    "Transaction": 55
  },
  {
    "Index": 5436,
    "ObjectId": "Obj5436",
    "Attribute1": "Attr1",
    "Attribute2": "Attr2",
    "Attribute3": "Attr3",
    "Transaction": 55
  },
  {
    "Index": 5437,
    "ObjectId": "Obj5437",
    "Attribute1": "Attr1",
    "Attribute2": "Attr2",
    "Attribute3": "Attr3",
    "Transaction": 55
  },
  {
    "Index": 5438,
    "ObjectId": "Obj5438",
    "Attribute1": "Attr1",
    "Attribute2": "Attr2",
    "Attribute3": "Attr3",
    "Transaction": 55
  },
  {
    "Index": 5439,
    "ObjectId": "Obj5439",
    "Attribute1": "Attr1",
    "Attribute2": "Attr2",
    "Attribute3": "Attr3",
    "Transaction": 55
  },
  {
    "Index": 5440,
    "ObjectId": "Obj5440",
    "Attribute1": "Attr1",
    "Attribute2": "Attr2",
    "Attribute3": "Attr3",
    "Transaction": 55
  },
  {
    "Index": 5441,
    "ObjectId": "Obj5441",
    "Attribute1": "Attr1",
    "Attribute2": "Attr2",
    "Attribute3": "Attr3",
    "Transaction": 55
  },
  {
    "Index": 5442,
    "ObjectId": "Obj5442",
    "Attribute1": "Attr1",
    "Attribute2": "Attr2",
    "Attribute3": "Attr3",
    "Transaction": 55
  },
  {
    "Index": 5443,
    "ObjectId": "Obj5443",
    "Attribute1": "Attr1",
    "Attribute2": "Attr2",
    "Attribute3": "Attr3",
    "Transaction": 55
  },
  {
    "Index": 5444,
    "ObjectId": "Obj5444",
    "Attribute1": "Attr1",
    "Attribute2": "Attr2",
    "Attribute3": "Attr3",
    "Transaction": 55
  },
  {
    "Index": 5445,
    "ObjectId": "Obj5445",
    "Attribute1": "Attr1",
    "Attribute2": "Attr2",
    "Attribute3": "Attr3",
    "Transaction": 55
  },
  {
    "Index": 5446,
    "ObjectId": "Obj5446",
    "Attribute1": "Attr1",
    "Attribute2": "Attr2",
    "Attribute3": "Attr3",
    "Transaction": 55
  },
  {
    "Index": 5447,
    "ObjectId": "Obj5447",
    "Attribute1": "Attr1",
    "Attribute2": "Attr2",
    "Attribute3": "Attr3",
    "Transaction": 55
  },
  {
    "Index": 5448,
    "ObjectId": "Obj5448",
    "Attribute1": "Attr1",
    "Attribute2": "Attr2",
    "Attribute3": "Attr3",
    "Transaction": 55
  },
  {
    "Index": 5449,
    "ObjectId": "Obj5449",
    "Attribute1": "Attr1",
    "Attribute2": "Attr2",
    "Attribute3": "Attr3",
    "Transaction": 55
  },
  {
    "Index": 5450,
    "ObjectId": "Obj5450",
    "Attribute1": "Attr1",
    "Attribute2": "Attr2",
    "Attribute3": "Attr3",
    "Transaction": 55
  },
  {
    "Index": 5451,
    "ObjectId": "Obj5451",
    "Attribute1": "Attr1",
    "Attribute2": "Attr2",
    "Attribute3": "Attr3",
    "Transaction": 55
  },
  {
    "Index": 5452,
    "ObjectId": "Obj5452",
    "Attribute1": "Attr1",
    "Attribute2": "Attr2",
    "Attribute3": "Attr3",
    "Transaction": 55
  },
  {
    "Index": 5453,
    "ObjectId": "Obj5453",
    "Attribute1": "Attr1",
    "Attribute2": "Attr2",
    "Attribute3": "Attr3",
    "Transaction": 55
  },
  {
    "Index": 5454,
    "ObjectId": "Obj5454",
    "Attribute1": "Attr1",
    "Attribute2": "Attr2",
    "Attribute3": "Attr3",
    "Transaction": 55
  },
  {
    "Index": 5455,
    "ObjectId": "Obj5455",
    "Attribute1": "Attr1",
    "Attribute2": "Attr2",
    "Attribute3": "Attr3",
    "Transaction": 55
  },
  {
    "Index": 5456,
    "ObjectId": "Obj5456",
    "Attribute1": "Attr1",
    "Attribute2": "Attr2",
    "Attribute3": "Attr3",
    "Transaction": 55
  },
  {
    "Index": 5457,
    "ObjectId": "Obj5457",
    "Attribute1": "Attr1",
    "Attribute2": "Attr2",
    "Attribute3": "Attr3",
    "Transaction": 55
  },
  {
    "Index": 5458,
    "ObjectId": "Obj5458",
    "Attribute1": "Attr1",
    "Attribute2": "Attr2",
    "Attribute3": "Attr3",
    "Transaction": 55
  },
  {
    "Index": 5459,
    "ObjectId": "Obj5459",
    "Attribute1": "Attr1",
    "Attribute2": "Attr2",
    "Attribute3": "Attr3",
    "Transaction": 55
  },
  {
    "Index": 5460,
    "ObjectId": "Obj5460",
    "Attribute1": "Attr1",
    "Attribute2": "Attr2",
    "Attribute3": "Attr3",
    "Transaction": 55
  },
  {
    "Index": 5461,
    "ObjectId": "Obj5461",
    "Attribute1": "Attr1",
    "Attribute2": "Attr2",
    "Attribute3": "Attr3",
    "Transaction": 55
  },
  {
    "Index": 5462,
    "ObjectId": "Obj5462",
    "Attribute1": "Attr1",
    "Attribute2": "Attr2",
    "Attribute3": "Attr3",
    "Transaction": 55
  },
  {
    "Index": 5463,
    "ObjectId": "Obj5463",
    "Attribute1": "Attr1",
    "Attribute2": "Attr2",
    "Attribute3": "Attr3",
    "Transaction": 55
  },
  {
    "Index": 5464,
    "ObjectId": "Obj5464",
    "Attribute1": "Attr1",
    "Attribute2": "Attr2",
    "Attribute3": "Attr3",
    "Transaction": 55
  },
  {
    "Index": 5465,
    "ObjectId": "Obj5465",
    "Attribute1": "Attr1",
    "Attribute2": "Attr2",
    "Attribute3": "Attr3",
    "Transaction": 55
  },
  {
    "Index": 5466,
    "ObjectId": "Obj5466",
    "Attribute1": "Attr1",
    "Attribute2": "Attr2",
    "Attribute3": "Attr3",
    "Transaction": 55
  },
  {
    "Index": 5467,
    "ObjectId": "Obj5467",
    "Attribute1": "Attr1",
    "Attribute2": "Attr2",
    "Attribute3": "Attr3",
    "Transaction": 55
  },
  {
    "Index": 5468,
    "ObjectId": "Obj5468",
    "Attribute1": "Attr1",
    "Attribute2": "Attr2",
    "Attribute3": "Attr3",
    "Transaction": 55
  },
  {
    "Index": 5469,
    "ObjectId": "Obj5469",
    "Attribute1": "Attr1",
    "Attribute2": "Attr2",
    "Attribute3": "Attr3",
    "Transaction": 55
  },
  {
    "Index": 5470,
    "ObjectId": "Obj5470",
    "Attribute1": "Attr1",
    "Attribute2": "Attr2",
    "Attribute3": "Attr3",
    "Transaction": 55
  },
  {
    "Index": 5471,
    "ObjectId": "Obj5471",
    "Attribute1": "Attr1",
    "Attribute2": "Attr2",
    "Attribute3": "Attr3",
    "Transaction": 55
  },
  {
    "Index": 5472,
    "ObjectId": "Obj5472",
    "Attribute1": "Attr1",
    "Attribute2": "Attr2",
    "Attribute3": "Attr3",
    "Transaction": 55
  },
  {
    "Index": 5473,
    "ObjectId": "Obj5473",
    "Attribute1": "Attr1",
    "Attribute2": "Attr2",
    "Attribute3": "Attr3",
    "Transaction": 55
  },
  {
    "Index": 5474,
    "ObjectId": "Obj5474",
    "Attribute1": "Attr1",
    "Attribute2": "Attr2",
    "Attribute3": "Attr3",
    "Transaction": 55
  },
  {
    "Index": 5475,
    "ObjectId": "Obj5475",
    "Attribute1": "Attr1",
    "Attribute2": "Attr2",
    "Attribute3": "Attr3",
    "Transaction": 55
  },
  {
    "Index": 5476,
    "ObjectId": "Obj5476",
    "Attribute1": "Attr1",
    "Attribute2": "Attr2",
    "Attribute3": "Attr3",
    "Transaction": 55
  },
  {
    "Index": 5477,
    "ObjectId": "Obj5477",
    "Attribute1": "Attr1",
    "Attribute2": "Attr2",
    "Attribute3": "Attr3",
    "Transaction": 55
  },
  {
    "Index": 5478,
    "ObjectId": "Obj5478",
    "Attribute1": "Attr1",
    "Attribute2": "Attr2",
    "Attribute3": "Attr3",
    "Transaction": 55
  },
  {
    "Index": 5479,
    "ObjectId": "Obj5479",
    "Attribute1": "Attr1",
    "Attribute2": "Attr2",
    "Attribute3": "Attr3",
    "Transaction": 55
  },
  {
    "Index": 5480,
    "ObjectId": "Obj5480",
    "Attribute1": "Attr1",
    "Attribute2": "Attr2",
    "Attribute3": "Attr3",
    "Transaction": 55
  },
  {
    "Index": 5481,
    "ObjectId": "Obj5481",
    "Attribute1": "Attr1",
    "Attribute2": "Attr2",
    "Attribute3": "Attr3",
    "Transaction": 55
  },
  {
    "Index": 5482,
    "ObjectId": "Obj5482",
    "Attribute1": "Attr1",
    "Attribute2": "Attr2",
    "Attribute3": "Attr3",
    "Transaction": 55
  },
  {
    "Index": 5483,
    "ObjectId": "Obj5483",
    "Attribute1": "Attr1",
    "Attribute2": "Attr2",
    "Attribute3": "Attr3",
    "Transaction": 55
  },
  {
    "Index": 5484,
    "ObjectId": "Obj5484",
    "Attribute1": "Attr1",
    "Attribute2": "Attr2",
    "Attribute3": "Attr3",
    "Transaction": 55
  },
  {
    "Index": 5485,
    "ObjectId": "Obj5485",
    "Attribute1": "Attr1",
    "Attribute2": "Attr2",
    "Attribute3": "Attr3",
    "Transaction": 55
  },
  {
    "Index": 5486,
    "ObjectId": "Obj5486",
    "Attribute1": "Attr1",
    "Attribute2": "Attr2",
    "Attribute3": "Attr3",
    "Transaction": 55
  },
  {
    "Index": 5487,
    "ObjectId": "Obj5487",
    "Attribute1": "Attr1",
    "Attribute2": "Attr2",
    "Attribute3": "Attr3",
    "Transaction": 55
  },
  {
    "Index": 5488,
    "ObjectId": "Obj5488",
    "Attribute1": "Attr1",
    "Attribute2": "Attr2",
    "Attribute3": "Attr3",
    "Transaction": 55
  },
  {
    "Index": 5489,
    "ObjectId": "Obj5489",
    "Attribute1": "Attr1",
    "Attribute2": "Attr2",
    "Attribute3": "Attr3",
    "Transaction": 55
  },
  {
    "Index": 5490,
    "ObjectId": "Obj5490",
    "Attribute1": "Attr1",
    "Attribute2": "Attr2",
    "Attribute3": "Attr3",
    "Transaction": 55
  },
  {
    "Index": 5491,
    "ObjectId": "Obj5491",
    "Attribute1": "Attr1",
    "Attribute2": "Attr2",
    "Attribute3": "Attr3",
    "Transaction": 55
  },
  {
    "Index": 5492,
    "ObjectId": "Obj5492",
    "Attribute1": "Attr1",
    "Attribute2": "Attr2",
    "Attribute3": "Attr3",
    "Transaction": 55
  },
  {
    "Index": 5493,
    "ObjectId": "Obj5493",
    "Attribute1": "Attr1",
    "Attribute2": "Attr2",
    "Attribute3": "Attr3",
    "Transaction": 55
  },
  {
    "Index": 5494,
    "ObjectId": "Obj5494",
    "Attribute1": "Attr1",
    "Attribute2": "Attr2",
    "Attribute3": "Attr3",
    "Transaction": 55
  },
  {
    "Index": 5495,
    "ObjectId": "Obj5495",
    "Attribute1": "Attr1",
    "Attribute2": "Attr2",
    "Attribute3": "Attr3",
    "Transaction": 55
  },
  {
    "Index": 5496,
    "ObjectId": "Obj5496",
    "Attribute1": "Attr1",
    "Attribute2": "Attr2",
    "Attribute3": "Attr3",
    "Transaction": 55
  },
  {
    "Index": 5497,
    "ObjectId": "Obj5497",
    "Attribute1": "Attr1",
    "Attribute2": "Attr2",
    "Attribute3": "Attr3",
    "Transaction": 55
  },
  {
    "Index": 5498,
    "ObjectId": "Obj5498",
    "Attribute1": "Attr1",
    "Attribute2": "Attr2",
    "Attribute3": "Attr3",
    "Transaction": 55
  },
  {
    "Index": 5499,
    "ObjectId": "Obj5499",
    "Attribute1": "Attr1",
    "Attribute2": "Attr2",
    "Attribute3": "Attr3",
    "Transaction": 55
  },
  {
    "Index": 5500,
    "ObjectId": "Obj5500",
    "Attribute1": "Attr1",
    "Attribute2": "Attr2",
    "Attribute3": "Attr3",
    "Transaction": 55
  }
]