[
  {
    "Index": 3301,
    "ObjectId": "Obj3301",
    "Attribute1": "Attr1",
    "Attribute2": "Attr2",
    "Attribute3": "Attr3",
    "Transaction": 34
  },
  {
    "Index": 3302,
    "ObjectId": "Obj3302",
    "Attribute1": "Attr1",
    "Attribute2": "Attr2",
    "Attribute3": "Attr3",
    "Transaction": 34
  },
  {
    "Index": 3303,
    "ObjectId": "Obj3303",
    "Attribute1": "Attr1",
    "Attribute2": "Attr2",
    "Attribute3": "Attr3",
    "Transaction": 34
  },
  {
    "Index": 3304,
    "ObjectId": "Obj3304",
    "Attribute1": "Attr1",
    "Attribute2": "Attr2",
    "Attribute3": "Attr3",
    "Transaction": 34
  },
  {
    "Index": 3305,
    "ObjectId": "Obj3305",
    "Attribute1": "Attr1",
    "Attribute2": "Attr2",
    "Attribute3": "Attr3",
    "Transaction": 34
  },
  {
    "Index": 3306,
    "ObjectId": "Obj3306",
    "Attribute1": "Attr1",
    "Attribute2": "Attr2",
    "Attribute3": "Attr3",
    "Transaction": 34
  },
  {
    "Index": 3307,
    "ObjectId": "Obj3307",
    "Attribute1": "Attr1",
    "Attribute2": "Attr2",
    "Attribute3": "Attr3",
    "Transaction": 34
  },
  {
    "Index": 3308,
    "ObjectId": "Obj3308",
    "Attribute1": "Attr1",
    "Attribute2": "Attr2",
    "Attribute3": "Attr3",
    "Transaction": 34
  },
  {
    "Index": 3309,
    "ObjectId": "Obj3309",
    "Attribute1": "Attr1",
    "Attribute2": "Attr2",
    "Attribute3": "Attr3",
    "Transaction": 34
  },
  {
    "Index": 3310,
    "ObjectId": "Obj3310",
    "Attribute1": "Attr1",
    "Attribute2": "Attr2",
    "Attribute3": "Attr3",
    "Transaction": 34
  },
  {
    "Index": 3311,
    "ObjectId": "Obj3311",
    "Attribute1": "Attr1",
    "Attribute2": "Attr2",
    "Attribute3": "Attr3",
    "Transaction": 34
  },
  {
    "Index": 3312,
    "ObjectId": "Obj3312",
    "Attribute1": "Attr1",
    "Attribute2": "Attr2",
    "Attribute3": "Attr3",
    "Transaction": 34
  },
  {
    "Index": 3313,
    "ObjectId": "Obj3313",
    "Attribute1": "Attr1",
    "Attribute2": "Attr2",
    "Attribute3": "Attr3",
    "Transaction": 34
  },
  {
    "Index": 3314,
    "ObjectId": "Obj3314",
    "Attribute1": "Attr1",
    "Attribute2": "Attr2",
    "Attribute3": "Attr3",
    "Transaction": 34
  },
  {
    "Index": 3315,
    "ObjectId": "Obj3315",
    "Attribute1": "Attr1",
    "Attribute2": "Attr2",
    "Attribute3": "Attr3",
    "Transaction": 34
  },
  {
    "Index": 3316,
    "ObjectId": "Obj3316",
    "Attribute1": "Attr1",
    "Attribute2": "Attr2",
    "Attribute3": "Attr3",
    "Transaction": 34
  },
  {
    "Index": 3317,
    "ObjectId": "Obj3317",
    "Attribute1": "Attr1",
    "Attribute2": "Attr2",
    "Attribute3": "Attr3",
    "Transaction": 34
  },
  {
    "Index": 3318,
    "ObjectId": "Obj3318",
    "Attribute1": "Attr1",
    "Attribute2": "Attr2",
    "Attribute3": "Attr3",
    "Transaction": 34
  },
  {
    "Index": 3319,
    "ObjectId": "Obj3319",
    "Attribute1": "Attr1",
    "Attribute2": "Attr2",
    "Attribute3": "Attr3",
    "Transaction": 34
  },
  {
    "Index": 3320,
    "ObjectId": "Obj3320",
    "Attribute1": "Attr1",
    "Attribute2": "Attr2",
    "Attribute3": "Attr3",
    "Transaction": 34
  },
  {
    "Index": 3321,
    "ObjectId": "Obj3321",
    "Attribute1": "Attr1",
    "Attribute2": "Attr2",
    "Attribute3": "Attr3",
    "Transaction": 34
  },
  {
    "Index": 3322,
    "ObjectId": "Obj3322",
    "Attribute1": "Attr1",
    "Attribute2": "Attr2",
    "Attribute3": "Attr3",
    "Transaction": 34
  },
  {
    "Index": 3323,
    "ObjectId": "Obj3323",
    "Attribute1": "Attr1",
    "Attribute2": "Attr2",
    "Attribute3": "Attr3",
    "Transaction": 34
  },
  {
    "Index": 3324,
    "ObjectId": "Obj3324",
    "Attribute1": "Attr1",
    "Attribute2": "Attr2",
    "Attribute3": "Attr3",
    "Transaction": 34
  },
  {
    "Index": 3325,
    "ObjectId": "Obj3325",
    "Attribute1": "Attr1",
    "Attribute2": "Attr2",
    "Attribute3": "Attr3",
    "Transaction": 34
  },
  {
    "Index": 3326,
    "ObjectId": "Obj3326",
    "Attribute1": "Attr1",
    "Attribute2": "Attr2",
    "Attribute3": "Attr3",
    "Transaction": 34
  },
  {
    "Index": 3327,
    "ObjectId": "Obj3327",
    "Attribute1": "Attr1",
    "Attribute2": "Attr2",
    "Attribute3": "Attr3",
    "Transaction": 34
  },
  {
    "Index": 3328,
    "ObjectId": "Obj3328",
    "Attribute1": "Attr1",
    "Attribute2": "Attr2",
    "Attribute3": "Attr3",
    "Transaction": 34
  },
  {
    "Index": 3329,
    "ObjectId": "Obj3329",
    "Attribute1": "Attr1",
    "Attribute2": "Attr2",
    "Attribute3": "Attr3",
    "Transaction": 34
  },
  {
    "Index": 3330,
    "ObjectId": "Obj3330",
    "Attribute1": "Attr1",
    "Attribute2": "Attr2",
    "Attribute3": "Attr3",
    "Transaction": 34
  },
  {
    "Index": 3331,
    "ObjectId": "Obj3331",
    "Attribute1": "Attr1",
    "Attribute2": "Attr2",
    "Attribute3": "Attr3",
    "Transaction": 34
  },
  {
    "Index": 3332,
    "ObjectId": "Obj3332",
    "Attribute1": "Attr1",
    "Attribute2": "Attr2",
    "Attribute3": "Attr3",
    "Transaction": 34
  },
  {
    "Index": 3333,
    "ObjectId": "Obj3333",
    "Attribute1": "Attr1",
    "Attribute2": "Attr2",
    "Attribute3": "Attr3",
    "Transaction": 34
  },
  {
    "Index": 3334,
    "ObjectId": "Obj3334",
    "Attribute1": "Attr1",
    "Attribute2": "Attr2",
    "Attribute3": "Attr3",
    "Transaction": 34
  },
  {
    "Index": 3335,
    "ObjectId": "Obj3335",
    "Attribute1": "Attr1",
    "Attribute2": "Attr2",
    "Attribute3": "Attr3",
    "Transaction": 34
  },
  {
    "Index": 3336,
    "ObjectId": "Obj3336",
    "Attribute1": "Attr1",
    "Attribute2": "Attr2",
    "Attribute3": "Attr3",
    "Transaction": 34
  },
  {
    "Index": 3337,
    "ObjectId": "Obj3337",
    "Attribute1": "Attr1",
    "Attribute2": "Attr2",
    "Attribute3": "Attr3",
    "Transaction": 34
  },
  {
    "Index": 3338,
    "ObjectId": "Obj3338",
    "Attribute1": "Attr1",
    "Attribute2": "Attr2",
    "Attribute3": "Attr3",
    "Transaction": 34
  },
  {
    "Index": 3339,
    "ObjectId": "Obj3339",
    "Attribute1": "Attr1",
    "Attribute2": "Attr2",
    "Attribute3": "Attr3",
    "Transaction": 34
  },
  {
    "Index": 3340,
    "ObjectId": "Obj3340",
    "Attribute1": "Attr1",
    "Attribute2": "Attr2",
    "Attribute3": "Attr3",
    "Transaction": 34
  },
  {
    "Index": 3341,
    "ObjectId": "Obj3341",
    "Attribute1": "Attr1",
    "Attribute2": "Attr2",
    "Attribute3": "Attr3",
    "Transaction": 34
  },
  {
    "Index": 3342,
    "ObjectId": "Obj3342",
    "Attribute1": "Attr1",
    "Attribute2": "Attr2",
    "Attribute3": "Attr3",
    "Transaction": 34
  },
  {
    "Index": 3343,
    "ObjectId": "Obj3343",
    "Attribute1": "Attr1",
    "Attribute2": "Attr2",
    "Attribute3": "Attr3",
    "Transaction": 34
  },
  {
    "Index": 3344,
    "ObjectId": "Obj3344",
    "Attribute1": "Attr1",
    "Attribute2": "Attr2",
    "Attribute3": "Attr3",
    "Transaction": 34
  },
  {
    "Index": 3345,
    "ObjectId": "Obj3345",
    "Attribute1": "Attr1",
    "Attribute2": "Attr2",
    "Attribute3": "Attr3",
    "Transaction": 34
  },
  {
    "Index": 3346,
    "ObjectId": "Obj3346",
    "Attribute1": "Attr1",
    "Attribute2": "Attr2",
    "Attribute3": "Attr3",
    "Transaction": 34
  },
  {
    "Index": 3347,
    "ObjectId": "Obj3347",
    "Attribute1": "Attr1",
    "Attribute2": "Attr2",
    "Attribute3": "Attr3",
    "Transaction": 34
  },
  {
    "Index": 3348,
    "ObjectId": "Obj3348",
    "Attribute1": "Attr1",
    "Attribute2": "Attr2",
    "Attribute3": "Attr3",
    "Transaction": 34
  },
  {
    "Index": 3349,
    "ObjectId": "Obj3349",
    "Attribute1": "Attr1",
    "Attribute2": "Attr2",
    "Attribute3": "Attr3",
    "Transaction": 34
  },
  {
    "Index": 3350,
    "ObjectId": "Obj3350",
    "Attribute1": "Attr1",
    "Attribute2": "Attr2",
    "Attribute3": "Attr3",
    "Transaction": 34
  },
  {
    "Index": 3351,
    "ObjectId": "Obj3351",
    "Attribute1": "Attr1",
    "Attribute2": "Attr2",
    "Attribute3": "Attr3",
    "Transaction": 34
  },
  {
    "Index": 3352,
    "ObjectId": "Obj3352",
    "Attribute1": "Attr1",
    "Attribute2": "Attr2",
    "Attribute3": "Attr3",
    "Transaction": 34
  },
  {
    "Index": 3353,
    "ObjectId": "Obj3353",
    "Attribute1": "Attr1",
    "Attribute2": "Attr2",
    "Attribute3": "Attr3",
    "Transaction": 34
  },
  {
    "Index": 3354,
    "ObjectId": "Obj3354",
    "Attribute1": "Attr1",
    "Attribute2": "Attr2",
    "Attribute3": "Attr3",
    "Transaction": 34
  },
  {
    "Index": 3355,
    "ObjectId": "Obj3355",
    "Attribute1": "Attr1",
    "Attribute2": "Attr2",
    "Attribute3": "Attr3",
    "Transaction": 34
  },
  {
    "Index": 3356,
    "ObjectId": "Obj3356",
    "Attribute1": "Attr1",
    "Attribute2": "Attr2",
    "Attribute3": "Attr3",
    "Transaction": 34
  },
  {
    "Index": 3357,
    "ObjectId": "Obj3357",
    "Attribute1": "Attr1",
    "Attribute2": "Attr2",
    "Attribute3": "Attr3",
    "Transaction": 34
  },
  {
    "Index": 3358,
    "ObjectId": "Obj3358",
    "Attribute1": "Attr1",
    "Attribute2": "Attr2",
    "Attribute3": "Attr3",
    "Transaction": 34
  },
  {
    "Index": 3359,
    "ObjectId": "Obj3359",
    "Attribute1": "Attr1",
    "Attribute2": "Attr2",
    "Attribute3": "Attr3",
    "Transaction": 34
  },
  {
    "Index": 3360,
    "ObjectId": "Obj3360",
    "Attribute1": "Attr1",
    "Attribute2": "Attr2",
    "Attribute3": "Attr3",
    "Transaction": 34
  },
  {
    "Index": 3361,
    "ObjectId": "Obj3361",
    "Attribute1": "Attr1",
    "Attribute2": "Attr2",
    "Attribute3": "Attr3",
    "Transaction": 34
  },
  {
    "Index": 3362,
    "ObjectId": "Obj3362",
    "Attribute1": "Attr1",
    "Attribute2": "Attr2",
    "Attribute3": "Attr3",
    "Transaction": 34
  },
  {
    "Index": 3363,
    "ObjectId": "Obj3363",
    "Attribute1": "Attr1",
    "Attribute2": "Attr2",
    "Attribute3": "Attr3",
    "Transaction": 34
  },
  {
    "Index": 3364,
    "ObjectId": "Obj3364",
    "Attribute1": "Attr1",
    "Attribute2": "Attr2",
    "Attribute3": "Attr3",
    "Transaction": 34
  },
  {
    "Index": 3365,
    "ObjectId": "Obj3365",
    "Attribute1": "Attr1",
    "Attribute2": "Attr2",
    "Attribute3": "Attr3",
    "Transaction": 34
  },
  {
    "Index": 3366,
    "ObjectId": "Obj3366",
    "Attribute1": "Attr1",
    "Attribute2": "Attr2",
    "Attribute3": "Attr3",
    "Transaction": 34
  },
  {
    "Index": 3367,
    "ObjectId": "Obj3367",
    "Attribute1": "Attr1",
    "Attribute2": "Attr2",
    "Attribute3": "Attr3",
    "Transaction": 34
  },
  {
    "Index": 3368,
    "ObjectId": "Obj3368",
    "Attribute1": "Attr1",
    "Attribute2": "Attr2",
    "Attribute3": "Attr3",
    "Transaction": 34
  },
  {
    "Index": 3369,
    "ObjectId": "Obj3369",
    "Attribute1": "Attr1",
    "Attribute2": "Attr2",
    "Attribute3": "Attr3",
    "Transaction": 34
  },
  {
    "Index": 3370,
    "ObjectId": "Obj3370",
    "Attribute1": "Attr1",
    "Attribute2": "Attr2",
    "Attribute3": "Attr3",
    "Transaction": 34
  },
  {
    "Index": 3371,
    "ObjectId": "Obj3371",
    "Attribute1": "Attr1",
    "Attribute2": "Attr2",
    "Attribute3": "Attr3",
    "Transaction": 34
  },
  {
    "Index": 3372,
    "ObjectId": "Obj3372",
    "Attribute1": "Attr1",
    "Attribute2": "Attr2",
    "Attribute3": "Attr3",
    "Transaction": 34
  },
  {
    "Index": 3373,
    "ObjectId": "Obj3373",
    "Attribute1": "Attr1",
    "Attribute2": "Attr2",
    "Attribute3": "Attr3",
    "Transaction": 34
  },
  {
    "Index": 3374,
    "ObjectId": "Obj3374",
    "Attribute1": "Attr1",
    "Attribute2": "Attr2",
    "Attribute3": "Attr3",
    "Transaction": 34
  },
  {
    "Index": 3375,
    "ObjectId": "Obj3375",
    "Attribute1": "Attr1",
    "Attribute2": "Attr2",
    "Attribute3": "Attr3",
    "Transaction": 34
  },
  {
    "Index": 3376,
    "ObjectId": "Obj3376",
    "Attribute1": "Attr1",
    "Attribute2": "Attr2",
    "Attribute3": "Attr3",
    "Transaction": 34
  },
  {
    "Index": 3377,
    "ObjectId": "Obj3377",
    "Attribute1": "Attr1",
    "Attribute2": "Attr2",
    "Attribute3": "Attr3",
    "Transaction": 34
  },
  {
    "Index": 3378,
    "ObjectId": "Obj3378",
    "Attribute1": "Attr1",
    "Attribute2": "Attr2",
    "Attribute3": "Attr3",
    "Transaction": 34
  },
  {
    "Index": 3379,
    "ObjectId": "Obj3379",
    "Attribute1": "Attr1",
    "Attribute2": "Attr2",
    "Attribute3": "Attr3",
    "Transaction": 34
  },
  {
    "Index": 3380,
    "ObjectId": "Obj3380",
    "Attribute1": "Attr1",
    "Attribute2": "Attr2",
    "Attribute3": "Attr3",
    "Transaction": 34
  },
  {
    "Index": 3381,
    "ObjectId": "Obj3381",
    "Attribute1": "Attr1",
    "Attribute2": "Attr2",
    "Attribute3": "Attr3",
    "Transaction": 34
  },
  {
    "Index": 3382,
    "ObjectId": "Obj3382",
    "Attribute1": "Attr1",
    "Attribute2": "Attr2",
    "Attribute3": "Attr3",
    "Transaction": 34
  },
  {
    "Index": 3383,
    "ObjectId": "Obj3383",
    "Attribute1": "Attr1",
    "Attribute2": "Attr2",
    "Attribute3": "Attr3",
    "Transaction": 34
  },
  {
    "Index": 3384,
    "ObjectId": "Obj3384",
    "Attribute1": "Attr1",
    "Attribute2": "Attr2",
    "Attribute3": "Attr3",
    "Transaction": 34
  },
  {
    "Index": 3385,
    "ObjectId": "Obj3385",
    "Attribute1": "Attr1",
    "Attribute2": "Attr2",
    "Attribute3": "Attr3",
    "Transaction": 34
  },
  {
    "Index": 3386,
    "ObjectId": "Obj3386",
    "Attribute1": "Attr1",
    "Attribute2": "Attr2",
    "Attribute3": "Attr3",
    "Transaction": 34
  },
  {
    "Index": 3387,
    "ObjectId": "Obj3387",
    "Attribute1": "Attr1",
    "Attribute2": "Attr2",
    "Attribute3": "Attr3",
    "Transaction": 34
  },
  {
    "Index": 3388,
    "ObjectId": "Obj3388",
    "Attribute1": "Attr1",
    "Attribute2": "Attr2",
    "Attribute3": "Attr3",
    "Transaction": 34
  },
  {
    "Index": 3389,
    "ObjectId": "Obj3389",
    "Attribute1": "Attr1",
    "Attribute2": "Attr2",
    "Attribute3": "Attr3",
    "Transaction": 34
  },
  {
    "Index": 3390,
    "ObjectId": "Obj3390",
    "Attribute1": "Attr1",
    "Attribute2": "Attr2",
    "Attribute3": "Attr3",
    "Transaction": 34
  },
  {
    "Index": 3391,
    "ObjectId": "Obj3391",
    "Attribute1": "Attr1",
    "Attribute2": "Attr2",
    "Attribute3": "Attr3",
    "Transaction": 34
  },
  {
    "Index": 3392,
    "ObjectId": "Obj3392",
    "Attribute1": "Attr1",
    "Attribute2": "Attr2",
    "Attribute3": "Attr3",
    "Transaction": 34
  },
  {
    "Index": 3393,
    "ObjectId": "Obj3393",
    "Attribute1": "Attr1",
    "Attribute2": "Attr2",
    "Attribute3": "Attr3",
    "Transaction": 34
  },
  {
    "Index": 3394,
    "ObjectId": "Obj3394",
    "Attribute1": "Attr1",
    "Attribute2": "Attr2",
    "Attribute3": "Attr3",
    "Transaction": 34
  },
  {
    "Index": 3395,
    "ObjectId": "Obj3395",
    "Attribute1": "Attr1",
    "Attribute2": "Attr2",
    "Attribute3": "Attr3",
    "Transaction": 34
  },
  {
    "Index": 3396,
    "ObjectId": "Obj3396",
    "Attribute1": "Attr1",
    "Attribute2": "Attr2",
    "Attribute3": "Attr3",
    "Transaction": 34
  },
  {
    "Index": 3397,
    "ObjectId": "Obj3397",
    "Attribute1": "Attr1",
    "Attribute2": "Attr2",
    "Attribute3": "Attr3",
    "Transaction": 34
  },
  {
    "Index": 3398,
    "ObjectId": "Obj3398",
    "Attribute1": "Attr1",
    "Attribute2": "Attr2",
    "Attribute3": "Attr3",
    "Transaction": 34
  },
  {
    "Index": 3399,
    "ObjectId": "Obj3399",
    "Attribute1": "Attr1",
    "Attribute2": "Attr2",
    "Attribute3": "Attr3",
    "Transaction": 34
  },
  {
    "Index": 3400,
    "ObjectId": "Obj3400",
    "Attribute1": "Attr1",
    "Attribute2": "Attr2",
    "Attribute3": "Attr3",
    "Transaction": 34
  }
]