[
  {
    "Index": 4101,
    "ObjectId": "Obj4101",
    "Attribute1": "Attr1",
    "Attribute2": "Attr2",
    "Attribute3": "Attr3",
    "Transaction": 42
  },
  {
    "Index": 4102,
    "ObjectId": "Obj4102",
    "Attribute1": "Attr1",
    "Attribute2": "Attr2",
    "Attribute3": "Attr3",
    "Transaction": 42
  },
  {
    "Index": 4103,
    "ObjectId": "Obj4103",
    "Attribute1": "Attr1",
    "Attribute2": "Attr2",
    "Attribute3": "Attr3",
    "Transaction": 42
  },
  {
    "Index": 4104,
    "ObjectId": "Obj4104",
    "Attribute1": "Attr1",
    "Attribute2": "Attr2",
    "Attribute3": "Attr3",
    "Transaction": 42
  },
  {
    "Index": 4105,
    "ObjectId": "Obj4105",
    "Attribute1": "Attr1",
    "Attribute2": "Attr2",
    "Attribute3": "Attr3",
    "Transaction": 42
  },
  {
    "Index": 4106,
    "ObjectId": "Obj4106",
    "Attribute1": "Attr1",
    "Attribute2": "Attr2",
    "Attribute3": "Attr3",
    "Transaction": 42
  },
  {
    "Index": 4107,
    "ObjectId": "Obj4107",
    "Attribute1": "Attr1",
    "Attribute2": "Attr2",
    "Attribute3": "Attr3",
    "Transaction": 42
  },
  {
    "Index": 4108,
    "ObjectId": "Obj4108",
    "Attribute1": "Attr1",
    "Attribute2": "Attr2",
    "Attribute3": "Attr3",
    "Transaction": 42
  },
  {
    "Index": 4109,
    "ObjectId": "Obj4109",
    "Attribute1": "Attr1",
    "Attribute2": "Attr2",
    "Attribute3": "Attr3",
    "Transaction": 42
  },
  {
    "Index": 4110,
    "ObjectId": "Obj4110",
    "Attribute1": "Attr1",
    "Attribute2": "Attr2",
    "Attribute3": "Attr3",
    "Transaction": 42
  },
  {
    "Index": 4111,
    "ObjectId": "Obj4111",
    "Attribute1": "Attr1",
    "Attribute2": "Attr2",
    "Attribute3": "Attr3",
    "Transaction": 42
  },
  {
    "Index": 4112,
    "ObjectId": "Obj4112",
    "Attribute1": "Attr1",
    "Attribute2": "Attr2",
    "Attribute3": "Attr3",
    "Transaction": 42
  },
  {
    "Index": 4113,
    "ObjectId": "Obj4113",
    "Attribute1": "Attr1",
    "Attribute2": "Attr2",
    "Attribute3": "Attr3",
    "Transaction": 42
  },
  {
    "Index": 4114,
    "ObjectId": "Obj4114",
    "Attribute1": "Attr1",
    "Attribute2": "Attr2",
    "Attribute3": "Attr3",
    "Transaction": 42
  },
  {
    "Index": 4115,
    "ObjectId": "Obj4115",
    "Attribute1": "Attr1",
    "Attribute2": "Attr2",
    "Attribute3": "Attr3",
    "Transaction": 42
  },
  {
    "Index": 4116,
    "ObjectId": "Obj4116",
    "Attribute1": "Attr1",
    "Attribute2": "Attr2",
    "Attribute3": "Attr3",
    "Transaction": 42
  },
  {
    "Index": 4117,
    "ObjectId": "Obj4117",
    "Attribute1": "Attr1",
    "Attribute2": "Attr2",
    "Attribute3": "Attr3",
    "Transaction": 42
  },
  {
    "Index": 4118,
    "ObjectId": "Obj4118",
    "Attribute1": "Attr1",
    "Attribute2": "Attr2",
    "Attribute3": "Attr3",
    "Transaction": 42
  },
  {
    "Index": 4119,
    "ObjectId": "Obj4119",
    "Attribute1": "Attr1",
    "Attribute2": "Attr2",
    "Attribute3": "Attr3",
    "Transaction": 42
  },
  {
    "Index": 4120,
    "ObjectId": "Obj4120",
    "Attribute1": "Attr1",
    "Attribute2": "Attr2",
    "Attribute3": "Attr3",
    "Transaction": 42
  },
  {
    "Index": 4121,
    "ObjectId": "Obj4121",
    "Attribute1": "Attr1",
    "Attribute2": "Attr2",
    "Attribute3": "Attr3",
    "Transaction": 42
  },
  {
    "Index": 4122,
    "ObjectId": "Obj4122",
    "Attribute1": "Attr1",
    "Attribute2": "Attr2",
    "Attribute3": "Attr3",
    "Transaction": 42
  },
  {
    "Index": 4123,
    "ObjectId": "Obj4123",
    "Attribute1": "Attr1",
    "Attribute2": "Attr2",
    "Attribute3": "Attr3",
    "Transaction": 42
  },
  {
    "Index": 4124,
    "ObjectId": "Obj4124",
    "Attribute1": "Attr1",
    "Attribute2": "Attr2",
    "Attribute3": "Attr3",
    "Transaction": 42
  },
  {
    "Index": 4125,
    "ObjectId": "Obj4125",
    "Attribute1": "Attr1",
    "Attribute2": "Attr2",
    "Attribute3": "Attr3",
    "Transaction": 42
  },
  {
    "Index": 4126,
    "ObjectId": "Obj4126",
    "Attribute1": "Attr1",
    "Attribute2": "Attr2",
    "Attribute3": "Attr3",
    "Transaction": 42
  },
  {
    "Index": 4127,
    "ObjectId": "Obj4127",
    "Attribute1": "Attr1",
    "Attribute2": "Attr2",
    "Attribute3": "Attr3",
    "Transaction": 42
  },
  {
    "Index": 4128,
    "ObjectId": "Obj4128",
    "Attribute1": "Attr1",
    "Attribute2": "Attr2",
    "Attribute3": "Attr3",
    "Transaction": 42
  },
  {
    "Index": 4129,
    "ObjectId": "Obj4129",
    "Attribute1": "Attr1",
    "Attribute2": "Attr2",
    "Attribute3": "Attr3",
    "Transaction": 42
  },
  {
    "Index": 4130,
    "ObjectId": "Obj4130",
    "Attribute1": "Attr1",
    "Attribute2": "Attr2",
    "Attribute3": "Attr3",
    "Transaction": 42
  },
  {
    "Index": 4131,
    "ObjectId": "Obj4131",
    "Attribute1": "Attr1",
    "Attribute2": "Attr2",
    "Attribute3": "Attr3",
    "Transaction": 42
  },
  {
    "Index": 4132,
    "ObjectId": "Obj4132",
    "Attribute1": "Attr1",
    "Attribute2": "Attr2",
    "Attribute3": "Attr3",
    "Transaction": 42
  },
  {
    "Index": 4133,
    "ObjectId": "Obj4133",
    "Attribute1": "Attr1",
    "Attribute2": "Attr2",
    "Attribute3": "Attr3",
    "Transaction": 42
  },
  {
    "Index": 4134,
    "ObjectId": "Obj4134",
    "Attribute1": "Attr1",
    "Attribute2": "Attr2",
    "Attribute3": "Attr3",
    "Transaction": 42
  },
  {
    "Index": 4135,
    "ObjectId": "Obj4135",
    "Attribute1": "Attr1",
    "Attribute2": "Attr2",
    "Attribute3": "Attr3",
    "Transaction": 42
  },
  {
    "Index": 4136,
    "ObjectId": "Obj4136",
    "Attribute1": "Attr1",
    "Attribute2": "Attr2",
    "Attribute3": "Attr3",
    "Transaction": 42
  },
  {
    "Index": 4137,
    "ObjectId": "Obj4137",
    "Attribute1": "Attr1",
    "Attribute2": "Attr2",
    "Attribute3": "Attr3",
    "Transaction": 42
  },
  {
    "Index": 4138,
    "ObjectId": "Obj4138",
    "Attribute1": "Attr1",
    "Attribute2": "Attr2",
    "Attribute3": "Attr3",
    "Transaction": 42
  },
  {
    "Index": 4139,
    "ObjectId": "Obj4139",
    "Attribute1": "Attr1",
    "Attribute2": "Attr2",
    "Attribute3": "Attr3",
    "Transaction": 42
  },
  {
    "Index": 4140,
    "ObjectId": "Obj4140",
    "Attribute1": "Attr1",
    "Attribute2": "Attr2",
    "Attribute3": "Attr3",
    "Transaction": 42
  },
  {
    "Index": 4141,
    "ObjectId": "Obj4141",
    "Attribute1": "Attr1",
    "Attribute2": "Attr2",
    "Attribute3": "Attr3",
    "Transaction": 42
  },
  {
    "Index": 4142,
    "ObjectId": "Obj4142",
    "Attribute1": "Attr1",
    "Attribute2": "Attr2",
    "Attribute3": "Attr3",
    "Transaction": 42
  },
  {
    "Index": 4143,
    "ObjectId": "Obj4143",
    "Attribute1": "Attr1",
    "Attribute2": "Attr2",
    "Attribute3": "Attr3",
    "Transaction": 42
  },
  {
    "Index": 4144,
    "ObjectId": "Obj4144",
    "Attribute1": "Attr1",
    "Attribute2": "Attr2",
    "Attribute3": "Attr3",
    "Transaction": 42
  },
  {
    "Index": 4145,
    "ObjectId": "Obj4145",
    "Attribute1": "Attr1",
    "Attribute2": "Attr2",
    "Attribute3": "Attr3",
    "Transaction": 42
  },
  {
    "Index": 4146,
    "ObjectId": "Obj4146",
    "Attribute1": "Attr1",
    "Attribute2": "Attr2",
    "Attribute3": "Attr3",
    "Transaction": 42
  },
  {
    "Index": 4147,
    "ObjectId": "Obj4147",
    "Attribute1": "Attr1",
    "Attribute2": "Attr2",
    "Attribute3": "Attr3",
    "Transaction": 42
  },
  {
    "Index": 4148,
    "ObjectId": "Obj4148",
    "Attribute1": "Attr1",
    "Attribute2": "Attr2",
    "Attribute3": "Attr3",
    "Transaction": 42
  },
  {
    "Index": 4149,
    "ObjectId": "Obj4149",
    "Attribute1": "Attr1",
    "Attribute2": "Attr2",
    "Attribute3": "Attr3",
    "Transaction": 42
  },
  {
    "Index": 4150,
    "ObjectId": "Obj4150",
    "Attribute1": "Attr1",
    "Attribute2": "Attr2",
    "Attribute3": "Attr3",
    "Transaction": 42
  },
  {
    "Index": 4151,
    "ObjectId": "Obj4151",
    "Attribute1": "Attr1",
    "Attribute2": "Attr2",
    "Attribute3": "Attr3",
    "Transaction": 42
  },
  {
    "Index": 4152,
    "ObjectId": "Obj4152",
    "Attribute1": "Attr1",
    "Attribute2": "Attr2",
    "Attribute3": "Attr3",
    "Transaction": 42
  },
  {
    "Index": 4153,
    "ObjectId": "Obj4153",
    "Attribute1": "Attr1",
    "Attribute2": "Attr2",
    "Attribute3": "Attr3",
    "Transaction": 42
  },
  {
    "Index": 4154,
    "ObjectId": "Obj4154",
    "Attribute1": "Attr1",
    "Attribute2": "Attr2",
    "Attribute3": "Attr3",
    "Transaction": 42
  },
  {
    "Index": 4155,
    "ObjectId": "Obj4155",
    "Attribute1": "Attr1",
    "Attribute2": "Attr2",
    "Attribute3": "Attr3",
    "Transaction": 42
  },
  {
    "Index": 4156,
    "ObjectId": "Obj4156",
    "Attribute1": "Attr1",
    "Attribute2": "Attr2",
    "Attribute3": "Attr3",
    "Transaction": 42
  },
  {
    "Index": 4157,
    "ObjectId": "Obj4157",
    "Attribute1": "Attr1",
    "Attribute2": "Attr2",
    "Attribute3": "Attr3",
    "Transaction": 42
  },
  {
    "Index": 4158,
    "ObjectId": "Obj4158",
    "Attribute1": "Attr1",
    "Attribute2": "Attr2",
    "Attribute3": "Attr3",
    "Transaction": 42
  },
  {
    "Index": 4159,
    "ObjectId": "Obj4159",
    "Attribute1": "Attr1",
    "Attribute2": "Attr2",
    "Attribute3": "Attr3",
    "Transaction": 42
  },
  {
    "Index": 4160,
    "ObjectId": "Obj4160",
    "Attribute1": "Attr1",
    "Attribute2": "Attr2",
    "Attribute3": "Attr3",
    "Transaction": 42
  },
  {
    "Index": 4161,
    "ObjectId": "Obj4161",
    "Attribute1": "Attr1",
    "Attribute2": "Attr2",
    "Attribute3": "Attr3",
    "Transaction": 42
  },
  {
    "Index": 4162,
    "ObjectId": "Obj4162",
    "Attribute1": "Attr1",
    "Attribute2": "Attr2",
    "Attribute3": "Attr3",
    "Transaction": 42
  },
  {
    "Index": 4163,
    "ObjectId": "Obj4163",
    "Attribute1": "Attr1",
    "Attribute2": "Attr2",
    "Attribute3": "Attr3",
    "Transaction": 42
  },
  {
    "Index": 4164,
    "ObjectId": "Obj4164",
    "Attribute1": "Attr1",
    "Attribute2": "Attr2",
    "Attribute3": "Attr3",
    "Transaction": 42
  },
  {
    "Index": 4165,
    "ObjectId": "Obj4165",
    "Attribute1": "Attr1",
    "Attribute2": "Attr2",
    "Attribute3": "Attr3",
    "Transaction": 42
  },
  {
    "Index": 4166,
    "ObjectId": "Obj4166",
    "Attribute1": "Attr1",
    "Attribute2": "Attr2",
    "Attribute3": "Attr3",
    "Transaction": 42
  },
  {
    "Index": 4167,
    "ObjectId": "Obj4167",
    "Attribute1": "Attr1",
    "Attribute2": "Attr2",
    "Attribute3": "Attr3",
    "Transaction": 42
  },
  {
    "Index": 4168,
    "ObjectId": "Obj4168",
    "Attribute1": "Attr1",
    "Attribute2": "Attr2",
    "Attribute3": "Attr3",
    "Transaction": 42
  },
  {
    "Index": 4169,
    "ObjectId": "Obj4169",
    "Attribute1": "Attr1",
    "Attribute2": "Attr2",
    "Attribute3": "Attr3",
    "Transaction": 42
  },
  {
    "Index": 4170,
    "ObjectId": "Obj4170",
    "Attribute1": "Attr1",
    "Attribute2": "Attr2",
    "Attribute3": "Attr3",
    "Transaction": 42
  },
  {
    "Index": 4171,
    "ObjectId": "Obj4171",
    "Attribute1": "Attr1",
    "Attribute2": "Attr2",
    "Attribute3": "Attr3",
    "Transaction": 42
  },
  {
    "Index": 4172,
    "ObjectId": "Obj4172",
    "Attribute1": "Attr1",
    "Attribute2": "Attr2",
    "Attribute3": "Attr3",
    "Transaction": 42
  },
  {
    "Index": 4173,
    "ObjectId": "Obj4173",
    "Attribute1": "Attr1",
    "Attribute2": "Attr2",
    "Attribute3": "Attr3",
    "Transaction": 42
  },
  {
    "Index": 4174,
    "ObjectId": "Obj4174",
    "Attribute1": "Attr1",
    "Attribute2": "Attr2",
    "Attribute3": "Attr3",
    "Transaction": 42
  },
  {
    "Index": 4175,
    "ObjectId": "Obj4175",
    "Attribute1": "Attr1",
    "Attribute2": "Attr2",
    "Attribute3": "Attr3",
    "Transaction": 42
  },
  {
    "Index": 4176,
    "ObjectId": "Obj4176",
    "Attribute1": "Attr1",
    "Attribute2": "Attr2",
    "Attribute3": "Attr3",
    "Transaction": 42
  },
  {
    "Index": 4177,
    "ObjectId": "Obj4177",
    "Attribute1": "Attr1",
    "Attribute2": "Attr2",
    "Attribute3": "Attr3",
    "Transaction": 42
  },
  {
    "Index": 4178,
    "ObjectId": "Obj4178",
    "Attribute1": "Attr1",
    "Attribute2": "Attr2",
    "Attribute3": "Attr3",
    "Transaction": 42
  },
  {
    "Index": 4179,
    "ObjectId": "Obj4179",
    "Attribute1": "Attr1",
    "Attribute2": "Attr2",
    "Attribute3": "Attr3",
    "Transaction": 42
  },
  {
    "Index": 4180,
    "ObjectId": "Obj4180",
    "Attribute1": "Attr1",
    "Attribute2": "Attr2",
    "Attribute3": "Attr3",
    "Transaction": 42
  },
  {
    "Index": 4181,
    "ObjectId": "Obj4181",
    "Attribute1": "Attr1",
    "Attribute2": "Attr2",
    "Attribute3": "Attr3",
    "Transaction": 42
  },
  {
    "Index": 4182,
    "ObjectId": "Obj4182",
    "Attribute1": "Attr1",
    "Attribute2": "Attr2",
    "Attribute3": "Attr3",
    "Transaction": 42
  },
  {
    "Index": 4183,
    "ObjectId": "Obj4183",
    "Attribute1": "Attr1",
    "Attribute2": "Attr2",
    "Attribute3": "Attr3",
    "Transaction": 42
  },
  {
    "Index": 4184,
    "ObjectId": "Obj4184",
    "Attribute1": "Attr1",
    "Attribute2": "Attr2",
    "Attribute3": "Attr3",
    "Transaction": 42
  },
  {
    "Index": 4185,
    "ObjectId": "Obj4185",
    "Attribute1": "Attr1",
    "Attribute2": "Attr2",
    "Attribute3": "Attr3",
    "Transaction": 42
  },
  {
    "Index": 4186,
    "ObjectId": "Obj4186",
    "Attribute1": "Attr1",
    "Attribute2": "Attr2",
    "Attribute3": "Attr3",
    "Transaction": 42
  },
  {
    "Index": 4187,
    "ObjectId": "Obj4187",
    "Attribute1": "Attr1",
    "Attribute2": "Attr2",
    "Attribute3": "Attr3",
    "Transaction": 42
  },
  {
    "Index": 4188,
    "ObjectId": "Obj4188",
    "Attribute1": "Attr1",
    "Attribute2": "Attr2",
    "Attribute3": "Attr3",
    "Transaction": 42
  },
  {
    "Index": 4189,
    "ObjectId": "Obj4189",
    "Attribute1": "Attr1",
    "Attribute2": "Attr2",
    "Attribute3": "Attr3",
    "Transaction": 42
  },
  {
    "Index": 4190,
    "ObjectId": "Obj4190",
    "Attribute1": "Attr1",
    "Attribute2": "Attr2",
    "Attribute3": "Attr3",
    "Transaction": 42
  },
  {
    "Index": 4191,
    "ObjectId": "Obj4191",
    "Attribute1": "Attr1",
    "Attribute2": "Attr2",
    "Attribute3": "Attr3",
    "Transaction": 42
  },
  {
    "Index": 4192,
    "ObjectId": "Obj4192",
    "Attribute1": "Attr1",
    "Attribute2": "Attr2",
    "Attribute3": "Attr3",
    "Transaction": 42
  },
  {
    "Index": 4193,
    "ObjectId": "Obj4193",
    "Attribute1": "Attr1",
    "Attribute2": "Attr2",
    "Attribute3": "Attr3",
    "Transaction": 42
  },
  {
    "Index": 4194,
    "ObjectId": "Obj4194",
    "Attribute1": "Attr1",
    "Attribute2": "Attr2",
    "Attribute3": "Attr3",
    "Transaction": 42
  },
  {
    "Index": 4195,
    "ObjectId": "Obj4195",
    "Attribute1": "Attr1",
    "Attribute2": "Attr2",
    "Attribute3": "Attr3",
    "Transaction": 42
  },
  {
    "Index": 4196,
    "ObjectId": "Obj4196",
    "Attribute1": "Attr1",
    "Attribute2": "Attr2",
    "Attribute3": "Attr3",
    "Transaction": 42
  },
  {
    "Index": 4197,
    "ObjectId": "Obj4197",
    "Attribute1": "Attr1",
    "Attribute2": "Attr2",
    "Attribute3": "Attr3",
    "Transaction": 42
  },
  {
    "Index": 4198,
    "ObjectId": "Obj4198",
    "Attribute1": "Attr1",
    "Attribute2": "Attr2",
    "Attribute3": "Attr3",
    "Transaction": 42
  },
  {
    "Index": 4199,
    "ObjectId": "Obj4199",
    "Attribute1": "Attr1",
    "Attribute2": "Attr2",
    "Attribute3": "Attr3",
    "Transaction": 42
  },
  {
    "Index": 4200,
    "ObjectId": "Obj4200",
    "Attribute1": "Attr1",
    "Attribute2": "Attr2",
    "Attribute3": "Attr3",
    "Transaction": 42
  }
]