[
  {
    "Index": 1401,
    "ObjectId": "Obj1401",
    "Attribute1": "Attr1",
    "Attribute2": "Attr2",
    "Attribute3": "Attr3",
    "Transaction": 15
  },
  {
    "Index": 1402,
    "ObjectId": "Obj1402",
    "Attribute1": "Attr1",
    "Attribute2": "Attr2",
    "Attribute3": "Attr3",
    "Transaction": 15
  },
  {
    "Index": 1403,
    "ObjectId": "Obj1403",
    "Attribute1": "Attr1",
    "Attribute2": "Attr2",
    "Attribute3": "Attr3",
    "Transaction": 15
  },
  {
    "Index": 1404,
    "ObjectId": "Obj1404",
    "Attribute1": "Attr1",
    "Attribute2": "Attr2",
    "Attribute3": "Attr3",
    "Transaction": 15
  },
  {
    "Index": 1405,
    "ObjectId": "Obj1405",
    "Attribute1": "Attr1",
    "Attribute2": "Attr2",
    "Attribute3": "Attr3",
    "Transaction": 15
  },
  {
    "Index": 1406,
    "ObjectId": "Obj1406",
    "Attribute1": "Attr1",
    "Attribute2": "Attr2",
    "Attribute3": "Attr3",
    "Transaction": 15
  },
  {
    "Index": 1407,
    "ObjectId": "Obj1407",
    "Attribute1": "Attr1",
    "Attribute2": "Attr2",
    "Attribute3": "Attr3",
    "Transaction": 15
  },
  {
    "Index": 1408,
    "ObjectId": "Obj1408",
    "Attribute1": "Attr1",
    "Attribute2": "Attr2",
    "Attribute3": "Attr3",
    "Transaction": 15
  },
  {
    "Index": 1409,
    "ObjectId": "Obj1409",
    "Attribute1": "Attr1",
    "Attribute2": "Attr2",
    "Attribute3": "Attr3",
    "Transaction": 15
  },
  {
    "Index": 1410,
    "ObjectId": "Obj1410",
    "Attribute1": "Attr1",
    "Attribute2": "Attr2",
    "Attribute3": "Attr3",
    "Transaction": 15
  },
  {
    "Index": 1411,
    "ObjectId": "Obj1411",
    "Attribute1": "Attr1",
    "Attribute2": "Attr2",
    "Attribute3": "Attr3",
    "Transaction": 15
  },
  {
    "Index": 1412,
    "ObjectId": "Obj1412",
    "Attribute1": "Attr1",
    "Attribute2": "Attr2",
    "Attribute3": "Attr3",
    "Transaction": 15
  },
  {
    "Index": 1413,
    "ObjectId": "Obj1413",
    "Attribute1": "Attr1",
    "Attribute2": "Attr2",
    "Attribute3": "Attr3",
    "Transaction": 15
  },
  {
    "Index": 1414,
    "ObjectId": "Obj1414",
    "Attribute1": "Attr1",
    "Attribute2": "Attr2",
    "Attribute3": "Attr3",
    "Transaction": 15
  },
  {
    "Index": 1415,
    "ObjectId": "Obj1415",
    "Attribute1": "Attr1",
    "Attribute2": "Attr2",
    "Attribute3": "Attr3",
    "Transaction": 15
  },
  {
    "Index": 1416,
    "ObjectId": "Obj1416",
    "Attribute1": "Attr1",
    "Attribute2": "Attr2",
    "Attribute3": "Attr3",
    "Transaction": 15
  },
  {
    "Index": 1417,
    "ObjectId": "Obj1417",
    "Attribute1": "Attr1",
    "Attribute2": "Attr2",
    "Attribute3": "Attr3",
    "Transaction": 15
  },
  {
    "Index": 1418,
    "ObjectId": "Obj1418",
    "Attribute1": "Attr1",
    "Attribute2": "Attr2",
    "Attribute3": "Attr3",
    "Transaction": 15
  },
  {
    "Index": 1419,
    "ObjectId": "Obj1419",
    "Attribute1": "Attr1",
    "Attribute2": "Attr2",
    "Attribute3": "Attr3",
    "Transaction": 15
  },
  {
    "Index": 1420,
    "ObjectId": "Obj1420",
    "Attribute1": "Attr1",
    "Attribute2": "Attr2",
    "Attribute3": "Attr3",
    "Transaction": 15
  },
  {
    "Index": 1421,
    "ObjectId": "Obj1421",
    "Attribute1": "Attr1",
    "Attribute2": "Attr2",
    "Attribute3": "Attr3",
    "Transaction": 15
  },
  {
    "Index": 1422,
    "ObjectId": "Obj1422",
    "Attribute1": "Attr1",
    "Attribute2": "Attr2",
    "Attribute3": "Attr3",
    "Transaction": 15
  },
  {
    "Index": 1423,
    "ObjectId": "Obj1423",
    "Attribute1": "Attr1",
    "Attribute2": "Attr2",
    "Attribute3": "Attr3",
    "Transaction": 15
  },
  {
    "Index": 1424,
    "ObjectId": "Obj1424",
    "Attribute1": "Attr1",
    "Attribute2": "Attr2",
    "Attribute3": "Attr3",
    "Transaction": 15
  },
  {
    "Index": 1425,
    "ObjectId": "Obj1425",
    "Attribute1": "Attr1",
    "Attribute2": "Attr2",
    "Attribute3": "Attr3",
    "Transaction": 15
  },
  {
    "Index": 1426,
    "ObjectId": "Obj1426",
    "Attribute1": "Attr1",
    "Attribute2": "Attr2",
    "Attribute3": "Attr3",
    "Transaction": 15
  },
  {
    "Index": 1427,
    "ObjectId": "Obj1427",
    "Attribute1": "Attr1",
    "Attribute2": "Attr2",
    "Attribute3": "Attr3",
    "Transaction": 15
  },
  {
    "Index": 1428,
    "ObjectId": "Obj1428",
    "Attribute1": "Attr1",
    "Attribute2": "Attr2",
    "Attribute3": "Attr3",
    "Transaction": 15
  },
  {
    "Index": 1429,
    "ObjectId": "Obj1429",
    "Attribute1": "Attr1",
    "Attribute2": "Attr2",
    "Attribute3": "Attr3",
    "Transaction": 15
  },
  {
    "Index": 1430,
    "ObjectId": "Obj1430",
    "Attribute1": "Attr1",
    "Attribute2": "Attr2",
    "Attribute3": "Attr3",
    "Transaction": 15
  },
  {
    "Index": 1431,
    "ObjectId": "Obj1431",
    "Attribute1": "Attr1",
    "Attribute2": "Attr2",
    "Attribute3": "Attr3",
    "Transaction": 15
  },
  {
    "Index": 1432,
    "ObjectId": "Obj1432",
    "Attribute1": "Attr1",
    "Attribute2": "Attr2",
    "Attribute3": "Attr3",
    "Transaction": 15
  },
  {
    "Index": 1433,
    "ObjectId": "Obj1433",
    "Attribute1": "Attr1",
    "Attribute2": "Attr2",
    "Attribute3": "Attr3",
    "Transaction": 15
  },
  {
    "Index": 1434,
    "ObjectId": "Obj1434",
    "Attribute1": "Attr1",
    "Attribute2": "Attr2",
    "Attribute3": "Attr3",
    "Transaction": 15
  },
  {
    "Index": 1435,
    "ObjectId": "Obj1435",
    "Attribute1": "Attr1",
    "Attribute2": "Attr2",
    "Attribute3": "Attr3",
    "Transaction": 15
  },
  {
    "Index": 1436,
    "ObjectId": "Obj1436",
    "Attribute1": "Attr1",
    "Attribute2": "Attr2",
    "Attribute3": "Attr3",
    "Transaction": 15
  },
  {
    "Index": 1437,
    "ObjectId": "Obj1437",
    "Attribute1": "Attr1",
    "Attribute2": "Attr2",
    "Attribute3": "Attr3",
    "Transaction": 15
  },
  {
    "Index": 1438,
    "ObjectId": "Obj1438",
    "Attribute1": "Attr1",
    "Attribute2": "Attr2",
    "Attribute3": "Attr3",
    "Transaction": 15
  },
  {
    "Index": 1439,
    "ObjectId": "Obj1439",
    "Attribute1": "Attr1",
    "Attribute2": "Attr2",
    "Attribute3": "Attr3",
    "Transaction": 15
  },
  {
    "Index": 1440,
    "ObjectId": "Obj1440",
    "Attribute1": "Attr1",
    "Attribute2": "Attr2",
    "Attribute3": "Attr3",
    "Transaction": 15
  },
  {
    "Index": 1441,
    "ObjectId": "Obj1441",
    "Attribute1": "Attr1",
    "Attribute2": "Attr2",
    "Attribute3": "Attr3",
    "Transaction": 15
  },
  {
    "Index": 1442,
    "ObjectId": "Obj1442",
    "Attribute1": "Attr1",
    "Attribute2": "Attr2",
    "Attribute3": "Attr3",
    "Transaction": 15
  },
  {
    "Index": 1443,
    "ObjectId": "Obj1443",
    "Attribute1": "Attr1",
    "Attribute2": "Attr2",
    "Attribute3": "Attr3",
    "Transaction": 15
  },
  {
    "Index": 1444,
    "ObjectId": "Obj1444",
    "Attribute1": "Attr1",
    "Attribute2": "Attr2",
    "Attribute3": "Attr3",
    "Transaction": 15
  },
  {
    "Index": 1445,
    "ObjectId": "Obj1445",
    "Attribute1": "Attr1",
    "Attribute2": "Attr2",
    "Attribute3": "Attr3",
    "Transaction": 15
  },
  {
    "Index": 1446,
    "ObjectId": "Obj1446",
    "Attribute1": "Attr1",
    "Attribute2": "Attr2",
    "Attribute3": "Attr3",
    "Transaction": 15
  },
  {
    "Index": 1447,
    "ObjectId": "Obj1447",
    "Attribute1": "Attr1",
    "Attribute2": "Attr2",
    "Attribute3": "Attr3",
    "Transaction": 15
  },
  {
    "Index": 1448,
    "ObjectId": "Obj1448",
    "Attribute1": "Attr1",
    "Attribute2": "Attr2",
    "Attribute3": "Attr3",
    "Transaction": 15
  },
  {
    "Index": 1449,
    "ObjectId": "Obj1449",
    "Attribute1": "Attr1",
    "Attribute2": "Attr2",
    "Attribute3": "Attr3",
    "Transaction": 15
  },
  {
    "Index": 1450,
    "ObjectId": "Obj1450",
    "Attribute1": "Attr1",
    "Attribute2": "Attr2",
    "Attribute3": "Attr3",
    "Transaction": 15
  },
  {
    "Index": 1451,
    "ObjectId": "Obj1451",
    "Attribute1": "Attr1",
    "Attribute2": "Attr2",
    "Attribute3": "Attr3",
    "Transaction": 15
  },
  {
    "Index": 1452,
    "ObjectId": "Obj1452",
    "Attribute1": "Attr1",
    "Attribute2": "Attr2",
    "Attribute3": "Attr3",
    "Transaction": 15
  },
  {
    "Index": 1453,
    "ObjectId": "Obj1453",
    "Attribute1": "Attr1",
    "Attribute2": "Attr2",
    "Attribute3": "Attr3",
    "Transaction": 15
  },
  {
    "Index": 1454,
    "ObjectId": "Obj1454",
    "Attribute1": "Attr1",
    "Attribute2": "Attr2",
    "Attribute3": "Attr3",
    "Transaction": 15
  },
  {
    "Index": 1455,
    "ObjectId": "Obj1455",
    "Attribute1": "Attr1",
    "Attribute2": "Attr2",
    "Attribute3": "Attr3",
    "Transaction": 15
  },
  {
    "Index": 1456,
    "ObjectId": "Obj1456",
    "Attribute1": "Attr1",
    "Attribute2": "Attr2",
    "Attribute3": "Attr3",
    "Transaction": 15
  },
  {
    "Index": 1457,
    "ObjectId": "Obj1457",
    "Attribute1": "Attr1",
    "Attribute2": "Attr2",
    "Attribute3": "Attr3",
    "Transaction": 15
  },
  {
    "Index": 1458,
    "ObjectId": "Obj1458",
    "Attribute1": "Attr1",
    "Attribute2": "Attr2",
    "Attribute3": "Attr3",
    "Transaction": 15
  },
  {
    "Index": 1459,
    "ObjectId": "Obj1459",
    "Attribute1": "Attr1",
    "Attribute2": "Attr2",
    "Attribute3": "Attr3",
    "Transaction": 15
  },
  {
    "Index": 1460,
    "ObjectId": "Obj1460",
    "Attribute1": "Attr1",
    "Attribute2": "Attr2",
    "Attribute3": "Attr3",
    "Transaction": 15
  },
  {
    "Index": 1461,
    "ObjectId": "Obj1461",
    "Attribute1": "Attr1",
    "Attribute2": "Attr2",
    "Attribute3": "Attr3",
    "Transaction": 15
  },
  {
    "Index": 1462,
    "ObjectId": "Obj1462",
    "Attribute1": "Attr1",
    "Attribute2": "Attr2",
    "Attribute3": "Attr3",
    "Transaction": 15
  },
  {
    "Index": 1463,
    "ObjectId": "Obj1463",
    "Attribute1": "Attr1",
    "Attribute2": "Attr2",
    "Attribute3": "Attr3",
    "Transaction": 15
  },
  {
    "Index": 1464,
    "ObjectId": "Obj1464",
    "Attribute1": "Attr1",
    "Attribute2": "Attr2",
    "Attribute3": "Attr3",
    "Transaction": 15
  },
  {
    "Index": 1465,
    "ObjectId": "Obj1465",
    "Attribute1": "Attr1",
    "Attribute2": "Attr2",
    "Attribute3": "Attr3",
    "Transaction": 15
  },
  {
    "Index": 1466,
    "ObjectId": "Obj1466",
    "Attribute1": "Attr1",
    "Attribute2": "Attr2",
    "Attribute3": "Attr3",
    "Transaction": 15
  },
  {
    "Index": 1467,
    "ObjectId": "Obj1467",
    "Attribute1": "Attr1",
    "Attribute2": "Attr2",
    "Attribute3": "Attr3",
    "Transaction": 15
  },
  {
    "Index": 1468,
    "ObjectId": "Obj1468",
    "Attribute1": "Attr1",
    "Attribute2": "Attr2",
    "Attribute3": "Attr3",
    "Transaction": 15
  },
  {
    "Index": 1469,
    "ObjectId": "Obj1469",
    "Attribute1": "Attr1",
    "Attribute2": "Attr2",
    "Attribute3": "Attr3",
    "Transaction": 15
  },
  {
    "Index": 1470,
    "ObjectId": "Obj1470",
    "Attribute1": "Attr1",
    "Attribute2": "Attr2",
    "Attribute3": "Attr3",
    "Transaction": 15
  },
  {
    "Index": 1471,
    "ObjectId": "Obj1471",
    "Attribute1": "Attr1",
    "Attribute2": "Attr2",
    "Attribute3": "Attr3",
    "Transaction": 15
  },
  {
    "Index": 1472,
    "ObjectId": "Obj1472",
    "Attribute1": "Attr1",
    "Attribute2": "Attr2",
    "Attribute3": "Attr3",
    "Transaction": 15
  },
  {
    "Index": 1473,
    "ObjectId": "Obj1473",
    "Attribute1": "Attr1",
    "Attribute2": "Attr2",
    "Attribute3": "Attr3",
    "Transaction": 15
  },
  {
    "Index": 1474,
    "ObjectId": "Obj1474",
    "Attribute1": "Attr1",
    "Attribute2": "Attr2",
    "Attribute3": "Attr3",
    "Transaction": 15
  },
  {
    "Index": 1475,
    "ObjectId": "Obj1475",
    "Attribute1": "Attr1",
    "Attribute2": "Attr2",
    "Attribute3": "Attr3",
    "Transaction": 15
  },
  {
    "Index": 1476,
    "ObjectId": "Obj1476",
    "Attribute1": "Attr1",
    "Attribute2": "Attr2",
    "Attribute3": "Attr3",
    "Transaction": 15
  },
  {
    "Index": 1477,
    "ObjectId": "Obj1477",
    "Attribute1": "Attr1",
    "Attribute2": "Attr2",
    "Attribute3": "Attr3",
    "Transaction": 15
  },
  {
    "Index": 1478,
    "ObjectId": "Obj1478",
    "Attribute1": "Attr1",
    "Attribute2": "Attr2",
    "Attribute3": "Attr3",
    "Transaction": 15
  },
  {
    "Index": 1479,
    "ObjectId": "Obj1479",
    "Attribute1": "Attr1",
    "Attribute2": "Attr2",
    "Attribute3": "Attr3",
    "Transaction": 15
  },
  {
    "Index": 1480,
    "ObjectId": "Obj1480",
    "Attribute1": "Attr1",
    "Attribute2": "Attr2",
    "Attribute3": "Attr3",
    "Transaction": 15
  },
  {
    "Index": 1481,
    "ObjectId": "Obj1481",
    "Attribute1": "Attr1",
    "Attribute2": "Attr2",
    "Attribute3": "Attr3",
    "Transaction": 15
  },
  {
    "Index": 1482,
    "ObjectId": "Obj1482",
    "Attribute1": "Attr1",
    "Attribute2": "Attr2",
    "Attribute3": "Attr3",
    "Transaction": 15
  },
  {
    "Index": 1483,
    "ObjectId": "Obj1483",
    "Attribute1": "Attr1",
    "Attribute2": "Attr2",
    "Attribute3": "Attr3",
    "Transaction": 15
  },
  {
    "Index": 1484,
    "ObjectId": "Obj1484",
    "Attribute1": "Attr1",
    "Attribute2": "Attr2",
    "Attribute3": "Attr3",
    "Transaction": 15
  },
  {
    "Index": 1485,
    "ObjectId": "Obj1485",
    "Attribute1": "Attr1",
    "Attribute2": "Attr2",
    "Attribute3": "Attr3",
    "Transaction": 15
  },
  {
    "Index": 1486,
    "ObjectId": "Obj1486",
    "Attribute1": "Attr1",
    "Attribute2": "Attr2",
    "Attribute3": "Attr3",
    "Transaction": 15
  },
  {
    "Index": 1487,
    "ObjectId": "Obj1487",
    "Attribute1": "Attr1",
    "Attribute2": "Attr2",
    "Attribute3": "Attr3",
    "Transaction": 15
  },
  {
    "Index": 1488,
    "ObjectId": "Obj1488",
    "Attribute1": "Attr1",
    "Attribute2": "Attr2",
    "Attribute3": "Attr3",
    "Transaction": 15
  },
  {
    "Index": 1489,
    "ObjectId": "Obj1489",
    "Attribute1": "Attr1",
    "Attribute2": "Attr2",
    "Attribute3": "Attr3",
    "Transaction": 15
  },
  {
    "Index": 1490,
    "ObjectId": "Obj1490",
    "Attribute1": "Attr1",
    "Attribute2": "Attr2",
    "Attribute3": "Attr3",
    "Transaction": 15
  },
  {
    "Index": 1491,
    "ObjectId": "Obj1491",
    "Attribute1": "Attr1",
    "Attribute2": "Attr2",
    "Attribute3": "Attr3",
    "Transaction": 15
  },
  {
    "Index": 1492,
    "ObjectId": "Obj1492",
    "Attribute1": "Attr1",
    "Attribute2": "Attr2",
    "Attribute3": "Attr3",
    "Transaction": 15
  },
  {
    "Index": 1493,
    "ObjectId": "Obj1493",
    "Attribute1": "Attr1",
    "Attribute2": "Attr2",
    "Attribute3": "Attr3",
    "Transaction": 15
  },
  {
    "Index": 1494,
    "ObjectId": "Obj1494",
    "Attribute1": "Attr1",
    "Attribute2": "Attr2",
    "Attribute3": "Attr3",
    "Transaction": 15
  },
  {
    "Index": 1495,
    "ObjectId": "Obj1495",
    "Attribute1": "Attr1",
    "Attribute2": "Attr2",
    "Attribute3": "Attr3",
    "Transaction": 15
  },
  {
    "Index": 1496,
    "ObjectId": "Obj1496",
    "Attribute1": "Attr1",
    "Attribute2": "Attr2",
    "Attribute3": "Attr3",
    "Transaction": 15
  },
  {
    "Index": 1497,
    "ObjectId": "Obj1497",
    "Attribute1": "Attr1",
    "Attribute2": "Attr2",
    "Attribute3": "Attr3",
    "Transaction": 15
  },
  {
    "Index": 1498,
    "ObjectId": "Obj1498",
    "Attribute1": "Attr1",
    "Attribute2": "Attr2",
    "Attribute3": "Attr3",
    "Transaction": 15
  },
  {
    "Index": 1499,
    "ObjectId": "Obj1499",
    "Attribute1": "Attr1",
    "Attribute2": "Attr2",
    "Attribute3": "Attr3",
    "Transaction": 15
  },
  {
    "Index": 1500,
    "ObjectId": "Obj1500",
    "Attribute1": "Attr1",
    "Attribute2": "Attr2",
    "Attribute3": "Attr3",
    "Transaction": 15
  }
]