[
  {
    "Index": 8701,
    "ObjectId": "Obj8701",
    "Attribute1": "Attr1",
    "Attribute2": "Attr2",
    "Attribute3": "Attr3",
    "Transaction": 88
  },
  {
    "Index": 8702,
    "ObjectId": "Obj8702",
    "Attribute1": "Attr1",
    "Attribute2": "Attr2",
    "Attribute3": "Attr3",
    "Transaction": 88
  },
  {
    "Index": 8703,
    "ObjectId": "Obj8703",
    "Attribute1": "Attr1",
    "Attribute2": "Attr2",
    "Attribute3": "Attr3",
    "Transaction": 88
  },
  {
    "Index": 8704,
    "ObjectId": "Obj8704",
    "Attribute1": "Attr1",
    "Attribute2": "Attr2",
    "Attribute3": "Attr3",
    "Transaction": 88
  },
  {
    "Index": 8705,
    "ObjectId": "Obj8705",
    "Attribute1": "Attr1",
    "Attribute2": "Attr2",
    "Attribute3": "Attr3",
    "Transaction": 88
  },
  {
    "Index": 8706,
    "ObjectId": "Obj8706",
    "Attribute1": "Attr1",
    "Attribute2": "Attr2",
    "Attribute3": "Attr3",
    "Transaction": 88
  },
  {
    "Index": 8707,
    "ObjectId": "Obj8707",
    "Attribute1": "Attr1",
    "Attribute2": "Attr2",
    "Attribute3": "Attr3",
    "Transaction": 88
  },
  {
    "Index": 8708,
    "ObjectId": "Obj8708",
    "Attribute1": "Attr1",
    "Attribute2": "Attr2",
    "Attribute3": "Attr3",
    "Transaction": 88
  },
  {
    "Index": 8709,
    "ObjectId": "Obj8709",
    "Attribute1": "Attr1",
    "Attribute2": "Attr2",
    "Attribute3": "Attr3",
    "Transaction": 88
  },
  {
    "Index": 8710,
    "ObjectId": "Obj8710",
    "Attribute1": "Attr1",
    "Attribute2": "Attr2",
    "Attribute3": "Attr3",
    "Transaction": 88
  },
  {
    "Index": 8711,
    "ObjectId": "Obj8711",
    "Attribute1": "Attr1",
    "Attribute2": "Attr2",
    "Attribute3": "Attr3",
    "Transaction": 88
  },
  {
    "Index": 8712,
    "ObjectId": "Obj8712",
    "Attribute1": "Attr1",
    "Attribute2": "Attr2",
    "Attribute3": "Attr3",
    "Transaction": 88
  },
  {
    "Index": 8713,
    "ObjectId": "Obj8713",
    "Attribute1": "Attr1",
    "Attribute2": "Attr2",
    "Attribute3": "Attr3",
    "Transaction": 88
  },
  {
    "Index": 8714,
    "ObjectId": "Obj8714",
    "Attribute1": "Attr1",
    "Attribute2": "Attr2",
    "Attribute3": "Attr3",
    "Transaction": 88
  },
  {
    "Index": 8715,
    "ObjectId": "Obj8715",
    "Attribute1": "Attr1",
    "Attribute2": "Attr2",
    "Attribute3": "Attr3",
    "Transaction": 88
  },
  {
    "Index": 8716,
    "ObjectId": "Obj8716",
    "Attribute1": "Attr1",
    "Attribute2": "Attr2",
    "Attribute3": "Attr3",
    "Transaction": 88
  },
  {
    "Index": 8717,
    "ObjectId": "Obj8717",
    "Attribute1": "Attr1",
    "Attribute2": "Attr2",
    "Attribute3": "Attr3",
    "Transaction": 88
  },
  {
    "Index": 8718,
    "ObjectId": "Obj8718",
    "Attribute1": "Attr1",
    "Attribute2": "Attr2",
    "Attribute3": "Attr3",
    "Transaction": 88
  },
  {
    "Index": 8719,
    "ObjectId": "Obj8719",
    "Attribute1": "Attr1",
    "Attribute2": "Attr2",
    "Attribute3": "Attr3",
    "Transaction": 88
  },
  {
    "Index": 8720,
    "ObjectId": "Obj8720",
    "Attribute1": "Attr1",
    "Attribute2": "Attr2",
    "Attribute3": "Attr3",
    "Transaction": 88
  },
  {
    "Index": 8721,
    "ObjectId": "Obj8721",
    "Attribute1": "Attr1",
    "Attribute2": "Attr2",
    "Attribute3": "Attr3",
    "Transaction": 88
  },
  {
    "Index": 8722,
    "ObjectId": "Obj8722",
    "Attribute1": "Attr1",
    "Attribute2": "Attr2",
    "Attribute3": "Attr3",
    "Transaction": 88
  },
  {
    "Index": 8723,
    "ObjectId": "Obj8723",
    "Attribute1": "Attr1",
    "Attribute2": "Attr2",
    "Attribute3": "Attr3",
    "Transaction": 88
  },
  {
    "Index": 8724,
    "ObjectId": "Obj8724",
    "Attribute1": "Attr1",
    "Attribute2": "Attr2",
    "Attribute3": "Attr3",
    "Transaction": 88
  },
  {
    "Index": 8725,
    "ObjectId": "Obj8725",
    "Attribute1": "Attr1",
    "Attribute2": "Attr2",
    "Attribute3": "Attr3",
    "Transaction": 88
  },
  {
    "Index": 8726,
    "ObjectId": "Obj8726",
    "Attribute1": "Attr1",
    "Attribute2": "Attr2",
    "Attribute3": "Attr3",
    "Transaction": 88
  },
  {
    "Index": 8727,
    "ObjectId": "Obj8727",
    "Attribute1": "Attr1",
    "Attribute2": "Attr2",
    "Attribute3": "Attr3",
    "Transaction": 88
  },
  {
    "Index": 8728,
    "ObjectId": "Obj8728",
    "Attribute1": "Attr1",
    "Attribute2": "Attr2",
    "Attribute3": "Attr3",
    "Transaction": 88
  },
  {
    "Index": 8729,
    "ObjectId": "Obj8729",
    "Attribute1": "Attr1",
    "Attribute2": "Attr2",
    "Attribute3": "Attr3",
    "Transaction": 88
  },
  {
    "Index": 8730,
    "ObjectId": "Obj8730",
    "Attribute1": "Attr1",
    "Attribute2": "Attr2",
    "Attribute3": "Attr3",
    "Transaction": 88
  },
  {
    "Index": 8731,
    "ObjectId": "Obj8731",
    "Attribute1": "Attr1",
    "Attribute2": "Attr2",
    "Attribute3": "Attr3",
    "Transaction": 88
  },
  {
    "Index": 8732,
    "ObjectId": "Obj8732",
    "Attribute1": "Attr1",
    "Attribute2": "Attr2",
    "Attribute3": "Attr3",
    "Transaction": 88
  },
  {
    "Index": 8733,
    "ObjectId": "Obj8733",
    "Attribute1": "Attr1",
    "Attribute2": "Attr2",
    "Attribute3": "Attr3",
    "Transaction": 88
  },
  {
    "Index": 8734,
    "ObjectId": "Obj8734",
    "Attribute1": "Attr1",
    "Attribute2": "Attr2",
    "Attribute3": "Attr3",
    "Transaction": 88
  },
  {
    "Index": 8735,
    "ObjectId": "Obj8735",
    "Attribute1": "Attr1",
    "Attribute2": "Attr2",
    "Attribute3": "Attr3",
    "Transaction": 88
  },
  {
    "Index": 8736,
    "ObjectId": "Obj8736",
    "Attribute1": "Attr1",
    "Attribute2": "Attr2",
    "Attribute3": "Attr3",
    "Transaction": 88
  },
  {
    "Index": 8737,
    "ObjectId": "Obj8737",
    "Attribute1": "Attr1",
    "Attribute2": "Attr2",
    "Attribute3": "Attr3",
    "Transaction": 88
  },
  {
    "Index": 8738,
    "ObjectId": "Obj8738",
    "Attribute1": "Attr1",
    "Attribute2": "Attr2",
    "Attribute3": "Attr3",
    "Transaction": 88
  },
  {
    "Index": 8739,
    "ObjectId": "Obj8739",
    "Attribute1": "Attr1",
    "Attribute2": "Attr2",
    "Attribute3": "Attr3",
    "Transaction": 88
  },
  {
    "Index": 8740,
    "ObjectId": "Obj8740",
    "Attribute1": "Attr1",
    "Attribute2": "Attr2",
    "Attribute3": "Attr3",
    "Transaction": 88
  },
  {
    "Index": 8741,
    "ObjectId": "Obj8741",
    "Attribute1": "Attr1",
    "Attribute2": "Attr2",
    "Attribute3": "Attr3",
    "Transaction": 88
  },
  {
    "Index": 8742,
    "ObjectId": "Obj8742",
    "Attribute1": "Attr1",
    "Attribute2": "Attr2",
    "Attribute3": "Attr3",
    "Transaction": 88
  },
  {
    "Index": 8743,
    "ObjectId": "Obj8743",
    "Attribute1": "Attr1",
    "Attribute2": "Attr2",
    "Attribute3": "Attr3",
    "Transaction": 88
  },
  {
    "Index": 8744,
    "ObjectId": "Obj8744",
    "Attribute1": "Attr1",
    "Attribute2": "Attr2",
    "Attribute3": "Attr3",
    "Transaction": 88
  },
  {
    "Index": 8745,
    "ObjectId": "Obj8745",
    "Attribute1": "Attr1",
    "Attribute2": "Attr2",
    "Attribute3": "Attr3",
    "Transaction": 88
  },
  {
    "Index": 8746,
    "ObjectId": "Obj8746",
    "Attribute1": "Attr1",
    "Attribute2": "Attr2",
    "Attribute3": "Attr3",
    "Transaction": 88
  },
  {
    "Index": 8747,
    "ObjectId": "Obj8747",
    "Attribute1": "Attr1",
    "Attribute2": "Attr2",
    "Attribute3": "Attr3",
    "Transaction": 88
  },
  {
    "Index": 8748,
    "ObjectId": "Obj8748",
    "Attribute1": "Attr1",
    "Attribute2": "Attr2",
    "Attribute3": "Attr3",
    "Transaction": 88
  },
  {
    "Index": 8749,
    "ObjectId": "Obj8749",
    "Attribute1": "Attr1",
    "Attribute2": "Attr2",
    "Attribute3": "Attr3",
    "Transaction": 88
  },
  {
    "Index": 8750,
    "ObjectId": "Obj8750",
    "Attribute1": "Attr1",
    "Attribute2": "Attr2",
    "Attribute3": "Attr3",
    "Transaction": 88
  },
  {
    "Index": 8751,
    "ObjectId": "Obj8751",
    "Attribute1": "Attr1",
    "Attribute2": "Attr2",
    "Attribute3": "Attr3",
    "Transaction": 88
  },
  {
    "Index": 8752,
    "ObjectId": "Obj8752",
    "Attribute1": "Attr1",
    "Attribute2": "Attr2",
    "Attribute3": "Attr3",
    "Transaction": 88
  },
  {
    "Index": 8753,
    "ObjectId": "Obj8753",
    "Attribute1": "Attr1",
    "Attribute2": "Attr2",
    "Attribute3": "Attr3",
    "Transaction": 88
  },
  {
    "Index": 8754,
    "ObjectId": "Obj8754",
    "Attribute1": "Attr1",
    "Attribute2": "Attr2",
    "Attribute3": "Attr3",
    "Transaction": 88
  },
  {
    "Index": 8755,
    "ObjectId": "Obj8755",
    "Attribute1": "Attr1",
    "Attribute2": "Attr2",
    "Attribute3": "Attr3",
    "Transaction": 88
  },
  {
    "Index": 8756,
    "ObjectId": "Obj8756",
    "Attribute1": "Attr1",
    "Attribute2": "Attr2",
    "Attribute3": "Attr3",
    "Transaction": 88
  },
  {
    "Index": 8757,
    "ObjectId": "Obj8757",
    "Attribute1": "Attr1",
    "Attribute2": "Attr2",
    "Attribute3": "Attr3",
    "Transaction": 88
  },
  {
    "Index": 8758,
    "ObjectId": "Obj8758",
    "Attribute1": "Attr1",
    "Attribute2": "Attr2",
    "Attribute3": "Attr3",
    "Transaction": 88
  },
  {
    "Index": 8759,
    "ObjectId": "Obj8759",
    "Attribute1": "Attr1",
    "Attribute2": "Attr2",
    "Attribute3": "Attr3",
    "Transaction": 88
  },
  {
    "Index": 8760,
    "ObjectId": "Obj8760",
    "Attribute1": "Attr1",
    "Attribute2": "Attr2",
    "Attribute3": "Attr3",
    "Transaction": 88
  },
  {
    "Index": 8761,
    "ObjectId": "Obj8761",
    "Attribute1": "Attr1",
    "Attribute2": "Attr2",
    "Attribute3": "Attr3",
    "Transaction": 88
  },
  {
    "Index": 8762,
    "ObjectId": "Obj8762",
    "Attribute1": "Attr1",
    "Attribute2": "Attr2",
    "Attribute3": "Attr3",
    "Transaction": 88
  },
  {
    "Index": 8763,
    "ObjectId": "Obj8763",
    "Attribute1": "Attr1",
    "Attribute2": "Attr2",
    "Attribute3": "Attr3",
    "Transaction": 88
  },
  {
    "Index": 8764,
    "ObjectId": "Obj8764",
    "Attribute1": "Attr1",
    "Attribute2": "Attr2",
    "Attribute3": "Attr3",
    "Transaction": 88
  },
  {
    "Index": 8765,
    "ObjectId": "Obj8765",
    "Attribute1": "Attr1",
    "Attribute2": "Attr2",
    "Attribute3": "Attr3",
    "Transaction": 88
  },
  {
    "Index": 8766,
    "ObjectId": "Obj8766",
    "Attribute1": "Attr1",
    "Attribute2": "Attr2",
    "Attribute3": "Attr3",
    "Transaction": 88
  },
  {
    "Index": 8767,
    "ObjectId": "Obj8767",
    "Attribute1": "Attr1",
    "Attribute2": "Attr2",
    "Attribute3": "Attr3",
    "Transaction": 88
  },
  {
    "Index": 8768,
    "ObjectId": "Obj8768",
    "Attribute1": "Attr1",
    "Attribute2": "Attr2",
    "Attribute3": "Attr3",
    "Transaction": 88
  },
  {
    "Index": 8769,
    "ObjectId": "Obj8769",
    "Attribute1": "Attr1",
    "Attribute2": "Attr2",
    "Attribute3": "Attr3",
    "Transaction": 88
  },
  {
    "Index": 8770,
    "ObjectId": "Obj8770",
    "Attribute1": "Attr1",
    "Attribute2": "Attr2",
    "Attribute3": "Attr3",
    "Transaction": 88
  },
  {
    "Index": 8771,
    "ObjectId": "Obj8771",
    "Attribute1": "Attr1",
    "Attribute2": "Attr2",
    "Attribute3": "Attr3",
    "Transaction": 88
  },
  {
    "Index": 8772,
    "ObjectId": "Obj8772",
    "Attribute1": "Attr1",
    "Attribute2": "Attr2",
    "Attribute3": "Attr3",
    "Transaction": 88
  },
  {
    "Index": 8773,
    "ObjectId": "Obj8773",
    "Attribute1": "Attr1",
    "Attribute2": "Attr2",
    "Attribute3": "Attr3",
    "Transaction": 88
  },
  {
    "Index": 8774,
    "ObjectId": "Obj8774",
    "Attribute1": "Attr1",
    "Attribute2": "Attr2",
    "Attribute3": "Attr3",
    "Transaction": 88
  },
  {
    "Index": 8775,
    "ObjectId": "Obj8775",
    "Attribute1": "Attr1",
    "Attribute2": "Attr2",
    "Attribute3": "Attr3",
    "Transaction": 88
  },
  {
    "Index": 8776,
    "ObjectId": "Obj8776",
    "Attribute1": "Attr1",
    "Attribute2": "Attr2",
    "Attribute3": "Attr3",
    "Transaction": 88
  },
  {
    "Index": 8777,
    "ObjectId": "Obj8777",
    "Attribute1": "Attr1",
    "Attribute2": "Attr2",
    "Attribute3": "Attr3",
    "Transaction": 88
  },
  {
    "Index": 8778,
    "ObjectId": "Obj8778",
    "Attribute1": "Attr1",
    "Attribute2": "Attr2",
    "Attribute3": "Attr3",
    "Transaction": 88
  },
  {
    "Index": 8779,
    "ObjectId": "Obj8779",
    "Attribute1": "Attr1",
    "Attribute2": "Attr2",
    "Attribute3": "Attr3",
    "Transaction": 88
  },
  {
    "Index": 8780,
    "ObjectId": "Obj8780",
    "Attribute1": "Attr1",
    "Attribute2": "Attr2",
    "Attribute3": "Attr3",
    "Transaction": 88
  },
  {
    "Index": 8781,
    "ObjectId": "Obj8781",
    "Attribute1": "Attr1",
    "Attribute2": "Attr2",
    "Attribute3": "Attr3",
    "Transaction": 88
  },
  {
    "Index": 8782,
    "ObjectId": "Obj8782",
    "Attribute1": "Attr1",
    "Attribute2": "Attr2",
    "Attribute3": "Attr3",
    "Transaction": 88
  },
  {
    "Index": 8783,
    "ObjectId": "Obj8783",
    "Attribute1": "Attr1",
    "Attribute2": "Attr2",
    "Attribute3": "Attr3",
    "Transaction": 88
  },
  {
    "Index": 8784,
    "ObjectId": "Obj8784",
    "Attribute1": "Attr1",
    "Attribute2": "Attr2",
    "Attribute3": "Attr3",
    "Transaction": 88
  },
  {
    "Index": 8785,
    "ObjectId": "Obj8785",
    "Attribute1": "Attr1",
    "Attribute2": "Attr2",
    "Attribute3": "Attr3",
    "Transaction": 88
  },
  {
    "Index": 8786,
    "ObjectId": "Obj8786",
    "Attribute1": "Attr1",
    "Attribute2": "Attr2",
    "Attribute3": "Attr3",
    "Transaction": 88
  },
  {
    "Index": 8787,
    "ObjectId": "Obj8787",
    "Attribute1": "Attr1",
    "Attribute2": "Attr2",
    "Attribute3": "Attr3",
    "Transaction": 88
  },
  {
    "Index": 8788,
    "ObjectId": "Obj8788",
    "Attribute1": "Attr1",
    "Attribute2": "Attr2",
    "Attribute3": "Attr3",
    "Transaction": 88
  },
  {
    "Index": 8789,
    "ObjectId": "Obj8789",
    "Attribute1": "Attr1",
    "Attribute2": "Attr2",
    "Attribute3": "Attr3",
    "Transaction": 88
  },
  {
    "Index": 8790,
    "ObjectId": "Obj8790",
    "Attribute1": "Attr1",
    "Attribute2": "Attr2",
    "Attribute3": "Attr3",
    "Transaction": 88
  },
  {
    "Index": 8791,
    "ObjectId": "Obj8791",
    "Attribute1": "Attr1",
    "Attribute2": "Attr2",
    "Attribute3": "Attr3",
    "Transaction": 88
  },
  {
    "Index": 8792,
    "ObjectId": "Obj8792",
    "Attribute1": "Attr1",
    "Attribute2": "Attr2",
    "Attribute3": "Attr3",
    "Transaction": 88
  },
  {
    "Index": 8793,
    "ObjectId": "Obj8793",
    "Attribute1": "Attr1",
    "Attribute2": "Attr2",
    "Attribute3": "Attr3",
    "Transaction": 88
  },
  {
    "Index": 8794,
    "ObjectId": "Obj8794",
    "Attribute1": "Attr1",
    "Attribute2": "Attr2",
    "Attribute3": "Attr3",
    "Transaction": 88
  },
  {
    "Index": 8795,
    "ObjectId": "Obj8795",
    "Attribute1": "Attr1",
    "Attribute2": "Attr2",
    "Attribute3": "Attr3",
    "Transaction": 88
  },
  {
    "Index": 8796,
    "ObjectId": "Obj8796",
    "Attribute1": "Attr1",
    "Attribute2": "Attr2",
    "Attribute3": "Attr3",
    "Transaction": 88
  },
  {
    "Index": 8797,
    "ObjectId": "Obj8797",
    "Attribute1": "Attr1",
    "Attribute2": "Attr2",
    "Attribute3": "Attr3",
    "Transaction": 88
  },
  {
    "Index": 8798,
    "ObjectId": "Obj8798",
    "Attribute1": "Attr1",
    "Attribute2": "Attr2",
    "Attribute3": "Attr3",
    "Transaction": 88
  },
  {
    "Index": 8799,
    "ObjectId": "Obj8799",
    "Attribute1": "Attr1",
    "Attribute2": "Attr2",
    "Attribute3": "Attr3",
    "Transaction": 88
  },
  {
    "Index": 8800,
    "ObjectId": "Obj8800",
    "Attribute1": "Attr1",
    "Attribute2": "Attr2",
    "Attribute3": "Attr3",
    "Transaction": 88
  }
]