[
  {
    "Index": 4201,
    "ObjectId": "Obj4201",
    "Attribute1": "Attr1",
    "Attribute2": "Attr2",
    "Attribute3": "Attr3",
    "Transaction": 43
  },
  {
    "Index": 4202,
    "ObjectId": "Obj4202",
    "Attribute1": "Attr1",
    "Attribute2": "Attr2",
    "Attribute3": "Attr3",
    "Transaction": 43
  },
  {
    "Index": 4203,
    "ObjectId": "Obj4203",
    "Attribute1": "Attr1",
    "Attribute2": "Attr2",
    "Attribute3": "Attr3",
    "Transaction": 43
  },
  {
    "Index": 4204,
    "ObjectId": "Obj4204",
    "Attribute1": "Attr1",
    "Attribute2": "Attr2",
    "Attribute3": "Attr3",
    "Transaction": 43
  },
  {
    "Index": 4205,
    "ObjectId": "Obj4205",
    "Attribute1": "Attr1",
    "Attribute2": "Attr2",
    "Attribute3": "Attr3",
    "Transaction": 43
  },
  {
    "Index": 4206,
    "ObjectId": "Obj4206",
    "Attribute1": "Attr1",
    "Attribute2": "Attr2",
    "Attribute3": "Attr3",
    "Transaction": 43
  },
  {
    "Index": 4207,
    "ObjectId": "Obj4207",
    "Attribute1": "Attr1",
    "Attribute2": "Attr2",
    "Attribute3": "Attr3",
    "Transaction": 43
  },
  {
    "Index": 4208,
    "ObjectId": "Obj4208",
    "Attribute1": "Attr1",
    "Attribute2": "Attr2",
    "Attribute3": "Attr3",
    "Transaction": 43
  },
  {
    "Index": 4209,
    "ObjectId": "Obj4209",
    "Attribute1": "Attr1",
    "Attribute2": "Attr2",
    "Attribute3": "Attr3",
    "Transaction": 43
  },
  {
    "Index": 4210,
    "ObjectId": "Obj4210",
    "Attribute1": "Attr1",
    "Attribute2": "Attr2",
    "Attribute3": "Attr3",
    "Transaction": 43
  },
  {
    "Index": 4211,
    "ObjectId": "Obj4211",
    "Attribute1": "Attr1",
    "Attribute2": "Attr2",
    "Attribute3": "Attr3",
    "Transaction": 43
  },
  {
    "Index": 4212,
    "ObjectId": "Obj4212",
    "Attribute1": "Attr1",
    "Attribute2": "Attr2",
    "Attribute3": "Attr3",
    "Transaction": 43
  },
  {
    "Index": 4213,
    "ObjectId": "Obj4213",
    "Attribute1": "Attr1",
    "Attribute2": "Attr2",
    "Attribute3": "Attr3",
    "Transaction": 43
  },
  {
    "Index": 4214,
    "ObjectId": "Obj4214",
    "Attribute1": "Attr1",
    "Attribute2": "Attr2",
    "Attribute3": "Attr3",
    "Transaction": 43
  },
  {
    "Index": 4215,
    "ObjectId": "Obj4215",
    "Attribute1": "Attr1",
    "Attribute2": "Attr2",
    "Attribute3": "Attr3",
    "Transaction": 43
  },
  {
    "Index": 4216,
    "ObjectId": "Obj4216",
    "Attribute1": "Attr1",
    "Attribute2": "Attr2",
    "Attribute3": "Attr3",
    "Transaction": 43
  },
  {
    "Index": 4217,
    "ObjectId": "Obj4217",
    "Attribute1": "Attr1",
    "Attribute2": "Attr2",
    "Attribute3": "Attr3",
    "Transaction": 43
  },
  {
    "Index": 4218,
    "ObjectId": "Obj4218",
    "Attribute1": "Attr1",
    "Attribute2": "Attr2",
    "Attribute3": "Attr3",
    "Transaction": 43
  },
  {
    "Index": 4219,
    "ObjectId": "Obj4219",
    "Attribute1": "Attr1",
    "Attribute2": "Attr2",
    "Attribute3": "Attr3",
    "Transaction": 43
  },
  {
    "Index": 4220,
    "ObjectId": "Obj4220",
    "Attribute1": "Attr1",
    "Attribute2": "Attr2",
    "Attribute3": "Attr3",
    "Transaction": 43
  },
  {
    "Index": 4221,
    "ObjectId": "Obj4221",
    "Attribute1": "Attr1",
    "Attribute2": "Attr2",
    "Attribute3": "Attr3",
    "Transaction": 43
  },
  {
    "Index": 4222,
    "ObjectId": "Obj4222",
    "Attribute1": "Attr1",
    "Attribute2": "Attr2",
    "Attribute3": "Attr3",
    "Transaction": 43
  },
  {
    "Index": 4223,
    "ObjectId": "Obj4223",
    "Attribute1": "Attr1",
    "Attribute2": "Attr2",
    "Attribute3": "Attr3",
    "Transaction": 43
  },
  {
    "Index": 4224,
    "ObjectId": "Obj4224",
    "Attribute1": "Attr1",
    "Attribute2": "Attr2",
    "Attribute3": "Attr3",
    "Transaction": 43
  },
  {
    "Index": 4225,
    "ObjectId": "Obj4225",
    "Attribute1": "Attr1",
    "Attribute2": "Attr2",
    "Attribute3": "Attr3",
    "Transaction": 43
  },
  {
    "Index": 4226,
    "ObjectId": "Obj4226",
    "Attribute1": "Attr1",
    "Attribute2": "Attr2",
    "Attribute3": "Attr3",
    "Transaction": 43
  },
  {
    "Index": 4227,
    "ObjectId": "Obj4227",
    "Attribute1": "Attr1",
    "Attribute2": "Attr2",
    "Attribute3": "Attr3",
    "Transaction": 43
  },
  {
    "Index": 4228,
    "ObjectId": "Obj4228",
    "Attribute1": "Attr1",
    "Attribute2": "Attr2",
    "Attribute3": "Attr3",
    "Transaction": 43
  },
  {
    "Index": 4229,
    "ObjectId": "Obj4229",
    "Attribute1": "Attr1",
    "Attribute2": "Attr2",
    "Attribute3": "Attr3",
    "Transaction": 43
  },
  {
    "Index": 4230,
    "ObjectId": "Obj4230",
    "Attribute1": "Attr1",
    "Attribute2": "Attr2",
    "Attribute3": "Attr3",
    "Transaction": 43
  },
  {
    "Index": 4231,
    "ObjectId": "Obj4231",
    "Attribute1": "Attr1",
    "Attribute2": "Attr2",
    "Attribute3": "Attr3",
    "Transaction": 43
  },
  {
    "Index": 4232,
    "ObjectId": "Obj4232",
    "Attribute1": "Attr1",
    "Attribute2": "Attr2",
    "Attribute3": "Attr3",
    "Transaction": 43
  },
  {
    "Index": 4233,
    "ObjectId": "Obj4233",
    "Attribute1": "Attr1",
    "Attribute2": "Attr2",
    "Attribute3": "Attr3",
    "Transaction": 43
  },
  {
    "Index": 4234,
    "ObjectId": "Obj4234",
    "Attribute1": "Attr1",
    "Attribute2": "Attr2",
    "Attribute3": "Attr3",
    "Transaction": 43
  },
  {
    "Index": 4235,
    "ObjectId": "Obj4235",
    "Attribute1": "Attr1",
    "Attribute2": "Attr2",
    "Attribute3": "Attr3",
    "Transaction": 43
  },
  {
    "Index": 4236,
    "ObjectId": "Obj4236",
    "Attribute1": "Attr1",
    "Attribute2": "Attr2",
    "Attribute3": "Attr3",
    "Transaction": 43
  },
  {
    "Index": 4237,
    "ObjectId": "Obj4237",
    "Attribute1": "Attr1",
    "Attribute2": "Attr2",
    "Attribute3": "Attr3",
    "Transaction": 43
  },
  {
    "Index": 4238,
    "ObjectId": "Obj4238",
    "Attribute1": "Attr1",
    "Attribute2": "Attr2",
    "Attribute3": "Attr3",
    "Transaction": 43
  },
  {
    "Index": 4239,
    "ObjectId": "Obj4239",
    "Attribute1": "Attr1",
    "Attribute2": "Attr2",
    "Attribute3": "Attr3",
    "Transaction": 43
  },
  {
    "Index": 4240,
    "ObjectId": "Obj4240",
    "Attribute1": "Attr1",
    "Attribute2": "Attr2",
    "Attribute3": "Attr3",
    "Transaction": 43
  },
  {
    "Index": 4241,
    "ObjectId": "Obj4241",
    "Attribute1": "Attr1",
    "Attribute2": "Attr2",
    "Attribute3": "Attr3",
    "Transaction": 43
  },
  {
    "Index": 4242,
    "ObjectId": "Obj4242",
    "Attribute1": "Attr1",
    "Attribute2": "Attr2",
    "Attribute3": "Attr3",
    "Transaction": 43
  },
  {
    "Index": 4243,
    "ObjectId": "Obj4243",
    "Attribute1": "Attr1",
    "Attribute2": "Attr2",
    "Attribute3": "Attr3",
    "Transaction": 43
  },
  {
    "Index": 4244,
    "ObjectId": "Obj4244",
    "Attribute1": "Attr1",
    "Attribute2": "Attr2",
    "Attribute3": "Attr3",
    "Transaction": 43
  },
  {
    "Index": 4245,
    "ObjectId": "Obj4245",
    "Attribute1": "Attr1",
    "Attribute2": "Attr2",
    "Attribute3": "Attr3",
    "Transaction": 43
  },
  {
    "Index": 4246,
    "ObjectId": "Obj4246",
    "Attribute1": "Attr1",
    "Attribute2": "Attr2",
    "Attribute3": "Attr3",
    "Transaction": 43
  },
  {
    "Index": 4247,
    "ObjectId": "Obj4247",
    "Attribute1": "Attr1",
    "Attribute2": "Attr2",
    "Attribute3": "Attr3",
    "Transaction": 43
  },
  {
    "Index": 4248,
    "ObjectId": "Obj4248",
    "Attribute1": "Attr1",
    "Attribute2": "Attr2",
    "Attribute3": "Attr3",
    "Transaction": 43
  },
  {
    "Index": 4249,
    "ObjectId": "Obj4249",
    "Attribute1": "Attr1",
    "Attribute2": "Attr2",
    "Attribute3": "Attr3",
    "Transaction": 43
  },
  {
    "Index": 4250,
    "ObjectId": "Obj4250",
    "Attribute1": "Attr1",
    "Attribute2": "Attr2",
    "Attribute3": "Attr3",
    "Transaction": 43
  },
  {
    "Index": 4251,
    "ObjectId": "Obj4251",
    "Attribute1": "Attr1",
    "Attribute2": "Attr2",
    "Attribute3": "Attr3",
    "Transaction": 43
  },
  {
    "Index": 4252,
    "ObjectId": "Obj4252",
    "Attribute1": "Attr1",
    "Attribute2": "Attr2",
    "Attribute3": "Attr3",
    "Transaction": 43
  },
  {
    "Index": 4253,
    "ObjectId": "Obj4253",
    "Attribute1": "Attr1",
    "Attribute2": "Attr2",
    "Attribute3": "Attr3",
    "Transaction": 43
  },
  {
    "Index": 4254,
    "ObjectId": "Obj4254",
    "Attribute1": "Attr1",
    "Attribute2": "Attr2",
    "Attribute3": "Attr3",
    "Transaction": 43
  },
  {
    "Index": 4255,
    "ObjectId": "Obj4255",
    "Attribute1": "Attr1",
    "Attribute2": "Attr2",
    "Attribute3": "Attr3",
    "Transaction": 43
  },
  {
    "Index": 4256,
    "ObjectId": "Obj4256",
    "Attribute1": "Attr1",
    "Attribute2": "Attr2",
    "Attribute3": "Attr3",
    "Transaction": 43
  },
  {
    "Index": 4257,
    "ObjectId": "Obj4257",
    "Attribute1": "Attr1",
    "Attribute2": "Attr2",
    "Attribute3": "Attr3",
    "Transaction": 43
  },
  {
    "Index": 4258,
    "ObjectId": "Obj4258",
    "Attribute1": "Attr1",
    "Attribute2": "Attr2",
    "Attribute3": "Attr3",
    "Transaction": 43
  },
  {
    "Index": 4259,
    "ObjectId": "Obj4259",
    "Attribute1": "Attr1",
    "Attribute2": "Attr2",
    "Attribute3": "Attr3",
    "Transaction": 43
  },
  {
    "Index": 4260,
    "ObjectId": "Obj4260",
    "Attribute1": "Attr1",
    "Attribute2": "Attr2",
    "Attribute3": "Attr3",
    "Transaction": 43
  },
  {
    "Index": 4261,
    "ObjectId": "Obj4261",
    "Attribute1": "Attr1",
    "Attribute2": "Attr2",
    "Attribute3": "Attr3",
    "Transaction": 43
  },
  {
    "Index": 4262,
    "ObjectId": "Obj4262",
    "Attribute1": "Attr1",
    "Attribute2": "Attr2",
    "Attribute3": "Attr3",
    "Transaction": 43
  },
  {
    "Index": 4263,
    "ObjectId": "Obj4263",
    "Attribute1": "Attr1",
    "Attribute2": "Attr2",
    "Attribute3": "Attr3",
    "Transaction": 43
  },
  {
    "Index": 4264,
    "ObjectId": "Obj4264",
    "Attribute1": "Attr1",
    "Attribute2": "Attr2",
    "Attribute3": "Attr3",
    "Transaction": 43
  },
  {
    "Index": 4265,
    "ObjectId": "Obj4265",
    "Attribute1": "Attr1",
    "Attribute2": "Attr2",
    "Attribute3": "Attr3",
    "Transaction": 43
  },
  {
    "Index": 4266,
    "ObjectId": "Obj4266",
    "Attribute1": "Attr1",
    "Attribute2": "Attr2",
    "Attribute3": "Attr3",
    "Transaction": 43
  },
  {
    "Index": 4267,
    "ObjectId": "Obj4267",
    "Attribute1": "Attr1",
    "Attribute2": "Attr2",
    "Attribute3": "Attr3",
    "Transaction": 43
  },
  {
    "Index": 4268,
    "ObjectId": "Obj4268",
    "Attribute1": "Attr1",
    "Attribute2": "Attr2",
    "Attribute3": "Attr3",
    "Transaction": 43
  },
  {
    "Index": 4269,
    "ObjectId": "Obj4269",
    "Attribute1": "Attr1",
    "Attribute2": "Attr2",
    "Attribute3": "Attr3",
    "Transaction": 43
  },
  {
    "Index": 4270,
    "ObjectId": "Obj4270",
    "Attribute1": "Attr1",
    "Attribute2": "Attr2",
    "Attribute3": "Attr3",
    "Transaction": 43
  },
  {
    "Index": 4271,
    "ObjectId": "Obj4271",
    "Attribute1": "Attr1",
    "Attribute2": "Attr2",
    "Attribute3": "Attr3",
    "Transaction": 43
  },
  {
    "Index": 4272,
    "ObjectId": "Obj4272",
    "Attribute1": "Attr1",
    "Attribute2": "Attr2",
    "Attribute3": "Attr3",
    "Transaction": 43
  },
  {
    "Index": 4273,
    "ObjectId": "Obj4273",
    "Attribute1": "Attr1",
    "Attribute2": "Attr2",
    "Attribute3": "Attr3",
    "Transaction": 43
  },
  {
    "Index": 4274,
    "ObjectId": "Obj4274",
    "Attribute1": "Attr1",
    "Attribute2": "Attr2",
    "Attribute3": "Attr3",
    "Transaction": 43
  },
  {
    "Index": 4275,
    "ObjectId": "Obj4275",
    "Attribute1": "Attr1",
    "Attribute2": "Attr2",
    "Attribute3": "Attr3",
    "Transaction": 43
  },
  {
    "Index": 4276,
    "ObjectId": "Obj4276",
    "Attribute1": "Attr1",
    "Attribute2": "Attr2",
    "Attribute3": "Attr3",
    "Transaction": 43
  },
  {
    "Index": 4277,
    "ObjectId": "Obj4277",
    "Attribute1": "Attr1",
    "Attribute2": "Attr2",
    "Attribute3": "Attr3",
    "Transaction": 43
  },
  {
    "Index": 4278,
    "ObjectId": "Obj4278",
    "Attribute1": "Attr1",
    "Attribute2": "Attr2",
    "Attribute3": "Attr3",
    "Transaction": 43
  },
  {
    "Index": 4279,
    "ObjectId": "Obj4279",
    "Attribute1": "Attr1",
    "Attribute2": "Attr2",
    "Attribute3": "Attr3",
    "Transaction": 43
  },
  {
    "Index": 4280,
    "ObjectId": "Obj4280",
    "Attribute1": "Attr1",
    "Attribute2": "Attr2",
    "Attribute3": "Attr3",
    "Transaction": 43
  },
  {
    "Index": 4281,
    "ObjectId": "Obj4281",
    "Attribute1": "Attr1",
    "Attribute2": "Attr2",
    "Attribute3": "Attr3",
    "Transaction": 43
  },
  {
    "Index": 4282,
    "ObjectId": "Obj4282",
    "Attribute1": "Attr1",
    "Attribute2": "Attr2",
    "Attribute3": "Attr3",
    "Transaction": 43
  },
  {
    "Index": 4283,
    "ObjectId": "Obj4283",
    "Attribute1": "Attr1",
    "Attribute2": "Attr2",
    "Attribute3": "Attr3",
    "Transaction": 43
  },
  {
    "Index": 4284,
    "ObjectId": "Obj4284",
    "Attribute1": "Attr1",
    "Attribute2": "Attr2",
    "Attribute3": "Attr3",
    "Transaction": 43
  },
  {
    "Index": 4285,
    "ObjectId": "Obj4285",
    "Attribute1": "Attr1",
    "Attribute2": "Attr2",
    "Attribute3": "Attr3",
    "Transaction": 43
  },
  {
    "Index": 4286,
    "ObjectId": "Obj4286",
    "Attribute1": "Attr1",
    "Attribute2": "Attr2",
    "Attribute3": "Attr3",
    "Transaction": 43
  },
  {
    "Index": 4287,
    "ObjectId": "Obj4287",
    "Attribute1": "Attr1",
    "Attribute2": "Attr2",
    "Attribute3": "Attr3",
    "Transaction": 43
  },
  {
    "Index": 4288,
    "ObjectId": "Obj4288",
    "Attribute1": "Attr1",
    "Attribute2": "Attr2",
    "Attribute3": "Attr3",
    "Transaction": 43
  },
  {
    "Index": 4289,
    "ObjectId": "Obj4289",
    "Attribute1": "Attr1",
    "Attribute2": "Attr2",
    "Attribute3": "Attr3",
    "Transaction": 43
  },
  {
    "Index": 4290,
    "ObjectId": "Obj4290",
    "Attribute1": "Attr1",
    "Attribute2": "Attr2",
    "Attribute3": "Attr3",
    "Transaction": 43
  },
  {
    "Index": 4291,
    "ObjectId": "Obj4291",
    "Attribute1": "Attr1",
    "Attribute2": "Attr2",
    "Attribute3": "Attr3",
    "Transaction": 43
  },
  {
    "Index": 4292,
    "ObjectId": "Obj4292",
    "Attribute1": "Attr1",
    "Attribute2": "Attr2",
    "Attribute3": "Attr3",
    "Transaction": 43
  },
  {
    "Index": 4293,
    "ObjectId": "Obj4293",
    "Attribute1": "Attr1",
    "Attribute2": "Attr2",
    "Attribute3": "Attr3",
    "Transaction": 43
  },
  {
    "Index": 4294,
    "ObjectId": "Obj4294",
    "Attribute1": "Attr1",
    "Attribute2": "Attr2",
    "Attribute3": "Attr3",
    "Transaction": 43
  },
  {
    "Index": 4295,
    "ObjectId": "Obj4295",
    "Attribute1": "Attr1",
    "Attribute2": "Attr2",
    "Attribute3": "Attr3",
    "Transaction": 43
  },
  {
    "Index": 4296,
    "ObjectId": "Obj4296",
    "Attribute1": "Attr1",
    "Attribute2": "Attr2",
    "Attribute3": "Attr3",
    "Transaction": 43
  },
  {
    "Index": 4297,
    "ObjectId": "Obj4297",
    "Attribute1": "Attr1",
    "Attribute2": "Attr2",
    "Attribute3": "Attr3",
    "Transaction": 43
  },
  {
    "Index": 4298,
    "ObjectId": "Obj4298",
    "Attribute1": "Attr1",
    "Attribute2": "Attr2",
    "Attribute3": "Attr3",
    "Transaction": 43
  },
  {
    "Index": 4299,
    "ObjectId": "Obj4299",
    "Attribute1": "Attr1",
    "Attribute2": "Attr2",
    "Attribute3": "Attr3",
    "Transaction": 43
  },
  {
    "Index": 4300,
    "ObjectId": "Obj4300",
    "Attribute1": "Attr1",
    "Attribute2": "Attr2",
    "Attribute3": "Attr3",
    "Transaction": 43
  }
]