[
  {
    "Index": 3201,
    "ObjectId": "Obj3201",
    "Attribute1": "Attr1",
    "Attribute2": "Attr2",
    "Attribute3": "Attr3",
    "Transaction": 33
  },
  {
    "Index": 3202,
    "ObjectId": "Obj3202",
    "Attribute1": "Attr1",
    "Attribute2": "Attr2",
    "Attribute3": "Attr3",
    "Transaction": 33
  },
  {
    "Index": 3203,
    "ObjectId": "Obj3203",
    "Attribute1": "Attr1",
    "Attribute2": "Attr2",
    "Attribute3": "Attr3",
    "Transaction": 33
  },
  {
    "Index": 3204,
    "ObjectId": "Obj3204",
    "Attribute1": "Attr1",
    "Attribute2": "Attr2",
    "Attribute3": "Attr3",
    "Transaction": 33
  },
  {
    "Index": 3205,
    "ObjectId": "Obj3205",
    "Attribute1": "Attr1",
    "Attribute2": "Attr2",
    "Attribute3": "Attr3",
    "Transaction": 33
  },
  {
    "Index": 3206,
    "ObjectId": "Obj3206",
    "Attribute1": "Attr1",
    "Attribute2": "Attr2",
    "Attribute3": "Attr3",
    "Transaction": 33
  },
  {
    "Index": 3207,
    "ObjectId": "Obj3207",
    "Attribute1": "Attr1",
    "Attribute2": "Attr2",
    "Attribute3": "Attr3",
    "Transaction": 33
  },
  {
    "Index": 3208,
    "ObjectId": "Obj3208",
    "Attribute1": "Attr1",
    "Attribute2": "Attr2",
    "Attribute3": "Attr3",
    "Transaction": 33
  },
  {
    "Index": 3209,
    "ObjectId": "Obj3209",
    "Attribute1": "Attr1",
    "Attribute2": "Attr2",
    "Attribute3": "Attr3",
    "Transaction": 33
  },
  {
    "Index": 3210,
    "ObjectId": "Obj3210",
    "Attribute1": "Attr1",
    "Attribute2": "Attr2",
    "Attribute3": "Attr3",
    "Transaction": 33
  },
  {
    "Index": 3211,
    "ObjectId": "Obj3211",
    "Attribute1": "Attr1",
    "Attribute2": "Attr2",
    "Attribute3": "Attr3",
    "Transaction": 33
  },
  {
    "Index": 3212,
    "ObjectId": "Obj3212",
    "Attribute1": "Attr1",
    "Attribute2": "Attr2",
    "Attribute3": "Attr3",
    "Transaction": 33
  },
  {
    "Index": 3213,
    "ObjectId": "Obj3213",
    "Attribute1": "Attr1",
    "Attribute2": "Attr2",
    "Attribute3": "Attr3",
    "Transaction": 33
  },
  {
    "Index": 3214,
    "ObjectId": "Obj3214",
    "Attribute1": "Attr1",
    "Attribute2": "Attr2",
    "Attribute3": "Attr3",
    "Transaction": 33
  },
  {
    "Index": 3215,
    "ObjectId": "Obj3215",
    "Attribute1": "Attr1",
    "Attribute2": "Attr2",
    "Attribute3": "Attr3",
    "Transaction": 33
  },
  {
    "Index": 3216,
    "ObjectId": "Obj3216",
    "Attribute1": "Attr1",
    "Attribute2": "Attr2",
    "Attribute3": "Attr3",
    "Transaction": 33
  },
  {
    "Index": 3217,
    "ObjectId": "Obj3217",
    "Attribute1": "Attr1",
    "Attribute2": "Attr2",
    "Attribute3": "Attr3",
    "Transaction": 33
  },
  {
    "Index": 3218,
    "ObjectId": "Obj3218",
    "Attribute1": "Attr1",
    "Attribute2": "Attr2",
    "Attribute3": "Attr3",
    "Transaction": 33
  },
  {
    "Index": 3219,
    "ObjectId": "Obj3219",
    "Attribute1": "Attr1",
    "Attribute2": "Attr2",
    "Attribute3": "Attr3",
    "Transaction": 33
  },
  {
    "Index": 3220,
    "ObjectId": "Obj3220",
    "Attribute1": "Attr1",
    "Attribute2": "Attr2",
    "Attribute3": "Attr3",
    "Transaction": 33
  },
  {
    "Index": 3221,
    "ObjectId": "Obj3221",
    "Attribute1": "Attr1",
    "Attribute2": "Attr2",
    "Attribute3": "Attr3",
    "Transaction": 33
  },
  {
    "Index": 3222,
    "ObjectId": "Obj3222",
    "Attribute1": "Attr1",
    "Attribute2": "Attr2",
    "Attribute3": "Attr3",
    "Transaction": 33
  },
  {
    "Index": 3223,
    "ObjectId": "Obj3223",
    "Attribute1": "Attr1",
    "Attribute2": "Attr2",
    "Attribute3": "Attr3",
    "Transaction": 33
  },
  {
    "Index": 3224,
    "ObjectId": "Obj3224",
    "Attribute1": "Attr1",
    "Attribute2": "Attr2",
    "Attribute3": "Attr3",
    "Transaction": 33
  },
  {
    "Index": 3225,
    "ObjectId": "Obj3225",
    "Attribute1": "Attr1",
    "Attribute2": "Attr2",
    "Attribute3": "Attr3",
    "Transaction": 33
  },
  {
    "Index": 3226,
    "ObjectId": "Obj3226",
    "Attribute1": "Attr1",
    "Attribute2": "Attr2",
    "Attribute3": "Attr3",
    "Transaction": 33
  },
  {
    "Index": 3227,
    "ObjectId": "Obj3227",
    "Attribute1": "Attr1",
    "Attribute2": "Attr2",
    "Attribute3": "Attr3",
    "Transaction": 33
  },
  {
    "Index": 3228,
    "ObjectId": "Obj3228",
    "Attribute1": "Attr1",
    "Attribute2": "Attr2",
    "Attribute3": "Attr3",
    "Transaction": 33
  },
  {
    "Index": 3229,
    "ObjectId": "Obj3229",
    "Attribute1": "Attr1",
    "Attribute2": "Attr2",
    "Attribute3": "Attr3",
    "Transaction": 33
  },
  {
    "Index": 3230,
    "ObjectId": "Obj3230",
    "Attribute1": "Attr1",
    "Attribute2": "Attr2",
    "Attribute3": "Attr3",
    "Transaction": 33
  },
  {
    "Index": 3231,
    "ObjectId": "Obj3231",
    "Attribute1": "Attr1",
    "Attribute2": "Attr2",
    "Attribute3": "Attr3",
    "Transaction": 33
  },
  {
    "Index": 3232,
    "ObjectId": "Obj3232",
    "Attribute1": "Attr1",
    "Attribute2": "Attr2",
    "Attribute3": "Attr3",
    "Transaction": 33
  },
  {
    "Index": 3233,
    "ObjectId": "Obj3233",
    "Attribute1": "Attr1",
    "Attribute2": "Attr2",
    "Attribute3": "Attr3",
    "Transaction": 33
  },
  {
    "Index": 3234,
    "ObjectId": "Obj3234",
    "Attribute1": "Attr1",
    "Attribute2": "Attr2",
    "Attribute3": "Attr3",
    "Transaction": 33
  },
  {
    "Index": 3235,
    "ObjectId": "Obj3235",
    "Attribute1": "Attr1",
    "Attribute2": "Attr2",
    "Attribute3": "Attr3",
    "Transaction": 33
  },
  {
    "Index": 3236,
    "ObjectId": "Obj3236",
    "Attribute1": "Attr1",
    "Attribute2": "Attr2",
    "Attribute3": "Attr3",
    "Transaction": 33
  },
  {
    "Index": 3237,
    "ObjectId": "Obj3237",
    "Attribute1": "Attr1",
    "Attribute2": "Attr2",
    "Attribute3": "Attr3",
    "Transaction": 33
  },
  {
    "Index": 3238,
    "ObjectId": "Obj3238",
    "Attribute1": "Attr1",
    "Attribute2": "Attr2",
    "Attribute3": "Attr3",
    "Transaction": 33
  },
  {
    "Index": 3239,
    "ObjectId": "Obj3239",
    "Attribute1": "Attr1",
    "Attribute2": "Attr2",
    "Attribute3": "Attr3",
    "Transaction": 33
  },
  {
    "Index": 3240,
    "ObjectId": "Obj3240",
    "Attribute1": "Attr1",
    "Attribute2": "Attr2",
    "Attribute3": "Attr3",
    "Transaction": 33
  },
  {
    "Index": 3241,
    "ObjectId": "Obj3241",
    "Attribute1": "Attr1",
    "Attribute2": "Attr2",
    "Attribute3": "Attr3",
    "Transaction": 33
  },
  {
    "Index": 3242,
    "ObjectId": "Obj3242",
    "Attribute1": "Attr1",
    "Attribute2": "Attr2",
    "Attribute3": "Attr3",
    "Transaction": 33
  },
  {
    "Index": 3243,
    "ObjectId": "Obj3243",
    "Attribute1": "Attr1",
    "Attribute2": "Attr2",
    "Attribute3": "Attr3",
    "Transaction": 33
  },
  {
    "Index": 3244,
    "ObjectId": "Obj3244",
    "Attribute1": "Attr1",
    "Attribute2": "Attr2",
    "Attribute3": "Attr3",
    "Transaction": 33
  },
  {
    "Index": 3245,
    "ObjectId": "Obj3245",
    "Attribute1": "Attr1",
    "Attribute2": "Attr2",
    "Attribute3": "Attr3",
    "Transaction": 33
  },
  {
    "Index": 3246,
    "ObjectId": "Obj3246",
    "Attribute1": "Attr1",
    "Attribute2": "Attr2",
    "Attribute3": "Attr3",
    "Transaction": 33
  },
  {
    "Index": 3247,
    "ObjectId": "Obj3247",
    "Attribute1": "Attr1",
    "Attribute2": "Attr2",
    "Attribute3": "Attr3",
    "Transaction": 33
  },
  {
    "Index": 3248,
    "ObjectId": "Obj3248",
    "Attribute1": "Attr1",
    "Attribute2": "Attr2",
    "Attribute3": "Attr3",
    "Transaction": 33
  },
  {
    "Index": 3249,
    "ObjectId": "Obj3249",
    "Attribute1": "Attr1",
    "Attribute2": "Attr2",
    "Attribute3": "Attr3",
    "Transaction": 33
  },
  {
    "Index": 3250,
    "ObjectId": "Obj3250",
    "Attribute1": "Attr1",
    "Attribute2": "Attr2",
    "Attribute3": "Attr3",
    "Transaction": 33
  },
  {
    "Index": 3251,
    "ObjectId": "Obj3251",
    "Attribute1": "Attr1",
    "Attribute2": "Attr2",
    "Attribute3": "Attr3",
    "Transaction": 33
  },
  {
    "Index": 3252,
    "ObjectId": "Obj3252",
    "Attribute1": "Attr1",
    "Attribute2": "Attr2",
    "Attribute3": "Attr3",
    "Transaction": 33
  },
  {
    "Index": 3253,
    "ObjectId": "Obj3253",
    "Attribute1": "Attr1",
    "Attribute2": "Attr2",
    "Attribute3": "Attr3",
    "Transaction": 33
  },
  {
    "Index": 3254,
    "ObjectId": "Obj3254",
    "Attribute1": "Attr1",
    "Attribute2": "Attr2",
    "Attribute3": "Attr3",
    "Transaction": 33
  },
  {
    "Index": 3255,
    "ObjectId": "Obj3255",
    "Attribute1": "Attr1",
    "Attribute2": "Attr2",
    "Attribute3": "Attr3",
    "Transaction": 33
  },
  {
    "Index": 3256,
    "ObjectId": "Obj3256",
    "Attribute1": "Attr1",
    "Attribute2": "Attr2",
    "Attribute3": "Attr3",
    "Transaction": 33
  },
  {
    "Index": 3257,
    "ObjectId": "Obj3257",
    "Attribute1": "Attr1",
    "Attribute2": "Attr2",
    "Attribute3": "Attr3",
    "Transaction": 33
  },
  {
    "Index": 3258,
    "ObjectId": "Obj3258",
    "Attribute1": "Attr1",
    "Attribute2": "Attr2",
    "Attribute3": "Attr3",
    "Transaction": 33
  },
  {
    "Index": 3259,
    "ObjectId": "Obj3259",
    "Attribute1": "Attr1",
    "Attribute2": "Attr2",
    "Attribute3": "Attr3",
    "Transaction": 33
  },
  {
    "Index": 3260,
    "ObjectId": "Obj3260",
    "Attribute1": "Attr1",
    "Attribute2": "Attr2",
    "Attribute3": "Attr3",
    "Transaction": 33
  },
  {
    "Index": 3261,
    "ObjectId": "Obj3261",
    "Attribute1": "Attr1",
    "Attribute2": "Attr2",
    "Attribute3": "Attr3",
    "Transaction": 33
  },
  {
    "Index": 3262,
    "ObjectId": "Obj3262",
    "Attribute1": "Attr1",
    "Attribute2": "Attr2",
    "Attribute3": "Attr3",
    "Transaction": 33
  },
  {
    "Index": 3263,
    "ObjectId": "Obj3263",
    "Attribute1": "Attr1",
    "Attribute2": "Attr2",
    "Attribute3": "Attr3",
    "Transaction": 33
  },
  {
    "Index": 3264,
    "ObjectId": "Obj3264",
    "Attribute1": "Attr1",
    "Attribute2": "Attr2",
    "Attribute3": "Attr3",
    "Transaction": 33
  },
  {
    "Index": 3265,
    "ObjectId": "Obj3265",
    "Attribute1": "Attr1",
    "Attribute2": "Attr2",
    "Attribute3": "Attr3",
    "Transaction": 33
  },
  {
    "Index": 3266,
    "ObjectId": "Obj3266",
    "Attribute1": "Attr1",
    "Attribute2": "Attr2",
    "Attribute3": "Attr3",
    "Transaction": 33
  },
  {
    "Index": 3267,
    "ObjectId": "Obj3267",
    "Attribute1": "Attr1",
    "Attribute2": "Attr2",
    "Attribute3": "Attr3",
    "Transaction": 33
  },
  {
    "Index": 3268,
    "ObjectId": "Obj3268",
    "Attribute1": "Attr1",
    "Attribute2": "Attr2",
    "Attribute3": "Attr3",
    "Transaction": 33
  },
  {
    "Index": 3269,
    "ObjectId": "Obj3269",
    "Attribute1": "Attr1",
    "Attribute2": "Attr2",
    "Attribute3": "Attr3",
    "Transaction": 33
  },
  {
    "Index": 3270,
    "ObjectId": "Obj3270",
    "Attribute1": "Attr1",
    "Attribute2": "Attr2",
    "Attribute3": "Attr3",
    "Transaction": 33
  },
  {
    "Index": 3271,
    "ObjectId": "Obj3271",
    "Attribute1": "Attr1",
    "Attribute2": "Attr2",
    "Attribute3": "Attr3",
    "Transaction": 33
  },
  {
    "Index": 3272,
    "ObjectId": "Obj3272",
    "Attribute1": "Attr1",
    "Attribute2": "Attr2",
    "Attribute3": "Attr3",
    "Transaction": 33
  },
  {
    "Index": 3273,
    "ObjectId": "Obj3273",
    "Attribute1": "Attr1",
    "Attribute2": "Attr2",
    "Attribute3": "Attr3",
    "Transaction": 33
  },
  {
    "Index": 3274,
    "ObjectId": "Obj3274",
    "Attribute1": "Attr1",
    "Attribute2": "Attr2",
    "Attribute3": "Attr3",
    "Transaction": 33
  },
  {
    "Index": 3275,
    "ObjectId": "Obj3275",
    "Attribute1": "Attr1",
    "Attribute2": "Attr2",
    "Attribute3": "Attr3",
    "Transaction": 33
  },
  {
    "Index": 3276,
    "ObjectId": "Obj3276",
    "Attribute1": "Attr1",
    "Attribute2": "Attr2",
    "Attribute3": "Attr3",
    "Transaction": 33
  },
  {
    "Index": 3277,
    "ObjectId": "Obj3277",
    "Attribute1": "Attr1",
    "Attribute2": "Attr2",
    "Attribute3": "Attr3",
    "Transaction": 33
  },
  {
    "Index": 3278,
    "ObjectId": "Obj3278",
    "Attribute1": "Attr1",
    "Attribute2": "Attr2",
    "Attribute3": "Attr3",
    "Transaction": 33
  },
  {
    "Index": 3279,
    "ObjectId": "Obj3279",
    "Attribute1": "Attr1",
    "Attribute2": "Attr2",
    "Attribute3": "Attr3",
    "Transaction": 33
  },
  {
    "Index": 3280,
    "ObjectId": "Obj3280",
    "Attribute1": "Attr1",
    "Attribute2": "Attr2",
    "Attribute3": "Attr3",
    "Transaction": 33
  },
  {
    "Index": 3281,
    "ObjectId": "Obj3281",
    "Attribute1": "Attr1",
    "Attribute2": "Attr2",
    "Attribute3": "Attr3",
    "Transaction": 33
  },
  {
    "Index": 3282,
    "ObjectId": "Obj3282",
    "Attribute1": "Attr1",
    "Attribute2": "Attr2",
    "Attribute3": "Attr3",
    "Transaction": 33
  },
  {
    "Index": 3283,
    "ObjectId": "Obj3283",
    "Attribute1": "Attr1",
    "Attribute2": "Attr2",
    "Attribute3": "Attr3",
    "Transaction": 33
  },
  {
    "Index": 3284,
    "ObjectId": "Obj3284",
    "Attribute1": "Attr1",
    "Attribute2": "Attr2",
    "Attribute3": "Attr3",
    "Transaction": 33
  },
  {
    "Index": 3285,
    "ObjectId": "Obj3285",
    "Attribute1": "Attr1",
    "Attribute2": "Attr2",
    "Attribute3": "Attr3",
    "Transaction": 33
  },
  {
    "Index": 3286,
    "ObjectId": "Obj3286",
    "Attribute1": "Attr1",
    "Attribute2": "Attr2",
    "Attribute3": "Attr3",
    "Transaction": 33
  },
  {
    "Index": 3287,
    "ObjectId": "Obj3287",
    "Attribute1": "Attr1",
    "Attribute2": "Attr2",
    "Attribute3": "Attr3",
    "Transaction": 33
  },
  {
    "Index": 3288,
    "ObjectId": "Obj3288",
    "Attribute1": "Attr1",
    "Attribute2": "Attr2",
    "Attribute3": "Attr3",
    "Transaction": 33
  },
  {
    "Index": 3289,
    "ObjectId": "Obj3289",
    "Attribute1": "Attr1",
    "Attribute2": "Attr2",
    "Attribute3": "Attr3",
    "Transaction": 33
  },
  {
    "Index": 3290,
    "ObjectId": "Obj3290",
    "Attribute1": "Attr1",
    "Attribute2": "Attr2",
    "Attribute3": "Attr3",
    "Transaction": 33
  },
  {
    "Index": 3291,
    "ObjectId": "Obj3291",
    "Attribute1": "Attr1",
    "Attribute2": "Attr2",
    "Attribute3": "Attr3",
    "Transaction": 33
  },
  {
    "Index": 3292,
    "ObjectId": "Obj3292",
    "Attribute1": "Attr1",
    "Attribute2": "Attr2",
    "Attribute3": "Attr3",
    "Transaction": 33
  },
  {
    "Index": 3293,
    "ObjectId": "Obj3293",
    "Attribute1": "Attr1",
    "Attribute2": "Attr2",
    "Attribute3": "Attr3",
    "Transaction": 33
  },
  {
    "Index": 3294,
    "ObjectId": "Obj3294",
    "Attribute1": "Attr1",
    "Attribute2": "Attr2",
    "Attribute3": "Attr3",
    "Transaction": 33
  },
  {
    "Index": 3295,
    "ObjectId": "Obj3295",
    "Attribute1": "Attr1",
    "Attribute2": "Attr2",
    "Attribute3": "Attr3",
    "Transaction": 33
  },
  {
    "Index": 3296,
    "ObjectId": "Obj3296",
    "Attribute1": "Attr1",
    "Attribute2": "Attr2",
    "Attribute3": "Attr3",
    "Transaction": 33
  },
  {
    "Index": 3297,
    "ObjectId": "Obj3297",
    "Attribute1": "Attr1",
    "Attribute2": "Attr2",
    "Attribute3": "Attr3",
    "Transaction": 33
  },
  {
    "Index": 3298,
    "ObjectId": "Obj3298",
    "Attribute1": "Attr1",
    "Attribute2": "Attr2",
    "Attribute3": "Attr3",
    "Transaction": 33
  },
  {
    "Index": 3299,
    "ObjectId": "Obj3299",
    "Attribute1": "Attr1",
    "Attribute2": "Attr2",
    "Attribute3": "Attr3",
    "Transaction": 33
  },
  {
    "Index": 3300,
    "ObjectId": "Obj3300",
    "Attribute1": "Attr1",
    "Attribute2": "Attr2",
    "Attribute3": "Attr3",
    "Transaction": 33
  }
]