[
  {
    "Index": 8501,
    "ObjectId": "Obj8501",
    "Attribute1": "Attr1",
    "Attribute2": "Attr2",
    "Attribute3": "Attr3",
    "Transaction": 86
  },
  {
    "Index": 8502,
    "ObjectId": "Obj8502",
    "Attribute1": "Attr1",
    "Attribute2": "Attr2",
    "Attribute3": "Attr3",
    "Transaction": 86
  },
  {
    "Index": 8503,
    "ObjectId": "Obj8503",
    "Attribute1": "Attr1",
    "Attribute2": "Attr2",
    "Attribute3": "Attr3",
    "Transaction": 86
  },
  {
    "Index": 8504,
    "ObjectId": "Obj8504",
    "Attribute1": "Attr1",
    "Attribute2": "Attr2",
    "Attribute3": "Attr3",
    "Transaction": 86
  },
  {
    "Index": 8505,
    "ObjectId": "Obj8505",
    "Attribute1": "Attr1",
    "Attribute2": "Attr2",
    "Attribute3": "Attr3",
    "Transaction": 86
  },
  {
    "Index": 8506,
    "ObjectId": "Obj8506",
    "Attribute1": "Attr1",
    "Attribute2": "Attr2",
    "Attribute3": "Attr3",
    "Transaction": 86
  },
  {
    "Index": 8507,
    "ObjectId": "Obj8507",
    "Attribute1": "Attr1",
    "Attribute2": "Attr2",
    "Attribute3": "Attr3",
    "Transaction": 86
  },
  {
    "Index": 8508,
    "ObjectId": "Obj8508",
    "Attribute1": "Attr1",
    "Attribute2": "Attr2",
    "Attribute3": "Attr3",
    "Transaction": 86
  },
  {
    "Index": 8509,
    "ObjectId": "Obj8509",
    "Attribute1": "Attr1",
    "Attribute2": "Attr2",
    "Attribute3": "Attr3",
    "Transaction": 86
  },
  {
    "Index": 8510,
    "ObjectId": "Obj8510",
    "Attribute1": "Attr1",
    "Attribute2": "Attr2",
    "Attribute3": "Attr3",
    "Transaction": 86
  },
  {
    "Index": 8511,
    "ObjectId": "Obj8511",
    "Attribute1": "Attr1",
    "Attribute2": "Attr2",
    "Attribute3": "Attr3",
    "Transaction": 86
  },
  {
    "Index": 8512,
    "ObjectId": "Obj8512",
    "Attribute1": "Attr1",
    "Attribute2": "Attr2",
    "Attribute3": "Attr3",
    "Transaction": 86
  },
  {
    "Index": 8513,
    "ObjectId": "Obj8513",
    "Attribute1": "Attr1",
    "Attribute2": "Attr2",
    "Attribute3": "Attr3",
    "Transaction": 86
  },
  {
    "Index": 8514,
    "ObjectId": "Obj8514",
    "Attribute1": "Attr1",
    "Attribute2": "Attr2",
    "Attribute3": "Attr3",
    "Transaction": 86
  },
  {
    "Index": 8515,
    "ObjectId": "Obj8515",
    "Attribute1": "Attr1",
    "Attribute2": "Attr2",
    "Attribute3": "Attr3",
    "Transaction": 86
  },
  {
    "Index": 8516,
    "ObjectId": "Obj8516",
    "Attribute1": "Attr1",
    "Attribute2": "Attr2",
    "Attribute3": "Attr3",
    "Transaction": 86
  },
  {
    "Index": 8517,
    "ObjectId": "Obj8517",
    "Attribute1": "Attr1",
    "Attribute2": "Attr2",
    "Attribute3": "Attr3",
    "Transaction": 86
  },
  {
    "Index": 8518,
    "ObjectId": "Obj8518",
    "Attribute1": "Attr1",
    "Attribute2": "Attr2",
    "Attribute3": "Attr3",
    "Transaction": 86
  },
  {
    "Index": 8519,
    "ObjectId": "Obj8519",
    "Attribute1": "Attr1",
    "Attribute2": "Attr2",
    "Attribute3": "Attr3",
    "Transaction": 86
  },
  {
    "Index": 8520,
    "ObjectId": "Obj8520",
    "Attribute1": "Attr1",
    "Attribute2": "Attr2",
    "Attribute3": "Attr3",
    "Transaction": 86
  },
  {
    "Index": 8521,
    "ObjectId": "Obj8521",
    "Attribute1": "Attr1",
    "Attribute2": "Attr2",
    "Attribute3": "Attr3",
    "Transaction": 86
  },
  {
    "Index": 8522,
    "ObjectId": "Obj8522",
    "Attribute1": "Attr1",
    "Attribute2": "Attr2",
    "Attribute3": "Attr3",
    "Transaction": 86
  },
  {
    "Index": 8523,
    "ObjectId": "Obj8523",
    "Attribute1": "Attr1",
    "Attribute2": "Attr2",
    "Attribute3": "Attr3",
    "Transaction": 86
  },
  {
    "Index": 8524,
    "ObjectId": "Obj8524",
    "Attribute1": "Attr1",
    "Attribute2": "Attr2",
    "Attribute3": "Attr3",
    "Transaction": 86
  },
  {
    "Index": 8525,
    "ObjectId": "Obj8525",
    "Attribute1": "Attr1",
    "Attribute2": "Attr2",
    "Attribute3": "Attr3",
    "Transaction": 86
  },
  {
    "Index": 8526,
    "ObjectId": "Obj8526",
    "Attribute1": "Attr1",
    "Attribute2": "Attr2",
    "Attribute3": "Attr3",
    "Transaction": 86
  },
  {
    "Index": 8527,
    "ObjectId": "Obj8527",
    "Attribute1": "Attr1",
    "Attribute2": "Attr2",
    "Attribute3": "Attr3",
    "Transaction": 86
  },
  {
    "Index": 8528,
    "ObjectId": "Obj8528",
    "Attribute1": "Attr1",
    "Attribute2": "Attr2",
    "Attribute3": "Attr3",
    "Transaction": 86
  },
  {
    "Index": 8529,
    "ObjectId": "Obj8529",
    "Attribute1": "Attr1",
    "Attribute2": "Attr2",
    "Attribute3": "Attr3",
    "Transaction": 86
  },
  {
    "Index": 8530,
    "ObjectId": "Obj8530",
    "Attribute1": "Attr1",
    "Attribute2": "Attr2",
    "Attribute3": "Attr3",
    "Transaction": 86
  },
  {
    "Index": 8531,
    "ObjectId": "Obj8531",
    "Attribute1": "Attr1",
    "Attribute2": "Attr2",
    "Attribute3": "Attr3",
    "Transaction": 86
  },
  {
    "Index": 8532,
    "ObjectId": "Obj8532",
    "Attribute1": "Attr1",
    "Attribute2": "Attr2",
    "Attribute3": "Attr3",
    "Transaction": 86
  },
  {
    "Index": 8533,
    "ObjectId": "Obj8533",
    "Attribute1": "Attr1",
    "Attribute2": "Attr2",
    "Attribute3": "Attr3",
    "Transaction": 86
  },
  {
    "Index": 8534,
    "ObjectId": "Obj8534",
    "Attribute1": "Attr1",
    "Attribute2": "Attr2",
    "Attribute3": "Attr3",
    "Transaction": 86
  },
  {
    "Index": 8535,
    "ObjectId": "Obj8535",
    "Attribute1": "Attr1",
    "Attribute2": "Attr2",
    "Attribute3": "Attr3",
    "Transaction": 86
  },
  {
    "Index": 8536,
    "ObjectId": "Obj8536",
    "Attribute1": "Attr1",
    "Attribute2": "Attr2",
    "Attribute3": "Attr3",
    "Transaction": 86
  },
  {
    "Index": 8537,
    "ObjectId": "Obj8537",
    "Attribute1": "Attr1",
    "Attribute2": "Attr2",
    "Attribute3": "Attr3",
    "Transaction": 86
  },
  {
    "Index": 8538,
    "ObjectId": "Obj8538",
    "Attribute1": "Attr1",
    "Attribute2": "Attr2",
    "Attribute3": "Attr3",
    "Transaction": 86
  },
  {
    "Index": 8539,
    "ObjectId": "Obj8539",
    "Attribute1": "Attr1",
    "Attribute2": "Attr2",
    "Attribute3": "Attr3",
    "Transaction": 86
  },
  {
    "Index": 8540,
    "ObjectId": "Obj8540",
    "Attribute1": "Attr1",
    "Attribute2": "Attr2",
    "Attribute3": "Attr3",
    "Transaction": 86
  },
  {
    "Index": 8541,
    "ObjectId": "Obj8541",
    "Attribute1": "Attr1",
    "Attribute2": "Attr2",
    "Attribute3": "Attr3",
    "Transaction": 86
  },
  {
    "Index": 8542,
    "ObjectId": "Obj8542",
    "Attribute1": "Attr1",
    "Attribute2": "Attr2",
    "Attribute3": "Attr3",
    "Transaction": 86
  },
  {
    "Index": 8543,
    "ObjectId": "Obj8543",
    "Attribute1": "Attr1",
    "Attribute2": "Attr2",
    "Attribute3": "Attr3",
    "Transaction": 86
  },
  {
    "Index": 8544,
    "ObjectId": "Obj8544",
    "Attribute1": "Attr1",
    "Attribute2": "Attr2",
    "Attribute3": "Attr3",
    "Transaction": 86
  },
  {
    "Index": 8545,
    "ObjectId": "Obj8545",
    "Attribute1": "Attr1",
    "Attribute2": "Attr2",
    "Attribute3": "Attr3",
    "Transaction": 86
  },
  {
    "Index": 8546,
    "ObjectId": "Obj8546",
    "Attribute1": "Attr1",
    "Attribute2": "Attr2",
    "Attribute3": "Attr3",
    "Transaction": 86
  },
  {
    "Index": 8547,
    "ObjectId": "Obj8547",
    "Attribute1": "Attr1",
    "Attribute2": "Attr2",
    "Attribute3": "Attr3",
    "Transaction": 86
  },
  {
    "Index": 8548,
    "ObjectId": "Obj8548",
    "Attribute1": "Attr1",
    "Attribute2": "Attr2",
    "Attribute3": "Attr3",
    "Transaction": 86
  },
  {
    "Index": 8549,
    "ObjectId": "Obj8549",
    "Attribute1": "Attr1",
    "Attribute2": "Attr2",
    "Attribute3": "Attr3",
    "Transaction": 86
  },
  {
    "Index": 8550,
    "ObjectId": "Obj8550",
    "Attribute1": "Attr1",
    "Attribute2": "Attr2",
    "Attribute3": "Attr3",
    "Transaction": 86
  },
  {
    "Index": 8551,
    "ObjectId": "Obj8551",
    "Attribute1": "Attr1",
    "Attribute2": "Attr2",
    "Attribute3": "Attr3",
    "Transaction": 86
  },
  {
    "Index": 8552,
    "ObjectId": "Obj8552",
    "Attribute1": "Attr1",
    "Attribute2": "Attr2",
    "Attribute3": "Attr3",
    "Transaction": 86
  },
  {
    "Index": 8553,
    "ObjectId": "Obj8553",
    "Attribute1": "Attr1",
    "Attribute2": "Attr2",
    "Attribute3": "Attr3",
    "Transaction": 86
  },
  {
    "Index": 8554,
    "ObjectId": "Obj8554",
    "Attribute1": "Attr1",
    "Attribute2": "Attr2",
    "Attribute3": "Attr3",
    "Transaction": 86
  },
  {
    "Index": 8555,
    "ObjectId": "Obj8555",
    "Attribute1": "Attr1",
    "Attribute2": "Attr2",
    "Attribute3": "Attr3",
    "Transaction": 86
  },
  {
    "Index": 8556,
    "ObjectId": "Obj8556",
    "Attribute1": "Attr1",
    "Attribute2": "Attr2",
    "Attribute3": "Attr3",
    "Transaction": 86
  },
  {
    "Index": 8557,
    "ObjectId": "Obj8557",
    "Attribute1": "Attr1",
    "Attribute2": "Attr2",
    "Attribute3": "Attr3",
    "Transaction": 86
  },
  {
    "Index": 8558,
    "ObjectId": "Obj8558",
    "Attribute1": "Attr1",
    "Attribute2": "Attr2",
    "Attribute3": "Attr3",
    "Transaction": 86
  },
  {
    "Index": 8559,
    "ObjectId": "Obj8559",
    "Attribute1": "Attr1",
    "Attribute2": "Attr2",
    "Attribute3": "Attr3",
    "Transaction": 86
  },
  {
    "Index": 8560,
    "ObjectId": "Obj8560",
    "Attribute1": "Attr1",
    "Attribute2": "Attr2",
    "Attribute3": "Attr3",
    "Transaction": 86
  },
  {
    "Index": 8561,
    "ObjectId": "Obj8561",
    "Attribute1": "Attr1",
    "Attribute2": "Attr2",
    "Attribute3": "Attr3",
    "Transaction": 86
  },
  {
    "Index": 8562,
    "ObjectId": "Obj8562",
    "Attribute1": "Attr1",
    "Attribute2": "Attr2",
    "Attribute3": "Attr3",
    "Transaction": 86
  },
  {
    "Index": 8563,
    "ObjectId": "Obj8563",
    "Attribute1": "Attr1",
    "Attribute2": "Attr2",
    "Attribute3": "Attr3",
    "Transaction": 86
  },
  {
    "Index": 8564,
    "ObjectId": "Obj8564",
    "Attribute1": "Attr1",
    "Attribute2": "Attr2",
    "Attribute3": "Attr3",
    "Transaction": 86
  },
  {
    "Index": 8565,
    "ObjectId": "Obj8565",
    "Attribute1": "Attr1",
    "Attribute2": "Attr2",
    "Attribute3": "Attr3",
    "Transaction": 86
  },
  {
    "Index": 8566,
    "ObjectId": "Obj8566",
    "Attribute1": "Attr1",
    "Attribute2": "Attr2",
    "Attribute3": "Attr3",
    "Transaction": 86
  },
  {
    "Index": 8567,
    "ObjectId": "Obj8567",
    "Attribute1": "Attr1",
    "Attribute2": "Attr2",
    "Attribute3": "Attr3",
    "Transaction": 86
  },
  {
    "Index": 8568,
    "ObjectId": "Obj8568",
    "Attribute1": "Attr1",
    "Attribute2": "Attr2",
    "Attribute3": "Attr3",
    "Transaction": 86
  },
  {
    "Index": 8569,
    "ObjectId": "Obj8569",
    "Attribute1": "Attr1",
    "Attribute2": "Attr2",
    "Attribute3": "Attr3",
    "Transaction": 86
  },
  {
    "Index": 8570,
    "ObjectId": "Obj8570",
    "Attribute1": "Attr1",
    "Attribute2": "Attr2",
    "Attribute3": "Attr3",
    "Transaction": 86
  },
  {
    "Index": 8571,
    "ObjectId": "Obj8571",
    "Attribute1": "Attr1",
    "Attribute2": "Attr2",
    "Attribute3": "Attr3",
    "Transaction": 86
  },
  {
    "Index": 8572,
    "ObjectId": "Obj8572",
    "Attribute1": "Attr1",
    "Attribute2": "Attr2",
    "Attribute3": "Attr3",
    "Transaction": 86
  },
  {
    "Index": 8573,
    "ObjectId": "Obj8573",
    "Attribute1": "Attr1",
    "Attribute2": "Attr2",
    "Attribute3": "Attr3",
    "Transaction": 86
  },
  {
    "Index": 8574,
    "ObjectId": "Obj8574",
    "Attribute1": "Attr1",
    "Attribute2": "Attr2",
    "Attribute3": "Attr3",
    "Transaction": 86
  },
  {
    "Index": 8575,
    "ObjectId": "Obj8575",
    "Attribute1": "Attr1",
    "Attribute2": "Attr2",
    "Attribute3": "Attr3",
    "Transaction": 86
  },
  {
    "Index": 8576,
    "ObjectId": "Obj8576",
    "Attribute1": "Attr1",
    "Attribute2": "Attr2",
    "Attribute3": "Attr3",
    "Transaction": 86
  },
  {
    "Index": 8577,
    "ObjectId": "Obj8577",
    "Attribute1": "Attr1",
    "Attribute2": "Attr2",
    "Attribute3": "Attr3",
    "Transaction": 86
  },
  {
    "Index": 8578,
    "ObjectId": "Obj8578",
    "Attribute1": "Attr1",
    "Attribute2": "Attr2",
    "Attribute3": "Attr3",
    "Transaction": 86
  },
  {
    "Index": 8579,
    "ObjectId": "Obj8579",
    "Attribute1": "Attr1",
    "Attribute2": "Attr2",
    "Attribute3": "Attr3",
    "Transaction": 86
  },
  {
    "Index": 8580,
    "ObjectId": "Obj8580",
    "Attribute1": "Attr1",
    "Attribute2": "Attr2",
    "Attribute3": "Attr3",
    "Transaction": 86
  },
  {
    "Index": 8581,
    "ObjectId": "Obj8581",
    "Attribute1": "Attr1",
    "Attribute2": "Attr2",
    "Attribute3": "Attr3",
    "Transaction": 86
  },
  {
    "Index": 8582,
    "ObjectId": "Obj8582",
    "Attribute1": "Attr1",
    "Attribute2": "Attr2",
    "Attribute3": "Attr3",
    "Transaction": 86
  },
  {
    "Index": 8583,
    "ObjectId": "Obj8583",
    "Attribute1": "Attr1",
    "Attribute2": "Attr2",
    "Attribute3": "Attr3",
    "Transaction": 86
  },
  {
    "Index": 8584,
    "ObjectId": "Obj8584",
    "Attribute1": "Attr1",
    "Attribute2": "Attr2",
    "Attribute3": "Attr3",
    "Transaction": 86
  },
  {
    "Index": 8585,
    "ObjectId": "Obj8585",
    "Attribute1": "Attr1",
    "Attribute2": "Attr2",
    "Attribute3": "Attr3",
    "Transaction": 86
  },
  {
    "Index": 8586,
    "ObjectId": "Obj8586",
    "Attribute1": "Attr1",
    "Attribute2": "Attr2",
    "Attribute3": "Attr3",
    "Transaction": 86
  },
  {
    "Index": 8587,
    "ObjectId": "Obj8587",
    "Attribute1": "Attr1",
    "Attribute2": "Attr2",
    "Attribute3": "Attr3",
    "Transaction": 86
  },
  {
    "Index": 8588,
    "ObjectId": "Obj8588",
    "Attribute1": "Attr1",
    "Attribute2": "Attr2",
    "Attribute3": "Attr3",
    "Transaction": 86
  },
  {
    "Index": 8589,
    "ObjectId": "Obj8589",
    "Attribute1": "Attr1",
    "Attribute2": "Attr2",
    "Attribute3": "Attr3",
    "Transaction": 86
  },
  {
    "Index": 8590,
    "ObjectId": "Obj8590",
    "Attribute1": "Attr1",
    "Attribute2": "Attr2",
    "Attribute3": "Attr3",
    "Transaction": 86
  },
  {
    "Index": 8591,
    "ObjectId": "Obj8591",
    "Attribute1": "Attr1",
    "Attribute2": "Attr2",
    "Attribute3": "Attr3",
    "Transaction": 86
  },
  {
    "Index": 8592,
    "ObjectId": "Obj8592",
    "Attribute1": "Attr1",
    "Attribute2": "Attr2",
    "Attribute3": "Attr3",
    "Transaction": 86
  },
  {
    "Index": 8593,
    "ObjectId": "Obj8593",
    "Attribute1": "Attr1",
    "Attribute2": "Attr2",
    "Attribute3": "Attr3",
    "Transaction": 86
  },
  {
    "Index": 8594,
    "ObjectId": "Obj8594",
    "Attribute1": "Attr1",
    "Attribute2": "Attr2",
    "Attribute3": "Attr3",
    "Transaction": 86
  },
  {
    "Index": 8595,
    "ObjectId": "Obj8595",
    "Attribute1": "Attr1",
    "Attribute2": "Attr2",
    "Attribute3": "Attr3",
    "Transaction": 86
  },
  {
    "Index": 8596,
    "ObjectId": "Obj8596",
    "Attribute1": "Attr1",
    "Attribute2": "Attr2",
    "Attribute3": "Attr3",
    "Transaction": 86
  },
  {
    "Index": 8597,
    "ObjectId": "Obj8597",
    "Attribute1": "Attr1",
    "Attribute2": "Attr2",
    "Attribute3": "Attr3",
    "Transaction": 86
  },
  {
    "Index": 8598,
    "ObjectId": "Obj8598",
    "Attribute1": "Attr1",
    "Attribute2": "Attr2",
    "Attribute3": "Attr3",
    "Transaction": 86
  },
  {
    "Index": 8599,
    "ObjectId": "Obj8599",
    "Attribute1": "Attr1",
    "Attribute2": "Attr2",
    "Attribute3": "Attr3",
    "Transaction": 86
  },
  {
    "Index": 8600,
    "ObjectId": "Obj8600",
    "Attribute1": "Attr1",
    "Attribute2": "Attr2",
    "Attribute3": "Attr3",
    "Transaction": 86
  }
]