[
  {
    "Index": 3501,
    "ObjectId": "Obj3501",
    "Attribute1": "Attr1",
    "Attribute2": "Attr2",
    "Attribute3": "Attr3",
    "Transaction": 36
  },
  {
    "Index": 3502,
    "ObjectId": "Obj3502",
    "Attribute1": "Attr1",
    "Attribute2": "Attr2",
    "Attribute3": "Attr3",
    "Transaction": 36
  },
  {
    "Index": 3503,
    "ObjectId": "Obj3503",
    "Attribute1": "Attr1",
    "Attribute2": "Attr2",
    "Attribute3": "Attr3",
    "Transaction": 36
  },
  {
    "Index": 3504,
    "ObjectId": "Obj3504",
    "Attribute1": "Attr1",
    "Attribute2": "Attr2",
    "Attribute3": "Attr3",
    "Transaction": 36
  },
  {
    "Index": 3505,
    "ObjectId": "Obj3505",
    "Attribute1": "Attr1",
    "Attribute2": "Attr2",
    "Attribute3": "Attr3",
    "Transaction": 36
  },
  {
    "Index": 3506,
    "ObjectId": "Obj3506",
    "Attribute1": "Attr1",
    "Attribute2": "Attr2",
    "Attribute3": "Attr3",
    "Transaction": 36
  },
  {
    "Index": 3507,
    "ObjectId": "Obj3507",
    "Attribute1": "Attr1",
    "Attribute2": "Attr2",
    "Attribute3": "Attr3",
    "Transaction": 36
  },
  {
    "Index": 3508,
    "ObjectId": "Obj3508",
    "Attribute1": "Attr1",
    "Attribute2": "Attr2",
    "Attribute3": "Attr3",
    "Transaction": 36
  },
  {
    "Index": 3509,
    "ObjectId": "Obj3509",
    "Attribute1": "Attr1",
    "Attribute2": "Attr2",
    "Attribute3": "Attr3",
    "Transaction": 36
  },
  {
    "Index": 3510,
    "ObjectId": "Obj3510",
    "Attribute1": "Attr1",
    "Attribute2": "Attr2",
    "Attribute3": "Attr3",
    "Transaction": 36
  },
  {
    "Index": 3511,
    "ObjectId": "Obj3511",
    "Attribute1": "Attr1",
    "Attribute2": "Attr2",
    "Attribute3": "Attr3",
    "Transaction": 36
  },
  {
    "Index": 3512,
    "ObjectId": "Obj3512",
    "Attribute1": "Attr1",
    "Attribute2": "Attr2",
    "Attribute3": "Attr3",
    "Transaction": 36
  },
  {
    "Index": 3513,
    "ObjectId": "Obj3513",
    "Attribute1": "Attr1",
    "Attribute2": "Attr2",
    "Attribute3": "Attr3",
    "Transaction": 36
  },
  {
    "Index": 3514,
    "ObjectId": "Obj3514",
    "Attribute1": "Attr1",
    "Attribute2": "Attr2",
    "Attribute3": "Attr3",
    "Transaction": 36
  },
  {
    "Index": 3515,
    "ObjectId": "Obj3515",
    "Attribute1": "Attr1",
    "Attribute2": "Attr2",
    "Attribute3": "Attr3",
    "Transaction": 36
  },
  {
    "Index": 3516,
    "ObjectId": "Obj3516",
    "Attribute1": "Attr1",
    "Attribute2": "Attr2",
    "Attribute3": "Attr3",
    "Transaction": 36
  },
  {
    "Index": 3517,
    "ObjectId": "Obj3517",
    "Attribute1": "Attr1",
    "Attribute2": "Attr2",
    "Attribute3": "Attr3",
    "Transaction": 36
  },
  {
    "Index": 3518,
    "ObjectId": "Obj3518",
    "Attribute1": "Attr1",
    "Attribute2": "Attr2",
    "Attribute3": "Attr3",
    "Transaction": 36
  },
  {
    "Index": 3519,
    "ObjectId": "Obj3519",
    "Attribute1": "Attr1",
    "Attribute2": "Attr2",
    "Attribute3": "Attr3",
    "Transaction": 36
  },
  {
    "Index": 3520,
    "ObjectId": "Obj3520",
    "Attribute1": "Attr1",
    "Attribute2": "Attr2",
    "Attribute3": "Attr3",
    "Transaction": 36
  },
  {
    "Index": 3521,
    "ObjectId": "Obj3521",
    "Attribute1": "Attr1",
    "Attribute2": "Attr2",
    "Attribute3": "Attr3",
    "Transaction": 36
  },
  {
    "Index": 3522,
    "ObjectId": "Obj3522",
    "Attribute1": "Attr1",
    "Attribute2": "Attr2",
    "Attribute3": "Attr3",
    "Transaction": 36
  },
  {
    "Index": 3523,
    "ObjectId": "Obj3523",
    "Attribute1": "Attr1",
    "Attribute2": "Attr2",
    "Attribute3": "Attr3",
    "Transaction": 36
  },
  {
    "Index": 3524,
    "ObjectId": "Obj3524",
    "Attribute1": "Attr1",
    "Attribute2": "Attr2",
    "Attribute3": "Attr3",
    "Transaction": 36
  },
  {
    "Index": 3525,
    "ObjectId": "Obj3525",
    "Attribute1": "Attr1",
    "Attribute2": "Attr2",
    "Attribute3": "Attr3",
    "Transaction": 36
  },
  {
    "Index": 3526,
    "ObjectId": "Obj3526",
    "Attribute1": "Attr1",
    "Attribute2": "Attr2",
    "Attribute3": "Attr3",
    "Transaction": 36
  },
  {
    "Index": 3527,
    "ObjectId": "Obj3527",
    "Attribute1": "Attr1",
    "Attribute2": "Attr2",
    "Attribute3": "Attr3",
    "Transaction": 36
  },
  {
    "Index": 3528,
    "ObjectId": "Obj3528",
    "Attribute1": "Attr1",
    "Attribute2": "Attr2",
    "Attribute3": "Attr3",
    "Transaction": 36
  },
  {
    "Index": 3529,
    "ObjectId": "Obj3529",
    "Attribute1": "Attr1",
    "Attribute2": "Attr2",
    "Attribute3": "Attr3",
    "Transaction": 36
  },
  {
    "Index": 3530,
    "ObjectId": "Obj3530",
    "Attribute1": "Attr1",
    "Attribute2": "Attr2",
    "Attribute3": "Attr3",
    "Transaction": 36
  },
  {
    "Index": 3531,
    "ObjectId": "Obj3531",
    "Attribute1": "Attr1",
    "Attribute2": "Attr2",
    "Attribute3": "Attr3",
    "Transaction": 36
  },
  {
    "Index": 3532,
    "ObjectId": "Obj3532",
    "Attribute1": "Attr1",
    "Attribute2": "Attr2",
    "Attribute3": "Attr3",
    "Transaction": 36
  },
  {
    "Index": 3533,
    "ObjectId": "Obj3533",
    "Attribute1": "Attr1",
    "Attribute2": "Attr2",
    "Attribute3": "Attr3",
    "Transaction": 36
  },
  {
    "Index": 3534,
    "ObjectId": "Obj3534",
    "Attribute1": "Attr1",
    "Attribute2": "Attr2",
    "Attribute3": "Attr3",
    "Transaction": 36
  },
  {
    "Index": 3535,
    "ObjectId": "Obj3535",
    "Attribute1": "Attr1",
    "Attribute2": "Attr2",
    "Attribute3": "Attr3",
    "Transaction": 36
  },
  {
    "Index": 3536,
    "ObjectId": "Obj3536",
    "Attribute1": "Attr1",
    "Attribute2": "Attr2",
    "Attribute3": "Attr3",
    "Transaction": 36
  },
  {
    "Index": 3537,
    "ObjectId": "Obj3537",
    "Attribute1": "Attr1",
    "Attribute2": "Attr2",
    "Attribute3": "Attr3",
    "Transaction": 36
  },
  {
    "Index": 3538,
    "ObjectId": "Obj3538",
    "Attribute1": "Attr1",
    "Attribute2": "Attr2",
    "Attribute3": "Attr3",
    "Transaction": 36
  },
  {
    "Index": 3539,
    "ObjectId": "Obj3539",
    "Attribute1": "Attr1",
    "Attribute2": "Attr2",
    "Attribute3": "Attr3",
    "Transaction": 36
  },
  {
    "Index": 3540,
    "ObjectId": "Obj3540",
    "Attribute1": "Attr1",
    "Attribute2": "Attr2",
    "Attribute3": "Attr3",
    "Transaction": 36
  },
  {
    "Index": 3541,
    "ObjectId": "Obj3541",
    "Attribute1": "Attr1",
    "Attribute2": "Attr2",
    "Attribute3": "Attr3",
    "Transaction": 36
  },
  {
    "Index": 3542,
    "ObjectId": "Obj3542",
    "Attribute1": "Attr1",
    "Attribute2": "Attr2",
    "Attribute3": "Attr3",
    "Transaction": 36
  },
  {
    "Index": 3543,
    "ObjectId": "Obj3543",
    "Attribute1": "Attr1",
    "Attribute2": "Attr2",
    "Attribute3": "Attr3",
    "Transaction": 36
  },
  {
    "Index": 3544,
    "ObjectId": "Obj3544",
    "Attribute1": "Attr1",
    "Attribute2": "Attr2",
    "Attribute3": "Attr3",
    "Transaction": 36
  },
  {
    "Index": 3545,
    "ObjectId": "Obj3545",
    "Attribute1": "Attr1",
    "Attribute2": "Attr2",
    "Attribute3": "Attr3",
    "Transaction": 36
  },
  {
    "Index": 3546,
    "ObjectId": "Obj3546",
    "Attribute1": "Attr1",
    "Attribute2": "Attr2",
    "Attribute3": "Attr3",
    "Transaction": 36
  },
  {
    "Index": 3547,
    "ObjectId": "Obj3547",
    "Attribute1": "Attr1",
    "Attribute2": "Attr2",
    "Attribute3": "Attr3",
    "Transaction": 36
  },
  {
    "Index": 3548,
    "ObjectId": "Obj3548",
    "Attribute1": "Attr1",
    "Attribute2": "Attr2",
    "Attribute3": "Attr3",
    "Transaction": 36
  },
  {
    "Index": 3549,
    "ObjectId": "Obj3549",
    "Attribute1": "Attr1",
    "Attribute2": "Attr2",
    "Attribute3": "Attr3",
    "Transaction": 36
  },
  {
    "Index": 3550,
    "ObjectId": "Obj3550",
    "Attribute1": "Attr1",
    "Attribute2": "Attr2",
    "Attribute3": "Attr3",
    "Transaction": 36
  },
  {
    "Index": 3551,
    "ObjectId": "Obj3551",
    "Attribute1": "Attr1",
    "Attribute2": "Attr2",
    "Attribute3": "Attr3",
    "Transaction": 36
  },
  {
    "Index": 3552,
    "ObjectId": "Obj3552",
    "Attribute1": "Attr1",
    "Attribute2": "Attr2",
    "Attribute3": "Attr3",
    "Transaction": 36
  },
  {
    "Index": 3553,
    "ObjectId": "Obj3553",
    "Attribute1": "Attr1",
    "Attribute2": "Attr2",
    "Attribute3": "Attr3",
    "Transaction": 36
  },
  {
    "Index": 3554,
    "ObjectId": "Obj3554",
    "Attribute1": "Attr1",
    "Attribute2": "Attr2",
    "Attribute3": "Attr3",
    "Transaction": 36
  },
  {
    "Index": 3555,
    "ObjectId": "Obj3555",
    "Attribute1": "Attr1",
    "Attribute2": "Attr2",
    "Attribute3": "Attr3",
    "Transaction": 36
  },
  {
    "Index": 3556,
    "ObjectId": "Obj3556",
    "Attribute1": "Attr1",
    "Attribute2": "Attr2",
    "Attribute3": "Attr3",
    "Transaction": 36
  },
  {
    "Index": 3557,
    "ObjectId": "Obj3557",
    "Attribute1": "Attr1",
    "Attribute2": "Attr2",
    "Attribute3": "Attr3",
    "Transaction": 36
  },
  {
    "Index": 3558,
    "ObjectId": "Obj3558",
    "Attribute1": "Attr1",
    "Attribute2": "Attr2",
    "Attribute3": "Attr3",
    "Transaction": 36
  },
  {
    "Index": 3559,
    "ObjectId": "Obj3559",
    "Attribute1": "Attr1",
    "Attribute2": "Attr2",
    "Attribute3": "Attr3",
    "Transaction": 36
  },
  {
    "Index": 3560,
    "ObjectId": "Obj3560",
    "Attribute1": "Attr1",
    "Attribute2": "Attr2",
    "Attribute3": "Attr3",
    "Transaction": 36
  },
  {
    "Index": 3561,
    "ObjectId": "Obj3561",
    "Attribute1": "Attr1",
    "Attribute2": "Attr2",
    "Attribute3": "Attr3",
    "Transaction": 36
  },
  {
    "Index": 3562,
    "ObjectId": "Obj3562",
    "Attribute1": "Attr1",
    "Attribute2": "Attr2",
    "Attribute3": "Attr3",
    "Transaction": 36
  },
  {
    "Index": 3563,
    "ObjectId": "Obj3563",
    "Attribute1": "Attr1",
    "Attribute2": "Attr2",
    "Attribute3": "Attr3",
    "Transaction": 36
  },
  {
    "Index": 3564,
    "ObjectId": "Obj3564",
    "Attribute1": "Attr1",
    "Attribute2": "Attr2",
    "Attribute3": "Attr3",
    "Transaction": 36
  },
  {
    "Index": 3565,
    "ObjectId": "Obj3565",
    "Attribute1": "Attr1",
    "Attribute2": "Attr2",
    "Attribute3": "Attr3",
    "Transaction": 36
  },
  {
    "Index": 3566,
    "ObjectId": "Obj3566",
    "Attribute1": "Attr1",
    "Attribute2": "Attr2",
    "Attribute3": "Attr3",
    "Transaction": 36
  },
  {
    "Index": 3567,
    "ObjectId": "Obj3567",
    "Attribute1": "Attr1",
    "Attribute2": "Attr2",
    "Attribute3": "Attr3",
    "Transaction": 36
  },
  {
    "Index": 3568,
    "ObjectId": "Obj3568",
    "Attribute1": "Attr1",
    "Attribute2": "Attr2",
    "Attribute3": "Attr3",
    "Transaction": 36
  },
  {
    "Index": 3569,
    "ObjectId": "Obj3569",
    "Attribute1": "Attr1",
    "Attribute2": "Attr2",
    "Attribute3": "Attr3",
    "Transaction": 36
  },
  {
    "Index": 3570,
    "ObjectId": "Obj3570",
    "Attribute1": "Attr1",
    "Attribute2": "Attr2",
    "Attribute3": "Attr3",
    "Transaction": 36
  },
  {
    "Index": 3571,
    "ObjectId": "Obj3571",
    "Attribute1": "Attr1",
    "Attribute2": "Attr2",
    "Attribute3": "Attr3",
    "Transaction": 36
  },
  {
    "Index": 3572,
    "ObjectId": "Obj3572",
    "Attribute1": "Attr1",
    "Attribute2": "Attr2",
    "Attribute3": "Attr3",
    "Transaction": 36
  },
  {
    "Index": 3573,
    "ObjectId": "Obj3573",
    "Attribute1": "Attr1",
    "Attribute2": "Attr2",
    "Attribute3": "Attr3",
    "Transaction": 36
  },
  {
    "Index": 3574,
    "ObjectId": "Obj3574",
    "Attribute1": "Attr1",
    "Attribute2": "Attr2",
    "Attribute3": "Attr3",
    "Transaction": 36
  },
  {
    "Index": 3575,
    "ObjectId": "Obj3575",
    "Attribute1": "Attr1",
    "Attribute2": "Attr2",
    "Attribute3": "Attr3",
    "Transaction": 36
  },
  {
    "Index": 3576,
    "ObjectId": "Obj3576",
    "Attribute1": "Attr1",
    "Attribute2": "Attr2",
    "Attribute3": "Attr3",
    "Transaction": 36
  },
  {
    "Index": 3577,
    "ObjectId": "Obj3577",
    "Attribute1": "Attr1",
    "Attribute2": "Attr2",
    "Attribute3": "Attr3",
    "Transaction": 36
  },
  {
    "Index": 3578,
    "ObjectId": "Obj3578",
    "Attribute1": "Attr1",
    "Attribute2": "Attr2",
    "Attribute3": "Attr3",
    "Transaction": 36
  },
  {
    "Index": 3579,
    "ObjectId": "Obj3579",
    "Attribute1": "Attr1",
    "Attribute2": "Attr2",
    "Attribute3": "Attr3",
    "Transaction": 36
  },
  {
    "Index": 3580,
    "ObjectId": "Obj3580",
    "Attribute1": "Attr1",
    "Attribute2": "Attr2",
    "Attribute3": "Attr3",
    "Transaction": 36
  },
  {
    "Index": 3581,
    "ObjectId": "Obj3581",
    "Attribute1": "Attr1",
    "Attribute2": "Attr2",
    "Attribute3": "Attr3",
    "Transaction": 36
  },
  {
    "Index": 3582,
    "ObjectId": "Obj3582",
    "Attribute1": "Attr1",
    "Attribute2": "Attr2",
    "Attribute3": "Attr3",
    "Transaction": 36
  },
  {
    "Index": 3583,
    "ObjectId": "Obj3583",
    "Attribute1": "Attr1",
    "Attribute2": "Attr2",
    "Attribute3": "Attr3",
    "Transaction": 36
  },
  {
    "Index": 3584,
    "ObjectId": "Obj3584",
    "Attribute1": "Attr1",
    "Attribute2": "Attr2",
    "Attribute3": "Attr3",
    "Transaction": 36
  },
  {
    "Index": 3585,
    "ObjectId": "Obj3585",
    "Attribute1": "Attr1",
    "Attribute2": "Attr2",
    "Attribute3": "Attr3",
    "Transaction": 36
  },
  {
    "Index": 3586,
    "ObjectId": "Obj3586",
    "Attribute1": "Attr1",
    "Attribute2": "Attr2",
    "Attribute3": "Attr3",
    "Transaction": 36
  },
  {
    "Index": 3587,
    "ObjectId": "Obj3587",
    "Attribute1": "Attr1",
    "Attribute2": "Attr2",
    "Attribute3": "Attr3",
    "Transaction": 36
  },
  {
    "Index": 3588,
    "ObjectId": "Obj3588",
    "Attribute1": "Attr1",
    "Attribute2": "Attr2",
    "Attribute3": "Attr3",
    "Transaction": 36
  },
  {
    "Index": 3589,
    "ObjectId": "Obj3589",
    "Attribute1": "Attr1",
    "Attribute2": "Attr2",
    "Attribute3": "Attr3",
    "Transaction": 36
  },
  {
    "Index": 3590,
    "ObjectId": "Obj3590",
    "Attribute1": "Attr1",
    "Attribute2": "Attr2",
    "Attribute3": "Attr3",
    "Transaction": 36
  },
  {
    "Index": 3591,
    "ObjectId": "Obj3591",
    "Attribute1": "Attr1",
    "Attribute2": "Attr2",
    "Attribute3": "Attr3",
    "Transaction": 36
  },
  {
    "Index": 3592,
    "ObjectId": "Obj3592",
    "Attribute1": "Attr1",
    "Attribute2": "Attr2",
    "Attribute3": "Attr3",
    "Transaction": 36
  },
  {
    "Index": 3593,
    "ObjectId": "Obj3593",
    "Attribute1": "Attr1",
    "Attribute2": "Attr2",
    "Attribute3": "Attr3",
    "Transaction": 36
  },
  {
    "Index": 3594,
    "ObjectId": "Obj3594",
    "Attribute1": "Attr1",
    "Attribute2": "Attr2",
    "Attribute3": "Attr3",
    "Transaction": 36
  },
  {
    "Index": 3595,
    "ObjectId": "Obj3595",
    "Attribute1": "Attr1",
    "Attribute2": "Attr2",
    "Attribute3": "Attr3",
    "Transaction": 36
  },
  {
    "Index": 3596,
    "ObjectId": "Obj3596",
    "Attribute1": "Attr1",
    "Attribute2": "Attr2",
    "Attribute3": "Attr3",
    "Transaction": 36
  },
  {
    "Index": 3597,
    "ObjectId": "Obj3597",
    "Attribute1": "Attr1",
    "Attribute2": "Attr2",
    "Attribute3": "Attr3",
    "Transaction": 36
  },
  {
    "Index": 3598,
    "ObjectId": "Obj3598",
    "Attribute1": "Attr1",
    "Attribute2": "Attr2",
    "Attribute3": "Attr3",
    "Transaction": 36
  },
  {
    "Index": 3599,
    "ObjectId": "Obj3599",
    "Attribute1": "Attr1",
    "Attribute2": "Attr2",
    "Attribute3": "Attr3",
    "Transaction": 36
  },
  {
    "Index": 3600,
    "ObjectId": "Obj3600",
    "Attribute1": "Attr1",
    "Attribute2": "Attr2",
    "Attribute3": "Attr3",
    "Transaction": 36
  }
]