[
  {
    "Index": 2701,
    "ObjectId": "Obj2701",
    "Attribute1": "Attr1",
    "Attribute2": "Attr2",
    "Attribute3": "Attr3",
    "Transaction": 28
  },
  {
    "Index": 2702,
    "ObjectId": "Obj2702",
    "Attribute1": "Attr1",
    "Attribute2": "Attr2",
    "Attribute3": "Attr3",
    "Transaction": 28
  },
  {
    "Index": 2703,
    "ObjectId": "Obj2703",
    "Attribute1": "Attr1",
    "Attribute2": "Attr2",
    "Attribute3": "Attr3",
    "Transaction": 28
  },
  {
    "Index": 2704,
    "ObjectId": "Obj2704",
    "Attribute1": "Attr1",
    "Attribute2": "Attr2",
    "Attribute3": "Attr3",
    "Transaction": 28
  },
  {
    "Index": 2705,
    "ObjectId": "Obj2705",
    "Attribute1": "Attr1",
    "Attribute2": "Attr2",
    "Attribute3": "Attr3",
    "Transaction": 28
  },
  {
    "Index": 2706,
    "ObjectId": "Obj2706",
    "Attribute1": "Attr1",
    "Attribute2": "Attr2",
    "Attribute3": "Attr3",
    "Transaction": 28
  },
  {
    "Index": 2707,
    "ObjectId": "Obj2707",
    "Attribute1": "Attr1",
    "Attribute2": "Attr2",
    "Attribute3": "Attr3",
    "Transaction": 28
  },
  {
    "Index": 2708,
    "ObjectId": "Obj2708",
    "Attribute1": "Attr1",
    "Attribute2": "Attr2",
    "Attribute3": "Attr3",
    "Transaction": 28
  },
  {
    "Index": 2709,
    "ObjectId": "Obj2709",
    "Attribute1": "Attr1",
    "Attribute2": "Attr2",
    "Attribute3": "Attr3",
    "Transaction": 28
  },
  {
    "Index": 2710,
    "ObjectId": "Obj2710",
    "Attribute1": "Attr1",
    "Attribute2": "Attr2",
    "Attribute3": "Attr3",
    "Transaction": 28
  },
  {
    "Index": 2711,
    "ObjectId": "Obj2711",
    "Attribute1": "Attr1",
    "Attribute2": "Attr2",
    "Attribute3": "Attr3",
    "Transaction": 28
  },
  {
    "Index": 2712,
    "ObjectId": "Obj2712",
    "Attribute1": "Attr1",
    "Attribute2": "Attr2",
    "Attribute3": "Attr3",
    "Transaction": 28
  },
  {
    "Index": 2713,
    "ObjectId": "Obj2713",
    "Attribute1": "Attr1",
    "Attribute2": "Attr2",
    "Attribute3": "Attr3",
    "Transaction": 28
  },
  {
    "Index": 2714,
    "ObjectId": "Obj2714",
    "Attribute1": "Attr1",
    "Attribute2": "Attr2",
    "Attribute3": "Attr3",
    "Transaction": 28
  },
  {
    "Index": 2715,
    "ObjectId": "Obj2715",
    "Attribute1": "Attr1",
    "Attribute2": "Attr2",
    "Attribute3": "Attr3",
    "Transaction": 28
  },
  {
    "Index": 2716,
    "ObjectId": "Obj2716",
    "Attribute1": "Attr1",
    "Attribute2": "Attr2",
    "Attribute3": "Attr3",
    "Transaction": 28
  },
  {
    "Index": 2717,
    "ObjectId": "Obj2717",
    "Attribute1": "Attr1",
    "Attribute2": "Attr2",
    "Attribute3": "Attr3",
    "Transaction": 28
  },
  {
    "Index": 2718,
    "ObjectId": "Obj2718",
    "Attribute1": "Attr1",
    "Attribute2": "Attr2",
    "Attribute3": "Attr3",
    "Transaction": 28
  },
  {
    "Index": 2719,
    "ObjectId": "Obj2719",
    "Attribute1": "Attr1",
    "Attribute2": "Attr2",
    "Attribute3": "Attr3",
    "Transaction": 28
  },
  {
    "Index": 2720,
    "ObjectId": "Obj2720",
    "Attribute1": "Attr1",
    "Attribute2": "Attr2",
    "Attribute3": "Attr3",
    "Transaction": 28
  },
  {
    "Index": 2721,
    "ObjectId": "Obj2721",
    "Attribute1": "Attr1",
    "Attribute2": "Attr2",
    "Attribute3": "Attr3",
    "Transaction": 28
  },
  {
    "Index": 2722,
    "ObjectId": "Obj2722",
    "Attribute1": "Attr1",
    "Attribute2": "Attr2",
    "Attribute3": "Attr3",
    "Transaction": 28
  },
  {
    "Index": 2723,
    "ObjectId": "Obj2723",
    "Attribute1": "Attr1",
    "Attribute2": "Attr2",
    "Attribute3": "Attr3",
    "Transaction": 28
  },
  {
    "Index": 2724,
    "ObjectId": "Obj2724",
    "Attribute1": "Attr1",
    "Attribute2": "Attr2",
    "Attribute3": "Attr3",
    "Transaction": 28
  },
  {
    "Index": 2725,
    "ObjectId": "Obj2725",
    "Attribute1": "Attr1",
    "Attribute2": "Attr2",
    "Attribute3": "Attr3",
    "Transaction": 28
  },
  {
    "Index": 2726,
    "ObjectId": "Obj2726",
    "Attribute1": "Attr1",
    "Attribute2": "Attr2",
    "Attribute3": "Attr3",
    "Transaction": 28
  },
  {
    "Index": 2727,
    "ObjectId": "Obj2727",
    "Attribute1": "Attr1",
    "Attribute2": "Attr2",
    "Attribute3": "Attr3",
    "Transaction": 28
  },
  {
    "Index": 2728,
    "ObjectId": "Obj2728",
    "Attribute1": "Attr1",
    "Attribute2": "Attr2",
    "Attribute3": "Attr3",
    "Transaction": 28
  },
  {
    "Index": 2729,
    "ObjectId": "Obj2729",
    "Attribute1": "Attr1",
    "Attribute2": "Attr2",
    "Attribute3": "Attr3",
    "Transaction": 28
  },
  {
    "Index": 2730,
    "ObjectId": "Obj2730",
    "Attribute1": "Attr1",
    "Attribute2": "Attr2",
    "Attribute3": "Attr3",
    "Transaction": 28
  },
  {
    "Index": 2731,
    "ObjectId": "Obj2731",
    "Attribute1": "Attr1",
    "Attribute2": "Attr2",
    "Attribute3": "Attr3",
    "Transaction": 28
  },
  {
    "Index": 2732,
    "ObjectId": "Obj2732",
    "Attribute1": "Attr1",
    "Attribute2": "Attr2",
    "Attribute3": "Attr3",
    "Transaction": 28
  },
  {
    "Index": 2733,
    "ObjectId": "Obj2733",
    "Attribute1": "Attr1",
    "Attribute2": "Attr2",
    "Attribute3": "Attr3",
    "Transaction": 28
  },
  {
    "Index": 2734,
    "ObjectId": "Obj2734",
    "Attribute1": "Attr1",
    "Attribute2": "Attr2",
    "Attribute3": "Attr3",
    "Transaction": 28
  },
  {
    "Index": 2735,
    "ObjectId": "Obj2735",
    "Attribute1": "Attr1",
    "Attribute2": "Attr2",
    "Attribute3": "Attr3",
    "Transaction": 28
  },
  {
    "Index": 2736,
    "ObjectId": "Obj2736",
    "Attribute1": "Attr1",
    "Attribute2": "Attr2",
    "Attribute3": "Attr3",
    "Transaction": 28
  },
  {
    "Index": 2737,
    "ObjectId": "Obj2737",
    "Attribute1": "Attr1",
    "Attribute2": "Attr2",
    "Attribute3": "Attr3",
    "Transaction": 28
  },
  {
    "Index": 2738,
    "ObjectId": "Obj2738",
    "Attribute1": "Attr1",
    "Attribute2": "Attr2",
    "Attribute3": "Attr3",
    "Transaction": 28
  },
  {
    "Index": 2739,
    "ObjectId": "Obj2739",
    "Attribute1": "Attr1",
    "Attribute2": "Attr2",
    "Attribute3": "Attr3",
    "Transaction": 28
  },
  {
    "Index": 2740,
    "ObjectId": "Obj2740",
    "Attribute1": "Attr1",
    "Attribute2": "Attr2",
    "Attribute3": "Attr3",
    "Transaction": 28
  },
  {
    "Index": 2741,
    "ObjectId": "Obj2741",
    "Attribute1": "Attr1",
    "Attribute2": "Attr2",
    "Attribute3": "Attr3",
    "Transaction": 28
  },
  {
    "Index": 2742,
    "ObjectId": "Obj2742",
    "Attribute1": "Attr1",
    "Attribute2": "Attr2",
    "Attribute3": "Attr3",
    "Transaction": 28
  },
  {
    "Index": 2743,
    "ObjectId": "Obj2743",
    "Attribute1": "Attr1",
    "Attribute2": "Attr2",
    "Attribute3": "Attr3",
    "Transaction": 28
  },
  {
    "Index": 2744,
    "ObjectId": "Obj2744",
    "Attribute1": "Attr1",
    "Attribute2": "Attr2",
    "Attribute3": "Attr3",
    "Transaction": 28
  },
  {
    "Index": 2745,
    "ObjectId": "Obj2745",
    "Attribute1": "Attr1",
    "Attribute2": "Attr2",
    "Attribute3": "Attr3",
    "Transaction": 28
  },
  {
    "Index": 2746,
    "ObjectId": "Obj2746",
    "Attribute1": "Attr1",
    "Attribute2": "Attr2",
    "Attribute3": "Attr3",
    "Transaction": 28
  },
  {
    "Index": 2747,
    "ObjectId": "Obj2747",
    "Attribute1": "Attr1",
    "Attribute2": "Attr2",
    "Attribute3": "Attr3",
    "Transaction": 28
  },
  {
    "Index": 2748,
    "ObjectId": "Obj2748",
    "Attribute1": "Attr1",
    "Attribute2": "Attr2",
    "Attribute3": "Attr3",
    "Transaction": 28
  },
  {
    "Index": 2749,
    "ObjectId": "Obj2749",
    "Attribute1": "Attr1",
    "Attribute2": "Attr2",
    "Attribute3": "Attr3",
    "Transaction": 28
  },
  {
    "Index": 2750,
    "ObjectId": "Obj2750",
    "Attribute1": "Attr1",
    "Attribute2": "Attr2",
    "Attribute3": "Attr3",
    "Transaction": 28
  },
  {
    "Index": 2751,
    "ObjectId": "Obj2751",
    "Attribute1": "Attr1",
    "Attribute2": "Attr2",
    "Attribute3": "Attr3",
    "Transaction": 28
  },
  {
    "Index": 2752,
    "ObjectId": "Obj2752",
    "Attribute1": "Attr1",
    "Attribute2": "Attr2",
    "Attribute3": "Attr3",
    "Transaction": 28
  },
  {
    "Index": 2753,
    "ObjectId": "Obj2753",
    "Attribute1": "Attr1",
    "Attribute2": "Attr2",
    "Attribute3": "Attr3",
    "Transaction": 28
  },
  {
    "Index": 2754,
    "ObjectId": "Obj2754",
    "Attribute1": "Attr1",
    "Attribute2": "Attr2",
    "Attribute3": "Attr3",
    "Transaction": 28
  },
  {
    "Index": 2755,
    "ObjectId": "Obj2755",
    "Attribute1": "Attr1",
    "Attribute2": "Attr2",
    "Attribute3": "Attr3",
    "Transaction": 28
  },
  {
    "Index": 2756,
    "ObjectId": "Obj2756",
    "Attribute1": "Attr1",
    "Attribute2": "Attr2",
    "Attribute3": "Attr3",
    "Transaction": 28
  },
  {
    "Index": 2757,
    "ObjectId": "Obj2757",
    "Attribute1": "Attr1",
    "Attribute2": "Attr2",
    "Attribute3": "Attr3",
    "Transaction": 28
  },
  {
    "Index": 2758,
    "ObjectId": "Obj2758",
    "Attribute1": "Attr1",
    "Attribute2": "Attr2",
    "Attribute3": "Attr3",
    "Transaction": 28
  },
  {
    "Index": 2759,
    "ObjectId": "Obj2759",
    "Attribute1": "Attr1",
    "Attribute2": "Attr2",
    "Attribute3": "Attr3",
    "Transaction": 28
  },
  {
    "Index": 2760,
    "ObjectId": "Obj2760",
    "Attribute1": "Attr1",
    "Attribute2": "Attr2",
    "Attribute3": "Attr3",
    "Transaction": 28
  },
  {
    "Index": 2761,
    "ObjectId": "Obj2761",
    "Attribute1": "Attr1",
    "Attribute2": "Attr2",
    "Attribute3": "Attr3",
    "Transaction": 28
  },
  {
    "Index": 2762,
    "ObjectId": "Obj2762",
    "Attribute1": "Attr1",
    "Attribute2": "Attr2",
    "Attribute3": "Attr3",
    "Transaction": 28
  },
  {
    "Index": 2763,
    "ObjectId": "Obj2763",
    "Attribute1": "Attr1",
    "Attribute2": "Attr2",
    "Attribute3": "Attr3",
    "Transaction": 28
  },
  {
    "Index": 2764,
    "ObjectId": "Obj2764",
    "Attribute1": "Attr1",
    "Attribute2": "Attr2",
    "Attribute3": "Attr3",
    "Transaction": 28
  },
  {
    "Index": 2765,
    "ObjectId": "Obj2765",
    "Attribute1": "Attr1",
    "Attribute2": "Attr2",
    "Attribute3": "Attr3",
    "Transaction": 28
  },
  {
    "Index": 2766,
    "ObjectId": "Obj2766",
    "Attribute1": "Attr1",
    "Attribute2": "Attr2",
    "Attribute3": "Attr3",
    "Transaction": 28
  },
  {
    "Index": 2767,
    "ObjectId": "Obj2767",
    "Attribute1": "Attr1",
    "Attribute2": "Attr2",
    "Attribute3": "Attr3",
    "Transaction": 28
  },
  {
    "Index": 2768,
    "ObjectId": "Obj2768",
    "Attribute1": "Attr1",
    "Attribute2": "Attr2",
    "Attribute3": "Attr3",
    "Transaction": 28
  },
  {
    "Index": 2769,
    "ObjectId": "Obj2769",
    "Attribute1": "Attr1",
    "Attribute2": "Attr2",
    "Attribute3": "Attr3",
    "Transaction": 28
  },
  {
    "Index": 2770,
    "ObjectId": "Obj2770",
    "Attribute1": "Attr1",
    "Attribute2": "Attr2",
    "Attribute3": "Attr3",
    "Transaction": 28
  },
  {
    "Index": 2771,
    "ObjectId": "Obj2771",
    "Attribute1": "Attr1",
    "Attribute2": "Attr2",
    "Attribute3": "Attr3",
    "Transaction": 28
  },
  {
    "Index": 2772,
    "ObjectId": "Obj2772",
    "Attribute1": "Attr1",
    "Attribute2": "Attr2",
    "Attribute3": "Attr3",
    "Transaction": 28
  },
  {
    "Index": 2773,
    "ObjectId": "Obj2773",
    "Attribute1": "Attr1",
    "Attribute2": "Attr2",
    "Attribute3": "Attr3",
    "Transaction": 28
  },
  {
    "Index": 2774,
    "ObjectId": "Obj2774",
    "Attribute1": "Attr1",
    "Attribute2": "Attr2",
    "Attribute3": "Attr3",
    "Transaction": 28
  },
  {
    "Index": 2775,
    "ObjectId": "Obj2775",
    "Attribute1": "Attr1",
    "Attribute2": "Attr2",
    "Attribute3": "Attr3",
    "Transaction": 28
  },
  {
    "Index": 2776,
    "ObjectId": "Obj2776",
    "Attribute1": "Attr1",
    "Attribute2": "Attr2",
    "Attribute3": "Attr3",
    "Transaction": 28
  },
  {
    "Index": 2777,
    "ObjectId": "Obj2777",
    "Attribute1": "Attr1",
    "Attribute2": "Attr2",
    "Attribute3": "Attr3",
    "Transaction": 28
  },
  {
    "Index": 2778,
    "ObjectId": "Obj2778",
    "Attribute1": "Attr1",
    "Attribute2": "Attr2",
    "Attribute3": "Attr3",
    "Transaction": 28
  },
  {
    "Index": 2779,
    "ObjectId": "Obj2779",
    "Attribute1": "Attr1",
    "Attribute2": "Attr2",
    "Attribute3": "Attr3",
    "Transaction": 28
  },
  {
    "Index": 2780,
    "ObjectId": "Obj2780",
    "Attribute1": "Attr1",
    "Attribute2": "Attr2",
    "Attribute3": "Attr3",
    "Transaction": 28
  },
  {
    "Index": 2781,
    "ObjectId": "Obj2781",
    "Attribute1": "Attr1",
    "Attribute2": "Attr2",
    "Attribute3": "Attr3",
    "Transaction": 28
  },
  {
    "Index": 2782,
    "ObjectId": "Obj2782",
    "Attribute1": "Attr1",
    "Attribute2": "Attr2",
    "Attribute3": "Attr3",
    "Transaction": 28
  },
  {
    "Index": 2783,
    "ObjectId": "Obj2783",
    "Attribute1": "Attr1",
    "Attribute2": "Attr2",
    "Attribute3": "Attr3",
    "Transaction": 28
  },
  {
    "Index": 2784,
    "ObjectId": "Obj2784",
    "Attribute1": "Attr1",
    "Attribute2": "Attr2",
    "Attribute3": "Attr3",
    "Transaction": 28
  },
  {
    "Index": 2785,
    "ObjectId": "Obj2785",
    "Attribute1": "Attr1",
    "Attribute2": "Attr2",
    "Attribute3": "Attr3",
    "Transaction": 28
  },
  {
    "Index": 2786,
    "ObjectId": "Obj2786",
    "Attribute1": "Attr1",
    "Attribute2": "Attr2",
    "Attribute3": "Attr3",
    "Transaction": 28
  },
  {
    "Index": 2787,
    "ObjectId": "Obj2787",
    "Attribute1": "Attr1",
    "Attribute2": "Attr2",
    "Attribute3": "Attr3",
    "Transaction": 28
  },
  {
    "Index": 2788,
    "ObjectId": "Obj2788",
    "Attribute1": "Attr1",
    "Attribute2": "Attr2",
    "Attribute3": "Attr3",
    "Transaction": 28
  },
  {
    "Index": 2789,
    "ObjectId": "Obj2789",
    "Attribute1": "Attr1",
    "Attribute2": "Attr2",
    "Attribute3": "Attr3",
    "Transaction": 28
  },
  {
    "Index": 2790,
    "ObjectId": "Obj2790",
    "Attribute1": "Attr1",
    "Attribute2": "Attr2",
    "Attribute3": "Attr3",
    "Transaction": 28
  },
  {
    "Index": 2791,
    "ObjectId": "Obj2791",
    "Attribute1": "Attr1",
    "Attribute2": "Attr2",
    "Attribute3": "Attr3",
    "Transaction": 28
  },
  {
    "Index": 2792,
    "ObjectId": "Obj2792",
    "Attribute1": "Attr1",
    "Attribute2": "Attr2",
    "Attribute3": "Attr3",
    "Transaction": 28
  },
  {
    "Index": 2793,
    "ObjectId": "Obj2793",
    "Attribute1": "Attr1",
    "Attribute2": "Attr2",
    "Attribute3": "Attr3",
    "Transaction": 28
  },
  {
    "Index": 2794,
    "ObjectId": "Obj2794",
    "Attribute1": "Attr1",
    "Attribute2": "Attr2",
    "Attribute3": "Attr3",
    "Transaction": 28
  },
  {
    "Index": 2795,
    "ObjectId": "Obj2795",
    "Attribute1": "Attr1",
    "Attribute2": "Attr2",
    "Attribute3": "Attr3",
    "Transaction": 28
  },
  {
    "Index": 2796,
    "ObjectId": "Obj2796",
    "Attribute1": "Attr1",
    "Attribute2": "Attr2",
    "Attribute3": "Attr3",
    "Transaction": 28
  },
  {
    "Index": 2797,
    "ObjectId": "Obj2797",
    "Attribute1": "Attr1",
    "Attribute2": "Attr2",
    "Attribute3": "Attr3",
    "Transaction": 28
  },
  {
    "Index": 2798,
    "ObjectId": "Obj2798",
    "Attribute1": "Attr1",
    "Attribute2": "Attr2",
    "Attribute3": "Attr3",
    "Transaction": 28
  },
  {
    "Index": 2799,
    "ObjectId": "Obj2799",
    "Attribute1": "Attr1",
    "Attribute2": "Attr2",
    "Attribute3": "Attr3",
    "Transaction": 28
  },
  {
    "Index": 2800,
    "ObjectId": "Obj2800",
    "Attribute1": "Attr1",
    "Attribute2": "Attr2",
    "Attribute3": "Attr3",
    "Transaction": 28
  }
]