[
  {
    "Index": 3101,
    "ObjectId": "Obj3101",
    "Attribute1": "Attr1",
    "Attribute2": "Attr2",
    "Attribute3": "Attr3",
    "Transaction": 32
  },
  {
    "Index": 3102,
    "ObjectId": "Obj3102",
    "Attribute1": "Attr1",
    "Attribute2": "Attr2",
    "Attribute3": "Attr3",
    "Transaction": 32
  },
  {
    "Index": 3103,
    "ObjectId": "Obj3103",
    "Attribute1": "Attr1",
    "Attribute2": "Attr2",
    "Attribute3": "Attr3",
    "Transaction": 32
  },
  {
    "Index": 3104,
    "ObjectId": "Obj3104",
    "Attribute1": "Attr1",
    "Attribute2": "Attr2",
    "Attribute3": "Attr3",
    "Transaction": 32
  },
  {
    "Index": 3105,
    "ObjectId": "Obj3105",
    "Attribute1": "Attr1",
    "Attribute2": "Attr2",
    "Attribute3": "Attr3",
    "Transaction": 32
  },
  {
    "Index": 3106,
    "ObjectId": "Obj3106",
    "Attribute1": "Attr1",
    "Attribute2": "Attr2",
    "Attribute3": "Attr3",
    "Transaction": 32
  },
  {
    "Index": 3107,
    "ObjectId": "Obj3107",
    "Attribute1": "Attr1",
    "Attribute2": "Attr2",
    "Attribute3": "Attr3",
    "Transaction": 32
  },
  {
    "Index": 3108,
    "ObjectId": "Obj3108",
    "Attribute1": "Attr1",
    "Attribute2": "Attr2",
    "Attribute3": "Attr3",
    "Transaction": 32
  },
  {
    "Index": 3109,
    "ObjectId": "Obj3109",
    "Attribute1": "Attr1",
    "Attribute2": "Attr2",
    "Attribute3": "Attr3",
    "Transaction": 32
  },
  {
    "Index": 3110,
    "ObjectId": "Obj3110",
    "Attribute1": "Attr1",
    "Attribute2": "Attr2",
    "Attribute3": "Attr3",
    "Transaction": 32
  },
  {
    "Index": 3111,
    "ObjectId": "Obj3111",
    "Attribute1": "Attr1",
    "Attribute2": "Attr2",
    "Attribute3": "Attr3",
    "Transaction": 32
  },
  {
    "Index": 3112,
    "ObjectId": "Obj3112",
    "Attribute1": "Attr1",
    "Attribute2": "Attr2",
    "Attribute3": "Attr3",
    "Transaction": 32
  },
  {
    "Index": 3113,
    "ObjectId": "Obj3113",
    "Attribute1": "Attr1",
    "Attribute2": "Attr2",
    "Attribute3": "Attr3",
    "Transaction": 32
  },
  {
    "Index": 3114,
    "ObjectId": "Obj3114",
    "Attribute1": "Attr1",
    "Attribute2": "Attr2",
    "Attribute3": "Attr3",
    "Transaction": 32
  },
  {
    "Index": 3115,
    "ObjectId": "Obj3115",
    "Attribute1": "Attr1",
    "Attribute2": "Attr2",
    "Attribute3": "Attr3",
    "Transaction": 32
  },
  {
    "Index": 3116,
    "ObjectId": "Obj3116",
    "Attribute1": "Attr1",
    "Attribute2": "Attr2",
    "Attribute3": "Attr3",
    "Transaction": 32
  },
  {
    "Index": 3117,
    "ObjectId": "Obj3117",
    "Attribute1": "Attr1",
    "Attribute2": "Attr2",
    "Attribute3": "Attr3",
    "Transaction": 32
  },
  {
    "Index": 3118,
    "ObjectId": "Obj3118",
    "Attribute1": "Attr1",
    "Attribute2": "Attr2",
    "Attribute3": "Attr3",
    "Transaction": 32
  },
  {
    "Index": 3119,
    "ObjectId": "Obj3119",
    "Attribute1": "Attr1",
    "Attribute2": "Attr2",
    "Attribute3": "Attr3",
    "Transaction": 32
  },
  {
    "Index": 3120,
    "ObjectId": "Obj3120",
    "Attribute1": "Attr1",
    "Attribute2": "Attr2",
    "Attribute3": "Attr3",
    "Transaction": 32
  },
  {
    "Index": 3121,
    "ObjectId": "Obj3121",
    "Attribute1": "Attr1",
    "Attribute2": "Attr2",
    "Attribute3": "Attr3",
    "Transaction": 32
  },
  {
    "Index": 3122,
    "ObjectId": "Obj3122",
    "Attribute1": "Attr1",
    "Attribute2": "Attr2",
    "Attribute3": "Attr3",
    "Transaction": 32
  },
  {
    "Index": 3123,
    "ObjectId": "Obj3123",
    "Attribute1": "Attr1",
    "Attribute2": "Attr2",
    "Attribute3": "Attr3",
    "Transaction": 32
  },
  {
    "Index": 3124,
    "ObjectId": "Obj3124",
    "Attribute1": "Attr1",
    "Attribute2": "Attr2",
    "Attribute3": "Attr3",
    "Transaction": 32
  },
  {
    "Index": 3125,
    "ObjectId": "Obj3125",
    "Attribute1": "Attr1",
    "Attribute2": "Attr2",
    "Attribute3": "Attr3",
    "Transaction": 32
  },
  {
    "Index": 3126,
    "ObjectId": "Obj3126",
    "Attribute1": "Attr1",
    "Attribute2": "Attr2",
    "Attribute3": "Attr3",
    "Transaction": 32
  },
  {
    "Index": 3127,
    "ObjectId": "Obj3127",
    "Attribute1": "Attr1",
    "Attribute2": "Attr2",
    "Attribute3": "Attr3",
    "Transaction": 32
  },
  {
    "Index": 3128,
    "ObjectId": "Obj3128",
    "Attribute1": "Attr1",
    "Attribute2": "Attr2",
    "Attribute3": "Attr3",
    "Transaction": 32
  },
  {
    "Index": 3129,
    "ObjectId": "Obj3129",
    "Attribute1": "Attr1",
    "Attribute2": "Attr2",
    "Attribute3": "Attr3",
    "Transaction": 32
  },
  {
    "Index": 3130,
    "ObjectId": "Obj3130",
    "Attribute1": "Attr1",
    "Attribute2": "Attr2",
    "Attribute3": "Attr3",
    "Transaction": 32
  },
  {
    "Index": 3131,
    "ObjectId": "Obj3131",
    "Attribute1": "Attr1",
    "Attribute2": "Attr2",
    "Attribute3": "Attr3",
    "Transaction": 32
  },
  {
    "Index": 3132,
    "ObjectId": "Obj3132",
    "Attribute1": "Attr1",
    "Attribute2": "Attr2",
    "Attribute3": "Attr3",
    "Transaction": 32
  },
  {
    "Index": 3133,
    "ObjectId": "Obj3133",
    "Attribute1": "Attr1",
    "Attribute2": "Attr2",
    "Attribute3": "Attr3",
    "Transaction": 32
  },
  {
    "Index": 3134,
    "ObjectId": "Obj3134",
    "Attribute1": "Attr1",
    "Attribute2": "Attr2",
    "Attribute3": "Attr3",
    "Transaction": 32
  },
  {
    "Index": 3135,
    "ObjectId": "Obj3135",
    "Attribute1": "Attr1",
    "Attribute2": "Attr2",
    "Attribute3": "Attr3",
    "Transaction": 32
  },
  {
    "Index": 3136,
    "ObjectId": "Obj3136",
    "Attribute1": "Attr1",
    "Attribute2": "Attr2",
    "Attribute3": "Attr3",
    "Transaction": 32
  },
  {
    "Index": 3137,
    "ObjectId": "Obj3137",
    "Attribute1": "Attr1",
    "Attribute2": "Attr2",
    "Attribute3": "Attr3",
    "Transaction": 32
  },
  {
    "Index": 3138,
    "ObjectId": "Obj3138",
    "Attribute1": "Attr1",
    "Attribute2": "Attr2",
    "Attribute3": "Attr3",
    "Transaction": 32
  },
  {
    "Index": 3139,
    "ObjectId": "Obj3139",
    "Attribute1": "Attr1",
    "Attribute2": "Attr2",
    "Attribute3": "Attr3",
    "Transaction": 32
  },
  {
    "Index": 3140,
    "ObjectId": "Obj3140",
    "Attribute1": "Attr1",
    "Attribute2": "Attr2",
    "Attribute3": "Attr3",
    "Transaction": 32
  },
  {
    "Index": 3141,
    "ObjectId": "Obj3141",
    "Attribute1": "Attr1",
    "Attribute2": "Attr2",
    "Attribute3": "Attr3",
    "Transaction": 32
  },
  {
    "Index": 3142,
    "ObjectId": "Obj3142",
    "Attribute1": "Attr1",
    "Attribute2": "Attr2",
    "Attribute3": "Attr3",
    "Transaction": 32
  },
  {
    "Index": 3143,
    "ObjectId": "Obj3143",
    "Attribute1": "Attr1",
    "Attribute2": "Attr2",
    "Attribute3": "Attr3",
    "Transaction": 32
  },
  {
    "Index": 3144,
    "ObjectId": "Obj3144",
    "Attribute1": "Attr1",
    "Attribute2": "Attr2",
    "Attribute3": "Attr3",
    "Transaction": 32
  },
  {
    "Index": 3145,
    "ObjectId": "Obj3145",
    "Attribute1": "Attr1",
    "Attribute2": "Attr2",
    "Attribute3": "Attr3",
    "Transaction": 32
  },
  {
    "Index": 3146,
    "ObjectId": "Obj3146",
    "Attribute1": "Attr1",
    "Attribute2": "Attr2",
    "Attribute3": "Attr3",
    "Transaction": 32
  },
  {
    "Index": 3147,
    "ObjectId": "Obj3147",
    "Attribute1": "Attr1",
    "Attribute2": "Attr2",
    "Attribute3": "Attr3",
    "Transaction": 32
  },
  {
    "Index": 3148,
    "ObjectId": "Obj3148",
    "Attribute1": "Attr1",
    "Attribute2": "Attr2",
    "Attribute3": "Attr3",
    "Transaction": 32
  },
  {
    "Index": 3149,
    "ObjectId": "Obj3149",
    "Attribute1": "Attr1",
    "Attribute2": "Attr2",
    "Attribute3": "Attr3",
    "Transaction": 32
  },
  {
    "Index": 3150,
    "ObjectId": "Obj3150",
    "Attribute1": "Attr1",
    "Attribute2": "Attr2",
    "Attribute3": "Attr3",
    "Transaction": 32
  },
  {
    "Index": 3151,
    "ObjectId": "Obj3151",
    "Attribute1": "Attr1",
    "Attribute2": "Attr2",
    "Attribute3": "Attr3",
    "Transaction": 32
  },
  {
    "Index": 3152,
    "ObjectId": "Obj3152",
    "Attribute1": "Attr1",
    "Attribute2": "Attr2",
    "Attribute3": "Attr3",
    "Transaction": 32
  },
  {
    "Index": 3153,
    "ObjectId": "Obj3153",
    "Attribute1": "Attr1",
    "Attribute2": "Attr2",
    "Attribute3": "Attr3",
    "Transaction": 32
  },
  {
    "Index": 3154,
    "ObjectId": "Obj3154",
    "Attribute1": "Attr1",
    "Attribute2": "Attr2",
    "Attribute3": "Attr3",
    "Transaction": 32
  },
  {
    "Index": 3155,
    "ObjectId": "Obj3155",
    "Attribute1": "Attr1",
    "Attribute2": "Attr2",
    "Attribute3": "Attr3",
    "Transaction": 32
  },
  {
    "Index": 3156,
    "ObjectId": "Obj3156",
    "Attribute1": "Attr1",
    "Attribute2": "Attr2",
    "Attribute3": "Attr3",
    "Transaction": 32
  },
  {
    "Index": 3157,
    "ObjectId": "Obj3157",
    "Attribute1": "Attr1",
    "Attribute2": "Attr2",
    "Attribute3": "Attr3",
    "Transaction": 32
  },
  {
    "Index": 3158,
    "ObjectId": "Obj3158",
    "Attribute1": "Attr1",
    "Attribute2": "Attr2",
    "Attribute3": "Attr3",
    "Transaction": 32
  },
  {
    "Index": 3159,
    "ObjectId": "Obj3159",
    "Attribute1": "Attr1",
    "Attribute2": "Attr2",
    "Attribute3": "Attr3",
    "Transaction": 32
  },
  {
    "Index": 3160,
    "ObjectId": "Obj3160",
    "Attribute1": "Attr1",
    "Attribute2": "Attr2",
    "Attribute3": "Attr3",
    "Transaction": 32
  },
  {
    "Index": 3161,
    "ObjectId": "Obj3161",
    "Attribute1": "Attr1",
    "Attribute2": "Attr2",
    "Attribute3": "Attr3",
    "Transaction": 32
  },
  {
    "Index": 3162,
    "ObjectId": "Obj3162",
    "Attribute1": "Attr1",
    "Attribute2": "Attr2",
    "Attribute3": "Attr3",
    "Transaction": 32
  },
  {
    "Index": 3163,
    "ObjectId": "Obj3163",
    "Attribute1": "Attr1",
    "Attribute2": "Attr2",
    "Attribute3": "Attr3",
    "Transaction": 32
  },
  {
    "Index": 3164,
    "ObjectId": "Obj3164",
    "Attribute1": "Attr1",
    "Attribute2": "Attr2",
    "Attribute3": "Attr3",
    "Transaction": 32
  },
  {
    "Index": 3165,
    "ObjectId": "Obj3165",
    "Attribute1": "Attr1",
    "Attribute2": "Attr2",
    "Attribute3": "Attr3",
    "Transaction": 32
  },
  {
    "Index": 3166,
    "ObjectId": "Obj3166",
    "Attribute1": "Attr1",
    "Attribute2": "Attr2",
    "Attribute3": "Attr3",
    "Transaction": 32
  },
  {
    "Index": 3167,
    "ObjectId": "Obj3167",
    "Attribute1": "Attr1",
    "Attribute2": "Attr2",
    "Attribute3": "Attr3",
    "Transaction": 32
  },
  {
    "Index": 3168,
    "ObjectId": "Obj3168",
    "Attribute1": "Attr1",
    "Attribute2": "Attr2",
    "Attribute3": "Attr3",
    "Transaction": 32
  },
  {
    "Index": 3169,
    "ObjectId": "Obj3169",
    "Attribute1": "Attr1",
    "Attribute2": "Attr2",
    "Attribute3": "Attr3",
    "Transaction": 32
  },
  {
    "Index": 3170,
    "ObjectId": "Obj3170",
    "Attribute1": "Attr1",
    "Attribute2": "Attr2",
    "Attribute3": "Attr3",
    "Transaction": 32
  },
  {
    "Index": 3171,
    "ObjectId": "Obj3171",
    "Attribute1": "Attr1",
    "Attribute2": "Attr2",
    "Attribute3": "Attr3",
    "Transaction": 32
  },
  {
    "Index": 3172,
    "ObjectId": "Obj3172",
    "Attribute1": "Attr1",
    "Attribute2": "Attr2",
    "Attribute3": "Attr3",
    "Transaction": 32
  },
  {
    "Index": 3173,
    "ObjectId": "Obj3173",
    "Attribute1": "Attr1",
    "Attribute2": "Attr2",
    "Attribute3": "Attr3",
    "Transaction": 32
  },
  {
    "Index": 3174,
    "ObjectId": "Obj3174",
    "Attribute1": "Attr1",
    "Attribute2": "Attr2",
    "Attribute3": "Attr3",
    "Transaction": 32
  },
  {
    "Index": 3175,
    "ObjectId": "Obj3175",
    "Attribute1": "Attr1",
    "Attribute2": "Attr2",
    "Attribute3": "Attr3",
    "Transaction": 32
  },
  {
    "Index": 3176,
    "ObjectId": "Obj3176",
    "Attribute1": "Attr1",
    "Attribute2": "Attr2",
    "Attribute3": "Attr3",
    "Transaction": 32
  },
  {
    "Index": 3177,
    "ObjectId": "Obj3177",
    "Attribute1": "Attr1",
    "Attribute2": "Attr2",
    "Attribute3": "Attr3",
    "Transaction": 32
  },
  {
    "Index": 3178,
    "ObjectId": "Obj3178",
    "Attribute1": "Attr1",
    "Attribute2": "Attr2",
    "Attribute3": "Attr3",
    "Transaction": 32
  },
  {
    "Index": 3179,
    "ObjectId": "Obj3179",
    "Attribute1": "Attr1",
    "Attribute2": "Attr2",
    "Attribute3": "Attr3",
    "Transaction": 32
  },
  {
    "Index": 3180,
    "ObjectId": "Obj3180",
    "Attribute1": "Attr1",
    "Attribute2": "Attr2",
    "Attribute3": "Attr3",
    "Transaction": 32
  },
  {
    "Index": 3181,
    "ObjectId": "Obj3181",
    "Attribute1": "Attr1",
    "Attribute2": "Attr2",
    "Attribute3": "Attr3",
    "Transaction": 32
  },
  {
    "Index": 3182,
    "ObjectId": "Obj3182",
    "Attribute1": "Attr1",
    "Attribute2": "Attr2",
    "Attribute3": "Attr3",
    "Transaction": 32
  },
  {
    "Index": 3183,
    "ObjectId": "Obj3183",
    "Attribute1": "Attr1",
    "Attribute2": "Attr2",
    "Attribute3": "Attr3",
    "Transaction": 32
  },
  {
    "Index": 3184,
    "ObjectId": "Obj3184",
    "Attribute1": "Attr1",
    "Attribute2": "Attr2",
    "Attribute3": "Attr3",
    "Transaction": 32
  },
  {
    "Index": 3185,
    "ObjectId": "Obj3185",
    "Attribute1": "Attr1",
    "Attribute2": "Attr2",
    "Attribute3": "Attr3",
    "Transaction": 32
  },
  {
    "Index": 3186,
    "ObjectId": "Obj3186",
    "Attribute1": "Attr1",
    "Attribute2": "Attr2",
    "Attribute3": "Attr3",
    "Transaction": 32
  },
  {
    "Index": 3187,
    "ObjectId": "Obj3187",
    "Attribute1": "Attr1",
    "Attribute2": "Attr2",
    "Attribute3": "Attr3",
    "Transaction": 32
  },
  {
    "Index": 3188,
    "ObjectId": "Obj3188",
    "Attribute1": "Attr1",
    "Attribute2": "Attr2",
    "Attribute3": "Attr3",
    "Transaction": 32
  },
  {
    "Index": 3189,
    "ObjectId": "Obj3189",
    "Attribute1": "Attr1",
    "Attribute2": "Attr2",
    "Attribute3": "Attr3",
    "Transaction": 32
  },
  {
    "Index": 3190,
    "ObjectId": "Obj3190",
    "Attribute1": "Attr1",
    "Attribute2": "Attr2",
    "Attribute3": "Attr3",
    "Transaction": 32
  },
  {
    "Index": 3191,
    "ObjectId": "Obj3191",
    "Attribute1": "Attr1",
    "Attribute2": "Attr2",
    "Attribute3": "Attr3",
    "Transaction": 32
  },
  {
    "Index": 3192,
    "ObjectId": "Obj3192",
    "Attribute1": "Attr1",
    "Attribute2": "Attr2",
    "Attribute3": "Attr3",
    "Transaction": 32
  },
  {
    "Index": 3193,
    "ObjectId": "Obj3193",
    "Attribute1": "Attr1",
    "Attribute2": "Attr2",
    "Attribute3": "Attr3",
    "Transaction": 32
  },
  {
    "Index": 3194,
    "ObjectId": "Obj3194",
    "Attribute1": "Attr1",
    "Attribute2": "Attr2",
    "Attribute3": "Attr3",
    "Transaction": 32
  },
  {
    "Index": 3195,
    "ObjectId": "Obj3195",
    "Attribute1": "Attr1",
    "Attribute2": "Attr2",
    "Attribute3": "Attr3",
    "Transaction": 32
  },
  {
    "Index": 3196,
    "ObjectId": "Obj3196",
    "Attribute1": "Attr1",
    "Attribute2": "Attr2",
    "Attribute3": "Attr3",
    "Transaction": 32
  },
  {
    "Index": 3197,
    "ObjectId": "Obj3197",
    "Attribute1": "Attr1",
    "Attribute2": "Attr2",
    "Attribute3": "Attr3",
    "Transaction": 32
  },
  {
    "Index": 3198,
    "ObjectId": "Obj3198",
    "Attribute1": "Attr1",
    "Attribute2": "Attr2",
    "Attribute3": "Attr3",
    "Transaction": 32
  },
  {
    "Index": 3199,
    "ObjectId": "Obj3199",
    "Attribute1": "Attr1",
    "Attribute2": "Attr2",
    "Attribute3": "Attr3",
    "Transaction": 32
  },
  {
    "Index": 3200,
    "ObjectId": "Obj3200",
    "Attribute1": "Attr1",
    "Attribute2": "Attr2",
    "Attribute3": "Attr3",
    "Transaction": 32
  }
]