[
  {
    "Index": 5201,
    "ObjectId": "Obj5201",
    "Attribute1": "Attr1",
    "Attribute2": "Attr2",
    "Attribute3": "Attr3",
    "Transaction": 53
  },
  {
    "Index": 5202,
    "ObjectId": "Obj5202",
    "Attribute1": "Attr1",
    "Attribute2": "Attr2",
    "Attribute3": "Attr3",
    "Transaction": 53
  },
  {
    "Index": 5203,
    "ObjectId": "Obj5203",
    "Attribute1": "Attr1",
    "Attribute2": "Attr2",
    "Attribute3": "Attr3",
    "Transaction": 53
  },
  {
    "Index": 5204,
    "ObjectId": "Obj5204",
    "Attribute1": "Attr1",
    "Attribute2": "Attr2",
    "Attribute3": "Attr3",
    "Transaction": 53
  },
  {
    "Index": 5205,
    "ObjectId": "Obj5205",
    "Attribute1": "Attr1",
    "Attribute2": "Attr2",
    "Attribute3": "Attr3",
    "Transaction": 53
  },
  {
    "Index": 5206,
    "ObjectId": "Obj5206",
    "Attribute1": "Attr1",
    "Attribute2": "Attr2",
    "Attribute3": "Attr3",
    "Transaction": 53
  },
  {
    "Index": 5207,
    "ObjectId": "Obj5207",
    "Attribute1": "Attr1",
    "Attribute2": "Attr2",
    "Attribute3": "Attr3",
    "Transaction": 53
  },
  {
    "Index": 5208,
    "ObjectId": "Obj5208",
    "Attribute1": "Attr1",
    "Attribute2": "Attr2",
    "Attribute3": "Attr3",
    "Transaction": 53
  },
  {
    "Index": 5209,
    "ObjectId": "Obj5209",
    "Attribute1": "Attr1",
    "Attribute2": "Attr2",
    "Attribute3": "Attr3",
    "Transaction": 53
  },
  {
    "Index": 5210,
    "ObjectId": "Obj5210",
    "Attribute1": "Attr1",
    "Attribute2": "Attr2",
    "Attribute3": "Attr3",
    "Transaction": 53
  },
  {
    "Index": 5211,
    "ObjectId": "Obj5211",
    "Attribute1": "Attr1",
    "Attribute2": "Attr2",
    "Attribute3": "Attr3",
    "Transaction": 53
  },
  {
    "Index": 5212,
    "ObjectId": "Obj5212",
    "Attribute1": "Attr1",
    "Attribute2": "Attr2",
    "Attribute3": "Attr3",
    "Transaction": 53
  },
  {
    "Index": 5213,
    "ObjectId": "Obj5213",
    "Attribute1": "Attr1",
    "Attribute2": "Attr2",
    "Attribute3": "Attr3",
    "Transaction": 53
  },
  {
    "Index": 5214,
    "ObjectId": "Obj5214",
    "Attribute1": "Attr1",
    "Attribute2": "Attr2",
    "Attribute3": "Attr3",
    "Transaction": 53
  },
  {
    "Index": 5215,
    "ObjectId": "Obj5215",
    "Attribute1": "Attr1",
    "Attribute2": "Attr2",
    "Attribute3": "Attr3",
    "Transaction": 53
  },
  {
    "Index": 5216,
    "ObjectId": "Obj5216",
    "Attribute1": "Attr1",
    "Attribute2": "Attr2",
    "Attribute3": "Attr3",
    "Transaction": 53
  },
  {
    "Index": 5217,
    "ObjectId": "Obj5217",
    "Attribute1": "Attr1",
    "Attribute2": "Attr2",
    "Attribute3": "Attr3",
    "Transaction": 53
  },
  {
    "Index": 5218,
    "ObjectId": "Obj5218",
    "Attribute1": "Attr1",
    "Attribute2": "Attr2",
    "Attribute3": "Attr3",
    "Transaction": 53
  },
  {
    "Index": 5219,
    "ObjectId": "Obj5219",
    "Attribute1": "Attr1",
    "Attribute2": "Attr2",
    "Attribute3": "Attr3",
    "Transaction": 53
  },
  {
    "Index": 5220,
    "ObjectId": "Obj5220",
    "Attribute1": "Attr1",
    "Attribute2": "Attr2",
    "Attribute3": "Attr3",
    "Transaction": 53
  },
  {
    "Index": 5221,
    "ObjectId": "Obj5221",
    "Attribute1": "Attr1",
    "Attribute2": "Attr2",
    "Attribute3": "Attr3",
    "Transaction": 53
  },
  {
    "Index": 5222,
    "ObjectId": "Obj5222",
    "Attribute1": "Attr1",
    "Attribute2": "Attr2",
    "Attribute3": "Attr3",
    "Transaction": 53
  },
  {
    "Index": 5223,
    "ObjectId": "Obj5223",
    "Attribute1": "Attr1",
    "Attribute2": "Attr2",
    "Attribute3": "Attr3",
    "Transaction": 53
  },
  {
    "Index": 5224,
    "ObjectId": "Obj5224",
    "Attribute1": "Attr1",
    "Attribute2": "Attr2",
    "Attribute3": "Attr3",
    "Transaction": 53
  },
  {
    "Index": 5225,
    "ObjectId": "Obj5225",
    "Attribute1": "Attr1",
    "Attribute2": "Attr2",
    "Attribute3": "Attr3",
    "Transaction": 53
  },
  {
    "Index": 5226,
    "ObjectId": "Obj5226",
    "Attribute1": "Attr1",
    "Attribute2": "Attr2",
    "Attribute3": "Attr3",
    "Transaction": 53
  },
  {
    "Index": 5227,
    "ObjectId": "Obj5227",
    "Attribute1": "Attr1",
    "Attribute2": "Attr2",
    "Attribute3": "Attr3",
    "Transaction": 53
  },
  {
    "Index": 5228,
    "ObjectId": "Obj5228",
    "Attribute1": "Attr1",
    "Attribute2": "Attr2",
    "Attribute3": "Attr3",
    "Transaction": 53
  },
  {
    "Index": 5229,
    "ObjectId": "Obj5229",
    "Attribute1": "Attr1",
    "Attribute2": "Attr2",
    "Attribute3": "Attr3",
    "Transaction": 53
  },
  {
    "Index": 5230,
    "ObjectId": "Obj5230",
    "Attribute1": "Attr1",
    "Attribute2": "Attr2",
    "Attribute3": "Attr3",
    "Transaction": 53
  },
  {
    "Index": 5231,
    "ObjectId": "Obj5231",
    "Attribute1": "Attr1",
    "Attribute2": "Attr2",
    "Attribute3": "Attr3",
    "Transaction": 53
  },
  {
    "Index": 5232,
    "ObjectId": "Obj5232",
    "Attribute1": "Attr1",
    "Attribute2": "Attr2",
    "Attribute3": "Attr3",
    "Transaction": 53
  },
  {
    "Index": 5233,
    "ObjectId": "Obj5233",
    "Attribute1": "Attr1",
    "Attribute2": "Attr2",
    "Attribute3": "Attr3",
    "Transaction": 53
  },
  {
    "Index": 5234,
    "ObjectId": "Obj5234",
    "Attribute1": "Attr1",
    "Attribute2": "Attr2",
    "Attribute3": "Attr3",
    "Transaction": 53
  },
  {
    "Index": 5235,
    "ObjectId": "Obj5235",
    "Attribute1": "Attr1",
    "Attribute2": "Attr2",
    "Attribute3": "Attr3",
    "Transaction": 53
  },
  {
    "Index": 5236,
    "ObjectId": "Obj5236",
    "Attribute1": "Attr1",
    "Attribute2": "Attr2",
    "Attribute3": "Attr3",
    "Transaction": 53
  },
  {
    "Index": 5237,
    "ObjectId": "Obj5237",
    "Attribute1": "Attr1",
    "Attribute2": "Attr2",
    "Attribute3": "Attr3",
    "Transaction": 53
  },
  {
    "Index": 5238,
    "ObjectId": "Obj5238",
    "Attribute1": "Attr1",
    "Attribute2": "Attr2",
    "Attribute3": "Attr3",
    "Transaction": 53
  },
  {
    "Index": 5239,
    "ObjectId": "Obj5239",
    "Attribute1": "Attr1",
    "Attribute2": "Attr2",
    "Attribute3": "Attr3",
    "Transaction": 53
  },
  {
    "Index": 5240,
    "ObjectId": "Obj5240",
    "Attribute1": "Attr1",
    "Attribute2": "Attr2",
    "Attribute3": "Attr3",
    "Transaction": 53
  },
  {
    "Index": 5241,
    "ObjectId": "Obj5241",
    "Attribute1": "Attr1",
    "Attribute2": "Attr2",
    "Attribute3": "Attr3",
    "Transaction": 53
  },
  {
    "Index": 5242,
    "ObjectId": "Obj5242",
    "Attribute1": "Attr1",
    "Attribute2": "Attr2",
    "Attribute3": "Attr3",
    "Transaction": 53
  },
  {
    "Index": 5243,
    "ObjectId": "Obj5243",
    "Attribute1": "Attr1",
    "Attribute2": "Attr2",
    "Attribute3": "Attr3",
    "Transaction": 53
  },
  {
    "Index": 5244,
    "ObjectId": "Obj5244",
    "Attribute1": "Attr1",
    "Attribute2": "Attr2",
    "Attribute3": "Attr3",
    "Transaction": 53
  },
  {
    "Index": 5245,
    "ObjectId": "Obj5245",
    "Attribute1": "Attr1",
    "Attribute2": "Attr2",
    "Attribute3": "Attr3",
    "Transaction": 53
  },
  {
    "Index": 5246,
    "ObjectId": "Obj5246",
    "Attribute1": "Attr1",
    "Attribute2": "Attr2",
    "Attribute3": "Attr3",
    "Transaction": 53
  },
  {
    "Index": 5247,
    "ObjectId": "Obj5247",
    "Attribute1": "Attr1",
    "Attribute2": "Attr2",
    "Attribute3": "Attr3",
    "Transaction": 53
  },
  {
    "Index": 5248,
    "ObjectId": "Obj5248",
    "Attribute1": "Attr1",
    "Attribute2": "Attr2",
    "Attribute3": "Attr3",
    "Transaction": 53
  },
  {
    "Index": 5249,
    "ObjectId": "Obj5249",
    "Attribute1": "Attr1",
    "Attribute2": "Attr2",
    "Attribute3": "Attr3",
    "Transaction": 53
  },
  {
    "Index": 5250,
    "ObjectId": "Obj5250",
    "Attribute1": "Attr1",
    "Attribute2": "Attr2",
    "Attribute3": "Attr3",
    "Transaction": 53
  },
  {
    "Index": 5251,
    "ObjectId": "Obj5251",
    "Attribute1": "Attr1",
    "Attribute2": "Attr2",
    "Attribute3": "Attr3",
    "Transaction": 53
  },
  {
    "Index": 5252,
    "ObjectId": "Obj5252",
    "Attribute1": "Attr1",
    "Attribute2": "Attr2",
    "Attribute3": "Attr3",
    "Transaction": 53
  },
  {
    "Index": 5253,
    "ObjectId": "Obj5253",
    "Attribute1": "Attr1",
    "Attribute2": "Attr2",
    "Attribute3": "Attr3",
    "Transaction": 53
  },
  {
    "Index": 5254,
    "ObjectId": "Obj5254",
    "Attribute1": "Attr1",
    "Attribute2": "Attr2",
    "Attribute3": "Attr3",
    "Transaction": 53
  },
  {
    "Index": 5255,
    "ObjectId": "Obj5255",
    "Attribute1": "Attr1",
    "Attribute2": "Attr2",
    "Attribute3": "Attr3",
    "Transaction": 53
  },
  {
    "Index": 5256,
    "ObjectId": "Obj5256",
    "Attribute1": "Attr1",
    "Attribute2": "Attr2",
    "Attribute3": "Attr3",
    "Transaction": 53
  },
  {
    "Index": 5257,
    "ObjectId": "Obj5257",
    "Attribute1": "Attr1",
    "Attribute2": "Attr2",
    "Attribute3": "Attr3",
    "Transaction": 53
  },
  {
    "Index": 5258,
    "ObjectId": "Obj5258",
    "Attribute1": "Attr1",
    "Attribute2": "Attr2",
    "Attribute3": "Attr3",
    "Transaction": 53
  },
  {
    "Index": 5259,
    "ObjectId": "Obj5259",
    "Attribute1": "Attr1",
    "Attribute2": "Attr2",
    "Attribute3": "Attr3",
    "Transaction": 53
  },
  {
    "Index": 5260,
    "ObjectId": "Obj5260",
    "Attribute1": "Attr1",
    "Attribute2": "Attr2",
    "Attribute3": "Attr3",
    "Transaction": 53
  },
  {
    "Index": 5261,
    "ObjectId": "Obj5261",
    "Attribute1": "Attr1",
    "Attribute2": "Attr2",
    "Attribute3": "Attr3",
    "Transaction": 53
  },
  {
    "Index": 5262,
    "ObjectId": "Obj5262",
    "Attribute1": "Attr1",
    "Attribute2": "Attr2",
    "Attribute3": "Attr3",
    "Transaction": 53
  },
  {
    "Index": 5263,
    "ObjectId": "Obj5263",
    "Attribute1": "Attr1",
    "Attribute2": "Attr2",
    "Attribute3": "Attr3",
    "Transaction": 53
  },
  {
    "Index": 5264,
    "ObjectId": "Obj5264",
    "Attribute1": "Attr1",
    "Attribute2": "Attr2",
    "Attribute3": "Attr3",
    "Transaction": 53
  },
  {
    "Index": 5265,
    "ObjectId": "Obj5265",
    "Attribute1": "Attr1",
    "Attribute2": "Attr2",
    "Attribute3": "Attr3",
    "Transaction": 53
  },
  {
    "Index": 5266,
    "ObjectId": "Obj5266",
    "Attribute1": "Attr1",
    "Attribute2": "Attr2",
    "Attribute3": "Attr3",
    "Transaction": 53
  },
  {
    "Index": 5267,
    "ObjectId": "Obj5267",
    "Attribute1": "Attr1",
    "Attribute2": "Attr2",
    "Attribute3": "Attr3",
    "Transaction": 53
  },
  {
    "Index": 5268,
    "ObjectId": "Obj5268",
    "Attribute1": "Attr1",
    "Attribute2": "Attr2",
    "Attribute3": "Attr3",
    "Transaction": 53
  },
  {
    "Index": 5269,
    "ObjectId": "Obj5269",
    "Attribute1": "Attr1",
    "Attribute2": "Attr2",
    "Attribute3": "Attr3",
    "Transaction": 53
  },
  {
    "Index": 5270,
    "ObjectId": "Obj5270",
    "Attribute1": "Attr1",
    "Attribute2": "Attr2",
    "Attribute3": "Attr3",
    "Transaction": 53
  },
  {
    "Index": 5271,
    "ObjectId": "Obj5271",
    "Attribute1": "Attr1",
    "Attribute2": "Attr2",
    "Attribute3": "Attr3",
    "Transaction": 53
  },
  {
    "Index": 5272,
    "ObjectId": "Obj5272",
    "Attribute1": "Attr1",
    "Attribute2": "Attr2",
    "Attribute3": "Attr3",
    "Transaction": 53
  },
  {
    "Index": 5273,
    "ObjectId": "Obj5273",
    "Attribute1": "Attr1",
    "Attribute2": "Attr2",
    "Attribute3": "Attr3",
    "Transaction": 53
  },
  {
    "Index": 5274,
    "ObjectId": "Obj5274",
    "Attribute1": "Attr1",
    "Attribute2": "Attr2",
    "Attribute3": "Attr3",
    "Transaction": 53
  },
  {
    "Index": 5275,
    "ObjectId": "Obj5275",
    "Attribute1": "Attr1",
    "Attribute2": "Attr2",
    "Attribute3": "Attr3",
    "Transaction": 53
  },
  {
    "Index": 5276,
    "ObjectId": "Obj5276",
    "Attribute1": "Attr1",
    "Attribute2": "Attr2",
    "Attribute3": "Attr3",
    "Transaction": 53
  },
  {
    "Index": 5277,
    "ObjectId": "Obj5277",
    "Attribute1": "Attr1",
    "Attribute2": "Attr2",
    "Attribute3": "Attr3",
    "Transaction": 53
  },
  {
    "Index": 5278,
    "ObjectId": "Obj5278",
    "Attribute1": "Attr1",
    "Attribute2": "Attr2",
    "Attribute3": "Attr3",
    "Transaction": 53
  },
  {
    "Index": 5279,
    "ObjectId": "Obj5279",
    "Attribute1": "Attr1",
    "Attribute2": "Attr2",
    "Attribute3": "Attr3",
    "Transaction": 53
  },
  {
    "Index": 5280,
    "ObjectId": "Obj5280",
    "Attribute1": "Attr1",
    "Attribute2": "Attr2",
    "Attribute3": "Attr3",
    "Transaction": 53
  },
  {
    "Index": 5281,
    "ObjectId": "Obj5281",
    "Attribute1": "Attr1",
    "Attribute2": "Attr2",
    "Attribute3": "Attr3",
    "Transaction": 53
  },
  {
    "Index": 5282,
    "ObjectId": "Obj5282",
    "Attribute1": "Attr1",
    "Attribute2": "Attr2",
    "Attribute3": "Attr3",
    "Transaction": 53
  },
  {
    "Index": 5283,
    "ObjectId": "Obj5283",
    "Attribute1": "Attr1",
    "Attribute2": "Attr2",
    "Attribute3": "Attr3",
    "Transaction": 53
  },
  {
    "Index": 5284,
    "ObjectId": "Obj5284",
    "Attribute1": "Attr1",
    "Attribute2": "Attr2",
    "Attribute3": "Attr3",
    "Transaction": 53
  },
  {
    "Index": 5285,
    "ObjectId": "Obj5285",
    "Attribute1": "Attr1",
    "Attribute2": "Attr2",
    "Attribute3": "Attr3",
    "Transaction": 53
  },
  {
    "Index": 5286,
    "ObjectId": "Obj5286",
    "Attribute1": "Attr1",
    "Attribute2": "Attr2",
    "Attribute3": "Attr3",
    "Transaction": 53
  },
  {
    "Index": 5287,
    "ObjectId": "Obj5287",
    "Attribute1": "Attr1",
    "Attribute2": "Attr2",
    "Attribute3": "Attr3",
    "Transaction": 53
  },
  {
    "Index": 5288,
    "ObjectId": "Obj5288",
    "Attribute1": "Attr1",
    "Attribute2": "Attr2",
    "Attribute3": "Attr3",
    "Transaction": 53
  },
  {
    "Index": 5289,
    "ObjectId": "Obj5289",
    "Attribute1": "Attr1",
    "Attribute2": "Attr2",
    "Attribute3": "Attr3",
    "Transaction": 53
  },
  {
    "Index": 5290,
    "ObjectId": "Obj5290",
    "Attribute1": "Attr1",
    "Attribute2": "Attr2",
    "Attribute3": "Attr3",
    "Transaction": 53
  },
  {
    "Index": 5291,
    "ObjectId": "Obj5291",
    "Attribute1": "Attr1",
    "Attribute2": "Attr2",
    "Attribute3": "Attr3",
    "Transaction": 53
  },
  {
    "Index": 5292,
    "ObjectId": "Obj5292",
    "Attribute1": "Attr1",
    "Attribute2": "Attr2",
    "Attribute3": "Attr3",
    "Transaction": 53
  },
  {
    "Index": 5293,
    "ObjectId": "Obj5293",
    "Attribute1": "Attr1",
    "Attribute2": "Attr2",
    "Attribute3": "Attr3",
    "Transaction": 53
  },
  {
    "Index": 5294,
    "ObjectId": "Obj5294",
    "Attribute1": "Attr1",
    "Attribute2": "Attr2",
    "Attribute3": "Attr3",
    "Transaction": 53
  },
  {
    "Index": 5295,
    "ObjectId": "Obj5295",
    "Attribute1": "Attr1",
    "Attribute2": "Attr2",
    "Attribute3": "Attr3",
    "Transaction": 53
  },
  {
    "Index": 5296,
    "ObjectId": "Obj5296",
    "Attribute1": "Attr1",
    "Attribute2": "Attr2",
    "Attribute3": "Attr3",
    "Transaction": 53
  },
  {
    "Index": 5297,
    "ObjectId": "Obj5297",
    "Attribute1": "Attr1",
    "Attribute2": "Attr2",
    "Attribute3": "Attr3",
    "Transaction": 53
  },
  {
    "Index": 5298,
    "ObjectId": "Obj5298",
    "Attribute1": "Attr1",
    "Attribute2": "Attr2",
    "Attribute3": "Attr3",
    "Transaction": 53
  },
  {
    "Index": 5299,
    "ObjectId": "Obj5299",
    "Attribute1": "Attr1",
    "Attribute2": "Attr2",
    "Attribute3": "Attr3",
    "Transaction": 53
  },
  {
    "Index": 5300,
    "ObjectId": "Obj5300",
    "Attribute1": "Attr1",
    "Attribute2": "Attr2",
    "Attribute3": "Attr3",
    "Transaction": 53
  }
]