[
  {
    "Index": 7101,
    "ObjectId": "Obj7101",
    "Attribute1": "Attr1",
    "Attribute2": "Attr2",
    "Attribute3": "Attr3",
    "Transaction": 72
  },
  {
    "Index": 7102,
    "ObjectId": "Obj7102",
    "Attribute1": "Attr1",
    "Attribute2": "Attr2",
    "Attribute3": "Attr3",
    "Transaction": 72
  },
  {
    "Index": 7103,
    "ObjectId": "Obj7103",
    "Attribute1": "Attr1",
    "Attribute2": "Attr2",
    "Attribute3": "Attr3",
    "Transaction": 72
  },
  {
    "Index": 7104,
    "ObjectId": "Obj7104",
    "Attribute1": "Attr1",
    "Attribute2": "Attr2",
    "Attribute3": "Attr3",
    "Transaction": 72
  },
  {
    "Index": 7105,
    "ObjectId": "Obj7105",
    "Attribute1": "Attr1",
    "Attribute2": "Attr2",
    "Attribute3": "Attr3",
    "Transaction": 72
  },
  {
    "Index": 7106,
    "ObjectId": "Obj7106",
    "Attribute1": "Attr1",
    "Attribute2": "Attr2",
    "Attribute3": "Attr3",
    "Transaction": 72
  },
  {
    "Index": 7107,
    "ObjectId": "Obj7107",
    "Attribute1": "Attr1",
    "Attribute2": "Attr2",
    "Attribute3": "Attr3",
    "Transaction": 72
  },
  {
    "Index": 7108,
    "ObjectId": "Obj7108",
    "Attribute1": "Attr1",
    "Attribute2": "Attr2",
    "Attribute3": "Attr3",
    "Transaction": 72
  },
  {
    "Index": 7109,
    "ObjectId": "Obj7109",
    "Attribute1": "Attr1",
    "Attribute2": "Attr2",
    "Attribute3": "Attr3",
    "Transaction": 72
  },
  {
    "Index": 7110,
    "ObjectId": "Obj7110",
    "Attribute1": "Attr1",
    "Attribute2": "Attr2",
    "Attribute3": "Attr3",
    "Transaction": 72
  },
  {
    "Index": 7111,
    "ObjectId": "Obj7111",
    "Attribute1": "Attr1",
    "Attribute2": "Attr2",
    "Attribute3": "Attr3",
    "Transaction": 72
  },
  {
    "Index": 7112,
    "ObjectId": "Obj7112",
    "Attribute1": "Attr1",
    "Attribute2": "Attr2",
    "Attribute3": "Attr3",
    "Transaction": 72
  },
  {
    "Index": 7113,
    "ObjectId": "Obj7113",
    "Attribute1": "Attr1",
    "Attribute2": "Attr2",
    "Attribute3": "Attr3",
    "Transaction": 72
  },
  {
    "Index": 7114,
    "ObjectId": "Obj7114",
    "Attribute1": "Attr1",
    "Attribute2": "Attr2",
    "Attribute3": "Attr3",
    "Transaction": 72
  },
  {
    "Index": 7115,
    "ObjectId": "Obj7115",
    "Attribute1": "Attr1",
    "Attribute2": "Attr2",
    "Attribute3": "Attr3",
    "Transaction": 72
  },
  {
    "Index": 7116,
    "ObjectId": "Obj7116",
    "Attribute1": "Attr1",
    "Attribute2": "Attr2",
    "Attribute3": "Attr3",
    "Transaction": 72
  },
  {
    "Index": 7117,
    "ObjectId": "Obj7117",
    "Attribute1": "Attr1",
    "Attribute2": "Attr2",
    "Attribute3": "Attr3",
    "Transaction": 72
  },
  {
    "Index": 7118,
    "ObjectId": "Obj7118",
    "Attribute1": "Attr1",
    "Attribute2": "Attr2",
    "Attribute3": "Attr3",
    "Transaction": 72
  },
  {
    "Index": 7119,
    "ObjectId": "Obj7119",
    "Attribute1": "Attr1",
    "Attribute2": "Attr2",
    "Attribute3": "Attr3",
    "Transaction": 72
  },
  {
    "Index": 7120,
    "ObjectId": "Obj7120",
    "Attribute1": "Attr1",
    "Attribute2": "Attr2",
    "Attribute3": "Attr3",
    "Transaction": 72
  },
  {
    "Index": 7121,
    "ObjectId": "Obj7121",
    "Attribute1": "Attr1",
    "Attribute2": "Attr2",
    "Attribute3": "Attr3",
    "Transaction": 72
  },
  {
    "Index": 7122,
    "ObjectId": "Obj7122",
    "Attribute1": "Attr1",
    "Attribute2": "Attr2",
    "Attribute3": "Attr3",
    "Transaction": 72
  },
  {
    "Index": 7123,
    "ObjectId": "Obj7123",
    "Attribute1": "Attr1",
    "Attribute2": "Attr2",
    "Attribute3": "Attr3",
    "Transaction": 72
  },
  {
    "Index": 7124,
    "ObjectId": "Obj7124",
    "Attribute1": "Attr1",
    "Attribute2": "Attr2",
    "Attribute3": "Attr3",
    "Transaction": 72
  },
  {
    "Index": 7125,
    "ObjectId": "Obj7125",
    "Attribute1": "Attr1",
    "Attribute2": "Attr2",
    "Attribute3": "Attr3",
    "Transaction": 72
  },
  {
    "Index": 7126,
    "ObjectId": "Obj7126",
    "Attribute1": "Attr1",
    "Attribute2": "Attr2",
    "Attribute3": "Attr3",
    "Transaction": 72
  },
  {
    "Index": 7127,
    "ObjectId": "Obj7127",
    "Attribute1": "Attr1",
    "Attribute2": "Attr2",
    "Attribute3": "Attr3",
    "Transaction": 72
  },
  {
    "Index": 7128,
    "ObjectId": "Obj7128",
    "Attribute1": "Attr1",
    "Attribute2": "Attr2",
    "Attribute3": "Attr3",
    "Transaction": 72
  },
  {
    "Index": 7129,
    "ObjectId": "Obj7129",
    "Attribute1": "Attr1",
    "Attribute2": "Attr2",
    "Attribute3": "Attr3",
    "Transaction": 72
  },
  {
    "Index": 7130,
    "ObjectId": "Obj7130",
    "Attribute1": "Attr1",
    "Attribute2": "Attr2",
    "Attribute3": "Attr3",
    "Transaction": 72
  },
  {
    "Index": 7131,
    "ObjectId": "Obj7131",
    "Attribute1": "Attr1",
    "Attribute2": "Attr2",
    "Attribute3": "Attr3",
    "Transaction": 72
  },
  {
    "Index": 7132,
    "ObjectId": "Obj7132",
    "Attribute1": "Attr1",
    "Attribute2": "Attr2",
    "Attribute3": "Attr3",
    "Transaction": 72
  },
  {
    "Index": 7133,
    "ObjectId": "Obj7133",
    "Attribute1": "Attr1",
    "Attribute2": "Attr2",
    "Attribute3": "Attr3",
    "Transaction": 72
  },
  {
    "Index": 7134,
    "ObjectId": "Obj7134",
    "Attribute1": "Attr1",
    "Attribute2": "Attr2",
    "Attribute3": "Attr3",
    "Transaction": 72
  },
  {
    "Index": 7135,
    "ObjectId": "Obj7135",
    "Attribute1": "Attr1",
    "Attribute2": "Attr2",
    "Attribute3": "Attr3",
    "Transaction": 72
  },
  {
    "Index": 7136,
    "ObjectId": "Obj7136",
    "Attribute1": "Attr1",
    "Attribute2": "Attr2",
    "Attribute3": "Attr3",
    "Transaction": 72
  },
  {
    "Index": 7137,
    "ObjectId": "Obj7137",
    "Attribute1": "Attr1",
    "Attribute2": "Attr2",
    "Attribute3": "Attr3",
    "Transaction": 72
  },
  {
    "Index": 7138,
    "ObjectId": "Obj7138",
    "Attribute1": "Attr1",
    "Attribute2": "Attr2",
    "Attribute3": "Attr3",
    "Transaction": 72
  },
  {
    "Index": 7139,
    "ObjectId": "Obj7139",
    "Attribute1": "Attr1",
    "Attribute2": "Attr2",
    "Attribute3": "Attr3",
    "Transaction": 72
  },
  {
    "Index": 7140,
    "ObjectId": "Obj7140",
    "Attribute1": "Attr1",
    "Attribute2": "Attr2",
    "Attribute3": "Attr3",
    "Transaction": 72
  },
  {
    "Index": 7141,
    "ObjectId": "Obj7141",
    "Attribute1": "Attr1",
    "Attribute2": "Attr2",
    "Attribute3": "Attr3",
    "Transaction": 72
  },
  {
    "Index": 7142,
    "ObjectId": "Obj7142",
    "Attribute1": "Attr1",
    "Attribute2": "Attr2",
    "Attribute3": "Attr3",
    "Transaction": 72
  },
  {
    "Index": 7143,
    "ObjectId": "Obj7143",
    "Attribute1": "Attr1",
    "Attribute2": "Attr2",
    "Attribute3": "Attr3",
    "Transaction": 72
  },
  {
    "Index": 7144,
    "ObjectId": "Obj7144",
    "Attribute1": "Attr1",
    "Attribute2": "Attr2",
    "Attribute3": "Attr3",
    "Transaction": 72
  },
  {
    "Index": 7145,
    "ObjectId": "Obj7145",
    "Attribute1": "Attr1",
    "Attribute2": "Attr2",
    "Attribute3": "Attr3",
    "Transaction": 72
  },
  {
    "Index": 7146,
    "ObjectId": "Obj7146",
    "Attribute1": "Attr1",
    "Attribute2": "Attr2",
    "Attribute3": "Attr3",
    "Transaction": 72
  },
  {
    "Index": 7147,
    "ObjectId": "Obj7147",
    "Attribute1": "Attr1",
    "Attribute2": "Attr2",
    "Attribute3": "Attr3",
    "Transaction": 72
  },
  {
    "Index": 7148,
    "ObjectId": "Obj7148",
    "Attribute1": "Attr1",
    "Attribute2": "Attr2",
    "Attribute3": "Attr3",
    "Transaction": 72
  },
  {
    "Index": 7149,
    "ObjectId": "Obj7149",
    "Attribute1": "Attr1",
    "Attribute2": "Attr2",
    "Attribute3": "Attr3",
    "Transaction": 72
  },
  {
    "Index": 7150,
    "ObjectId": "Obj7150",
    "Attribute1": "Attr1",
    "Attribute2": "Attr2",
    "Attribute3": "Attr3",
    "Transaction": 72
  },
  {
    "Index": 7151,
    "ObjectId": "Obj7151",
    "Attribute1": "Attr1",
    "Attribute2": "Attr2",
    "Attribute3": "Attr3",
    "Transaction": 72
  },
  {
    "Index": 7152,
    "ObjectId": "Obj7152",
    "Attribute1": "Attr1",
    "Attribute2": "Attr2",
    "Attribute3": "Attr3",
    "Transaction": 72
  },
  {
    "Index": 7153,
    "ObjectId": "Obj7153",
    "Attribute1": "Attr1",
    "Attribute2": "Attr2",
    "Attribute3": "Attr3",
    "Transaction": 72
  },
  {
    "Index": 7154,
    "ObjectId": "Obj7154",
    "Attribute1": "Attr1",
    "Attribute2": "Attr2",
    "Attribute3": "Attr3",
    "Transaction": 72
  },
  {
    "Index": 7155,
    "ObjectId": "Obj7155",
    "Attribute1": "Attr1",
    "Attribute2": "Attr2",
    "Attribute3": "Attr3",
    "Transaction": 72
  },
  {
    "Index": 7156,
    "ObjectId": "Obj7156",
    "Attribute1": "Attr1",
    "Attribute2": "Attr2",
    "Attribute3": "Attr3",
    "Transaction": 72
  },
  {
    "Index": 7157,
    "ObjectId": "Obj7157",
    "Attribute1": "Attr1",
    "Attribute2": "Attr2",
    "Attribute3": "Attr3",
    "Transaction": 72
  },
  {
    "Index": 7158,
    "ObjectId": "Obj7158",
    "Attribute1": "Attr1",
    "Attribute2": "Attr2",
    "Attribute3": "Attr3",
    "Transaction": 72
  },
  {
    "Index": 7159,
    "ObjectId": "Obj7159",
    "Attribute1": "Attr1",
    "Attribute2": "Attr2",
    "Attribute3": "Attr3",
    "Transaction": 72
  },
  {
    "Index": 7160,
    "ObjectId": "Obj7160",
    "Attribute1": "Attr1",
    "Attribute2": "Attr2",
    "Attribute3": "Attr3",
    "Transaction": 72
  },
  {
    "Index": 7161,
    "ObjectId": "Obj7161",
    "Attribute1": "Attr1",
    "Attribute2": "Attr2",
    "Attribute3": "Attr3",
    "Transaction": 72
  },
  {
    "Index": 7162,
    "ObjectId": "Obj7162",
    "Attribute1": "Attr1",
    "Attribute2": "Attr2",
    "Attribute3": "Attr3",
    "Transaction": 72
  },
  {
    "Index": 7163,
    "ObjectId": "Obj7163",
    "Attribute1": "Attr1",
    "Attribute2": "Attr2",
    "Attribute3": "Attr3",
    "Transaction": 72
  },
  {
    "Index": 7164,
    "ObjectId": "Obj7164",
    "Attribute1": "Attr1",
    "Attribute2": "Attr2",
    "Attribute3": "Attr3",
    "Transaction": 72
  },
  {
    "Index": 7165,
    "ObjectId": "Obj7165",
    "Attribute1": "Attr1",
    "Attribute2": "Attr2",
    "Attribute3": "Attr3",
    "Transaction": 72
  },
  {
    "Index": 7166,
    "ObjectId": "Obj7166",
    "Attribute1": "Attr1",
    "Attribute2": "Attr2",
    "Attribute3": "Attr3",
    "Transaction": 72
  },
  {
    "Index": 7167,
    "ObjectId": "Obj7167",
    "Attribute1": "Attr1",
    "Attribute2": "Attr2",
    "Attribute3": "Attr3",
    "Transaction": 72
  },
  {
    "Index": 7168,
    "ObjectId": "Obj7168",
    "Attribute1": "Attr1",
    "Attribute2": "Attr2",
    "Attribute3": "Attr3",
    "Transaction": 72
  },
  {
    "Index": 7169,
    "ObjectId": "Obj7169",
    "Attribute1": "Attr1",
    "Attribute2": "Attr2",
    "Attribute3": "Attr3",
    "Transaction": 72
  },
  {
    "Index": 7170,
    "ObjectId": "Obj7170",
    "Attribute1": "Attr1",
    "Attribute2": "Attr2",
    "Attribute3": "Attr3",
    "Transaction": 72
  },
  {
    "Index": 7171,
    "ObjectId": "Obj7171",
    "Attribute1": "Attr1",
    "Attribute2": "Attr2",
    "Attribute3": "Attr3",
    "Transaction": 72
  },
  {
    "Index": 7172,
    "ObjectId": "Obj7172",
    "Attribute1": "Attr1",
    "Attribute2": "Attr2",
    "Attribute3": "Attr3",
    "Transaction": 72
  },
  {
    "Index": 7173,
    "ObjectId": "Obj7173",
    "Attribute1": "Attr1",
    "Attribute2": "Attr2",
    "Attribute3": "Attr3",
    "Transaction": 72
  },
  {
    "Index": 7174,
    "ObjectId": "Obj7174",
    "Attribute1": "Attr1",
    "Attribute2": "Attr2",
    "Attribute3": "Attr3",
    "Transaction": 72
  },
  {
    "Index": 7175,
    "ObjectId": "Obj7175",
    "Attribute1": "Attr1",
    "Attribute2": "Attr2",
    "Attribute3": "Attr3",
    "Transaction": 72
  },
  {
    "Index": 7176,
    "ObjectId": "Obj7176",
    "Attribute1": "Attr1",
    "Attribute2": "Attr2",
    "Attribute3": "Attr3",
    "Transaction": 72
  },
  {
    "Index": 7177,
    "ObjectId": "Obj7177",
    "Attribute1": "Attr1",
    "Attribute2": "Attr2",
    "Attribute3": "Attr3",
    "Transaction": 72
  },
  {
    "Index": 7178,
    "ObjectId": "Obj7178",
    "Attribute1": "Attr1",
    "Attribute2": "Attr2",
    "Attribute3": "Attr3",
    "Transaction": 72
  },
  {
    "Index": 7179,
    "ObjectId": "Obj7179",
    "Attribute1": "Attr1",
    "Attribute2": "Attr2",
    "Attribute3": "Attr3",
    "Transaction": 72
  },
  {
    "Index": 7180,
    "ObjectId": "Obj7180",
    "Attribute1": "Attr1",
    "Attribute2": "Attr2",
    "Attribute3": "Attr3",
    "Transaction": 72
  },
  {
    "Index": 7181,
    "ObjectId": "Obj7181",
    "Attribute1": "Attr1",
    "Attribute2": "Attr2",
    "Attribute3": "Attr3",
    "Transaction": 72
  },
  {
    "Index": 7182,
    "ObjectId": "Obj7182",
    "Attribute1": "Attr1",
    "Attribute2": "Attr2",
    "Attribute3": "Attr3",
    "Transaction": 72
  },
  {
    "Index": 7183,
    "ObjectId": "Obj7183",
    "Attribute1": "Attr1",
    "Attribute2": "Attr2",
    "Attribute3": "Attr3",
    "Transaction": 72
  },
  {
    "Index": 7184,
    "ObjectId": "Obj7184",
    "Attribute1": "Attr1",
    "Attribute2": "Attr2",
    "Attribute3": "Attr3",
    "Transaction": 72
  },
  {
    "Index": 7185,
    "ObjectId": "Obj7185",
    "Attribute1": "Attr1",
    "Attribute2": "Attr2",
    "Attribute3": "Attr3",
    "Transaction": 72
  },
  {
    "Index": 7186,
    "ObjectId": "Obj7186",
    "Attribute1": "Attr1",
    "Attribute2": "Attr2",
    "Attribute3": "Attr3",
    "Transaction": 72
  },
  {
    "Index": 7187,
    "ObjectId": "Obj7187",
    "Attribute1": "Attr1",
    "Attribute2": "Attr2",
    "Attribute3": "Attr3",
    "Transaction": 72
  },
  {
    "Index": 7188,
    "ObjectId": "Obj7188",
    "Attribute1": "Attr1",
    "Attribute2": "Attr2",
    "Attribute3": "Attr3",
    "Transaction": 72
  },
  {
    "Index": 7189,
    "ObjectId": "Obj7189",
    "Attribute1": "Attr1",
    "Attribute2": "Attr2",
    "Attribute3": "Attr3",
    "Transaction": 72
  },
  {
    "Index": 7190,
    "ObjectId": "Obj7190",
    "Attribute1": "Attr1",
    "Attribute2": "Attr2",
    "Attribute3": "Attr3",
    "Transaction": 72
  },
  {
    "Index": 7191,
    "ObjectId": "Obj7191",
    "Attribute1": "Attr1",
    "Attribute2": "Attr2",
    "Attribute3": "Attr3",
    "Transaction": 72
  },
  {
    "Index": 7192,
    "ObjectId": "Obj7192",
    "Attribute1": "Attr1",
    "Attribute2": "Attr2",
    "Attribute3": "Attr3",
    "Transaction": 72
  },
  {
    "Index": 7193,
    "ObjectId": "Obj7193",
    "Attribute1": "Attr1",
    "Attribute2": "Attr2",
    "Attribute3": "Attr3",
    "Transaction": 72
  },
  {
    "Index": 7194,
    "ObjectId": "Obj7194",
    "Attribute1": "Attr1",
    "Attribute2": "Attr2",
    "Attribute3": "Attr3",
    "Transaction": 72
  },
  {
    "Index": 7195,
    "ObjectId": "Obj7195",
    "Attribute1": "Attr1",
    "Attribute2": "Attr2",
    "Attribute3": "Attr3",
    "Transaction": 72
  },
  {
    "Index": 7196,
    "ObjectId": "Obj7196",
    "Attribute1": "Attr1",
    "Attribute2": "Attr2",
    "Attribute3": "Attr3",
    "Transaction": 72
  },
  {
    "Index": 7197,
    "ObjectId": "Obj7197",
    "Attribute1": "Attr1",
    "Attribute2": "Attr2",
    "Attribute3": "Attr3",
    "Transaction": 72
  },
  {
    "Index": 7198,
    "ObjectId": "Obj7198",
    "Attribute1": "Attr1",
    "Attribute2": "Attr2",
    "Attribute3": "Attr3",
    "Transaction": 72
  },
  {
    "Index": 7199,
    "ObjectId": "Obj7199",
    "Attribute1": "Attr1",
    "Attribute2": "Attr2",
    "Attribute3": "Attr3",
    "Transaction": 72
  },
  {
    "Index": 7200,
    "ObjectId": "Obj7200",
    "Attribute1": "Attr1",
    "Attribute2": "Attr2",
    "Attribute3": "Attr3",
    "Transaction": 72
  }
]