[
  {
    "Index": 8101,
    "ObjectId": "Obj8101",
    "Attribute1": "Attr1",
    "Attribute2": "Attr2",
    "Attribute3": "Attr3",
    "Transaction": 82
  },
  {
    "Index": 8102,
    "ObjectId": "Obj8102",
    "Attribute1": "Attr1",
    "Attribute2": "Attr2",
    "Attribute3": "Attr3",
    "Transaction": 82
  },
  {
    "Index": 8103,
    "ObjectId": "Obj8103",
    "Attribute1": "Attr1",
    "Attribute2": "Attr2",
    "Attribute3": "Attr3",
    "Transaction": 82
  },
  {
    "Index": 8104,
    "ObjectId": "Obj8104",
    "Attribute1": "Attr1",
    "Attribute2": "Attr2",
    "Attribute3": "Attr3",
    "Transaction": 82
  },
  {
    "Index": 8105,
    "ObjectId": "Obj8105",
    "Attribute1": "Attr1",
    "Attribute2": "Attr2",
    "Attribute3": "Attr3",
    "Transaction": 82
  },
  {
    "Index": 8106,
    "ObjectId": "Obj8106",
    "Attribute1": "Attr1",
    "Attribute2": "Attr2",
    "Attribute3": "Attr3",
    "Transaction": 82
  },
  {
    "Index": 8107,
    "ObjectId": "Obj8107",
    "Attribute1": "Attr1",
    "Attribute2": "Attr2",
    "Attribute3": "Attr3",
    "Transaction": 82
  },
  {
    "Index": 8108,
    "ObjectId": "Obj8108",
    "Attribute1": "Attr1",
    "Attribute2": "Attr2",
    "Attribute3": "Attr3",
    "Transaction": 82
  },
  {
    "Index": 8109,
    "ObjectId": "Obj8109",
    "Attribute1": "Attr1",
    "Attribute2": "Attr2",
    "Attribute3": "Attr3",
    "Transaction": 82
  },
  {
    "Index": 8110,
    "ObjectId": "Obj8110",
    "Attribute1": "Attr1",
    "Attribute2": "Attr2",
    "Attribute3": "Attr3",
    "Transaction": 82
  },
  {
    "Index": 8111,
    "ObjectId": "Obj8111",
    "Attribute1": "Attr1",
    "Attribute2": "Attr2",
    "Attribute3": "Attr3",
    "Transaction": 82
  },
  {
    "Index": 8112,
    "ObjectId": "Obj8112",
    "Attribute1": "Attr1",
    "Attribute2": "Attr2",
    "Attribute3": "Attr3",
    "Transaction": 82
  },
  {
    "Index": 8113,
    "ObjectId": "Obj8113",
    "Attribute1": "Attr1",
    "Attribute2": "Attr2",
    "Attribute3": "Attr3",
    "Transaction": 82
  },
  {
    "Index": 8114,
    "ObjectId": "Obj8114",
    "Attribute1": "Attr1",
    "Attribute2": "Attr2",
    "Attribute3": "Attr3",
    "Transaction": 82
  },
  {
    "Index": 8115,
    "ObjectId": "Obj8115",
    "Attribute1": "Attr1",
    "Attribute2": "Attr2",
    "Attribute3": "Attr3",
    "Transaction": 82
  },
  {
    "Index": 8116,
    "ObjectId": "Obj8116",
    "Attribute1": "Attr1",
    "Attribute2": "Attr2",
    "Attribute3": "Attr3",
    "Transaction": 82
  },
  {
    "Index": 8117,
    "ObjectId": "Obj8117",
    "Attribute1": "Attr1",
    "Attribute2": "Attr2",
    "Attribute3": "Attr3",
    "Transaction": 82
  },
  {
    "Index": 8118,
    "ObjectId": "Obj8118",
    "Attribute1": "Attr1",
    "Attribute2": "Attr2",
    "Attribute3": "Attr3",
    "Transaction": 82
  },
  {
    "Index": 8119,
    "ObjectId": "Obj8119",
    "Attribute1": "Attr1",
    "Attribute2": "Attr2",
    "Attribute3": "Attr3",
    "Transaction": 82
  },
  {
    "Index": 8120,
    "ObjectId": "Obj8120",
    "Attribute1": "Attr1",
    "Attribute2": "Attr2",
    "Attribute3": "Attr3",
    "Transaction": 82
  },
  {
    "Index": 8121,
    "ObjectId": "Obj8121",
    "Attribute1": "Attr1",
    "Attribute2": "Attr2",
    "Attribute3": "Attr3",
    "Transaction": 82
  },
  {
    "Index": 8122,
    "ObjectId": "Obj8122",
    "Attribute1": "Attr1",
    "Attribute2": "Attr2",
    "Attribute3": "Attr3",
    "Transaction": 82
  },
  {
    "Index": 8123,
    "ObjectId": "Obj8123",
    "Attribute1": "Attr1",
    "Attribute2": "Attr2",
    "Attribute3": "Attr3",
    "Transaction": 82
  },
  {
    "Index": 8124,
    "ObjectId": "Obj8124",
    "Attribute1": "Attr1",
    "Attribute2": "Attr2",
    "Attribute3": "Attr3",
    "Transaction": 82
  },
  {
    "Index": 8125,
    "ObjectId": "Obj8125",
    "Attribute1": "Attr1",
    "Attribute2": "Attr2",
    "Attribute3": "Attr3",
    "Transaction": 82
  },
  {
    "Index": 8126,
    "ObjectId": "Obj8126",
    "Attribute1": "Attr1",
    "Attribute2": "Attr2",
    "Attribute3": "Attr3",
    "Transaction": 82
  },
  {
    "Index": 8127,
    "ObjectId": "Obj8127",
    "Attribute1": "Attr1",
    "Attribute2": "Attr2",
    "Attribute3": "Attr3",
    "Transaction": 82
  },
  {
    "Index": 8128,
    "ObjectId": "Obj8128",
    "Attribute1": "Attr1",
    "Attribute2": "Attr2",
    "Attribute3": "Attr3",
    "Transaction": 82
  },
  {
    "Index": 8129,
    "ObjectId": "Obj8129",
    "Attribute1": "Attr1",
    "Attribute2": "Attr2",
    "Attribute3": "Attr3",
    "Transaction": 82
  },
  {
    "Index": 8130,
    "ObjectId": "Obj8130",
    "Attribute1": "Attr1",
    "Attribute2": "Attr2",
    "Attribute3": "Attr3",
    "Transaction": 82
  },
  {
    "Index": 8131,
    "ObjectId": "Obj8131",
    "Attribute1": "Attr1",
    "Attribute2": "Attr2",
    "Attribute3": "Attr3",
    "Transaction": 82
  },
  {
    "Index": 8132,
    "ObjectId": "Obj8132",
    "Attribute1": "Attr1",
    "Attribute2": "Attr2",
    "Attribute3": "Attr3",
    "Transaction": 82
  },
  {
    "Index": 8133,
    "ObjectId": "Obj8133",
    "Attribute1": "Attr1",
    "Attribute2": "Attr2",
    "Attribute3": "Attr3",
    "Transaction": 82
  },
  {
    "Index": 8134,
    "ObjectId": "Obj8134",
    "Attribute1": "Attr1",
    "Attribute2": "Attr2",
    "Attribute3": "Attr3",
    "Transaction": 82
  },
  {
    "Index": 8135,
    "ObjectId": "Obj8135",
    "Attribute1": "Attr1",
    "Attribute2": "Attr2",
    "Attribute3": "Attr3",
    "Transaction": 82
  },
  {
    "Index": 8136,
    "ObjectId": "Obj8136",
    "Attribute1": "Attr1",
    "Attribute2": "Attr2",
    "Attribute3": "Attr3",
    "Transaction": 82
  },
  {
    "Index": 8137,
    "ObjectId": "Obj8137",
    "Attribute1": "Attr1",
    "Attribute2": "Attr2",
    "Attribute3": "Attr3",
    "Transaction": 82
  },
  {
    "Index": 8138,
    "ObjectId": "Obj8138",
    "Attribute1": "Attr1",
    "Attribute2": "Attr2",
    "Attribute3": "Attr3",
    "Transaction": 82
  },
  {
    "Index": 8139,
    "ObjectId": "Obj8139",
    "Attribute1": "Attr1",
    "Attribute2": "Attr2",
    "Attribute3": "Attr3",
    "Transaction": 82
  },
  {
    "Index": 8140,
    "ObjectId": "Obj8140",
    "Attribute1": "Attr1",
    "Attribute2": "Attr2",
    "Attribute3": "Attr3",
    "Transaction": 82
  },
  {
    "Index": 8141,
    "ObjectId": "Obj8141",
    "Attribute1": "Attr1",
    "Attribute2": "Attr2",
    "Attribute3": "Attr3",
    "Transaction": 82
  },
  {
    "Index": 8142,
    "ObjectId": "Obj8142",
    "Attribute1": "Attr1",
    "Attribute2": "Attr2",
    "Attribute3": "Attr3",
    "Transaction": 82
  },
  {
    "Index": 8143,
    "ObjectId": "Obj8143",
    "Attribute1": "Attr1",
    "Attribute2": "Attr2",
    "Attribute3": "Attr3",
    "Transaction": 82
  },
  {
    "Index": 8144,
    "ObjectId": "Obj8144",
    "Attribute1": "Attr1",
    "Attribute2": "Attr2",
    "Attribute3": "Attr3",
    "Transaction": 82
  },
  {
    "Index": 8145,
    "ObjectId": "Obj8145",
    "Attribute1": "Attr1",
    "Attribute2": "Attr2",
    "Attribute3": "Attr3",
    "Transaction": 82
  },
  {
    "Index": 8146,
    "ObjectId": "Obj8146",
    "Attribute1": "Attr1",
    "Attribute2": "Attr2",
    "Attribute3": "Attr3",
    "Transaction": 82
  },
  {
    "Index": 8147,
    "ObjectId": "Obj8147",
    "Attribute1": "Attr1",
    "Attribute2": "Attr2",
    "Attribute3": "Attr3",
    "Transaction": 82
  },
  {
    "Index": 8148,
    "ObjectId": "Obj8148",
    "Attribute1": "Attr1",
    "Attribute2": "Attr2",
    "Attribute3": "Attr3",
    "Transaction": 82
  },
  {
    "Index": 8149,
    "ObjectId": "Obj8149",
    "Attribute1": "Attr1",
    "Attribute2": "Attr2",
    "Attribute3": "Attr3",
    "Transaction": 82
  },
  {
    "Index": 8150,
    "ObjectId": "Obj8150",
    "Attribute1": "Attr1",
    "Attribute2": "Attr2",
    "Attribute3": "Attr3",
    "Transaction": 82
  },
  {
    "Index": 8151,
    "ObjectId": "Obj8151",
    "Attribute1": "Attr1",
    "Attribute2": "Attr2",
    "Attribute3": "Attr3",
    "Transaction": 82
  },
  {
    "Index": 8152,
    "ObjectId": "Obj8152",
    "Attribute1": "Attr1",
    "Attribute2": "Attr2",
    "Attribute3": "Attr3",
    "Transaction": 82
  },
  {
    "Index": 8153,
    "ObjectId": "Obj8153",
    "Attribute1": "Attr1",
    "Attribute2": "Attr2",
    "Attribute3": "Attr3",
    "Transaction": 82
  },
  {
    "Index": 8154,
    "ObjectId": "Obj8154",
    "Attribute1": "Attr1",
    "Attribute2": "Attr2",
    "Attribute3": "Attr3",
    "Transaction": 82
  },
  {
    "Index": 8155,
    "ObjectId": "Obj8155",
    "Attribute1": "Attr1",
    "Attribute2": "Attr2",
    "Attribute3": "Attr3",
    "Transaction": 82
  },
  {
    "Index": 8156,
    "ObjectId": "Obj8156",
    "Attribute1": "Attr1",
    "Attribute2": "Attr2",
    "Attribute3": "Attr3",
    "Transaction": 82
  },
  {
    "Index": 8157,
    "ObjectId": "Obj8157",
    "Attribute1": "Attr1",
    "Attribute2": "Attr2",
    "Attribute3": "Attr3",
    "Transaction": 82
  },
  {
    "Index": 8158,
    "ObjectId": "Obj8158",
    "Attribute1": "Attr1",
    "Attribute2": "Attr2",
    "Attribute3": "Attr3",
    "Transaction": 82
  },
  {
    "Index": 8159,
    "ObjectId": "Obj8159",
    "Attribute1": "Attr1",
    "Attribute2": "Attr2",
    "Attribute3": "Attr3",
    "Transaction": 82
  },
  {
    "Index": 8160,
    "ObjectId": "Obj8160",
    "Attribute1": "Attr1",
    "Attribute2": "Attr2",
    "Attribute3": "Attr3",
    "Transaction": 82
  },
  {
    "Index": 8161,
    "ObjectId": "Obj8161",
    "Attribute1": "Attr1",
    "Attribute2": "Attr2",
    "Attribute3": "Attr3",
    "Transaction": 82
  },
  {
    "Index": 8162,
    "ObjectId": "Obj8162",
    "Attribute1": "Attr1",
    "Attribute2": "Attr2",
    "Attribute3": "Attr3",
    "Transaction": 82
  },
  {
    "Index": 8163,
    "ObjectId": "Obj8163",
    "Attribute1": "Attr1",
    "Attribute2": "Attr2",
    "Attribute3": "Attr3",
    "Transaction": 82
  },
  {
    "Index": 8164,
    "ObjectId": "Obj8164",
    "Attribute1": "Attr1",
    "Attribute2": "Attr2",
    "Attribute3": "Attr3",
    "Transaction": 82
  },
  {
    "Index": 8165,
    "ObjectId": "Obj8165",
    "Attribute1": "Attr1",
    "Attribute2": "Attr2",
    "Attribute3": "Attr3",
    "Transaction": 82
  },
  {
    "Index": 8166,
    "ObjectId": "Obj8166",
    "Attribute1": "Attr1",
    "Attribute2": "Attr2",
    "Attribute3": "Attr3",
    "Transaction": 82
  },
  {
    "Index": 8167,
    "ObjectId": "Obj8167",
    "Attribute1": "Attr1",
    "Attribute2": "Attr2",
    "Attribute3": "Attr3",
    "Transaction": 82
  },
  {
    "Index": 8168,
    "ObjectId": "Obj8168",
    "Attribute1": "Attr1",
    "Attribute2": "Attr2",
    "Attribute3": "Attr3",
    "Transaction": 82
  },
  {
    "Index": 8169,
    "ObjectId": "Obj8169",
    "Attribute1": "Attr1",
    "Attribute2": "Attr2",
    "Attribute3": "Attr3",
    "Transaction": 82
  },
  {
    "Index": 8170,
    "ObjectId": "Obj8170",
    "Attribute1": "Attr1",
    "Attribute2": "Attr2",
    "Attribute3": "Attr3",
    "Transaction": 82
  },
  {
    "Index": 8171,
    "ObjectId": "Obj8171",
    "Attribute1": "Attr1",
    "Attribute2": "Attr2",
    "Attribute3": "Attr3",
    "Transaction": 82
  },
  {
    "Index": 8172,
    "ObjectId": "Obj8172",
    "Attribute1": "Attr1",
    "Attribute2": "Attr2",
    "Attribute3": "Attr3",
    "Transaction": 82
  },
  {
    "Index": 8173,
    "ObjectId": "Obj8173",
    "Attribute1": "Attr1",
    "Attribute2": "Attr2",
    "Attribute3": "Attr3",
    "Transaction": 82
  },
  {
    "Index": 8174,
    "ObjectId": "Obj8174",
    "Attribute1": "Attr1",
    "Attribute2": "Attr2",
    "Attribute3": "Attr3",
    "Transaction": 82
  },
  {
    "Index": 8175,
    "ObjectId": "Obj8175",
    "Attribute1": "Attr1",
    "Attribute2": "Attr2",
    "Attribute3": "Attr3",
    "Transaction": 82
  },
  {
    "Index": 8176,
    "ObjectId": "Obj8176",
    "Attribute1": "Attr1",
    "Attribute2": "Attr2",
    "Attribute3": "Attr3",
    "Transaction": 82
  },
  {
    "Index": 8177,
    "ObjectId": "Obj8177",
    "Attribute1": "Attr1",
    "Attribute2": "Attr2",
    "Attribute3": "Attr3",
    "Transaction": 82
  },
  {
    "Index": 8178,
    "ObjectId": "Obj8178",
    "Attribute1": "Attr1",
    "Attribute2": "Attr2",
    "Attribute3": "Attr3",
    "Transaction": 82
  },
  {
    "Index": 8179,
    "ObjectId": "Obj8179",
    "Attribute1": "Attr1",
    "Attribute2": "Attr2",
    "Attribute3": "Attr3",
    "Transaction": 82
  },
  {
    "Index": 8180,
    "ObjectId": "Obj8180",
    "Attribute1": "Attr1",
    "Attribute2": "Attr2",
    "Attribute3": "Attr3",
    "Transaction": 82
  },
  {
    "Index": 8181,
    "ObjectId": "Obj8181",
    "Attribute1": "Attr1",
    "Attribute2": "Attr2",
    "Attribute3": "Attr3",
    "Transaction": 82
  },
  {
    "Index": 8182,
    "ObjectId": "Obj8182",
    "Attribute1": "Attr1",
    "Attribute2": "Attr2",
    "Attribute3": "Attr3",
    "Transaction": 82
  },
  {
    "Index": 8183,
    "ObjectId": "Obj8183",
    "Attribute1": "Attr1",
    "Attribute2": "Attr2",
    "Attribute3": "Attr3",
    "Transaction": 82
  },
  {
    "Index": 8184,
    "ObjectId": "Obj8184",
    "Attribute1": "Attr1",
    "Attribute2": "Attr2",
    "Attribute3": "Attr3",
    "Transaction": 82
  },
  {
    "Index": 8185,
    "ObjectId": "Obj8185",
    "Attribute1": "Attr1",
    "Attribute2": "Attr2",
    "Attribute3": "Attr3",
    "Transaction": 82
  },
  {
    "Index": 8186,
    "ObjectId": "Obj8186",
    "Attribute1": "Attr1",
    "Attribute2": "Attr2",
    "Attribute3": "Attr3",
    "Transaction": 82
  },
  {
    "Index": 8187,
    "ObjectId": "Obj8187",
    "Attribute1": "Attr1",
    "Attribute2": "Attr2",
    "Attribute3": "Attr3",
    "Transaction": 82
  },
  {
    "Index": 8188,
    "ObjectId": "Obj8188",
    "Attribute1": "Attr1",
    "Attribute2": "Attr2",
    "Attribute3": "Attr3",
    "Transaction": 82
  },
  {
    "Index": 8189,
    "ObjectId": "Obj8189",
    "Attribute1": "Attr1",
    "Attribute2": "Attr2",
    "Attribute3": "Attr3",
    "Transaction": 82
  },
  {
    "Index": 8190,
    "ObjectId": "Obj8190",
    "Attribute1": "Attr1",
    "Attribute2": "Attr2",
    "Attribute3": "Attr3",
    "Transaction": 82
  },
  {
    "Index": 8191,
    "ObjectId": "Obj8191",
    "Attribute1": "Attr1",
    "Attribute2": "Attr2",
    "Attribute3": "Attr3",
    "Transaction": 82
  },
  {
    "Index": 8192,
    "ObjectId": "Obj8192",
    "Attribute1": "Attr1",
    "Attribute2": "Attr2",
    "Attribute3": "Attr3",
    "Transaction": 82
  },
  {
    "Index": 8193,
    "ObjectId": "Obj8193",
    "Attribute1": "Attr1",
    "Attribute2": "Attr2",
    "Attribute3": "Attr3",
    "Transaction": 82
  },
  {
    "Index": 8194,
    "ObjectId": "Obj8194",
    "Attribute1": "Attr1",
    "Attribute2": "Attr2",
    "Attribute3": "Attr3",
    "Transaction": 82
  },
  {
    "Index": 8195,
    "ObjectId": "Obj8195",
    "Attribute1": "Attr1",
    "Attribute2": "Attr2",
    "Attribute3": "Attr3",
    "Transaction": 82
  },
  {
    "Index": 8196,
    "ObjectId": "Obj8196",
    "Attribute1": "Attr1",
    "Attribute2": "Attr2",
    "Attribute3": "Attr3",
    "Transaction": 82
  },
  {
    "Index": 8197,
    "ObjectId": "Obj8197",
    "Attribute1": "Attr1",
    "Attribute2": "Attr2",
    "Attribute3": "Attr3",
    "Transaction": 82
  },
  {
    "Index": 8198,
    "ObjectId": "Obj8198",
    "Attribute1": "Attr1",
    "Attribute2": "Attr2",
    "Attribute3": "Attr3",
    "Transaction": 82
  },
  {
    "Index": 8199,
    "ObjectId": "Obj8199",
    "Attribute1": "Attr1",
    "Attribute2": "Attr2",
    "Attribute3": "Attr3",
    "Transaction": 82
  },
  {
    "Index": 8200,
    "ObjectId": "Obj8200",
    "Attribute1": "Attr1",
    "Attribute2": "Attr2",
    "Attribute3": "Attr3",
    "Transaction": 82
  }
]