[
  {
    "Index": 4901,
    "ObjectId": "Obj4901",
    "Attribute1": "Attr1",
    "Attribute2": "Attr2",
    "Attribute3": "Attr3",
    "Transaction": 50
  },
  {
    "Index": 4902,
    "ObjectId": "Obj4902",
    "Attribute1": "Attr1",
    "Attribute2": "Attr2",
    "Attribute3": "Attr3",
    "Transaction": 50
  },
  {
    "Index": 4903,
    "ObjectId": "Obj4903",
    "Attribute1": "Attr1",
    "Attribute2": "Attr2",
    "Attribute3": "Attr3",
    "Transaction": 50
  },
  {
    "Index": 4904,
    "ObjectId": "Obj4904",
    "Attribute1": "Attr1",
    "Attribute2": "Attr2",
    "Attribute3": "Attr3",
    "Transaction": 50
  },
  {
    "Index": 4905,
    "ObjectId": "Obj4905",
    "Attribute1": "Attr1",
    "Attribute2": "Attr2",
    "Attribute3": "Attr3",
    "Transaction": 50
  },
  {
    "Index": 4906,
    "ObjectId": "Obj4906",
    "Attribute1": "Attr1",
    "Attribute2": "Attr2",
    "Attribute3": "Attr3",
    "Transaction": 50
  },
  {
    "Index": 4907,
    "ObjectId": "Obj4907",
    "Attribute1": "Attr1",
    "Attribute2": "Attr2",
    "Attribute3": "Attr3",
    "Transaction": 50
  },
  {
    "Index": 4908,
    "ObjectId": "Obj4908",
    "Attribute1": "Attr1",
    "Attribute2": "Attr2",
    "Attribute3": "Attr3",
    "Transaction": 50
  },
  {
    "Index": 4909,
    "ObjectId": "Obj4909",
    "Attribute1": "Attr1",
    "Attribute2": "Attr2",
    "Attribute3": "Attr3",
    "Transaction": 50
  },
  {
    "Index": 4910,
    "ObjectId": "Obj4910",
    "Attribute1": "Attr1",
    "Attribute2": "Attr2",
    "Attribute3": "Attr3",
    "Transaction": 50
  },
  {
    "Index": 4911,
    "ObjectId": "Obj4911",
    "Attribute1": "Attr1",
    "Attribute2": "Attr2",
    "Attribute3": "Attr3",
    "Transaction": 50
  },
  {
    "Index": 4912,
    "ObjectId": "Obj4912",
    "Attribute1": "Attr1",
    "Attribute2": "Attr2",
    "Attribute3": "Attr3",
    "Transaction": 50
  },
  {
    "Index": 4913,
    "ObjectId": "Obj4913",
    "Attribute1": "Attr1",
    "Attribute2": "Attr2",
    "Attribute3": "Attr3",
    "Transaction": 50
  },
  {
    "Index": 4914,
    "ObjectId": "Obj4914",
    "Attribute1": "Attr1",
    "Attribute2": "Attr2",
    "Attribute3": "Attr3",
    "Transaction": 50
  },
  {
    "Index": 4915,
    "ObjectId": "Obj4915",
    "Attribute1": "Attr1",
    "Attribute2": "Attr2",
    "Attribute3": "Attr3",
    "Transaction": 50
  },
  {
    "Index": 4916,
    "ObjectId": "Obj4916",
    "Attribute1": "Attr1",
    "Attribute2": "Attr2",
    "Attribute3": "Attr3",
    "Transaction": 50
  },
  {
    "Index": 4917,
    "ObjectId": "Obj4917",
    "Attribute1": "Attr1",
    "Attribute2": "Attr2",
    "Attribute3": "Attr3",
    "Transaction": 50
  },
  {
    "Index": 4918,
    "ObjectId": "Obj4918",
    "Attribute1": "Attr1",
    "Attribute2": "Attr2",
    "Attribute3": "Attr3",
    "Transaction": 50
  },
  {
    "Index": 4919,
    "ObjectId": "Obj4919",
    "Attribute1": "Attr1",
    "Attribute2": "Attr2",
    "Attribute3": "Attr3",
    "Transaction": 50
  },
  {
    "Index": 4920,
    "ObjectId": "Obj4920",
    "Attribute1": "Attr1",
    "Attribute2": "Attr2",
    "Attribute3": "Attr3",
    "Transaction": 50
  },
  {
    "Index": 4921,
    "ObjectId": "Obj4921",
    "Attribute1": "Attr1",
    "Attribute2": "Attr2",
    "Attribute3": "Attr3",
    "Transaction": 50
  },
  {
    "Index": 4922,
    "ObjectId": "Obj4922",
    "Attribute1": "Attr1",
    "Attribute2": "Attr2",
    "Attribute3": "Attr3",
    "Transaction": 50
  },
  {
    "Index": 4923,
    "ObjectId": "Obj4923",
    "Attribute1": "Attr1",
    "Attribute2": "Attr2",
    "Attribute3": "Attr3",
    "Transaction": 50
  },
  {
    "Index": 4924,
    "ObjectId": "Obj4924",
    "Attribute1": "Attr1",
    "Attribute2": "Attr2",
    "Attribute3": "Attr3",
    "Transaction": 50
  },
  {
    "Index": 4925,
    "ObjectId": "Obj4925",
    "Attribute1": "Attr1",
    "Attribute2": "Attr2",
    "Attribute3": "Attr3",
    "Transaction": 50
  },
  {
    "Index": 4926,
    "ObjectId": "Obj4926",
    "Attribute1": "Attr1",
    "Attribute2": "Attr2",
    "Attribute3": "Attr3",
    "Transaction": 50
  },
  {
    "Index": 4927,
    "ObjectId": "Obj4927",
    "Attribute1": "Attr1",
    "Attribute2": "Attr2",
    "Attribute3": "Attr3",
    "Transaction": 50
  },
  {
    "Index": 4928,
    "ObjectId": "Obj4928",
    "Attribute1": "Attr1",
    "Attribute2": "Attr2",
    "Attribute3": "Attr3",
    "Transaction": 50
  },
  {
    "Index": 4929,
    "ObjectId": "Obj4929",
    "Attribute1": "Attr1",
    "Attribute2": "Attr2",
    "Attribute3": "Attr3",
    "Transaction": 50
  },
  {
    "Index": 4930,
    "ObjectId": "Obj4930",
    "Attribute1": "Attr1",
    "Attribute2": "Attr2",
    "Attribute3": "Attr3",
    "Transaction": 50
  },
  {
    "Index": 4931,
    "ObjectId": "Obj4931",
    "Attribute1": "Attr1",
    "Attribute2": "Attr2",
    "Attribute3": "Attr3",
    "Transaction": 50
  },
  {
    "Index": 4932,
    "ObjectId": "Obj4932",
    "Attribute1": "Attr1",
    "Attribute2": "Attr2",
    "Attribute3": "Attr3",
    "Transaction": 50
  },
  {
    "Index": 4933,
    "ObjectId": "Obj4933",
    "Attribute1": "Attr1",
    "Attribute2": "Attr2",
    "Attribute3": "Attr3",
    "Transaction": 50
  },
  {
    "Index": 4934,
    "ObjectId": "Obj4934",
    "Attribute1": "Attr1",
    "Attribute2": "Attr2",
    "Attribute3": "Attr3",
    "Transaction": 50
  },
  {
    "Index": 4935,
    "ObjectId": "Obj4935",
    "Attribute1": "Attr1",
    "Attribute2": "Attr2",
    "Attribute3": "Attr3",
    "Transaction": 50
  },
  {
    "Index": 4936,
    "ObjectId": "Obj4936",
    "Attribute1": "Attr1",
    "Attribute2": "Attr2",
    "Attribute3": "Attr3",
    "Transaction": 50
  },
  {
    "Index": 4937,
    "ObjectId": "Obj4937",
    "Attribute1": "Attr1",
    "Attribute2": "Attr2",
    "Attribute3": "Attr3",
    "Transaction": 50
  },
  {
    "Index": 4938,
    "ObjectId": "Obj4938",
    "Attribute1": "Attr1",
    "Attribute2": "Attr2",
    "Attribute3": "Attr3",
    "Transaction": 50
  },
  {
    "Index": 4939,
    "ObjectId": "Obj4939",
    "Attribute1": "Attr1",
    "Attribute2": "Attr2",
    "Attribute3": "Attr3",
    "Transaction": 50
  },
  {
    "Index": 4940,
    "ObjectId": "Obj4940",
    "Attribute1": "Attr1",
    "Attribute2": "Attr2",
    "Attribute3": "Attr3",
    "Transaction": 50
  },
  {
    "Index": 4941,
    "ObjectId": "Obj4941",
    "Attribute1": "Attr1",
    "Attribute2": "Attr2",
    "Attribute3": "Attr3",
    "Transaction": 50
  },
  {
    "Index": 4942,
    "ObjectId": "Obj4942",
    "Attribute1": "Attr1",
    "Attribute2": "Attr2",
    "Attribute3": "Attr3",
    "Transaction": 50
  },
  {
    "Index": 4943,
    "ObjectId": "Obj4943",
    "Attribute1": "Attr1",
    "Attribute2": "Attr2",
    "Attribute3": "Attr3",
    "Transaction": 50
  },
  {
    "Index": 4944,
    "ObjectId": "Obj4944",
    "Attribute1": "Attr1",
    "Attribute2": "Attr2",
    "Attribute3": "Attr3",
    "Transaction": 50
  },
  {
    "Index": 4945,
    "ObjectId": "Obj4945",
    "Attribute1": "Attr1",
    "Attribute2": "Attr2",
    "Attribute3": "Attr3",
    "Transaction": 50
  },
  {
    "Index": 4946,
    "ObjectId": "Obj4946",
    "Attribute1": "Attr1",
    "Attribute2": "Attr2",
    "Attribute3": "Attr3",
    "Transaction": 50
  },
  {
    "Index": 4947,
    "ObjectId": "Obj4947",
    "Attribute1": "Attr1",
    "Attribute2": "Attr2",
    "Attribute3": "Attr3",
    "Transaction": 50
  },
  {
    "Index": 4948,
    "ObjectId": "Obj4948",
    "Attribute1": "Attr1",
    "Attribute2": "Attr2",
    "Attribute3": "Attr3",
    "Transaction": 50
  },
  {
    "Index": 4949,
    "ObjectId": "Obj4949",
    "Attribute1": "Attr1",
    "Attribute2": "Attr2",
    "Attribute3": "Attr3",
    "Transaction": 50
  },
  {
    "Index": 4950,
    "ObjectId": "Obj4950",
    "Attribute1": "Attr1",
    "Attribute2": "Attr2",
    "Attribute3": "Attr3",
    "Transaction": 50
  },
  {
    "Index": 4951,
    "ObjectId": "Obj4951",
    "Attribute1": "Attr1",
    "Attribute2": "Attr2",
    "Attribute3": "Attr3",
    "Transaction": 50
  },
  {
    "Index": 4952,
    "ObjectId": "Obj4952",
    "Attribute1": "Attr1",
    "Attribute2": "Attr2",
    "Attribute3": "Attr3",
    "Transaction": 50
  },
  {
    "Index": 4953,
    "ObjectId": "Obj4953",
    "Attribute1": "Attr1",
    "Attribute2": "Attr2",
    "Attribute3": "Attr3",
    "Transaction": 50
  },
  {
    "Index": 4954,
    "ObjectId": "Obj4954",
    "Attribute1": "Attr1",
    "Attribute2": "Attr2",
    "Attribute3": "Attr3",
    "Transaction": 50
  },
  {
    "Index": 4955,
    "ObjectId": "Obj4955",
    "Attribute1": "Attr1",
    "Attribute2": "Attr2",
    "Attribute3": "Attr3",
    "Transaction": 50
  },
  {
    "Index": 4956,
    "ObjectId": "Obj4956",
    "Attribute1": "Attr1",
    "Attribute2": "Attr2",
    "Attribute3": "Attr3",
    "Transaction": 50
  },
  {
    "Index": 4957,
    "ObjectId": "Obj4957",
    "Attribute1": "Attr1",
    "Attribute2": "Attr2",
    "Attribute3": "Attr3",
    "Transaction": 50
  },
  {
    "Index": 4958,
    "ObjectId": "Obj4958",
    "Attribute1": "Attr1",
    "Attribute2": "Attr2",
    "Attribute3": "Attr3",
    "Transaction": 50
  },
  {
    "Index": 4959,
    "ObjectId": "Obj4959",
    "Attribute1": "Attr1",
    "Attribute2": "Attr2",
    "Attribute3": "Attr3",
    "Transaction": 50
  },
  {
    "Index": 4960,
    "ObjectId": "Obj4960",
    "Attribute1": "Attr1",
    "Attribute2": "Attr2",
    "Attribute3": "Attr3",
    "Transaction": 50
  },
  {
    "Index": 4961,
    "ObjectId": "Obj4961",
    "Attribute1": "Attr1",
    "Attribute2": "Attr2",
    "Attribute3": "Attr3",
    "Transaction": 50
  },
  {
    "Index": 4962,
    "ObjectId": "Obj4962",
    "Attribute1": "Attr1",
    "Attribute2": "Attr2",
    "Attribute3": "Attr3",
    "Transaction": 50
  },
  {
    "Index": 4963,
    "ObjectId": "Obj4963",
    "Attribute1": "Attr1",
    "Attribute2": "Attr2",
    "Attribute3": "Attr3",
    "Transaction": 50
  },
  {
    "Index": 4964,
    "ObjectId": "Obj4964",
    "Attribute1": "Attr1",
    "Attribute2": "Attr2",
    "Attribute3": "Attr3",
    "Transaction": 50
  },
  {
    "Index": 4965,
    "ObjectId": "Obj4965",
    "Attribute1": "Attr1",
    "Attribute2": "Attr2",
    "Attribute3": "Attr3",
    "Transaction": 50
  },
  {
    "Index": 4966,
    "ObjectId": "Obj4966",
    "Attribute1": "Attr1",
    "Attribute2": "Attr2",
    "Attribute3": "Attr3",
    "Transaction": 50
  },
  {
    "Index": 4967,
    "ObjectId": "Obj4967",
    "Attribute1": "Attr1",
    "Attribute2": "Attr2",
    "Attribute3": "Attr3",
    "Transaction": 50
  },
  {
    "Index": 4968,
    "ObjectId": "Obj4968",
    "Attribute1": "Attr1",
    "Attribute2": "Attr2",
    "Attribute3": "Attr3",
    "Transaction": 50
  },
  {
    "Index": 4969,
    "ObjectId": "Obj4969",
    "Attribute1": "Attr1",
    "Attribute2": "Attr2",
    "Attribute3": "Attr3",
    "Transaction": 50
  },
  {
    "Index": 4970,
    "ObjectId": "Obj4970",
    "Attribute1": "Attr1",
    "Attribute2": "Attr2",
    "Attribute3": "Attr3",
    "Transaction": 50
  },
  {
    "Index": 4971,
    "ObjectId": "Obj4971",
    "Attribute1": "Attr1",
    "Attribute2": "Attr2",
    "Attribute3": "Attr3",
    "Transaction": 50
  },
  {
    "Index": 4972,
    "ObjectId": "Obj4972",
    "Attribute1": "Attr1",
    "Attribute2": "Attr2",
    "Attribute3": "Attr3",
    "Transaction": 50
  },
  {
    "Index": 4973,
    "ObjectId": "Obj4973",
    "Attribute1": "Attr1",
    "Attribute2": "Attr2",
    "Attribute3": "Attr3",
    "Transaction": 50
  },
  {
    "Index": 4974,
    "ObjectId": "Obj4974",
    "Attribute1": "Attr1",
    "Attribute2": "Attr2",
    "Attribute3": "Attr3",
    "Transaction": 50
  },
  {
    "Index": 4975,
    "ObjectId": "Obj4975",
    "Attribute1": "Attr1",
    "Attribute2": "Attr2",
    "Attribute3": "Attr3",
    "Transaction": 50
  },
  {
    "Index": 4976,
    "ObjectId": "Obj4976",
    "Attribute1": "Attr1",
    "Attribute2": "Attr2",
    "Attribute3": "Attr3",
    "Transaction": 50
  },
  {
    "Index": 4977,
    "ObjectId": "Obj4977",
    "Attribute1": "Attr1",
    "Attribute2": "Attr2",
    "Attribute3": "Attr3",
    "Transaction": 50
  },
  {
    "Index": 4978,
    "ObjectId": "Obj4978",
    "Attribute1": "Attr1",
    "Attribute2": "Attr2",
    "Attribute3": "Attr3",
    "Transaction": 50
  },
  {
    "Index": 4979,
    "ObjectId": "Obj4979",
    "Attribute1": "Attr1",
    "Attribute2": "Attr2",
    "Attribute3": "Attr3",
    "Transaction": 50
  },
  {
    "Index": 4980,
    "ObjectId": "Obj4980",
    "Attribute1": "Attr1",
    "Attribute2": "Attr2",
    "Attribute3": "Attr3",
    "Transaction": 50
  },
  {
    "Index": 4981,
    "ObjectId": "Obj4981",
    "Attribute1": "Attr1",
    "Attribute2": "Attr2",
    "Attribute3": "Attr3",
    "Transaction": 50
  },
  {
    "Index": 4982,
    "ObjectId": "Obj4982",
    "Attribute1": "Attr1",
    "Attribute2": "Attr2",
    "Attribute3": "Attr3",
    "Transaction": 50
  },
  {
    "Index": 4983,
    "ObjectId": "Obj4983",
    "Attribute1": "Attr1",
    "Attribute2": "Attr2",
    "Attribute3": "Attr3",
    "Transaction": 50
  },
  {
    "Index": 4984,
    "ObjectId": "Obj4984",
    "Attribute1": "Attr1",
    "Attribute2": "Attr2",
    "Attribute3": "Attr3",
    "Transaction": 50
  },
  {
    "Index": 4985,
    "ObjectId": "Obj4985",
    "Attribute1": "Attr1",
    "Attribute2": "Attr2",
    "Attribute3": "Attr3",
    "Transaction": 50
  },
  {
    "Index": 4986,
    "ObjectId": "Obj4986",
    "Attribute1": "Attr1",
    "Attribute2": "Attr2",
    "Attribute3": "Attr3",
    "Transaction": 50
  },
  {
    "Index": 4987,
    "ObjectId": "Obj4987",
    "Attribute1": "Attr1",
    "Attribute2": "Attr2",
    "Attribute3": "Attr3",
    "Transaction": 50
  },
  {
    "Index": 4988,
    "ObjectId": "Obj4988",
    "Attribute1": "Attr1",
    "Attribute2": "Attr2",
    "Attribute3": "Attr3",
    "Transaction": 50
  },
  {
    "Index": 4989,
    "ObjectId": "Obj4989",
    "Attribute1": "Attr1",
    "Attribute2": "Attr2",
    "Attribute3": "Attr3",
    "Transaction": 50
  },
  {
    "Index": 4990,
    "ObjectId": "Obj4990",
    "Attribute1": "Attr1",
    "Attribute2": "Attr2",
    "Attribute3": "Attr3",
    "Transaction": 50
  },
  {
    "Index": 4991,
    "ObjectId": "Obj4991",
    "Attribute1": "Attr1",
    "Attribute2": "Attr2",
    "Attribute3": "Attr3",
    "Transaction": 50
  },
  {
    "Index": 4992,
    "ObjectId": "Obj4992",
    "Attribute1": "Attr1",
    "Attribute2": "Attr2",
    "Attribute3": "Attr3",
    "Transaction": 50
  },
  {
    "Index": 4993,
    "ObjectId": "Obj4993",
    "Attribute1": "Attr1",
    "Attribute2": "Attr2",
    "Attribute3": "Attr3",
    "Transaction": 50
  },
  {
    "Index": 4994,
    "ObjectId": "Obj4994",
    "Attribute1": "Attr1",
    "Attribute2": "Attr2",
    "Attribute3": "Attr3",
    "Transaction": 50
  },
  {
    "Index": 4995,
    "ObjectId": "Obj4995",
    "Attribute1": "Attr1",
    "Attribute2": "Attr2",
    "Attribute3": "Attr3",
    "Transaction": 50
  },
  {
    "Index": 4996,
    "ObjectId": "Obj4996",
    "Attribute1": "Attr1",
    "Attribute2": "Attr2",
    "Attribute3": "Attr3",
    "Transaction": 50
  },
  {
    "Index": 4997,
    "ObjectId": "Obj4997",
    "Attribute1": "Attr1",
    "Attribute2": "Attr2",
    "Attribute3": "Attr3",
    "Transaction": 50
  },
  {
    "Index": 4998,
    "ObjectId": "Obj4998",
    "Attribute1": "Attr1",
    "Attribute2": "Attr2",
    "Attribute3": "Attr3",
    "Transaction": 50
  },
  {
    "Index": 4999,
    "ObjectId": "Obj4999",
    "Attribute1": "Attr1",
    "Attribute2": "Attr2",
    "Attribute3": "Attr3",
    "Transaction": 50
  },
  {
    "Index": 5000,
    "ObjectId": "Obj5000",
    "Attribute1": "Attr1",
    "Attribute2": "Attr2",
    "Attribute3": "Attr3",
    "Transaction": 50
  }
]