[
  {
    "Index": 601,
    "ObjectId": "Obj601",
    "Attribute1": "Attr1",
    "Attribute2": "Attr2",
    "Attribute3": "Attr3",
    "Transaction": 7
  },
  {
    "Index": 602,
    "ObjectId": "Obj602",
    "Attribute1": "Attr1",
    "Attribute2": "Attr2",
    "Attribute3": "Attr3",
    "Transaction": 7
  },
  {
    "Index": 603,
    "ObjectId": "Obj603",
    "Attribute1": "Attr1",
    "Attribute2": "Attr2",
    "Attribute3": "Attr3",
    "Transaction": 7
  },
  {
    "Index": 604,
    "ObjectId": "Obj604",
    "Attribute1": "Attr1",
    "Attribute2": "Attr2",
    "Attribute3": "Attr3",
    "Transaction": 7
  },
  {
    "Index": 605,
    "ObjectId": "Obj605",
    "Attribute1": "Attr1",
    "Attribute2": "Attr2",
    "Attribute3": "Attr3",
    "Transaction": 7
  },
  {
    "Index": 606,
    "ObjectId": "Obj606",
    "Attribute1": "Attr1",
    "Attribute2": "Attr2",
    "Attribute3": "Attr3",
    "Transaction": 7
  },
  {
    "Index": 607,
    "ObjectId": "Obj607",
    "Attribute1": "Attr1",
    "Attribute2": "Attr2",
    "Attribute3": "Attr3",
    "Transaction": 7
  },
  {
    "Index": 608,
    "ObjectId": "Obj608",
    "Attribute1": "Attr1",
    "Attribute2": "Attr2",
    "Attribute3": "Attr3",
    "Transaction": 7
  },
  {
    "Index": 609,
    "ObjectId": "Obj609",
    "Attribute1": "Attr1",
    "Attribute2": "Attr2",
    "Attribute3": "Attr3",
    "Transaction": 7
  },
  {
    "Index": 610,
    "ObjectId": "Obj610",
    "Attribute1": "Attr1",
    "Attribute2": "Attr2",
    "Attribute3": "Attr3",
    "Transaction": 7
  },
  {
    "Index": 611,
    "ObjectId": "Obj611",
    "Attribute1": "Attr1",
    "Attribute2": "Attr2",
    "Attribute3": "Attr3",
    "Transaction": 7
  },
  {
    "Index": 612,
    "ObjectId": "Obj612",
    "Attribute1": "Attr1",
    "Attribute2": "Attr2",
    "Attribute3": "Attr3",
    "Transaction": 7
  },
  {
    "Index": 613,
    "ObjectId": "Obj613",
    "Attribute1": "Attr1",
    "Attribute2": "Attr2",
    "Attribute3": "Attr3",
    "Transaction": 7
  },
  {
    "Index": 614,
    "ObjectId": "Obj614",
    "Attribute1": "Attr1",
    "Attribute2": "Attr2",
    "Attribute3": "Attr3",
    "Transaction": 7
  },
  {
    "Index": 615,
    "ObjectId": "Obj615",
    "Attribute1": "Attr1",
    "Attribute2": "Attr2",
    "Attribute3": "Attr3",
    "Transaction": 7
  },
  {
    "Index": 616,
    "ObjectId": "Obj616",
    "Attribute1": "Attr1",
    "Attribute2": "Attr2",
    "Attribute3": "Attr3",
    "Transaction": 7
  },
  {
    "Index": 617,
    "ObjectId": "Obj617",
    "Attribute1": "Attr1",
    "Attribute2": "Attr2",
    "Attribute3": "Attr3",
    "Transaction": 7
  },
  {
    "Index": 618,
    "ObjectId": "Obj618",
    "Attribute1": "Attr1",
    "Attribute2": "Attr2",
    "Attribute3": "Attr3",
    "Transaction": 7
  },
  {
    "Index": 619,
    "ObjectId": "Obj619",
    "Attribute1": "Attr1",
    "Attribute2": "Attr2",
    "Attribute3": "Attr3",
    "Transaction": 7
  },
  {
    "Index": 620,
    "ObjectId": "Obj620",
    "Attribute1": "Attr1",
    "Attribute2": "Attr2",
    "Attribute3": "Attr3",
    "Transaction": 7
  },
  {
    "Index": 621,
    "ObjectId": "Obj621",
    "Attribute1": "Attr1",
    "Attribute2": "Attr2",
    "Attribute3": "Attr3",
    "Transaction": 7
  },
  {
    "Index": 622,
    "ObjectId": "Obj622",
    "Attribute1": "Attr1",
    "Attribute2": "Attr2",
    "Attribute3": "Attr3",
    "Transaction": 7
  },
  {
    "Index": 623,
    "ObjectId": "Obj623",
    "Attribute1": "Attr1",
    "Attribute2": "Attr2",
    "Attribute3": "Attr3",
    "Transaction": 7
  },
  {
    "Index": 624,
    "ObjectId": "Obj624",
    "Attribute1": "Attr1",
    "Attribute2": "Attr2",
    "Attribute3": "Attr3",
    "Transaction": 7
  },
  {
    "Index": 625,
    "ObjectId": "Obj625",
    "Attribute1": "Attr1",
    "Attribute2": "Attr2",
    "Attribute3": "Attr3",
    "Transaction": 7
  },
  {
    "Index": 626,
    "ObjectId": "Obj626",
    "Attribute1": "Attr1",
    "Attribute2": "Attr2",
    "Attribute3": "Attr3",
    "Transaction": 7
  },
  {
    "Index": 627,
    "ObjectId": "Obj627",
    "Attribute1": "Attr1",
    "Attribute2": "Attr2",
    "Attribute3": "Attr3",
    "Transaction": 7
  },
  {
    "Index": 628,
    "ObjectId": "Obj628",
    "Attribute1": "Attr1",
    "Attribute2": "Attr2",
    "Attribute3": "Attr3",
    "Transaction": 7
  },
  {
    "Index": 629,
    "ObjectId": "Obj629",
    "Attribute1": "Attr1",
    "Attribute2": "Attr2",
    "Attribute3": "Attr3",
    "Transaction": 7
  },
  {
    "Index": 630,
    "ObjectId": "Obj630",
    "Attribute1": "Attr1",
    "Attribute2": "Attr2",
    "Attribute3": "Attr3",
    "Transaction": 7
  },
  {
    "Index": 631,
    "ObjectId": "Obj631",
    "Attribute1": "Attr1",
    "Attribute2": "Attr2",
    "Attribute3": "Attr3",
    "Transaction": 7
  },
  {
    "Index": 632,
    "ObjectId": "Obj632",
    "Attribute1": "Attr1",
    "Attribute2": "Attr2",
    "Attribute3": "Attr3",
    "Transaction": 7
  },
  {
    "Index": 633,
    "ObjectId": "Obj633",
    "Attribute1": "Attr1",
    "Attribute2": "Attr2",
    "Attribute3": "Attr3",
    "Transaction": 7
  },
  {
    "Index": 634,
    "ObjectId": "Obj634",
    "Attribute1": "Attr1",
    "Attribute2": "Attr2",
    "Attribute3": "Attr3",
    "Transaction": 7
  },
  {
    "Index": 635,
    "ObjectId": "Obj635",
    "Attribute1": "Attr1",
    "Attribute2": "Attr2",
    "Attribute3": "Attr3",
    "Transaction": 7
  },
  {
    "Index": 636,
    "ObjectId": "Obj636",
    "Attribute1": "Attr1",
    "Attribute2": "Attr2",
    "Attribute3": "Attr3",
    "Transaction": 7
  },
  {
    "Index": 637,
    "ObjectId": "Obj637",
    "Attribute1": "Attr1",
    "Attribute2": "Attr2",
    "Attribute3": "Attr3",
    "Transaction": 7
  },
  {
    "Index": 638,
    "ObjectId": "Obj638",
    "Attribute1": "Attr1",
    "Attribute2": "Attr2",
    "Attribute3": "Attr3",
    "Transaction": 7
  },
  {
    "Index": 639,
    "ObjectId": "Obj639",
    "Attribute1": "Attr1",
    "Attribute2": "Attr2",
    "Attribute3": "Attr3",
    "Transaction": 7
  },
  {
    "Index": 640,
    "ObjectId": "Obj640",
    "Attribute1": "Attr1",
    "Attribute2": "Attr2",
    "Attribute3": "Attr3",
    "Transaction": 7
  },
  {
    "Index": 641,
    "ObjectId": "Obj641",
    "Attribute1": "Attr1",
    "Attribute2": "Attr2",
    "Attribute3": "Attr3",
    "Transaction": 7
  },
  {
    "Index": 642,
    "ObjectId": "Obj642",
    "Attribute1": "Attr1",
    "Attribute2": "Attr2",
    "Attribute3": "Attr3",
    "Transaction": 7
  },
  {
    "Index": 643,
    "ObjectId": "Obj643",
    "Attribute1": "Attr1",
    "Attribute2": "Attr2",
    "Attribute3": "Attr3",
    "Transaction": 7
  },
  {
    "Index": 644,
    "ObjectId": "Obj644",
    "Attribute1": "Attr1",
    "Attribute2": "Attr2",
    "Attribute3": "Attr3",
    "Transaction": 7
  },
  {
    "Index": 645,
    "ObjectId": "Obj645",
    "Attribute1": "Attr1",
    "Attribute2": "Attr2",
    "Attribute3": "Attr3",
    "Transaction": 7
  },
  {
    "Index": 646,
    "ObjectId": "Obj646",
    "Attribute1": "Attr1",
    "Attribute2": "Attr2",
    "Attribute3": "Attr3",
    "Transaction": 7
  },
  {
    "Index": 647,
    "ObjectId": "Obj647",
    "Attribute1": "Attr1",
    "Attribute2": "Attr2",
    "Attribute3": "Attr3",
    "Transaction": 7
  },
  {
    "Index": 648,
    "ObjectId": "Obj648",
    "Attribute1": "Attr1",
    "Attribute2": "Attr2",
    "Attribute3": "Attr3",
    "Transaction": 7
  },
  {
    "Index": 649,
    "ObjectId": "Obj649",
    "Attribute1": "Attr1",
    "Attribute2": "Attr2",
    "Attribute3": "Attr3",
    "Transaction": 7
  },
  {
    "Index": 650,
    "ObjectId": "Obj650",
    "Attribute1": "Attr1",
    "Attribute2": "Attr2",
    "Attribute3": "Attr3",
    "Transaction": 7
  },
  {
    "Index": 651,
    "ObjectId": "Obj651",
    "Attribute1": "Attr1",
    "Attribute2": "Attr2",
    "Attribute3": "Attr3",
    "Transaction": 7
  },
  {
    "Index": 652,
    "ObjectId": "Obj652",
    "Attribute1": "Attr1",
    "Attribute2": "Attr2",
    "Attribute3": "Attr3",
    "Transaction": 7
  },
  {
    "Index": 653,
    "ObjectId": "Obj653",
    "Attribute1": "Attr1",
    "Attribute2": "Attr2",
    "Attribute3": "Attr3",
    "Transaction": 7
  },
  {
    "Index": 654,
    "ObjectId": "Obj654",
    "Attribute1": "Attr1",
    "Attribute2": "Attr2",
    "Attribute3": "Attr3",
    "Transaction": 7
  },
  {
    "Index": 655,
    "ObjectId": "Obj655",
    "Attribute1": "Attr1",
    "Attribute2": "Attr2",
    "Attribute3": "Attr3",
    "Transaction": 7
  },
  {
    "Index": 656,
    "ObjectId": "Obj656",
    "Attribute1": "Attr1",
    "Attribute2": "Attr2",
    "Attribute3": "Attr3",
    "Transaction": 7
  },
  {
    "Index": 657,
    "ObjectId": "Obj657",
    "Attribute1": "Attr1",
    "Attribute2": "Attr2",
    "Attribute3": "Attr3",
    "Transaction": 7
  },
  {
    "Index": 658,
    "ObjectId": "Obj658",
    "Attribute1": "Attr1",
    "Attribute2": "Attr2",
    "Attribute3": "Attr3",
    "Transaction": 7
  },
  {
    "Index": 659,
    "ObjectId": "Obj659",
    "Attribute1": "Attr1",
    "Attribute2": "Attr2",
    "Attribute3": "Attr3",
    "Transaction": 7
  },
  {
    "Index": 660,
    "ObjectId": "Obj660",
    "Attribute1": "Attr1",
    "Attribute2": "Attr2",
    "Attribute3": "Attr3",
    "Transaction": 7
  },
  {
    "Index": 661,
    "ObjectId": "Obj661",
    "Attribute1": "Attr1",
    "Attribute2": "Attr2",
    "Attribute3": "Attr3",
    "Transaction": 7
  },
  {
    "Index": 662,
    "ObjectId": "Obj662",
    "Attribute1": "Attr1",
    "Attribute2": "Attr2",
    "Attribute3": "Attr3",
    "Transaction": 7
  },
  {
    "Index": 663,
    "ObjectId": "Obj663",
    "Attribute1": "Attr1",
    "Attribute2": "Attr2",
    "Attribute3": "Attr3",
    "Transaction": 7
  },
  {
    "Index": 664,
    "ObjectId": "Obj664",
    "Attribute1": "Attr1",
    "Attribute2": "Attr2",
    "Attribute3": "Attr3",
    "Transaction": 7
  },
  {
    "Index": 665,
    "ObjectId": "Obj665",
    "Attribute1": "Attr1",
    "Attribute2": "Attr2",
    "Attribute3": "Attr3",
    "Transaction": 7
  },
  {
    "Index": 666,
    "ObjectId": "Obj666",
    "Attribute1": "Attr1",
    "Attribute2": "Attr2",
    "Attribute3": "Attr3",
    "Transaction": 7
  },
  {
    "Index": 667,
    "ObjectId": "Obj667",
    "Attribute1": "Attr1",
    "Attribute2": "Attr2",
    "Attribute3": "Attr3",
    "Transaction": 7
  },
  {
    "Index": 668,
    "ObjectId": "Obj668",
    "Attribute1": "Attr1",
    "Attribute2": "Attr2",
    "Attribute3": "Attr3",
    "Transaction": 7
  },
  {
    "Index": 669,
    "ObjectId": "Obj669",
    "Attribute1": "Attr1",
    "Attribute2": "Attr2",
    "Attribute3": "Attr3",
    "Transaction": 7
  },
  {
    "Index": 670,
    "ObjectId": "Obj670",
    "Attribute1": "Attr1",
    "Attribute2": "Attr2",
    "Attribute3": "Attr3",
    "Transaction": 7
  },
  {
    "Index": 671,
    "ObjectId": "Obj671",
    "Attribute1": "Attr1",
    "Attribute2": "Attr2",
    "Attribute3": "Attr3",
    "Transaction": 7
  },
  {
    "Index": 672,
    "ObjectId": "Obj672",
    "Attribute1": "Attr1",
    "Attribute2": "Attr2",
    "Attribute3": "Attr3",
    "Transaction": 7
  },
  {
    "Index": 673,
    "ObjectId": "Obj673",
    "Attribute1": "Attr1",
    "Attribute2": "Attr2",
    "Attribute3": "Attr3",
    "Transaction": 7
  },
  {
    "Index": 674,
    "ObjectId": "Obj674",
    "Attribute1": "Attr1",
    "Attribute2": "Attr2",
    "Attribute3": "Attr3",
    "Transaction": 7
  },
  {
    "Index": 675,
    "ObjectId": "Obj675",
    "Attribute1": "Attr1",
    "Attribute2": "Attr2",
    "Attribute3": "Attr3",
    "Transaction": 7
  },
  {
    "Index": 676,
    "ObjectId": "Obj676",
    "Attribute1": "Attr1",
    "Attribute2": "Attr2",
    "Attribute3": "Attr3",
    "Transaction": 7
  },
  {
    "Index": 677,
    "ObjectId": "Obj677",
    "Attribute1": "Attr1",
    "Attribute2": "Attr2",
    "Attribute3": "Attr3",
    "Transaction": 7
  },
  {
    "Index": 678,
    "ObjectId": "Obj678",
    "Attribute1": "Attr1",
    "Attribute2": "Attr2",
    "Attribute3": "Attr3",
    "Transaction": 7
  },
  {
    "Index": 679,
    "ObjectId": "Obj679",
    "Attribute1": "Attr1",
    "Attribute2": "Attr2",
    "Attribute3": "Attr3",
    "Transaction": 7
  },
  {
    "Index": 680,
    "ObjectId": "Obj680",
    "Attribute1": "Attr1",
    "Attribute2": "Attr2",
    "Attribute3": "Attr3",
    "Transaction": 7
  },
  {
    "Index": 681,
    "ObjectId": "Obj681",
    "Attribute1": "Attr1",
    "Attribute2": "Attr2",
    "Attribute3": "Attr3",
    "Transaction": 7
  },
  {
    "Index": 682,
    "ObjectId": "Obj682",
    "Attribute1": "Attr1",
    "Attribute2": "Attr2",
    "Attribute3": "Attr3",
    "Transaction": 7
  },
  {
    "Index": 683,
    "ObjectId": "Obj683",
    "Attribute1": "Attr1",
    "Attribute2": "Attr2",
    "Attribute3": "Attr3",
    "Transaction": 7
  },
  {
    "Index": 684,
    "ObjectId": "Obj684",
    "Attribute1": "Attr1",
    "Attribute2": "Attr2",
    "Attribute3": "Attr3",
    "Transaction": 7
  },
  {
    "Index": 685,
    "ObjectId": "Obj685",
    "Attribute1": "Attr1",
    "Attribute2": "Attr2",
    "Attribute3": "Attr3",
    "Transaction": 7
  },
  {
    "Index": 686,
    "ObjectId": "Obj686",
    "Attribute1": "Attr1",
    "Attribute2": "Attr2",
    "Attribute3": "Attr3",
    "Transaction": 7
  },
  {
    "Index": 687,
    "ObjectId": "Obj687",
    "Attribute1": "Attr1",
    "Attribute2": "Attr2",
    "Attribute3": "Attr3",
    "Transaction": 7
  },
  {
    "Index": 688,
    "ObjectId": "Obj688",
    "Attribute1": "Attr1",
    "Attribute2": "Attr2",
    "Attribute3": "Attr3",
    "Transaction": 7
  },
  {
    "Index": 689,
    "ObjectId": "Obj689",
    "Attribute1": "Attr1",
    "Attribute2": "Attr2",
    "Attribute3": "Attr3",
    "Transaction": 7
  },
  {
    "Index": 690,
    "ObjectId": "Obj690",
    "Attribute1": "Attr1",
    "Attribute2": "Attr2",
    "Attribute3": "Attr3",
    "Transaction": 7
  },
  {
    "Index": 691,
    "ObjectId": "Obj691",
    "Attribute1": "Attr1",
    "Attribute2": "Attr2",
    "Attribute3": "Attr3",
    "Transaction": 7
  },
  {
    "Index": 692,
    "ObjectId": "Obj692",
    "Attribute1": "Attr1",
    "Attribute2": "Attr2",
    "Attribute3": "Attr3",
    "Transaction": 7
  },
  {
    "Index": 693,
    "ObjectId": "Obj693",
    "Attribute1": "Attr1",
    "Attribute2": "Attr2",
    "Attribute3": "Attr3",
    "Transaction": 7
  },
  {
    "Index": 694,
    "ObjectId": "Obj694",
    "Attribute1": "Attr1",
    "Attribute2": "Attr2",
    "Attribute3": "Attr3",
    "Transaction": 7
  },
  {
    "Index": 695,
    "ObjectId": "Obj695",
    "Attribute1": "Attr1",
    "Attribute2": "Attr2",
    "Attribute3": "Attr3",
    "Transaction": 7
  },
  {
    "Index": 696,
    "ObjectId": "Obj696",
    "Attribute1": "Attr1",
    "Attribute2": "Attr2",
    "Attribute3": "Attr3",
    "Transaction": 7
  },
  {
    "Index": 697,
    "ObjectId": "Obj697",
    "Attribute1": "Attr1",
    "Attribute2": "Attr2",
    "Attribute3": "Attr3",
    "Transaction": 7
  },
  {
    "Index": 698,
    "ObjectId": "Obj698",
    "Attribute1": "Attr1",
    "Attribute2": "Attr2",
    "Attribute3": "Attr3",
    "Transaction": 7
  },
  {
    "Index": 699,
    "ObjectId": "Obj699",
    "Attribute1": "Attr1",
    "Attribute2": "Attr2",
    "Attribute3": "Attr3",
    "Transaction": 7
  },
  {
    "Index": 700,
    "ObjectId": "Obj700",
    "Attribute1": "Attr1",
    "Attribute2": "Attr2",
    "Attribute3": "Attr3",
    "Transaction": 7
  }
]