[
  {
    "Index": 701,
    "ObjectId": "Obj701",
    "Attribute1": "Attr1",
    "Attribute2": "Attr2",
    "Attribute3": "Attr3",
    "Transaction": 8
  },
  {
    "Index": 702,
    "ObjectId": "Obj702",
    "Attribute1": "Attr1",
    "Attribute2": "Attr2",
    "Attribute3": "Attr3",
    "Transaction": 8
  },
  {
    "Index": 703,
    "ObjectId": "Obj703",
    "Attribute1": "Attr1",
    "Attribute2": "Attr2",
    "Attribute3": "Attr3",
    "Transaction": 8
  },
  {
    "Index": 704,
    "ObjectId": "Obj704",
    "Attribute1": "Attr1",
    "Attribute2": "Attr2",
    "Attribute3": "Attr3",
    "Transaction": 8
  },
  {
    "Index": 705,
    "ObjectId": "Obj705",
    "Attribute1": "Attr1",
    "Attribute2": "Attr2",
    "Attribute3": "Attr3",
    "Transaction": 8
  },
  {
    "Index": 706,
    "ObjectId": "Obj706",
    "Attribute1": "Attr1",
    "Attribute2": "Attr2",
    "Attribute3": "Attr3",
    "Transaction": 8
  },
  {
    "Index": 707,
    "ObjectId": "Obj707",
    "Attribute1": "Attr1",
    "Attribute2": "Attr2",
    "Attribute3": "Attr3",
    "Transaction": 8
  },
  {
    "Index": 708,
    "ObjectId": "Obj708",
    "Attribute1": "Attr1",
    "Attribute2": "Attr2",
    "Attribute3": "Attr3",
    "Transaction": 8
  },
  {
    "Index": 709,
    "ObjectId": "Obj709",
    "Attribute1": "Attr1",
    "Attribute2": "Attr2",
    "Attribute3": "Attr3",
    "Transaction": 8
  },
  {
    "Index": 710,
    "ObjectId": "Obj710",
    "Attribute1": "Attr1",
    "Attribute2": "Attr2",
    "Attribute3": "Attr3",
    "Transaction": 8
  },
  {
    "Index": 711,
    "ObjectId": "Obj711",
    "Attribute1": "Attr1",
    "Attribute2": "Attr2",
    "Attribute3": "Attr3",
    "Transaction": 8
  },
  {
    "Index": 712,
    "ObjectId": "Obj712",
    "Attribute1": "Attr1",
    "Attribute2": "Attr2",
    "Attribute3": "Attr3",
    "Transaction": 8
  },
  {
    "Index": 713,
    "ObjectId": "Obj713",
    "Attribute1": "Attr1",
    "Attribute2": "Attr2",
    "Attribute3": "Attr3",
    "Transaction": 8
  },
  {
    "Index": 714,
    "ObjectId": "Obj714",
    "Attribute1": "Attr1",
    "Attribute2": "Attr2",
    "Attribute3": "Attr3",
    "Transaction": 8
  },
  {
    "Index": 715,
    "ObjectId": "Obj715",
    "Attribute1": "Attr1",
    "Attribute2": "Attr2",
    "Attribute3": "Attr3",
    "Transaction": 8
  },
  {
    "Index": 716,
    "ObjectId": "Obj716",
    "Attribute1": "Attr1",
    "Attribute2": "Attr2",
    "Attribute3": "Attr3",
    "Transaction": 8
  },
  {
    "Index": 717,
    "ObjectId": "Obj717",
    "Attribute1": "Attr1",
    "Attribute2": "Attr2",
    "Attribute3": "Attr3",
    "Transaction": 8
  },
  {
    "Index": 718,
    "ObjectId": "Obj718",
    "Attribute1": "Attr1",
    "Attribute2": "Attr2",
    "Attribute3": "Attr3",
    "Transaction": 8
  },
  {
    "Index": 719,
    "ObjectId": "Obj719",
    "Attribute1": "Attr1",
    "Attribute2": "Attr2",
    "Attribute3": "Attr3",
    "Transaction": 8
  },
  {
    "Index": 720,
    "ObjectId": "Obj720",
    "Attribute1": "Attr1",
    "Attribute2": "Attr2",
    "Attribute3": "Attr3",
    "Transaction": 8
  },
  {
    "Index": 721,
    "ObjectId": "Obj721",
    "Attribute1": "Attr1",
    "Attribute2": "Attr2",
    "Attribute3": "Attr3",
    "Transaction": 8
  },
  {
    "Index": 722,
    "ObjectId": "Obj722",
    "Attribute1": "Attr1",
    "Attribute2": "Attr2",
    "Attribute3": "Attr3",
    "Transaction": 8
  },
  {
    "Index": 723,
    "ObjectId": "Obj723",
    "Attribute1": "Attr1",
    "Attribute2": "Attr2",
    "Attribute3": "Attr3",
    "Transaction": 8
  },
  {
    "Index": 724,
    "ObjectId": "Obj724",
    "Attribute1": "Attr1",
    "Attribute2": "Attr2",
    "Attribute3": "Attr3",
    "Transaction": 8
  },
  {
    "Index": 725,
    "ObjectId": "Obj725",
    "Attribute1": "Attr1",
    "Attribute2": "Attr2",
    "Attribute3": "Attr3",
    "Transaction": 8
  },
  {
    "Index": 726,
    "ObjectId": "Obj726",
    "Attribute1": "Attr1",
    "Attribute2": "Attr2",
    "Attribute3": "Attr3",
    "Transaction": 8
  },
  {
    "Index": 727,
    "ObjectId": "Obj727",
    "Attribute1": "Attr1",
    "Attribute2": "Attr2",
    "Attribute3": "Attr3",
    "Transaction": 8
  },
  {
    "Index": 728,
    "ObjectId": "Obj728",
    "Attribute1": "Attr1",
    "Attribute2": "Attr2",
    "Attribute3": "Attr3",
    "Transaction": 8
  },
  {
    "Index": 729,
    "ObjectId": "Obj729",
    "Attribute1": "Attr1",
    "Attribute2": "Attr2",
    "Attribute3": "Attr3",
    "Transaction": 8
  },
  {
    "Index": 730,
    "ObjectId": "Obj730",
    "Attribute1": "Attr1",
    "Attribute2": "Attr2",
    "Attribute3": "Attr3",
    "Transaction": 8
  },
  {
    "Index": 731,
    "ObjectId": "Obj731",
    "Attribute1": "Attr1",
    "Attribute2": "Attr2",
    "Attribute3": "Attr3",
    "Transaction": 8
  },
  {
    "Index": 732,
    "ObjectId": "Obj732",
    "Attribute1": "Attr1",
    "Attribute2": "Attr2",
    "Attribute3": "Attr3",
    "Transaction": 8
  },
  {
    "Index": 733,
    "ObjectId": "Obj733",
    "Attribute1": "Attr1",
    "Attribute2": "Attr2",
    "Attribute3": "Attr3",
    "Transaction": 8
  },
  {
    "Index": 734,
    "ObjectId": "Obj734",
    "Attribute1": "Attr1",
    "Attribute2": "Attr2",
    "Attribute3": "Attr3",
    "Transaction": 8
  },
  {
    "Index": 735,
    "ObjectId": "Obj735",
    "Attribute1": "Attr1",
    "Attribute2": "Attr2",
    "Attribute3": "Attr3",
    "Transaction": 8
  },
  {
    "Index": 736,
    "ObjectId": "Obj736",
    "Attribute1": "Attr1",
    "Attribute2": "Attr2",
    "Attribute3": "Attr3",
    "Transaction": 8
  },
  {
    "Index": 737,
    "ObjectId": "Obj737",
    "Attribute1": "Attr1",
    "Attribute2": "Attr2",
    "Attribute3": "Attr3",
    "Transaction": 8
  },
  {
    "Index": 738,
    "ObjectId": "Obj738",
    "Attribute1": "Attr1",
    "Attribute2": "Attr2",
    "Attribute3": "Attr3",
    "Transaction": 8
  },
  {
    "Index": 739,
    "ObjectId": "Obj739",
    "Attribute1": "Attr1",
    "Attribute2": "Attr2",
    "Attribute3": "Attr3",
    "Transaction": 8
  },
  {
    "Index": 740,
    "ObjectId": "Obj740",
    "Attribute1": "Attr1",
    "Attribute2": "Attr2",
    "Attribute3": "Attr3",
    "Transaction": 8
  },
  {
    "Index": 741,
    "ObjectId": "Obj741",
    "Attribute1": "Attr1",
    "Attribute2": "Attr2",
    "Attribute3": "Attr3",
    "Transaction": 8
  },
  {
    "Index": 742,
    "ObjectId": "Obj742",
    "Attribute1": "Attr1",
    "Attribute2": "Attr2",
    "Attribute3": "Attr3",
    "Transaction": 8
  },
  {
    "Index": 743,
    "ObjectId": "Obj743",
    "Attribute1": "Attr1",
    "Attribute2": "Attr2",
    "Attribute3": "Attr3",
    "Transaction": 8
  },
  {
    "Index": 744,
    "ObjectId": "Obj744",
    "Attribute1": "Attr1",
    "Attribute2": "Attr2",
    "Attribute3": "Attr3",
    "Transaction": 8
  },
  {
    "Index": 745,
    "ObjectId": "Obj745",
    "Attribute1": "Attr1",
    "Attribute2": "Attr2",
    "Attribute3": "Attr3",
    "Transaction": 8
  },
  {
    "Index": 746,
    "ObjectId": "Obj746",
    "Attribute1": "Attr1",
    "Attribute2": "Attr2",
    "Attribute3": "Attr3",
    "Transaction": 8
  },
  {
    "Index": 747,
    "ObjectId": "Obj747",
    "Attribute1": "Attr1",
    "Attribute2": "Attr2",
    "Attribute3": "Attr3",
    "Transaction": 8
  },
  {
    "Index": 748,
    "ObjectId": "Obj748",
    "Attribute1": "Attr1",
    "Attribute2": "Attr2",
    "Attribute3": "Attr3",
    "Transaction": 8
  },
  {
    "Index": 749,
    "ObjectId": "Obj749",
    "Attribute1": "Attr1",
    "Attribute2": "Attr2",
    "Attribute3": "Attr3",
    "Transaction": 8
  },
  {
    "Index": 750,
    "ObjectId": "Obj750",
    "Attribute1": "Attr1",
    "Attribute2": "Attr2",
    "Attribute3": "Attr3",
    "Transaction": 8
  },
  {
    "Index": 751,
    "ObjectId": "Obj751",
    "Attribute1": "Attr1",
    "Attribute2": "Attr2",
    "Attribute3": "Attr3",
    "Transaction": 8
  },
  {
    "Index": 752,
    "ObjectId": "Obj752",
    "Attribute1": "Attr1",
    "Attribute2": "Attr2",
    "Attribute3": "Attr3",
    "Transaction": 8
  },
  {
    "Index": 753,
    "ObjectId": "Obj753",
    "Attribute1": "Attr1",
    "Attribute2": "Attr2",
    "Attribute3": "Attr3",
    "Transaction": 8
  },
  {
    "Index": 754,
    "ObjectId": "Obj754",
    "Attribute1": "Attr1",
    "Attribute2": "Attr2",
    "Attribute3": "Attr3",
    "Transaction": 8
  },
  {
    "Index": 755,
    "ObjectId": "Obj755",
    "Attribute1": "Attr1",
    "Attribute2": "Attr2",
    "Attribute3": "Attr3",
    "Transaction": 8
  },
  {
    "Index": 756,
    "ObjectId": "Obj756",
    "Attribute1": "Attr1",
    "Attribute2": "Attr2",
    "Attribute3": "Attr3",
    "Transaction": 8
  },
  {
    "Index": 757,
    "ObjectId": "Obj757",
    "Attribute1": "Attr1",
    "Attribute2": "Attr2",
    "Attribute3": "Attr3",
    "Transaction": 8
  },
  {
    "Index": 758,
    "ObjectId": "Obj758",
    "Attribute1": "Attr1",
    "Attribute2": "Attr2",
    "Attribute3": "Attr3",
    "Transaction": 8
  },
  {
    "Index": 759,
    "ObjectId": "Obj759",
    "Attribute1": "Attr1",
    "Attribute2": "Attr2",
    "Attribute3": "Attr3",
    "Transaction": 8
  },
  {
    "Index": 760,
    "ObjectId": "Obj760",
    "Attribute1": "Attr1",
    "Attribute2": "Attr2",
    "Attribute3": "Attr3",
    "Transaction": 8
  },
  {
    "Index": 761,
    "ObjectId": "Obj761",
    "Attribute1": "Attr1",
    "Attribute2": "Attr2",
    "Attribute3": "Attr3",
    "Transaction": 8
  },
  {
    "Index": 762,
    "ObjectId": "Obj762",
    "Attribute1": "Attr1",
    "Attribute2": "Attr2",
    "Attribute3": "Attr3",
    "Transaction": 8
  },
  {
    "Index": 763,
    "ObjectId": "Obj763",
    "Attribute1": "Attr1",
    "Attribute2": "Attr2",
    "Attribute3": "Attr3",
    "Transaction": 8
  },
  {
    "Index": 764,
    "ObjectId": "Obj764",
    "Attribute1": "Attr1",
    "Attribute2": "Attr2",
    "Attribute3": "Attr3",
    "Transaction": 8
  },
  {
    "Index": 765,
    "ObjectId": "Obj765",
    "Attribute1": "Attr1",
    "Attribute2": "Attr2",
    "Attribute3": "Attr3",
    "Transaction": 8
  },
  {
    "Index": 766,
    "ObjectId": "Obj766",
    "Attribute1": "Attr1",
    "Attribute2": "Attr2",
    "Attribute3": "Attr3",
    "Transaction": 8
  },
  {
    "Index": 767,
    "ObjectId": "Obj767",
    "Attribute1": "Attr1",
    "Attribute2": "Attr2",
    "Attribute3": "Attr3",
    "Transaction": 8
  },
  {
    "Index": 768,
    "ObjectId": "Obj768",
    "Attribute1": "Attr1",
    "Attribute2": "Attr2",
    "Attribute3": "Attr3",
    "Transaction": 8
  },
  {
    "Index": 769,
    "ObjectId": "Obj769",
    "Attribute1": "Attr1",
    "Attribute2": "Attr2",
    "Attribute3": "Attr3",
    "Transaction": 8
  },
  {
    "Index": 770,
    "ObjectId": "Obj770",
    "Attribute1": "Attr1",
    "Attribute2": "Attr2",
    "Attribute3": "Attr3",
    "Transaction": 8
  },
  {
    "Index": 771,
    "ObjectId": "Obj771",
    "Attribute1": "Attr1",
    "Attribute2": "Attr2",
    "Attribute3": "Attr3",
    "Transaction": 8
  },
  {
    "Index": 772,
    "ObjectId": "Obj772",
    "Attribute1": "Attr1",
    "Attribute2": "Attr2",
    "Attribute3": "Attr3",
    "Transaction": 8
  },
  {
    "Index": 773,
    "ObjectId": "Obj773",
    "Attribute1": "Attr1",
    "Attribute2": "Attr2",
    "Attribute3": "Attr3",
    "Transaction": 8
  },
  {
    "Index": 774,
    "ObjectId": "Obj774",
    "Attribute1": "Attr1",
    "Attribute2": "Attr2",
    "Attribute3": "Attr3",
    "Transaction": 8
  },
  {
    "Index": 775,
    "ObjectId": "Obj775",
    "Attribute1": "Attr1",
    "Attribute2": "Attr2",
    "Attribute3": "Attr3",
    "Transaction": 8
  },
  {
    "Index": 776,
    "ObjectId": "Obj776",
    "Attribute1": "Attr1",
    "Attribute2": "Attr2",
    "Attribute3": "Attr3",
    "Transaction": 8
  },
  {
    "Index": 777,
    "ObjectId": "Obj777",
    "Attribute1": "Attr1",
    "Attribute2": "Attr2",
    "Attribute3": "Attr3",
    "Transaction": 8
  },
  {
    "Index": 778,
    "ObjectId": "Obj778",
    "Attribute1": "Attr1",
    "Attribute2": "Attr2",
    "Attribute3": "Attr3",
    "Transaction": 8
  },
  {
    "Index": 779,
    "ObjectId": "Obj779",
    "Attribute1": "Attr1",
    "Attribute2": "Attr2",
    "Attribute3": "Attr3",
    "Transaction": 8
  },
  {
    "Index": 780,
    "ObjectId": "Obj780",
    "Attribute1": "Attr1",
    "Attribute2": "Attr2",
    "Attribute3": "Attr3",
    "Transaction": 8
  },
  {
    "Index": 781,
    "ObjectId": "Obj781",
    "Attribute1": "Attr1",
    "Attribute2": "Attr2",
    "Attribute3": "Attr3",
    "Transaction": 8
  },
  {
    "Index": 782,
    "ObjectId": "Obj782",
    "Attribute1": "Attr1",
    "Attribute2": "Attr2",
    "Attribute3": "Attr3",
    "Transaction": 8
  },
  {
    "Index": 783,
    "ObjectId": "Obj783",
    "Attribute1": "Attr1",
    "Attribute2": "Attr2",
    "Attribute3": "Attr3",
    "Transaction": 8
  },
  {
    "Index": 784,
    "ObjectId": "Obj784",
    "Attribute1": "Attr1",
    "Attribute2": "Attr2",
    "Attribute3": "Attr3",
    "Transaction": 8
  },
  {
    "Index": 785,
    "ObjectId": "Obj785",
    "Attribute1": "Attr1",
    "Attribute2": "Attr2",
    "Attribute3": "Attr3",
    "Transaction": 8
  },
  {
    "Index": 786,
    "ObjectId": "Obj786",
    "Attribute1": "Attr1",
    "Attribute2": "Attr2",
    "Attribute3": "Attr3",
    "Transaction": 8
  },
  {
    "Index": 787,
    "ObjectId": "Obj787",
    "Attribute1": "Attr1",
    "Attribute2": "Attr2",
    "Attribute3": "Attr3",
    "Transaction": 8
  },
  {
    "Index": 788,
    "ObjectId": "Obj788",
    "Attribute1": "Attr1",
    "Attribute2": "Attr2",
    "Attribute3": "Attr3",
    "Transaction": 8
  },
  {
    "Index": 789,
    "ObjectId": "Obj789",
    "Attribute1": "Attr1",
    "Attribute2": "Attr2",
    "Attribute3": "Attr3",
    "Transaction": 8
  },
  {
    "Index": 790,
    "ObjectId": "Obj790",
    "Attribute1": "Attr1",
    "Attribute2": "Attr2",
    "Attribute3": "Attr3",
    "Transaction": 8
  },
  {
    "Index": 791,
    "ObjectId": "Obj791",
    "Attribute1": "Attr1",
    "Attribute2": "Attr2",
    "Attribute3": "Attr3",
    "Transaction": 8
  },
  {
    "Index": 792,
    "ObjectId": "Obj792",
    "Attribute1": "Attr1",
    "Attribute2": "Attr2",
    "Attribute3": "Attr3",
    "Transaction": 8
  },
  {
    "Index": 793,
    "ObjectId": "Obj793",
    "Attribute1": "Attr1",
    "Attribute2": "Attr2",
    "Attribute3": "Attr3",
    "Transaction": 8
  },
  {
    "Index": 794,
    "ObjectId": "Obj794",
    "Attribute1": "Attr1",
    "Attribute2": "Attr2",
    "Attribute3": "Attr3",
    "Transaction": 8
  },
  {
    "Index": 795,
    "ObjectId": "Obj795",
    "Attribute1": "Attr1",
    "Attribute2": "Attr2",
    "Attribute3": "Attr3",
    "Transaction": 8
  },
  {
    "Index": 796,
    "ObjectId": "Obj796",
    "Attribute1": "Attr1",
    "Attribute2": "Attr2",
    "Attribute3": "Attr3",
    "Transaction": 8
  },
  {
    "Index": 797,
    "ObjectId": "Obj797",
    "Attribute1": "Attr1",
    "Attribute2": "Attr2",
    "Attribute3": "Attr3",
    "Transaction": 8
  },
  {
    "Index": 798,
    "ObjectId": "Obj798",
    "Attribute1": "Attr1",
    "Attribute2": "Attr2",
    "Attribute3": "Attr3",
    "Transaction": 8
  },
  {
    "Index": 799,
    "ObjectId": "Obj799",
    "Attribute1": "Attr1",
    "Attribute2": "Attr2",
    "Attribute3": "Attr3",
    "Transaction": 8
  },
  {
    "Index": 800,
    "ObjectId": "Obj800",
    "Attribute1": "Attr1",
    "Attribute2": "Attr2",
    "Attribute3": "Attr3",
    "Transaction": 8
  }
]