[
  {
    "Index": 3801,
    "ObjectId": "Obj3801",
    "Attribute1": "Attr1",
    "Attribute2": "Attr2",
    "Attribute3": "Attr3",
    "Transaction": 39
  },
  {
    "Index": 3802,
    "ObjectId": "Obj3802",
    "Attribute1": "Attr1",
    "Attribute2": "Attr2",
    "Attribute3": "Attr3",
    "Transaction": 39
  },
  {
    "Index": 3803,
    "ObjectId": "Obj3803",
    "Attribute1": "Attr1",
    "Attribute2": "Attr2",
    "Attribute3": "Attr3",
    "Transaction": 39
  },
  {
    "Index": 3804,
    "ObjectId": "Obj3804",
    "Attribute1": "Attr1",
    "Attribute2": "Attr2",
    "Attribute3": "Attr3",
    "Transaction": 39
  },
  {
    "Index": 3805,
    "ObjectId": "Obj3805",
    "Attribute1": "Attr1",
    "Attribute2": "Attr2",
    "Attribute3": "Attr3",
    "Transaction": 39
  },
  {
    "Index": 3806,
    "ObjectId": "Obj3806",
    "Attribute1": "Attr1",
    "Attribute2": "Attr2",
    "Attribute3": "Attr3",
    "Transaction": 39
  },
  {
    "Index": 3807,
    "ObjectId": "Obj3807",
    "Attribute1": "Attr1",
    "Attribute2": "Attr2",
    "Attribute3": "Attr3",
    "Transaction": 39
  },
  {
    "Index": 3808,
    "ObjectId": "Obj3808",
    "Attribute1": "Attr1",
    "Attribute2": "Attr2",
    "Attribute3": "Attr3",
    "Transaction": 39
  },
  {
    "Index": 3809,
    "ObjectId": "Obj3809",
    "Attribute1": "Attr1",
    "Attribute2": "Attr2",
    "Attribute3": "Attr3",
    "Transaction": 39
  },
  {
    "Index": 3810,
    "ObjectId": "Obj3810",
    "Attribute1": "Attr1",
    "Attribute2": "Attr2",
    "Attribute3": "Attr3",
    "Transaction": 39
  },
  {
    "Index": 3811,
    "ObjectId": "Obj3811",
    "Attribute1": "Attr1",
    "Attribute2": "Attr2",
    "Attribute3": "Attr3",
    "Transaction": 39
  },
  {
    "Index": 3812,
    "ObjectId": "Obj3812",
    "Attribute1": "Attr1",
    "Attribute2": "Attr2",
    "Attribute3": "Attr3",
    "Transaction": 39
  },
  {
    "Index": 3813,
    "ObjectId": "Obj3813",
    "Attribute1": "Attr1",
    "Attribute2": "Attr2",
    "Attribute3": "Attr3",
    "Transaction": 39
  },
  {
    "Index": 3814,
    "ObjectId": "Obj3814",
    "Attribute1": "Attr1",
    "Attribute2": "Attr2",
    "Attribute3": "Attr3",
    "Transaction": 39
  },
  {
    "Index": 3815,
    "ObjectId": "Obj3815",
    "Attribute1": "Attr1",
    "Attribute2": "Attr2",
    "Attribute3": "Attr3",
    "Transaction": 39
  },
  {
    "Index": 3816,
    "ObjectId": "Obj3816",
    "Attribute1": "Attr1",
    "Attribute2": "Attr2",
    "Attribute3": "Attr3",
    "Transaction": 39
  },
  {
    "Index": 3817,
    "ObjectId": "Obj3817",
    "Attribute1": "Attr1",
    "Attribute2": "Attr2",
    "Attribute3": "Attr3",
    "Transaction": 39
  },
  {
    "Index": 3818,
    "ObjectId": "Obj3818",
    "Attribute1": "Attr1",
    "Attribute2": "Attr2",
    "Attribute3": "Attr3",
    "Transaction": 39
  },
  {
    "Index": 3819,
    "ObjectId": "Obj3819",
    "Attribute1": "Attr1",
    "Attribute2": "Attr2",
    "Attribute3": "Attr3",
    "Transaction": 39
  },
  {
    "Index": 3820,
    "ObjectId": "Obj3820",
    "Attribute1": "Attr1",
    "Attribute2": "Attr2",
    "Attribute3": "Attr3",
    "Transaction": 39
  },
  {
    "Index": 3821,
    "ObjectId": "Obj3821",
    "Attribute1": "Attr1",
    "Attribute2": "Attr2",
    "Attribute3": "Attr3",
    "Transaction": 39
  },
  {
    "Index": 3822,
    "ObjectId": "Obj3822",
    "Attribute1": "Attr1",
    "Attribute2": "Attr2",
    "Attribute3": "Attr3",
    "Transaction": 39
  },
  {
    "Index": 3823,
    "ObjectId": "Obj3823",
    "Attribute1": "Attr1",
    "Attribute2": "Attr2",
    "Attribute3": "Attr3",
    "Transaction": 39
  },
  {
    "Index": 3824,
    "ObjectId": "Obj3824",
    "Attribute1": "Attr1",
    "Attribute2": "Attr2",
    "Attribute3": "Attr3",
    "Transaction": 39
  },
  {
    "Index": 3825,
    "ObjectId": "Obj3825",
    "Attribute1": "Attr1",
    "Attribute2": "Attr2",
    "Attribute3": "Attr3",
    "Transaction": 39
  },
  {
    "Index": 3826,
    "ObjectId": "Obj3826",
    "Attribute1": "Attr1",
    "Attribute2": "Attr2",
    "Attribute3": "Attr3",
    "Transaction": 39
  },
  {
    "Index": 3827,
    "ObjectId": "Obj3827",
    "Attribute1": "Attr1",
    "Attribute2": "Attr2",
    "Attribute3": "Attr3",
    "Transaction": 39
  },
  {
    "Index": 3828,
    "ObjectId": "Obj3828",
    "Attribute1": "Attr1",
    "Attribute2": "Attr2",
    "Attribute3": "Attr3",
    "Transaction": 39
  },
  {
    "Index": 3829,
    "ObjectId": "Obj3829",
    "Attribute1": "Attr1",
    "Attribute2": "Attr2",
    "Attribute3": "Attr3",
    "Transaction": 39
  },
  {
    "Index": 3830,
    "ObjectId": "Obj3830",
    "Attribute1": "Attr1",
    "Attribute2": "Attr2",
    "Attribute3": "Attr3",
    "Transaction": 39
  },
  {
    "Index": 3831,
    "ObjectId": "Obj3831",
    "Attribute1": "Attr1",
    "Attribute2": "Attr2",
    "Attribute3": "Attr3",
    "Transaction": 39
  },
  {
    "Index": 3832,
    "ObjectId": "Obj3832",
    "Attribute1": "Attr1",
    "Attribute2": "Attr2",
    "Attribute3": "Attr3",
    "Transaction": 39
  },
  {
    "Index": 3833,
    "ObjectId": "Obj3833",
    "Attribute1": "Attr1",
    "Attribute2": "Attr2",
    "Attribute3": "Attr3",
    "Transaction": 39
  },
  {
    "Index": 3834,
    "ObjectId": "Obj3834",
    "Attribute1": "Attr1",
    "Attribute2": "Attr2",
    "Attribute3": "Attr3",
    "Transaction": 39
  },
  {
    "Index": 3835,
    "ObjectId": "Obj3835",
    "Attribute1": "Attr1",
    "Attribute2": "Attr2",
    "Attribute3": "Attr3",
    "Transaction": 39
  },
  {
    "Index": 3836,
    "ObjectId": "Obj3836",
    "Attribute1": "Attr1",
    "Attribute2": "Attr2",
    "Attribute3": "Attr3",
    "Transaction": 39
  },
  {
    "Index": 3837,
    "ObjectId": "Obj3837",
    "Attribute1": "Attr1",
    "Attribute2": "Attr2",
    "Attribute3": "Attr3",
    "Transaction": 39
  },
  {
    "Index": 3838,
    "ObjectId": "Obj3838",
    "Attribute1": "Attr1",
    "Attribute2": "Attr2",
    "Attribute3": "Attr3",
    "Transaction": 39
  },
  {
    "Index": 3839,
    "ObjectId": "Obj3839",
    "Attribute1": "Attr1",
    "Attribute2": "Attr2",
    "Attribute3": "Attr3",
    "Transaction": 39
  },
  {
    "Index": 3840,
    "ObjectId": "Obj3840",
    "Attribute1": "Attr1",
    "Attribute2": "Attr2",
    "Attribute3": "Attr3",
    "Transaction": 39
  },
  {
    "Index": 3841,
    "ObjectId": "Obj3841",
    "Attribute1": "Attr1",
    "Attribute2": "Attr2",
    "Attribute3": "Attr3",
    "Transaction": 39
  },
  {
    "Index": 3842,
    "ObjectId": "Obj3842",
    "Attribute1": "Attr1",
    "Attribute2": "Attr2",
    "Attribute3": "Attr3",
    "Transaction": 39
  },
  {
    "Index": 3843,
    "ObjectId": "Obj3843",
    "Attribute1": "Attr1",
    "Attribute2": "Attr2",
    "Attribute3": "Attr3",
    "Transaction": 39
  },
  {
    "Index": 3844,
    "ObjectId": "Obj3844",
    "Attribute1": "Attr1",
    "Attribute2": "Attr2",
    "Attribute3": "Attr3",
    "Transaction": 39
  },
  {
    "Index": 3845,
    "ObjectId": "Obj3845",
    "Attribute1": "Attr1",
    "Attribute2": "Attr2",
    "Attribute3": "Attr3",
    "Transaction": 39
  },
  {
    "Index": 3846,
    "ObjectId": "Obj3846",
    "Attribute1": "Attr1",
    "Attribute2": "Attr2",
    "Attribute3": "Attr3",
    "Transaction": 39
  },
  {
    "Index": 3847,
    "ObjectId": "Obj3847",
    "Attribute1": "Attr1",
    "Attribute2": "Attr2",
    "Attribute3": "Attr3",
    "Transaction": 39
  },
  {
    "Index": 3848,
    "ObjectId": "Obj3848",
    "Attribute1": "Attr1",
    "Attribute2": "Attr2",
    "Attribute3": "Attr3",
    "Transaction": 39
  },
  {
    "Index": 3849,
    "ObjectId": "Obj3849",
    "Attribute1": "Attr1",
    "Attribute2": "Attr2",
    "Attribute3": "Attr3",
    "Transaction": 39
  },
  {
    "Index": 3850,
    "ObjectId": "Obj3850",
    "Attribute1": "Attr1",
    "Attribute2": "Attr2",
    "Attribute3": "Attr3",
    "Transaction": 39
  },
  {
    "Index": 3851,
    "ObjectId": "Obj3851",
    "Attribute1": "Attr1",
    "Attribute2": "Attr2",
    "Attribute3": "Attr3",
    "Transaction": 39
  },
  {
    "Index": 3852,
    "ObjectId": "Obj3852",
    "Attribute1": "Attr1",
    "Attribute2": "Attr2",
    "Attribute3": "Attr3",
    "Transaction": 39
  },
  {
    "Index": 3853,
    "ObjectId": "Obj3853",
    "Attribute1": "Attr1",
    "Attribute2": "Attr2",
    "Attribute3": "Attr3",
    "Transaction": 39
  },
  {
    "Index": 3854,
    "ObjectId": "Obj3854",
    "Attribute1": "Attr1",
    "Attribute2": "Attr2",
    "Attribute3": "Attr3",
    "Transaction": 39
  },
  {
    "Index": 3855,
    "ObjectId": "Obj3855",
    "Attribute1": "Attr1",
    "Attribute2": "Attr2",
    "Attribute3": "Attr3",
    "Transaction": 39
  },
  {
    "Index": 3856,
    "ObjectId": "Obj3856",
    "Attribute1": "Attr1",
    "Attribute2": "Attr2",
    "Attribute3": "Attr3",
    "Transaction": 39
  },
  {
    "Index": 3857,
    "ObjectId": "Obj3857",
    "Attribute1": "Attr1",
    "Attribute2": "Attr2",
    "Attribute3": "Attr3",
    "Transaction": 39
  },
  {
    "Index": 3858,
    "ObjectId": "Obj3858",
    "Attribute1": "Attr1",
    "Attribute2": "Attr2",
    "Attribute3": "Attr3",
    "Transaction": 39
  },
  {
    "Index": 3859,
    "ObjectId": "Obj3859",
    "Attribute1": "Attr1",
    "Attribute2": "Attr2",
    "Attribute3": "Attr3",
    "Transaction": 39
  },
  {
    "Index": 3860,
    "ObjectId": "Obj3860",
    "Attribute1": "Attr1",
    "Attribute2": "Attr2",
    "Attribute3": "Attr3",
    "Transaction": 39
  },
  {
    "Index": 3861,
    "ObjectId": "Obj3861",
    "Attribute1": "Attr1",
    "Attribute2": "Attr2",
    "Attribute3": "Attr3",
    "Transaction": 39
  },
  {
    "Index": 3862,
    "ObjectId": "Obj3862",
    "Attribute1": "Attr1",
    "Attribute2": "Attr2",
    "Attribute3": "Attr3",
    "Transaction": 39
  },
  {
    "Index": 3863,
    "ObjectId": "Obj3863",
    "Attribute1": "Attr1",
    "Attribute2": "Attr2",
    "Attribute3": "Attr3",
    "Transaction": 39
  },
  {
    "Index": 3864,
    "ObjectId": "Obj3864",
    "Attribute1": "Attr1",
    "Attribute2": "Attr2",
    "Attribute3": "Attr3",
    "Transaction": 39
  },
  {
    "Index": 3865,
    "ObjectId": "Obj3865",
    "Attribute1": "Attr1",
    "Attribute2": "Attr2",
    "Attribute3": "Attr3",
    "Transaction": 39
  },
  {
    "Index": 3866,
    "ObjectId": "Obj3866",
    "Attribute1": "Attr1",
    "Attribute2": "Attr2",
    "Attribute3": "Attr3",
    "Transaction": 39
  },
  {
    "Index": 3867,
    "ObjectId": "Obj3867",
    "Attribute1": "Attr1",
    "Attribute2": "Attr2",
    "Attribute3": "Attr3",
    "Transaction": 39
  },
  {
    "Index": 3868,
    "ObjectId": "Obj3868",
    "Attribute1": "Attr1",
    "Attribute2": "Attr2",
    "Attribute3": "Attr3",
    "Transaction": 39
  },
  {
    "Index": 3869,
    "ObjectId": "Obj3869",
    "Attribute1": "Attr1",
    "Attribute2": "Attr2",
    "Attribute3": "Attr3",
    "Transaction": 39
  },
  {
    "Index": 3870,
    "ObjectId": "Obj3870",
    "Attribute1": "Attr1",
    "Attribute2": "Attr2",
    "Attribute3": "Attr3",
    "Transaction": 39
  },
  {
    "Index": 3871,
    "ObjectId": "Obj3871",
    "Attribute1": "Attr1",
    "Attribute2": "Attr2",
    "Attribute3": "Attr3",
    "Transaction": 39
  },
  {
    "Index": 3872,
    "ObjectId": "Obj3872",
    "Attribute1": "Attr1",
    "Attribute2": "Attr2",
    "Attribute3": "Attr3",
    "Transaction": 39
  },
  {
    "Index": 3873,
    "ObjectId": "Obj3873",
    "Attribute1": "Attr1",
    "Attribute2": "Attr2",
    "Attribute3": "Attr3",
    "Transaction": 39
  },
  {
    "Index": 3874,
    "ObjectId": "Obj3874",
    "Attribute1": "Attr1",
    "Attribute2": "Attr2",
    "Attribute3": "Attr3",
    "Transaction": 39
  },
  {
    "Index": 3875,
    "ObjectId": "Obj3875",
    "Attribute1": "Attr1",
    "Attribute2": "Attr2",
    "Attribute3": "Attr3",
    "Transaction": 39
  },
  {
    "Index": 3876,
    "ObjectId": "Obj3876",
    "Attribute1": "Attr1",
    "Attribute2": "Attr2",
    "Attribute3": "Attr3",
    "Transaction": 39
  },
  {
    "Index": 3877,
    "ObjectId": "Obj3877",
    "Attribute1": "Attr1",
    "Attribute2": "Attr2",
    "Attribute3": "Attr3",
    "Transaction": 39
  },
  {
    "Index": 3878,
    "ObjectId": "Obj3878",
    "Attribute1": "Attr1",
    "Attribute2": "Attr2",
    "Attribute3": "Attr3",
    "Transaction": 39
  },
  {
    "Index": 3879,
    "ObjectId": "Obj3879",
    "Attribute1": "Attr1",
    "Attribute2": "Attr2",
    "Attribute3": "Attr3",
    "Transaction": 39
  },
  {
    "Index": 3880,
    "ObjectId": "Obj3880",
    "Attribute1": "Attr1",
    "Attribute2": "Attr2",
    "Attribute3": "Attr3",
    "Transaction": 39
  },
  {
    "Index": 3881,
    "ObjectId": "Obj3881",
    "Attribute1": "Attr1",
    "Attribute2": "Attr2",
    "Attribute3": "Attr3",
    "Transaction": 39
  },
  {
    "Index": 3882,
    "ObjectId": "Obj3882",
    "Attribute1": "Attr1",
    "Attribute2": "Attr2",
    "Attribute3": "Attr3",
    "Transaction": 39
  },
  {
    "Index": 3883,
    "ObjectId": "Obj3883",
    "Attribute1": "Attr1",
    "Attribute2": "Attr2",
    "Attribute3": "Attr3",
    "Transaction": 39
  },
  {
    "Index": 3884,
    "ObjectId": "Obj3884",
    "Attribute1": "Attr1",
    "Attribute2": "Attr2",
    "Attribute3": "Attr3",
    "Transaction": 39
  },
  {
    "Index": 3885,
    "ObjectId": "Obj3885",
    "Attribute1": "Attr1",
    "Attribute2": "Attr2",
    "Attribute3": "Attr3",
    "Transaction": 39
  },
  {
    "Index": 3886,
    "ObjectId": "Obj3886",
    "Attribute1": "Attr1",
    "Attribute2": "Attr2",
    "Attribute3": "Attr3",
    "Transaction": 39
  },
  {
    "Index": 3887,
    "ObjectId": "Obj3887",
    "Attribute1": "Attr1",
    "Attribute2": "Attr2",
    "Attribute3": "Attr3",
    "Transaction": 39
  },
  {
    "Index": 3888,
    "ObjectId": "Obj3888",
    "Attribute1": "Attr1",
    "Attribute2": "Attr2",
    "Attribute3": "Attr3",
    "Transaction": 39
  },
  {
    "Index": 3889,
    "ObjectId": "Obj3889",
    "Attribute1": "Attr1",
    "Attribute2": "Attr2",
    "Attribute3": "Attr3",
    "Transaction": 39
  },
  {
    "Index": 3890,
    "ObjectId": "Obj3890",
    "Attribute1": "Attr1",
    "Attribute2": "Attr2",
    "Attribute3": "Attr3",
    "Transaction": 39
  },
  {
    "Index": 3891,
    "ObjectId": "Obj3891",
    "Attribute1": "Attr1",
    "Attribute2": "Attr2",
    "Attribute3": "Attr3",
    "Transaction": 39
  },
  {
    "Index": 3892,
    "ObjectId": "Obj3892",
    "Attribute1": "Attr1",
    "Attribute2": "Attr2",
    "Attribute3": "Attr3",
    "Transaction": 39
  },
  {
    "Index": 3893,
    "ObjectId": "Obj3893",
    "Attribute1": "Attr1",
    "Attribute2": "Attr2",
    "Attribute3": "Attr3",
    "Transaction": 39
  },
  {
    "Index": 3894,
    "ObjectId": "Obj3894",
    "Attribute1": "Attr1",
    "Attribute2": "Attr2",
    "Attribute3": "Attr3",
    "Transaction": 39
  },
  {
    "Index": 3895,
    "ObjectId": "Obj3895",
    "Attribute1": "Attr1",
    "Attribute2": "Attr2",
    "Attribute3": "Attr3",
    "Transaction": 39
  },
  {
    "Index": 3896,
    "ObjectId": "Obj3896",
    "Attribute1": "Attr1",
    "Attribute2": "Attr2",
    "Attribute3": "Attr3",
    "Transaction": 39
  },
  {
    "Index": 3897,
    "ObjectId": "Obj3897",
    "Attribute1": "Attr1",
    "Attribute2": "Attr2",
    "Attribute3": "Attr3",
    "Transaction": 39
  },
  {
    "Index": 3898,
    "ObjectId": "Obj3898",
    "Attribute1": "Attr1",
    "Attribute2": "Attr2",
    "Attribute3": "Attr3",
    "Transaction": 39
  },
  {
    "Index": 3899,
    "ObjectId": "Obj3899",
    "Attribute1": "Attr1",
    "Attribute2": "Attr2",
    "Attribute3": "Attr3",
    "Transaction": 39
  },
  {
    "Index": 3900,
    "ObjectId": "Obj3900",
    "Attribute1": "Attr1",
    "Attribute2": "Attr2",
    "Attribute3": "Attr3",
    "Transaction": 39
  }
]