[
  {
    "Index": 6301,
    "ObjectId": "Obj6301",
    "Attribute1": "Attr1",
    "Attribute2": "Attr2",
    "Attribute3": "Attr3",
    "Transaction": 64
  },
  {
    "Index": 6302,
    "ObjectId": "Obj6302",
    "Attribute1": "Attr1",
    "Attribute2": "Attr2",
    "Attribute3": "Attr3",
    "Transaction": 64
  },
  {
    "Index": 6303,
    "ObjectId": "Obj6303",
    "Attribute1": "Attr1",
    "Attribute2": "Attr2",
    "Attribute3": "Attr3",
    "Transaction": 64
  },
  {
    "Index": 6304,
    "ObjectId": "Obj6304",
    "Attribute1": "Attr1",
    "Attribute2": "Attr2",
    "Attribute3": "Attr3",
    "Transaction": 64
  },
  {
    "Index": 6305,
    "ObjectId": "Obj6305",
    "Attribute1": "Attr1",
    "Attribute2": "Attr2",
    "Attribute3": "Attr3",
    "Transaction": 64
  },
  {
    "Index": 6306,
    "ObjectId": "Obj6306",
    "Attribute1": "Attr1",
    "Attribute2": "Attr2",
    "Attribute3": "Attr3",
    "Transaction": 64
  },
  {
    "Index": 6307,
    "ObjectId": "Obj6307",
    "Attribute1": "Attr1",
    "Attribute2": "Attr2",
    "Attribute3": "Attr3",
    "Transaction": 64
  },
  {
    "Index": 6308,
    "ObjectId": "Obj6308",
    "Attribute1": "Attr1",
    "Attribute2": "Attr2",
    "Attribute3": "Attr3",
    "Transaction": 64
  },
  {
    "Index": 6309,
    "ObjectId": "Obj6309",
    "Attribute1": "Attr1",
    "Attribute2": "Attr2",
    "Attribute3": "Attr3",
    "Transaction": 64
  },
  {
    "Index": 6310,
    "ObjectId": "Obj6310",
    "Attribute1": "Attr1",
    "Attribute2": "Attr2",
    "Attribute3": "Attr3",
    "Transaction": 64
  },
  {
    "Index": 6311,
    "ObjectId": "Obj6311",
    "Attribute1": "Attr1",
    "Attribute2": "Attr2",
    "Attribute3": "Attr3",
    "Transaction": 64
  },
  {
    "Index": 6312,
    "ObjectId": "Obj6312",
    "Attribute1": "Attr1",
    "Attribute2": "Attr2",
    "Attribute3": "Attr3",
    "Transaction": 64
  },
  {
    "Index": 6313,
    "ObjectId": "Obj6313",
    "Attribute1": "Attr1",
    "Attribute2": "Attr2",
    "Attribute3": "Attr3",
    "Transaction": 64
  },
  {
    "Index": 6314,
    "ObjectId": "Obj6314",
    "Attribute1": "Attr1",
    "Attribute2": "Attr2",
    "Attribute3": "Attr3",
    "Transaction": 64
  },
  {
    "Index": 6315,
    "ObjectId": "Obj6315",
    "Attribute1": "Attr1",
    "Attribute2": "Attr2",
    "Attribute3": "Attr3",
    "Transaction": 64
  },
  {
    "Index": 6316,
    "ObjectId": "Obj6316",
    "Attribute1": "Attr1",
    "Attribute2": "Attr2",
    "Attribute3": "Attr3",
    "Transaction": 64
  },
  {
    "Index": 6317,
    "ObjectId": "Obj6317",
    "Attribute1": "Attr1",
    "Attribute2": "Attr2",
    "Attribute3": "Attr3",
    "Transaction": 64
  },
  {
    "Index": 6318,
    "ObjectId": "Obj6318",
    "Attribute1": "Attr1",
    "Attribute2": "Attr2",
    "Attribute3": "Attr3",
    "Transaction": 64
  },
  {
    "Index": 6319,
    "ObjectId": "Obj6319",
    "Attribute1": "Attr1",
    "Attribute2": "Attr2",
    "Attribute3": "Attr3",
    "Transaction": 64
  },
  {
    "Index": 6320,
    "ObjectId": "Obj6320",
    "Attribute1": "Attr1",
    "Attribute2": "Attr2",
    "Attribute3": "Attr3",
    "Transaction": 64
  },
  {
    "Index": 6321,
    "ObjectId": "Obj6321",
    "Attribute1": "Attr1",
    "Attribute2": "Attr2",
    "Attribute3": "Attr3",
    "Transaction": 64
  },
  {
    "Index": 6322,
    "ObjectId": "Obj6322",
    "Attribute1": "Attr1",
    "Attribute2": "Attr2",
    "Attribute3": "Attr3",
    "Transaction": 64
  },
  {
    "Index": 6323,
    "ObjectId": "Obj6323",
    "Attribute1": "Attr1",
    "Attribute2": "Attr2",
    "Attribute3": "Attr3",
    "Transaction": 64
  },
  {
    "Index": 6324,
    "ObjectId": "Obj6324",
    "Attribute1": "Attr1",
    "Attribute2": "Attr2",
    "Attribute3": "Attr3",
    "Transaction": 64
  },
  {
    "Index": 6325,
    "ObjectId": "Obj6325",
    "Attribute1": "Attr1",
    "Attribute2": "Attr2",
    "Attribute3": "Attr3",
    "Transaction": 64
  },
  {
    "Index": 6326,
    "ObjectId": "Obj6326",
    "Attribute1": "Attr1",
    "Attribute2": "Attr2",
    "Attribute3": "Attr3",
    "Transaction": 64
  },
  {
    "Index": 6327,
    "ObjectId": "Obj6327",
    "Attribute1": "Attr1",
    "Attribute2": "Attr2",
    "Attribute3": "Attr3",
    "Transaction": 64
  },
  {
    "Index": 6328,
    "ObjectId": "Obj6328",
    "Attribute1": "Attr1",
    "Attribute2": "Attr2",
    "Attribute3": "Attr3",
    "Transaction": 64
  },
  {
    "Index": 6329,
    "ObjectId": "Obj6329",
    "Attribute1": "Attr1",
    "Attribute2": "Attr2",
    "Attribute3": "Attr3",
    "Transaction": 64
  },
  {
    "Index": 6330,
    "ObjectId": "Obj6330",
    "Attribute1": "Attr1",
    "Attribute2": "Attr2",
    "Attribute3": "Attr3",
    "Transaction": 64
  },
  {
    "Index": 6331,
    "ObjectId": "Obj6331",
    "Attribute1": "Attr1",
    "Attribute2": "Attr2",
    "Attribute3": "Attr3",
    "Transaction": 64
  },
  {
    "Index": 6332,
    "ObjectId": "Obj6332",
    "Attribute1": "Attr1",
    "Attribute2": "Attr2",
    "Attribute3": "Attr3",
    "Transaction": 64
  },
  {
    "Index": 6333,
    "ObjectId": "Obj6333",
    "Attribute1": "Attr1",
    "Attribute2": "Attr2",
    "Attribute3": "Attr3",
    "Transaction": 64
  },
  {
    "Index": 6334,
    "ObjectId": "Obj6334",
    "Attribute1": "Attr1",
    "Attribute2": "Attr2",
    "Attribute3": "Attr3",
    "Transaction": 64
  },
  {
    "Index": 6335,
    "ObjectId": "Obj6335",
    "Attribute1": "Attr1",
    "Attribute2": "Attr2",
    "Attribute3": "Attr3",
    "Transaction": 64
  },
  {
    "Index": 6336,
    "ObjectId": "Obj6336",
    "Attribute1": "Attr1",
    "Attribute2": "Attr2",
    "Attribute3": "Attr3",
    "Transaction": 64
  },
  {
    "Index": 6337,
    "ObjectId": "Obj6337",
    "Attribute1": "Attr1",
    "Attribute2": "Attr2",
    "Attribute3": "Attr3",
    "Transaction": 64
  },
  {
    "Index": 6338,
    "ObjectId": "Obj6338",
    "Attribute1": "Attr1",
    "Attribute2": "Attr2",
    "Attribute3": "Attr3",
    "Transaction": 64
  },
  {
    "Index": 6339,
    "ObjectId": "Obj6339",
    "Attribute1": "Attr1",
    "Attribute2": "Attr2",
    "Attribute3": "Attr3",
    "Transaction": 64
  },
  {
    "Index": 6340,
    "ObjectId": "Obj6340",
    "Attribute1": "Attr1",
    "Attribute2": "Attr2",
    "Attribute3": "Attr3",
    "Transaction": 64
  },
  {
    "Index": 6341,
    "ObjectId": "Obj6341",
    "Attribute1": "Attr1",
    "Attribute2": "Attr2",
    "Attribute3": "Attr3",
    "Transaction": 64
  },
  {
    "Index": 6342,
    "ObjectId": "Obj6342",
    "Attribute1": "Attr1",
    "Attribute2": "Attr2",
    "Attribute3": "Attr3",
    "Transaction": 64
  },
  {
    "Index": 6343,
    "ObjectId": "Obj6343",
    "Attribute1": "Attr1",
    "Attribute2": "Attr2",
    "Attribute3": "Attr3",
    "Transaction": 64
  },
  {
    "Index": 6344,
    "ObjectId": "Obj6344",
    "Attribute1": "Attr1",
    "Attribute2": "Attr2",
    "Attribute3": "Attr3",
    "Transaction": 64
  },
  {
    "Index": 6345,
    "ObjectId": "Obj6345",
    "Attribute1": "Attr1",
    "Attribute2": "Attr2",
    "Attribute3": "Attr3",
    "Transaction": 64
  },
  {
    "Index": 6346,
    "ObjectId": "Obj6346",
    "Attribute1": "Attr1",
    "Attribute2": "Attr2",
    "Attribute3": "Attr3",
    "Transaction": 64
  },
  {
    "Index": 6347,
    "ObjectId": "Obj6347",
    "Attribute1": "Attr1",
    "Attribute2": "Attr2",
    "Attribute3": "Attr3",
    "Transaction": 64
  },
  {
    "Index": 6348,
    "ObjectId": "Obj6348",
    "Attribute1": "Attr1",
    "Attribute2": "Attr2",
    "Attribute3": "Attr3",
    "Transaction": 64
  },
  {
    "Index": 6349,
    "ObjectId": "Obj6349",
    "Attribute1": "Attr1",
    "Attribute2": "Attr2",
    "Attribute3": "Attr3",
    "Transaction": 64
  },
  {
    "Index": 6350,
    "ObjectId": "Obj6350",
    "Attribute1": "Attr1",
    "Attribute2": "Attr2",
    "Attribute3": "Attr3",
    "Transaction": 64
  },
  {
    "Index": 6351,
    "ObjectId": "Obj6351",
    "Attribute1": "Attr1",
    "Attribute2": "Attr2",
    "Attribute3": "Attr3",
    "Transaction": 64
  },
  {
    "Index": 6352,
    "ObjectId": "Obj6352",
    "Attribute1": "Attr1",
    "Attribute2": "Attr2",
    "Attribute3": "Attr3",
    "Transaction": 64
  },
  {
    "Index": 6353,
    "ObjectId": "Obj6353",
    "Attribute1": "Attr1",
    "Attribute2": "Attr2",
    "Attribute3": "Attr3",
    "Transaction": 64
  },
  {
    "Index": 6354,
    "ObjectId": "Obj6354",
    "Attribute1": "Attr1",
    "Attribute2": "Attr2",
    "Attribute3": "Attr3",
    "Transaction": 64
  },
  {
    "Index": 6355,
    "ObjectId": "Obj6355",
    "Attribute1": "Attr1",
    "Attribute2": "Attr2",
    "Attribute3": "Attr3",
    "Transaction": 64
  },
  {
    "Index": 6356,
    "ObjectId": "Obj6356",
    "Attribute1": "Attr1",
    "Attribute2": "Attr2",
    "Attribute3": "Attr3",
    "Transaction": 64
  },
  {
    "Index": 6357,
    "ObjectId": "Obj6357",
    "Attribute1": "Attr1",
    "Attribute2": "Attr2",
    "Attribute3": "Attr3",
    "Transaction": 64
  },
  {
    "Index": 6358,
    "ObjectId": "Obj6358",
    "Attribute1": "Attr1",
    "Attribute2": "Attr2",
    "Attribute3": "Attr3",
    "Transaction": 64
  },
  {
    "Index": 6359,
    "ObjectId": "Obj6359",
    "Attribute1": "Attr1",
    "Attribute2": "Attr2",
    "Attribute3": "Attr3",
    "Transaction": 64
  },
  {
    "Index": 6360,
    "ObjectId": "Obj6360",
    "Attribute1": "Attr1",
    "Attribute2": "Attr2",
    "Attribute3": "Attr3",
    "Transaction": 64
  },
  {
    "Index": 6361,
    "ObjectId": "Obj6361",
    "Attribute1": "Attr1",
    "Attribute2": "Attr2",
    "Attribute3": "Attr3",
    "Transaction": 64
  },
  {
    "Index": 6362,
    "ObjectId": "Obj6362",
    "Attribute1": "Attr1",
    "Attribute2": "Attr2",
    "Attribute3": "Attr3",
    "Transaction": 64
  },
  {
    "Index": 6363,
    "ObjectId": "Obj6363",
    "Attribute1": "Attr1",
    "Attribute2": "Attr2",
    "Attribute3": "Attr3",
    "Transaction": 64
  },
  {
    "Index": 6364,
    "ObjectId": "Obj6364",
    "Attribute1": "Attr1",
    "Attribute2": "Attr2",
    "Attribute3": "Attr3",
    "Transaction": 64
  },
  {
    "Index": 6365,
    "ObjectId": "Obj6365",
    "Attribute1": "Attr1",
    "Attribute2": "Attr2",
    "Attribute3": "Attr3",
    "Transaction": 64
  },
  {
    "Index": 6366,
    "ObjectId": "Obj6366",
    "Attribute1": "Attr1",
    "Attribute2": "Attr2",
    "Attribute3": "Attr3",
    "Transaction": 64
  },
  {
    "Index": 6367,
    "ObjectId": "Obj6367",
    "Attribute1": "Attr1",
    "Attribute2": "Attr2",
    "Attribute3": "Attr3",
    "Transaction": 64
  },
  {
    "Index": 6368,
    "ObjectId": "Obj6368",
    "Attribute1": "Attr1",
    "Attribute2": "Attr2",
    "Attribute3": "Attr3",
    "Transaction": 64
  },
  {
    "Index": 6369,
    "ObjectId": "Obj6369",
    "Attribute1": "Attr1",
    "Attribute2": "Attr2",
    "Attribute3": "Attr3",
    "Transaction": 64
  },
  {
    "Index": 6370,
    "ObjectId": "Obj6370",
    "Attribute1": "Attr1",
    "Attribute2": "Attr2",
    "Attribute3": "Attr3",
    "Transaction": 64
  },
  {
    "Index": 6371,
    "ObjectId": "Obj6371",
    "Attribute1": "Attr1",
    "Attribute2": "Attr2",
    "Attribute3": "Attr3",
    "Transaction": 64
  },
  {
    "Index": 6372,
    "ObjectId": "Obj6372",
    "Attribute1": "Attr1",
    "Attribute2": "Attr2",
    "Attribute3": "Attr3",
    "Transaction": 64
  },
  {
    "Index": 6373,
    "ObjectId": "Obj6373",
    "Attribute1": "Attr1",
    "Attribute2": "Attr2",
    "Attribute3": "Attr3",
    "Transaction": 64
  },
  {
    "Index": 6374,
    "ObjectId": "Obj6374",
    "Attribute1": "Attr1",
    "Attribute2": "Attr2",
    "Attribute3": "Attr3",
    "Transaction": 64
  },
  {
    "Index": 6375,
    "ObjectId": "Obj6375",
    "Attribute1": "Attr1",
    "Attribute2": "Attr2",
    "Attribute3": "Attr3",
    "Transaction": 64
  },
  {
    "Index": 6376,
    "ObjectId": "Obj6376",
    "Attribute1": "Attr1",
    "Attribute2": "Attr2",
    "Attribute3": "Attr3",
    "Transaction": 64
  },
  {
    "Index": 6377,
    "ObjectId": "Obj6377",
    "Attribute1": "Attr1",
    "Attribute2": "Attr2",
    "Attribute3": "Attr3",
    "Transaction": 64
  },
  {
    "Index": 6378,
    "ObjectId": "Obj6378",
    "Attribute1": "Attr1",
    "Attribute2": "Attr2",
    "Attribute3": "Attr3",
    "Transaction": 64
  },
  {
    "Index": 6379,
    "ObjectId": "Obj6379",
    "Attribute1": "Attr1",
    "Attribute2": "Attr2",
    "Attribute3": "Attr3",
    "Transaction": 64
  },
  {
    "Index": 6380,
    "ObjectId": "Obj6380",
    "Attribute1": "Attr1",
    "Attribute2": "Attr2",
    "Attribute3": "Attr3",
    "Transaction": 64
  },
  {
    "Index": 6381,
    "ObjectId": "Obj6381",
    "Attribute1": "Attr1",
    "Attribute2": "Attr2",
    "Attribute3": "Attr3",
    "Transaction": 64
  },
  {
    "Index": 6382,
    "ObjectId": "Obj6382",
    "Attribute1": "Attr1",
    "Attribute2": "Attr2",
    "Attribute3": "Attr3",
    "Transaction": 64
  },
  {
    "Index": 6383,
    "ObjectId": "Obj6383",
    "Attribute1": "Attr1",
    "Attribute2": "Attr2",
    "Attribute3": "Attr3",
    "Transaction": 64
  },
  {
    "Index": 6384,
    "ObjectId": "Obj6384",
    "Attribute1": "Attr1",
    "Attribute2": "Attr2",
    "Attribute3": "Attr3",
    "Transaction": 64
  },
  {
    "Index": 6385,
    "ObjectId": "Obj6385",
    "Attribute1": "Attr1",
    "Attribute2": "Attr2",
    "Attribute3": "Attr3",
    "Transaction": 64
  },
  {
    "Index": 6386,
    "ObjectId": "Obj6386",
    "Attribute1": "Attr1",
    "Attribute2": "Attr2",
    "Attribute3": "Attr3",
    "Transaction": 64
  },
  {
    "Index": 6387,
    "ObjectId": "Obj6387",
    "Attribute1": "Attr1",
    "Attribute2": "Attr2",
    "Attribute3": "Attr3",
    "Transaction": 64
  },
  {
    "Index": 6388,
    "ObjectId": "Obj6388",
    "Attribute1": "Attr1",
    "Attribute2": "Attr2",
    "Attribute3": "Attr3",
    "Transaction": 64
  },
  {
    "Index": 6389,
    "ObjectId": "Obj6389",
    "Attribute1": "Attr1",
    "Attribute2": "Attr2",
    "Attribute3": "Attr3",
    "Transaction": 64
  },
  {
    "Index": 6390,
    "ObjectId": "Obj6390",
    "Attribute1": "Attr1",
    "Attribute2": "Attr2",
    "Attribute3": "Attr3",
    "Transaction": 64
  },
  {
    "Index": 6391,
    "ObjectId": "Obj6391",
    "Attribute1": "Attr1",
    "Attribute2": "Attr2",
    "Attribute3": "Attr3",
    "Transaction": 64
  },
  {
    "Index": 6392,
    "ObjectId": "Obj6392",
    "Attribute1": "Attr1",
    "Attribute2": "Attr2",
    "Attribute3": "Attr3",
    "Transaction": 64
  },
  {
    "Index": 6393,
    "ObjectId": "Obj6393",
    "Attribute1": "Attr1",
    "Attribute2": "Attr2",
    "Attribute3": "Attr3",
    "Transaction": 64
  },
  {
    "Index": 6394,
    "ObjectId": "Obj6394",
    "Attribute1": "Attr1",
    "Attribute2": "Attr2",
    "Attribute3": "Attr3",
    "Transaction": 64
  },
  {
    "Index": 6395,
    "ObjectId": "Obj6395",
    "Attribute1": "Attr1",
    "Attribute2": "Attr2",
    "Attribute3": "Attr3",
    "Transaction": 64
  },
  {
    "Index": 6396,
    "ObjectId": "Obj6396",
    "Attribute1": "Attr1",
    "Attribute2": "Attr2",
    "Attribute3": "Attr3",
    "Transaction": 64
  },
  {
    "Index": 6397,
    "ObjectId": "Obj6397",
    "Attribute1": "Attr1",
    "Attribute2": "Attr2",
    "Attribute3": "Attr3",
    "Transaction": 64
  },
  {
    "Index": 6398,
    "ObjectId": "Obj6398",
    "Attribute1": "Attr1",
    "Attribute2": "Attr2",
    "Attribute3": "Attr3",
    "Transaction": 64
  },
  {
    "Index": 6399,
    "ObjectId": "Obj6399",
    "Attribute1": "Attr1",
    "Attribute2": "Attr2",
    "Attribute3": "Attr3",
    "Transaction": 64
  },
  {
    "Index": 6400,
    "ObjectId": "Obj6400",
    "Attribute1": "Attr1",
    "Attribute2": "Attr2",
    "Attribute3": "Attr3",
    "Transaction": 64
  }
]