[
  {
    "Index": 8801,
    "ObjectId": "Obj8801",
    "Attribute1": "Attr1",
    "Attribute2": "Attr2",
    "Attribute3": "Attr3",
    "Transaction": 89
  },
  {
    "Index": 8802,
    "ObjectId": "Obj8802",
    "Attribute1": "Attr1",
    "Attribute2": "Attr2",
    "Attribute3": "Attr3",
    "Transaction": 89
  },
  {
    "Index": 8803,
    "ObjectId": "Obj8803",
    "Attribute1": "Attr1",
    "Attribute2": "Attr2",
    "Attribute3": "Attr3",
    "Transaction": 89
  },
  {
    "Index": 8804,
    "ObjectId": "Obj8804",
    "Attribute1": "Attr1",
    "Attribute2": "Attr2",
    "Attribute3": "Attr3",
    "Transaction": 89
  },
  {
    "Index": 8805,
    "ObjectId": "Obj8805",
    "Attribute1": "Attr1",
    "Attribute2": "Attr2",
    "Attribute3": "Attr3",
    "Transaction": 89
  },
  {
    "Index": 8806,
    "ObjectId": "Obj8806",
    "Attribute1": "Attr1",
    "Attribute2": "Attr2",
    "Attribute3": "Attr3",
    "Transaction": 89
  },
  {
    "Index": 8807,
    "ObjectId": "Obj8807",
    "Attribute1": "Attr1",
    "Attribute2": "Attr2",
    "Attribute3": "Attr3",
    "Transaction": 89
  },
  {
    "Index": 8808,
    "ObjectId": "Obj8808",
    "Attribute1": "Attr1",
    "Attribute2": "Attr2",
    "Attribute3": "Attr3",
    "Transaction": 89
  },
  {
    "Index": 8809,
    "ObjectId": "Obj8809",
    "Attribute1": "Attr1",
    "Attribute2": "Attr2",
    "Attribute3": "Attr3",
    "Transaction": 89
  },
  {
    "Index": 8810,
    "ObjectId": "Obj8810",
    "Attribute1": "Attr1",
    "Attribute2": "Attr2",
    "Attribute3": "Attr3",
    "Transaction": 89
  },
  {
    "Index": 8811,
    "ObjectId": "Obj8811",
    "Attribute1": "Attr1",
    "Attribute2": "Attr2",
    "Attribute3": "Attr3",
    "Transaction": 89
  },
  {
    "Index": 8812,
    "ObjectId": "Obj8812",
    "Attribute1": "Attr1",
    "Attribute2": "Attr2",
    "Attribute3": "Attr3",
    "Transaction": 89
  },
  {
    "Index": 8813,
    "ObjectId": "Obj8813",
    "Attribute1": "Attr1",
    "Attribute2": "Attr2",
    "Attribute3": "Attr3",
    "Transaction": 89
  },
  {
    "Index": 8814,
    "ObjectId": "Obj8814",
    "Attribute1": "Attr1",
    "Attribute2": "Attr2",
    "Attribute3": "Attr3",
    "Transaction": 89
  },
  {
    "Index": 8815,
    "ObjectId": "Obj8815",
    "Attribute1": "Attr1",
    "Attribute2": "Attr2",
    "Attribute3": "Attr3",
    "Transaction": 89
  },
  {
    "Index": 8816,
    "ObjectId": "Obj8816",
    "Attribute1": "Attr1",
    "Attribute2": "Attr2",
    "Attribute3": "Attr3",
    "Transaction": 89
  },
  {
    "Index": 8817,
    "ObjectId": "Obj8817",
    "Attribute1": "Attr1",
    "Attribute2": "Attr2",
    "Attribute3": "Attr3",
    "Transaction": 89
  },
  {
    "Index": 8818,
    "ObjectId": "Obj8818",
    "Attribute1": "Attr1",
    "Attribute2": "Attr2",
    "Attribute3": "Attr3",
    "Transaction": 89
  },
  {
    "Index": 8819,
    "ObjectId": "Obj8819",
    "Attribute1": "Attr1",
    "Attribute2": "Attr2",
    "Attribute3": "Attr3",
    "Transaction": 89
  },
  {
    "Index": 8820,
    "ObjectId": "Obj8820",
    "Attribute1": "Attr1",
    "Attribute2": "Attr2",
    "Attribute3": "Attr3",
    "Transaction": 89
  },
  {
    "Index": 8821,
    "ObjectId": "Obj8821",
    "Attribute1": "Attr1",
    "Attribute2": "Attr2",
    "Attribute3": "Attr3",
    "Transaction": 89
  },
  {
    "Index": 8822,
    "ObjectId": "Obj8822",
    "Attribute1": "Attr1",
    "Attribute2": "Attr2",
    "Attribute3": "Attr3",
    "Transaction": 89
  },
  {
    "Index": 8823,
    "ObjectId": "Obj8823",
    "Attribute1": "Attr1",
    "Attribute2": "Attr2",
    "Attribute3": "Attr3",
    "Transaction": 89
  },
  {
    "Index": 8824,
    "ObjectId": "Obj8824",
    "Attribute1": "Attr1",
    "Attribute2": "Attr2",
    "Attribute3": "Attr3",
    "Transaction": 89
  },
  {
    "Index": 8825,
    "ObjectId": "Obj8825",
    "Attribute1": "Attr1",
    "Attribute2": "Attr2",
    "Attribute3": "Attr3",
    "Transaction": 89
  },
  {
    "Index": 8826,
    "ObjectId": "Obj8826",
    "Attribute1": "Attr1",
    "Attribute2": "Attr2",
    "Attribute3": "Attr3",
    "Transaction": 89
  },
  {
    "Index": 8827,
    "ObjectId": "Obj8827",
    "Attribute1": "Attr1",
    "Attribute2": "Attr2",
    "Attribute3": "Attr3",
    "Transaction": 89
  },
  {
    "Index": 8828,
    "ObjectId": "Obj8828",
    "Attribute1": "Attr1",
    "Attribute2": "Attr2",
    "Attribute3": "Attr3",
    "Transaction": 89
  },
  {
    "Index": 8829,
    "ObjectId": "Obj8829",
    "Attribute1": "Attr1",
    "Attribute2": "Attr2",
    "Attribute3": "Attr3",
    "Transaction": 89
  },
  {
    "Index": 8830,
    "ObjectId": "Obj8830",
    "Attribute1": "Attr1",
    "Attribute2": "Attr2",
    "Attribute3": "Attr3",
    "Transaction": 89
  },
  {
    "Index": 8831,
    "ObjectId": "Obj8831",
    "Attribute1": "Attr1",
    "Attribute2": "Attr2",
    "Attribute3": "Attr3",
    "Transaction": 89
  },
  {
    "Index": 8832,
    "ObjectId": "Obj8832",
    "Attribute1": "Attr1",
    "Attribute2": "Attr2",
    "Attribute3": "Attr3",
    "Transaction": 89
  },
  {
    "Index": 8833,
    "ObjectId": "Obj8833",
    "Attribute1": "Attr1",
    "Attribute2": "Attr2",
    "Attribute3": "Attr3",
    "Transaction": 89
  },
  {
    "Index": 8834,
    "ObjectId": "Obj8834",
    "Attribute1": "Attr1",
    "Attribute2": "Attr2",
    "Attribute3": "Attr3",
    "Transaction": 89
  },
  {
    "Index": 8835,
    "ObjectId": "Obj8835",
    "Attribute1": "Attr1",
    "Attribute2": "Attr2",
    "Attribute3": "Attr3",
    "Transaction": 89
  },
  {
    "Index": 8836,
    "ObjectId": "Obj8836",
    "Attribute1": "Attr1",
    "Attribute2": "Attr2",
    "Attribute3": "Attr3",
    "Transaction": 89
  },
  {
    "Index": 8837,
    "ObjectId": "Obj8837",
    "Attribute1": "Attr1",
    "Attribute2": "Attr2",
    "Attribute3": "Attr3",
    "Transaction": 89
  },
  {
    "Index": 8838,
    "ObjectId": "Obj8838",
    "Attribute1": "Attr1",
    "Attribute2": "Attr2",
    "Attribute3": "Attr3",
    "Transaction": 89
  },
  {
    "Index": 8839,
    "ObjectId": "Obj8839",
    "Attribute1": "Attr1",
    "Attribute2": "Attr2",
    "Attribute3": "Attr3",
    "Transaction": 89
  },
  {
    "Index": 8840,
    "ObjectId": "Obj8840",
    "Attribute1": "Attr1",
    "Attribute2": "Attr2",
    "Attribute3": "Attr3",
    "Transaction": 89
  },
  {
    "Index": 8841,
    "ObjectId": "Obj8841",
    "Attribute1": "Attr1",
    "Attribute2": "Attr2",
    "Attribute3": "Attr3",
    "Transaction": 89
  },
  {
    "Index": 8842,
    "ObjectId": "Obj8842",
    "Attribute1": "Attr1",
    "Attribute2": "Attr2",
    "Attribute3": "Attr3",
    "Transaction": 89
  },
  {
    "Index": 8843,
    "ObjectId": "Obj8843",
    "Attribute1": "Attr1",
    "Attribute2": "Attr2",
    "Attribute3": "Attr3",
    "Transaction": 89
  },
  {
    "Index": 8844,
    "ObjectId": "Obj8844",
    "Attribute1": "Attr1",
    "Attribute2": "Attr2",
    "Attribute3": "Attr3",
    "Transaction": 89
  },
  {
    "Index": 8845,
    "ObjectId": "Obj8845",
    "Attribute1": "Attr1",
    "Attribute2": "Attr2",
    "Attribute3": "Attr3",
    "Transaction": 89
  },
  {
    "Index": 8846,
    "ObjectId": "Obj8846",
    "Attribute1": "Attr1",
    "Attribute2": "Attr2",
    "Attribute3": "Attr3",
    "Transaction": 89
  },
  {
    "Index": 8847,
    "ObjectId": "Obj8847",
    "Attribute1": "Attr1",
    "Attribute2": "Attr2",
    "Attribute3": "Attr3",
    "Transaction": 89
  },
  {
    "Index": 8848,
    "ObjectId": "Obj8848",
    "Attribute1": "Attr1",
    "Attribute2": "Attr2",
    "Attribute3": "Attr3",
    "Transaction": 89
  },
  {
    "Index": 8849,
    "ObjectId": "Obj8849",
    "Attribute1": "Attr1",
    "Attribute2": "Attr2",
    "Attribute3": "Attr3",
    "Transaction": 89
  },
  {
    "Index": 8850,
    "ObjectId": "Obj8850",
    "Attribute1": "Attr1",
    "Attribute2": "Attr2",
    "Attribute3": "Attr3",
    "Transaction": 89
  },
  {
    "Index": 8851,
    "ObjectId": "Obj8851",
    "Attribute1": "Attr1",
    "Attribute2": "Attr2",
    "Attribute3": "Attr3",
    "Transaction": 89
  },
  {
    "Index": 8852,
    "ObjectId": "Obj8852",
    "Attribute1": "Attr1",
    "Attribute2": "Attr2",
    "Attribute3": "Attr3",
    "Transaction": 89
  },
  {
    "Index": 8853,
    "ObjectId": "Obj8853",
    "Attribute1": "Attr1",
    "Attribute2": "Attr2",
    "Attribute3": "Attr3",
    "Transaction": 89
  },
  {
    "Index": 8854,
    "ObjectId": "Obj8854",
    "Attribute1": "Attr1",
    "Attribute2": "Attr2",
    "Attribute3": "Attr3",
    "Transaction": 89
  },
  {
    "Index": 8855,
    "ObjectId": "Obj8855",
    "Attribute1": "Attr1",
    "Attribute2": "Attr2",
    "Attribute3": "Attr3",
    "Transaction": 89
  },
  {
    "Index": 8856,
    "ObjectId": "Obj8856",
    "Attribute1": "Attr1",
    "Attribute2": "Attr2",
    "Attribute3": "Attr3",
    "Transaction": 89
  },
  {
    "Index": 8857,
    "ObjectId": "Obj8857",
    "Attribute1": "Attr1",
    "Attribute2": "Attr2",
    "Attribute3": "Attr3",
    "Transaction": 89
  },
  {
    "Index": 8858,
    "ObjectId": "Obj8858",
    "Attribute1": "Attr1",
    "Attribute2": "Attr2",
    "Attribute3": "Attr3",
    "Transaction": 89
  },
  {
    "Index": 8859,
    "ObjectId": "Obj8859",
    "Attribute1": "Attr1",
    "Attribute2": "Attr2",
    "Attribute3": "Attr3",
    "Transaction": 89
  },
  {
    "Index": 8860,
    "ObjectId": "Obj8860",
    "Attribute1": "Attr1",
    "Attribute2": "Attr2",
    "Attribute3": "Attr3",
    "Transaction": 89
  },
  {
    "Index": 8861,
    "ObjectId": "Obj8861",
    "Attribute1": "Attr1",
    "Attribute2": "Attr2",
    "Attribute3": "Attr3",
    "Transaction": 89
  },
  {
    "Index": 8862,
    "ObjectId": "Obj8862",
    "Attribute1": "Attr1",
    "Attribute2": "Attr2",
    "Attribute3": "Attr3",
    "Transaction": 89
  },
  {
    "Index": 8863,
    "ObjectId": "Obj8863",
    "Attribute1": "Attr1",
    "Attribute2": "Attr2",
    "Attribute3": "Attr3",
    "Transaction": 89
  },
  {
    "Index": 8864,
    "ObjectId": "Obj8864",
    "Attribute1": "Attr1",
    "Attribute2": "Attr2",
    "Attribute3": "Attr3",
    "Transaction": 89
  },
  {
    "Index": 8865,
    "ObjectId": "Obj8865",
    "Attribute1": "Attr1",
    "Attribute2": "Attr2",
    "Attribute3": "Attr3",
    "Transaction": 89
  },
  {
    "Index": 8866,
    "ObjectId": "Obj8866",
    "Attribute1": "Attr1",
    "Attribute2": "Attr2",
    "Attribute3": "Attr3",
    "Transaction": 89
  },
  {
    "Index": 8867,
    "ObjectId": "Obj8867",
    "Attribute1": "Attr1",
    "Attribute2": "Attr2",
    "Attribute3": "Attr3",
    "Transaction": 89
  },
  {
    "Index": 8868,
    "ObjectId": "Obj8868",
    "Attribute1": "Attr1",
    "Attribute2": "Attr2",
    "Attribute3": "Attr3",
    "Transaction": 89
  },
  {
    "Index": 8869,
    "ObjectId": "Obj8869",
    "Attribute1": "Attr1",
    "Attribute2": "Attr2",
    "Attribute3": "Attr3",
    "Transaction": 89
  },
  {
    "Index": 8870,
    "ObjectId": "Obj8870",
    "Attribute1": "Attr1",
    "Attribute2": "Attr2",
    "Attribute3": "Attr3",
    "Transaction": 89
  },
  {
    "Index": 8871,
    "ObjectId": "Obj8871",
    "Attribute1": "Attr1",
    "Attribute2": "Attr2",
    "Attribute3": "Attr3",
    "Transaction": 89
  },
  {
    "Index": 8872,
    "ObjectId": "Obj8872",
    "Attribute1": "Attr1",
    "Attribute2": "Attr2",
    "Attribute3": "Attr3",
    "Transaction": 89
  },
  {
    "Index": 8873,
    "ObjectId": "Obj8873",
    "Attribute1": "Attr1",
    "Attribute2": "Attr2",
    "Attribute3": "Attr3",
    "Transaction": 89
  },
  {
    "Index": 8874,
    "ObjectId": "Obj8874",
    "Attribute1": "Attr1",
    "Attribute2": "Attr2",
    "Attribute3": "Attr3",
    "Transaction": 89
  },
  {
    "Index": 8875,
    "ObjectId": "Obj8875",
    "Attribute1": "Attr1",
    "Attribute2": "Attr2",
    "Attribute3": "Attr3",
    "Transaction": 89
  },
  {
    "Index": 8876,
    "ObjectId": "Obj8876",
    "Attribute1": "Attr1",
    "Attribute2": "Attr2",
    "Attribute3": "Attr3",
    "Transaction": 89
  },
  {
    "Index": 8877,
    "ObjectId": "Obj8877",
    "Attribute1": "Attr1",
    "Attribute2": "Attr2",
    "Attribute3": "Attr3",
    "Transaction": 89
  },
  {
    "Index": 8878,
    "ObjectId": "Obj8878",
    "Attribute1": "Attr1",
    "Attribute2": "Attr2",
    "Attribute3": "Attr3",
    "Transaction": 89
  },
  {
    "Index": 8879,
    "ObjectId": "Obj8879",
    "Attribute1": "Attr1",
    "Attribute2": "Attr2",
    "Attribute3": "Attr3",
    "Transaction": 89
  },
  {
    "Index": 8880,
    "ObjectId": "Obj8880",
    "Attribute1": "Attr1",
    "Attribute2": "Attr2",
    "Attribute3": "Attr3",
    "Transaction": 89
  },
  {
    "Index": 8881,
    "ObjectId": "Obj8881",
    "Attribute1": "Attr1",
    "Attribute2": "Attr2",
    "Attribute3": "Attr3",
    "Transaction": 89
  },
  {
    "Index": 8882,
    "ObjectId": "Obj8882",
    "Attribute1": "Attr1",
    "Attribute2": "Attr2",
    "Attribute3": "Attr3",
    "Transaction": 89
  },
  {
    "Index": 8883,
    "ObjectId": "Obj8883",
    "Attribute1": "Attr1",
    "Attribute2": "Attr2",
    "Attribute3": "Attr3",
    "Transaction": 89
  },
  {
    "Index": 8884,
    "ObjectId": "Obj8884",
    "Attribute1": "Attr1",
    "Attribute2": "Attr2",
    "Attribute3": "Attr3",
    "Transaction": 89
  },
  {
    "Index": 8885,
    "ObjectId": "Obj8885",
    "Attribute1": "Attr1",
    "Attribute2": "Attr2",
    "Attribute3": "Attr3",
    "Transaction": 89
  },
  {
    "Index": 8886,
    "ObjectId": "Obj8886",
    "Attribute1": "Attr1",
    "Attribute2": "Attr2",
    "Attribute3": "Attr3",
    "Transaction": 89
  },
  {
    "Index": 8887,
    "ObjectId": "Obj8887",
    "Attribute1": "Attr1",
    "Attribute2": "Attr2",
    "Attribute3": "Attr3",
    "Transaction": 89
  },
  {
    "Index": 8888,
    "ObjectId": "Obj8888",
    "Attribute1": "Attr1",
    "Attribute2": "Attr2",
    "Attribute3": "Attr3",
    "Transaction": 89
  },
  {
    "Index": 8889,
    "ObjectId": "Obj8889",
    "Attribute1": "Attr1",
    "Attribute2": "Attr2",
    "Attribute3": "Attr3",
    "Transaction": 89
  },
  {
    "Index": 8890,
    "ObjectId": "Obj8890",
    "Attribute1": "Attr1",
    "Attribute2": "Attr2",
    "Attribute3": "Attr3",
    "Transaction": 89
  },
  {
    "Index": 8891,
    "ObjectId": "Obj8891",
    "Attribute1": "Attr1",
    "Attribute2": "Attr2",
    "Attribute3": "Attr3",
    "Transaction": 89
  },
  {
    "Index": 8892,
    "ObjectId": "Obj8892",
    "Attribute1": "Attr1",
    "Attribute2": "Attr2",
    "Attribute3": "Attr3",
    "Transaction": 89
  },
  {
    "Index": 8893,
    "ObjectId": "Obj8893",
    "Attribute1": "Attr1",
    "Attribute2": "Attr2",
    "Attribute3": "Attr3",
    "Transaction": 89
  },
  {
    "Index": 8894,
    "ObjectId": "Obj8894",
    "Attribute1": "Attr1",
    "Attribute2": "Attr2",
    "Attribute3": "Attr3",
    "Transaction": 89
  },
  {
    "Index": 8895,
    "ObjectId": "Obj8895",
    "Attribute1": "Attr1",
    "Attribute2": "Attr2",
    "Attribute3": "Attr3",
    "Transaction": 89
  },
  {
    "Index": 8896,
    "ObjectId": "Obj8896",
    "Attribute1": "Attr1",
    "Attribute2": "Attr2",
    "Attribute3": "Attr3",
    "Transaction": 89
  },
  {
    "Index": 8897,
    "ObjectId": "Obj8897",
    "Attribute1": "Attr1",
    "Attribute2": "Attr2",
    "Attribute3": "Attr3",
    "Transaction": 89
  },
  {
    "Index": 8898,
    "ObjectId": "Obj8898",
    "Attribute1": "Attr1",
    "Attribute2": "Attr2",
    "Attribute3": "Attr3",
    "Transaction": 89
  },
  {
    "Index": 8899,
    "ObjectId": "Obj8899",
    "Attribute1": "Attr1",
    "Attribute2": "Attr2",
    "Attribute3": "Attr3",
    "Transaction": 89
  },
  {
    "Index": 8900,
    "ObjectId": "Obj8900",
    "Attribute1": "Attr1",
    "Attribute2": "Attr2",
    "Attribute3": "Attr3",
    "Transaction": 89
  }
]