[
  {
    "Index": 501,
    "ObjectId": "Obj501",
    "Attribute1": "Attr1",
    "Attribute2": "Attr2",
    "Attribute3": "Attr3",
    "Transaction": 6
  },
  {
    "Index": 502,
    "ObjectId": "Obj502",
    "Attribute1": "Attr1",
    "Attribute2": "Attr2",
    "Attribute3": "Attr3",
    "Transaction": 6
  },
  {
    "Index": 503,
    "ObjectId": "Obj503",
    "Attribute1": "Attr1",
    "Attribute2": "Attr2",
    "Attribute3": "Attr3",
    "Transaction": 6
  },
  {
    "Index": 504,
    "ObjectId": "Obj504",
    "Attribute1": "Attr1",
    "Attribute2": "Attr2",
    "Attribute3": "Attr3",
    "Transaction": 6
  },
  {
    "Index": 505,
    "ObjectId": "Obj505",
    "Attribute1": "Attr1",
    "Attribute2": "Attr2",
    "Attribute3": "Attr3",
    "Transaction": 6
  },
  {
    "Index": 506,
    "ObjectId": "Obj506",
    "Attribute1": "Attr1",
    "Attribute2": "Attr2",
    "Attribute3": "Attr3",
    "Transaction": 6
  },
  {
    "Index": 507,
    "ObjectId": "Obj507",
    "Attribute1": "Attr1",
    "Attribute2": "Attr2",
    "Attribute3": "Attr3",
    "Transaction": 6
  },
  {
    "Index": 508,
    "ObjectId": "Obj508",
    "Attribute1": "Attr1",
    "Attribute2": "Attr2",
    "Attribute3": "Attr3",
    "Transaction": 6
  },
  {
    "Index": 509,
    "ObjectId": "Obj509",
    "Attribute1": "Attr1",
    "Attribute2": "Attr2",
    "Attribute3": "Attr3",
    "Transaction": 6
  },
  {
    "Index": 510,
    "ObjectId": "Obj510",
    "Attribute1": "Attr1",
    "Attribute2": "Attr2",
    "Attribute3": "Attr3",
    "Transaction": 6
  },
  {
    "Index": 511,
    "ObjectId": "Obj511",
    "Attribute1": "Attr1",
    "Attribute2": "Attr2",
    "Attribute3": "Attr3",
    "Transaction": 6
  },
  {
    "Index": 512,
    "ObjectId": "Obj512",
    "Attribute1": "Attr1",
    "Attribute2": "Attr2",
    "Attribute3": "Attr3",
    "Transaction": 6
  },
  {
    "Index": 513,
    "ObjectId": "Obj513",
    "Attribute1": "Attr1",
    "Attribute2": "Attr2",
    "Attribute3": "Attr3",
    "Transaction": 6
  },
  {
    "Index": 514,
    "ObjectId": "Obj514",
    "Attribute1": "Attr1",
    "Attribute2": "Attr2",
    "Attribute3": "Attr3",
    "Transaction": 6
  },
  {
    "Index": 515,
    "ObjectId": "Obj515",
    "Attribute1": "Attr1",
    "Attribute2": "Attr2",
    "Attribute3": "Attr3",
    "Transaction": 6
  },
  {
    "Index": 516,
    "ObjectId": "Obj516",
    "Attribute1": "Attr1",
    "Attribute2": "Attr2",
    "Attribute3": "Attr3",
    "Transaction": 6
  },
  {
    "Index": 517,
    "ObjectId": "Obj517",
    "Attribute1": "Attr1",
    "Attribute2": "Attr2",
    "Attribute3": "Attr3",
    "Transaction": 6
  },
  {
    "Index": 518,
    "ObjectId": "Obj518",
    "Attribute1": "Attr1",
    "Attribute2": "Attr2",
    "Attribute3": "Attr3",
    "Transaction": 6
  },
  {
    "Index": 519,
    "ObjectId": "Obj519",
    "Attribute1": "Attr1",
    "Attribute2": "Attr2",
    "Attribute3": "Attr3",
    "Transaction": 6
  },
  {
    "Index": 520,
    "ObjectId": "Obj520",
    "Attribute1": "Attr1",
    "Attribute2": "Attr2",
    "Attribute3": "Attr3",
    "Transaction": 6
  },
  {
    "Index": 521,
    "ObjectId": "Obj521",
    "Attribute1": "Attr1",
    "Attribute2": "Attr2",
    "Attribute3": "Attr3",
    "Transaction": 6
  },
  {
    "Index": 522,
    "ObjectId": "Obj522",
    "Attribute1": "Attr1",
    "Attribute2": "Attr2",
    "Attribute3": "Attr3",
    "Transaction": 6
  },
  {
    "Index": 523,
    "ObjectId": "Obj523",
    "Attribute1": "Attr1",
    "Attribute2": "Attr2",
    "Attribute3": "Attr3",
    "Transaction": 6
  },
  {
    "Index": 524,
    "ObjectId": "Obj524",
    "Attribute1": "Attr1",
    "Attribute2": "Attr2",
    "Attribute3": "Attr3",
    "Transaction": 6
  },
  {
    "Index": 525,
    "ObjectId": "Obj525",
    "Attribute1": "Attr1",
    "Attribute2": "Attr2",
    "Attribute3": "Attr3",
    "Transaction": 6
  },
  {
    "Index": 526,
    "ObjectId": "Obj526",
    "Attribute1": "Attr1",
    "Attribute2": "Attr2",
    "Attribute3": "Attr3",
    "Transaction": 6
  },
  {
    "Index": 527,
    "ObjectId": "Obj527",
    "Attribute1": "Attr1",
    "Attribute2": "Attr2",
    "Attribute3": "Attr3",
    "Transaction": 6
  },
  {
    "Index": 528,
    "ObjectId": "Obj528",
    "Attribute1": "Attr1",
    "Attribute2": "Attr2",
    "Attribute3": "Attr3",
    "Transaction": 6
  },
  {
    "Index": 529,
    "ObjectId": "Obj529",
    "Attribute1": "Attr1",
    "Attribute2": "Attr2",
    "Attribute3": "Attr3",
    "Transaction": 6
  },
  {
    "Index": 530,
    "ObjectId": "Obj530",
    "Attribute1": "Attr1",
    "Attribute2": "Attr2",
    "Attribute3": "Attr3",
    "Transaction": 6
  },
  {
    "Index": 531,
    "ObjectId": "Obj531",
    "Attribute1": "Attr1",
    "Attribute2": "Attr2",
    "Attribute3": "Attr3",
    "Transaction": 6
  },
  {
    "Index": 532,
    "ObjectId": "Obj532",
    "Attribute1": "Attr1",
    "Attribute2": "Attr2",
    "Attribute3": "Attr3",
    "Transaction": 6
  },
  {
    "Index": 533,
    "ObjectId": "Obj533",
    "Attribute1": "Attr1",
    "Attribute2": "Attr2",
    "Attribute3": "Attr3",
    "Transaction": 6
  },
  {
    "Index": 534,
    "ObjectId": "Obj534",
    "Attribute1": "Attr1",
    "Attribute2": "Attr2",
    "Attribute3": "Attr3",
    "Transaction": 6
  },
  {
    "Index": 535,
    "ObjectId": "Obj535",
    "Attribute1": "Attr1",
    "Attribute2": "Attr2",
    "Attribute3": "Attr3",
    "Transaction": 6
  },
  {
    "Index": 536,
    "ObjectId": "Obj536",
    "Attribute1": "Attr1",
    "Attribute2": "Attr2",
    "Attribute3": "Attr3",
    "Transaction": 6
  },
  {
    "Index": 537,
    "ObjectId": "Obj537",
    "Attribute1": "Attr1",
    "Attribute2": "Attr2",
    "Attribute3": "Attr3",
    "Transaction": 6
  },
  {
    "Index": 538,
    "ObjectId": "Obj538",
    "Attribute1": "Attr1",
    "Attribute2": "Attr2",
    "Attribute3": "Attr3",
    "Transaction": 6
  },
  {
    "Index": 539,
    "ObjectId": "Obj539",
    "Attribute1": "Attr1",
    "Attribute2": "Attr2",
    "Attribute3": "Attr3",
    "Transaction": 6
  },
  {
    "Index": 540,
    "ObjectId": "Obj540",
    "Attribute1": "Attr1",
    "Attribute2": "Attr2",
    "Attribute3": "Attr3",
    "Transaction": 6
  },
  {
    "Index": 541,
    "ObjectId": "Obj541",
    "Attribute1": "Attr1",
    "Attribute2": "Attr2",
    "Attribute3": "Attr3",
    "Transaction": 6
  },
  {
    "Index": 542,
    "ObjectId": "Obj542",
    "Attribute1": "Attr1",
    "Attribute2": "Attr2",
    "Attribute3": "Attr3",
    "Transaction": 6
  },
  {
    "Index": 543,
    "ObjectId": "Obj543",
    "Attribute1": "Attr1",
    "Attribute2": "Attr2",
    "Attribute3": "Attr3",
    "Transaction": 6
  },
  {
    "Index": 544,
    "ObjectId": "Obj544",
    "Attribute1": "Attr1",
    "Attribute2": "Attr2",
    "Attribute3": "Attr3",
    "Transaction": 6
  },
  {
    "Index": 545,
    "ObjectId": "Obj545",
    "Attribute1": "Attr1",
    "Attribute2": "Attr2",
    "Attribute3": "Attr3",
    "Transaction": 6
  },
  {
    "Index": 546,
    "ObjectId": "Obj546",
    "Attribute1": "Attr1",
    "Attribute2": "Attr2",
    "Attribute3": "Attr3",
    "Transaction": 6
  },
  {
    "Index": 547,
    "ObjectId": "Obj547",
    "Attribute1": "Attr1",
    "Attribute2": "Attr2",
    "Attribute3": "Attr3",
    "Transaction": 6
  },
  {
    "Index": 548,
    "ObjectId": "Obj548",
    "Attribute1": "Attr1",
    "Attribute2": "Attr2",
    "Attribute3": "Attr3",
    "Transaction": 6
  },
  {
    "Index": 549,
    "ObjectId": "Obj549",
    "Attribute1": "Attr1",
    "Attribute2": "Attr2",
    "Attribute3": "Attr3",
    "Transaction": 6
  },
  {
    "Index": 550,
    "ObjectId": "Obj550",
    "Attribute1": "Attr1",
    "Attribute2": "Attr2",
    "Attribute3": "Attr3",
    "Transaction": 6
  },
  {
    "Index": 551,
    "ObjectId": "Obj551",
    "Attribute1": "Attr1",
    "Attribute2": "Attr2",
    "Attribute3": "Attr3",
    "Transaction": 6
  },
  {
    "Index": 552,
    "ObjectId": "Obj552",
    "Attribute1": "Attr1",
    "Attribute2": "Attr2",
    "Attribute3": "Attr3",
    "Transaction": 6
  },
  {
    "Index": 553,
    "ObjectId": "Obj553",
    "Attribute1": "Attr1",
    "Attribute2": "Attr2",
    "Attribute3": "Attr3",
    "Transaction": 6
  },
  {
    "Index": 554,
    "ObjectId": "Obj554",
    "Attribute1": "Attr1",
    "Attribute2": "Attr2",
    "Attribute3": "Attr3",
    "Transaction": 6
  },
  {
    "Index": 555,
    "ObjectId": "Obj555",
    "Attribute1": "Attr1",
    "Attribute2": "Attr2",
    "Attribute3": "Attr3",
    "Transaction": 6
  },
  {
    "Index": 556,
    "ObjectId": "Obj556",
    "Attribute1": "Attr1",
    "Attribute2": "Attr2",
    "Attribute3": "Attr3",
    "Transaction": 6
  },
  {
    "Index": 557,
    "ObjectId": "Obj557",
    "Attribute1": "Attr1",
    "Attribute2": "Attr2",
    "Attribute3": "Attr3",
    "Transaction": 6
  },
  {
    "Index": 558,
    "ObjectId": "Obj558",
    "Attribute1": "Attr1",
    "Attribute2": "Attr2",
    "Attribute3": "Attr3",
    "Transaction": 6
  },
  {
    "Index": 559,
    "ObjectId": "Obj559",
    "Attribute1": "Attr1",
    "Attribute2": "Attr2",
    "Attribute3": "Attr3",
    "Transaction": 6
  },
  {
    "Index": 560,
    "ObjectId": "Obj560",
    "Attribute1": "Attr1",
    "Attribute2": "Attr2",
    "Attribute3": "Attr3",
    "Transaction": 6
  },
  {
    "Index": 561,
    "ObjectId": "Obj561",
    "Attribute1": "Attr1",
    "Attribute2": "Attr2",
    "Attribute3": "Attr3",
    "Transaction": 6
  },
  {
    "Index": 562,
    "ObjectId": "Obj562",
    "Attribute1": "Attr1",
    "Attribute2": "Attr2",
    "Attribute3": "Attr3",
    "Transaction": 6
  },
  {
    "Index": 563,
    "ObjectId": "Obj563",
    "Attribute1": "Attr1",
    "Attribute2": "Attr2",
    "Attribute3": "Attr3",
    "Transaction": 6
  },
  {
    "Index": 564,
    "ObjectId": "Obj564",
    "Attribute1": "Attr1",
    "Attribute2": "Attr2",
    "Attribute3": "Attr3",
    "Transaction": 6
  },
  {
    "Index": 565,
    "ObjectId": "Obj565",
    "Attribute1": "Attr1",
    "Attribute2": "Attr2",
    "Attribute3": "Attr3",
    "Transaction": 6
  },
  {
    "Index": 566,
    "ObjectId": "Obj566",
    "Attribute1": "Attr1",
    "Attribute2": "Attr2",
    "Attribute3": "Attr3",
    "Transaction": 6
  },
  {
    "Index": 567,
    "ObjectId": "Obj567",
    "Attribute1": "Attr1",
    "Attribute2": "Attr2",
    "Attribute3": "Attr3",
    "Transaction": 6
  },
  {
    "Index": 568,
    "ObjectId": "Obj568",
    "Attribute1": "Attr1",
    "Attribute2": "Attr2",
    "Attribute3": "Attr3",
    "Transaction": 6
  },
  {
    "Index": 569,
    "ObjectId": "Obj569",
    "Attribute1": "Attr1",
    "Attribute2": "Attr2",
    "Attribute3": "Attr3",
    "Transaction": 6
  },
  {
    "Index": 570,
    "ObjectId": "Obj570",
    "Attribute1": "Attr1",
    "Attribute2": "Attr2",
    "Attribute3": "Attr3",
    "Transaction": 6
  },
  {
    "Index": 571,
    "ObjectId": "Obj571",
    "Attribute1": "Attr1",
    "Attribute2": "Attr2",
    "Attribute3": "Attr3",
    "Transaction": 6
  },
  {
    "Index": 572,
    "ObjectId": "Obj572",
    "Attribute1": "Attr1",
    "Attribute2": "Attr2",
    "Attribute3": "Attr3",
    "Transaction": 6
  },
  {
    "Index": 573,
    "ObjectId": "Obj573",
    "Attribute1": "Attr1",
    "Attribute2": "Attr2",
    "Attribute3": "Attr3",
    "Transaction": 6
  },
  {
    "Index": 574,
    "ObjectId": "Obj574",
    "Attribute1": "Attr1",
    "Attribute2": "Attr2",
    "Attribute3": "Attr3",
    "Transaction": 6
  },
  {
    "Index": 575,
    "ObjectId": "Obj575",
    "Attribute1": "Attr1",
    "Attribute2": "Attr2",
    "Attribute3": "Attr3",
    "Transaction": 6
  },
  {
    "Index": 576,
    "ObjectId": "Obj576",
    "Attribute1": "Attr1",
    "Attribute2": "Attr2",
    "Attribute3": "Attr3",
    "Transaction": 6
  },
  {
    "Index": 577,
    "ObjectId": "Obj577",
    "Attribute1": "Attr1",
    "Attribute2": "Attr2",
    "Attribute3": "Attr3",
    "Transaction": 6
  },
  {
    "Index": 578,
    "ObjectId": "Obj578",
    "Attribute1": "Attr1",
    "Attribute2": "Attr2",
    "Attribute3": "Attr3",
    "Transaction": 6
  },
  {
    "Index": 579,
    "ObjectId": "Obj579",
    "Attribute1": "Attr1",
    "Attribute2": "Attr2",
    "Attribute3": "Attr3",
    "Transaction": 6
  },
  {
    "Index": 580,
    "ObjectId": "Obj580",
    "Attribute1": "Attr1",
    "Attribute2": "Attr2",
    "Attribute3": "Attr3",
    "Transaction": 6
  },
  {
    "Index": 581,
    "ObjectId": "Obj581",
    "Attribute1": "Attr1",
    "Attribute2": "Attr2",
    "Attribute3": "Attr3",
    "Transaction": 6
  },
  {
    "Index": 582,
    "ObjectId": "Obj582",
    "Attribute1": "Attr1",
    "Attribute2": "Attr2",
    "Attribute3": "Attr3",
    "Transaction": 6
  },
  {
    "Index": 583,
    "ObjectId": "Obj583",
    "Attribute1": "Attr1",
    "Attribute2": "Attr2",
    "Attribute3": "Attr3",
    "Transaction": 6
  },
  {
    "Index": 584,
    "ObjectId": "Obj584",
    "Attribute1": "Attr1",
    "Attribute2": "Attr2",
    "Attribute3": "Attr3",
    "Transaction": 6
  },
  {
    "Index": 585,
    "ObjectId": "Obj585",
    "Attribute1": "Attr1",
    "Attribute2": "Attr2",
    "Attribute3": "Attr3",
    "Transaction": 6
  },
  {
    "Index": 586,
    "ObjectId": "Obj586",
    "Attribute1": "Attr1",
    "Attribute2": "Attr2",
    "Attribute3": "Attr3",
    "Transaction": 6
  },
  {
    "Index": 587,
    "ObjectId": "Obj587",
    "Attribute1": "Attr1",
    "Attribute2": "Attr2",
    "Attribute3": "Attr3",
    "Transaction": 6
  },
  {
    "Index": 588,
    "ObjectId": "Obj588",
    "Attribute1": "Attr1",
    "Attribute2": "Attr2",
    "Attribute3": "Attr3",
    "Transaction": 6
  },
  {
    "Index": 589,
    "ObjectId": "Obj589",
    "Attribute1": "Attr1",
    "Attribute2": "Attr2",
    "Attribute3": "Attr3",
    "Transaction": 6
  },
  {
    "Index": 590,
    "ObjectId": "Obj590",
    "Attribute1": "Attr1",
    "Attribute2": "Attr2",
    "Attribute3": "Attr3",
    "Transaction": 6
  },
  {
    "Index": 591,
    "ObjectId": "Obj591",
    "Attribute1": "Attr1",
    "Attribute2": "Attr2",
    "Attribute3": "Attr3",
    "Transaction": 6
  },
  {
    "Index": 592,
    "ObjectId": "Obj592",
    "Attribute1": "Attr1",
    "Attribute2": "Attr2",
    "Attribute3": "Attr3",
    "Transaction": 6
  },
  {
    "Index": 593,
    "ObjectId": "Obj593",
    "Attribute1": "Attr1",
    "Attribute2": "Attr2",
    "Attribute3": "Attr3",
    "Transaction": 6
  },
  {
    "Index": 594,
    "ObjectId": "Obj594",
    "Attribute1": "Attr1",
    "Attribute2": "Attr2",
    "Attribute3": "Attr3",
    "Transaction": 6
  },
  {
    "Index": 595,
    "ObjectId": "Obj595",
    "Attribute1": "Attr1",
    "Attribute2": "Attr2",
    "Attribute3": "Attr3",
    "Transaction": 6
  },
  {
    "Index": 596,
    "ObjectId": "Obj596",
    "Attribute1": "Attr1",
    "Attribute2": "Attr2",
    "Attribute3": "Attr3",
    "Transaction": 6
  },
  {
    "Index": 597,
    "ObjectId": "Obj597",
    "Attribute1": "Attr1",
    "Attribute2": "Attr2",
    "Attribute3": "Attr3",
    "Transaction": 6
  },
  {
    "Index": 598,
    "ObjectId": "Obj598",
    "Attribute1": "Attr1",
    "Attribute2": "Attr2",
    "Attribute3": "Attr3",
    "Transaction": 6
  },
  {
    "Index": 599,
    "ObjectId": "Obj599",
    "Attribute1": "Attr1",
    "Attribute2": "Attr2",
    "Attribute3": "Attr3",
    "Transaction": 6
  },
  {
    "Index": 600,
    "ObjectId": "Obj600",
    "Attribute1": "Attr1",
    "Attribute2": "Attr2",
    "Attribute3": "Attr3",
    "Transaction": 6
  }
]