[
  {
    "Index": 301,
    "ObjectId": "Obj301",
    "Attribute1": "Attr1",
    "Attribute2": "Attr2",
    "Attribute3": "Attr3",
    "Transaction": 4
  },
  {
    "Index": 302,
    "ObjectId": "Obj302",
    "Attribute1": "Attr1",
    "Attribute2": "Attr2",
    "Attribute3": "Attr3",
    "Transaction": 4
  },
  {
    "Index": 303,
    "ObjectId": "Obj303",
    "Attribute1": "Attr1",
    "Attribute2": "Attr2",
    "Attribute3": "Attr3",
    "Transaction": 4
  },
  {
    "Index": 304,
    "ObjectId": "Obj304",
    "Attribute1": "Attr1",
    "Attribute2": "Attr2",
    "Attribute3": "Attr3",
    "Transaction": 4
  },
  {
    "Index": 305,
    "ObjectId": "Obj305",
    "Attribute1": "Attr1",
    "Attribute2": "Attr2",
    "Attribute3": "Attr3",
    "Transaction": 4
  },
  {
    "Index": 306,
    "ObjectId": "Obj306",
    "Attribute1": "Attr1",
    "Attribute2": "Attr2",
    "Attribute3": "Attr3",
    "Transaction": 4
  },
  {
    "Index": 307,
    "ObjectId": "Obj307",
    "Attribute1": "Attr1",
    "Attribute2": "Attr2",
    "Attribute3": "Attr3",
    "Transaction": 4
  },
  {
    "Index": 308,
    "ObjectId": "Obj308",
    "Attribute1": "Attr1",
    "Attribute2": "Attr2",
    "Attribute3": "Attr3",
    "Transaction": 4
  },
  {
    "Index": 309,
    "ObjectId": "Obj309",
    "Attribute1": "Attr1",
    "Attribute2": "Attr2",
    "Attribute3": "Attr3",
    "Transaction": 4
  },
  {
    "Index": 310,
    "ObjectId": "Obj310",
    "Attribute1": "Attr1",
    "Attribute2": "Attr2",
    "Attribute3": "Attr3",
    "Transaction": 4
  },
  {
    "Index": 311,
    "ObjectId": "Obj311",
    "Attribute1": "Attr1",
    "Attribute2": "Attr2",
    "Attribute3": "Attr3",
    "Transaction": 4
  },
  {
    "Index": 312,
    "ObjectId": "Obj312",
    "Attribute1": "Attr1",
    "Attribute2": "Attr2",
    "Attribute3": "Attr3",
    "Transaction": 4
  },
  {
    "Index": 313,
    "ObjectId": "Obj313",
    "Attribute1": "Attr1",
    "Attribute2": "Attr2",
    "Attribute3": "Attr3",
    "Transaction": 4
  },
  {
    "Index": 314,
    "ObjectId": "Obj314",
    "Attribute1": "Attr1",
    "Attribute2": "Attr2",
    "Attribute3": "Attr3",
    "Transaction": 4
  },
  {
    "Index": 315,
    "ObjectId": "Obj315",
    "Attribute1": "Attr1",
    "Attribute2": "Attr2",
    "Attribute3": "Attr3",
    "Transaction": 4
  },
  {
    "Index": 316,
    "ObjectId": "Obj316",
    "Attribute1": "Attr1",
    "Attribute2": "Attr2",
    "Attribute3": "Attr3",
    "Transaction": 4
  },
  {
    "Index": 317,
    "ObjectId": "Obj317",
    "Attribute1": "Attr1",
    "Attribute2": "Attr2",
    "Attribute3": "Attr3",
    "Transaction": 4
  },
  {
    "Index": 318,
    "ObjectId": "Obj318",
    "Attribute1": "Attr1",
    "Attribute2": "Attr2",
    "Attribute3": "Attr3",
    "Transaction": 4
  },
  {
    "Index": 319,
    "ObjectId": "Obj319",
    "Attribute1": "Attr1",
    "Attribute2": "Attr2",
    "Attribute3": "Attr3",
    "Transaction": 4
  },
  {
    "Index": 320,
    "ObjectId": "Obj320",
    "Attribute1": "Attr1",
    "Attribute2": "Attr2",
    "Attribute3": "Attr3",
    "Transaction": 4
  },
  {
    "Index": 321,
    "ObjectId": "Obj321",
    "Attribute1": "Attr1",
    "Attribute2": "Attr2",
    "Attribute3": "Attr3",
    "Transaction": 4
  },
  {
    "Index": 322,
    "ObjectId": "Obj322",
    "Attribute1": "Attr1",
    "Attribute2": "Attr2",
    "Attribute3": "Attr3",
    "Transaction": 4
  },
  {
    "Index": 323,
    "ObjectId": "Obj323",
    "Attribute1": "Attr1",
    "Attribute2": "Attr2",
    "Attribute3": "Attr3",
    "Transaction": 4
  },
  {
    "Index": 324,
    "ObjectId": "Obj324",
    "Attribute1": "Attr1",
    "Attribute2": "Attr2",
    "Attribute3": "Attr3",
    "Transaction": 4
  },
  {
    "Index": 325,
    "ObjectId": "Obj325",
    "Attribute1": "Attr1",
    "Attribute2": "Attr2",
    "Attribute3": "Attr3",
    "Transaction": 4
  },
  {
    "Index": 326,
    "ObjectId": "Obj326",
    "Attribute1": "Attr1",
    "Attribute2": "Attr2",
    "Attribute3": "Attr3",
    "Transaction": 4
  },
  {
    "Index": 327,
    "ObjectId": "Obj327",
    "Attribute1": "Attr1",
    "Attribute2": "Attr2",
    "Attribute3": "Attr3",
    "Transaction": 4
  },
  {
    "Index": 328,
    "ObjectId": "Obj328",
    "Attribute1": "Attr1",
    "Attribute2": "Attr2",
    "Attribute3": "Attr3",
    "Transaction": 4
  },
  {
    "Index": 329,
    "ObjectId": "Obj329",
    "Attribute1": "Attr1",
    "Attribute2": "Attr2",
    "Attribute3": "Attr3",
    "Transaction": 4
  },
  {
    "Index": 330,
    "ObjectId": "Obj330",
    "Attribute1": "Attr1",
    "Attribute2": "Attr2",
    "Attribute3": "Attr3",
    "Transaction": 4
  },
  {
    "Index": 331,
    "ObjectId": "Obj331",
    "Attribute1": "Attr1",
    "Attribute2": "Attr2",
    "Attribute3": "Attr3",
    "Transaction": 4
  },
  {
    "Index": 332,
    "ObjectId": "Obj332",
    "Attribute1": "Attr1",
    "Attribute2": "Attr2",
    "Attribute3": "Attr3",
    "Transaction": 4
  },
  {
    "Index": 333,
    "ObjectId": "Obj333",
    "Attribute1": "Attr1",
    "Attribute2": "Attr2",
    "Attribute3": "Attr3",
    "Transaction": 4
  },
  {
    "Index": 334,
    "ObjectId": "Obj334",
    "Attribute1": "Attr1",
    "Attribute2": "Attr2",
    "Attribute3": "Attr3",
    "Transaction": 4
  },
  {
    "Index": 335,
    "ObjectId": "Obj335",
    "Attribute1": "Attr1",
    "Attribute2": "Attr2",
    "Attribute3": "Attr3",
    "Transaction": 4
  },
  {
    "Index": 336,
    "ObjectId": "Obj336",
    "Attribute1": "Attr1",
    "Attribute2": "Attr2",
    "Attribute3": "Attr3",
    "Transaction": 4
  },
  {
    "Index": 337,
    "ObjectId": "Obj337",
    "Attribute1": "Attr1",
    "Attribute2": "Attr2",
    "Attribute3": "Attr3",
    "Transaction": 4
  },
  {
    "Index": 338,
    "ObjectId": "Obj338",
    "Attribute1": "Attr1",
    "Attribute2": "Attr2",
    "Attribute3": "Attr3",
    "Transaction": 4
  },
  {
    "Index": 339,
    "ObjectId": "Obj339",
    "Attribute1": "Attr1",
    "Attribute2": "Attr2",
    "Attribute3": "Attr3",
    "Transaction": 4
  },
  {
    "Index": 340,
    "ObjectId": "Obj340",
    "Attribute1": "Attr1",
    "Attribute2": "Attr2",
    "Attribute3": "Attr3",
    "Transaction": 4
  },
  {
    "Index": 341,
    "ObjectId": "Obj341",
    "Attribute1": "Attr1",
    "Attribute2": "Attr2",
    "Attribute3": "Attr3",
    "Transaction": 4
  },
  {
    "Index": 342,
    "ObjectId": "Obj342",
    "Attribute1": "Attr1",
    "Attribute2": "Attr2",
    "Attribute3": "Attr3",
    "Transaction": 4
  },
  {
    "Index": 343,
    "ObjectId": "Obj343",
    "Attribute1": "Attr1",
    "Attribute2": "Attr2",
    "Attribute3": "Attr3",
    "Transaction": 4
  },
  {
    "Index": 344,
    "ObjectId": "Obj344",
    "Attribute1": "Attr1",
    "Attribute2": "Attr2",
    "Attribute3": "Attr3",
    "Transaction": 4
  },
  {
    "Index": 345,
    "ObjectId": "Obj345",
    "Attribute1": "Attr1",
    "Attribute2": "Attr2",
    "Attribute3": "Attr3",
    "Transaction": 4
  },
  {
    "Index": 346,
    "ObjectId": "Obj346",
    "Attribute1": "Attr1",
    "Attribute2": "Attr2",
    "Attribute3": "Attr3",
    "Transaction": 4
  },
  {
    "Index": 347,
    "ObjectId": "Obj347",
    "Attribute1": "Attr1",
    "Attribute2": "Attr2",
    "Attribute3": "Attr3",
    "Transaction": 4
  },
  {
    "Index": 348,
    "ObjectId": "Obj348",
    "Attribute1": "Attr1",
    "Attribute2": "Attr2",
    "Attribute3": "Attr3",
    "Transaction": 4
  },
  {
    "Index": 349,
    "ObjectId": "Obj349",
    "Attribute1": "Attr1",
    "Attribute2": "Attr2",
    "Attribute3": "Attr3",
    "Transaction": 4
  },
  {
    "Index": 350,
    "ObjectId": "Obj350",
    "Attribute1": "Attr1",
    "Attribute2": "Attr2",
    "Attribute3": "Attr3",
    "Transaction": 4
  },
  {
    "Index": 351,
    "ObjectId": "Obj351",
    "Attribute1": "Attr1",
    "Attribute2": "Attr2",
    "Attribute3": "Attr3",
    "Transaction": 4
  },
  {
    "Index": 352,
    "ObjectId": "Obj352",
    "Attribute1": "Attr1",
    "Attribute2": "Attr2",
    "Attribute3": "Attr3",
    "Transaction": 4
  },
  {
    "Index": 353,
    "ObjectId": "Obj353",
    "Attribute1": "Attr1",
    "Attribute2": "Attr2",
    "Attribute3": "Attr3",
    "Transaction": 4
  },
  {
    "Index": 354,
    "ObjectId": "Obj354",
    "Attribute1": "Attr1",
    "Attribute2": "Attr2",
    "Attribute3": "Attr3",
    "Transaction": 4
  },
  {
    "Index": 355,
    "ObjectId": "Obj355",
    "Attribute1": "Attr1",
    "Attribute2": "Attr2",
    "Attribute3": "Attr3",
    "Transaction": 4
  },
  {
    "Index": 356,
    "ObjectId": "Obj356",
    "Attribute1": "Attr1",
    "Attribute2": "Attr2",
    "Attribute3": "Attr3",
    "Transaction": 4
  },
  {
    "Index": 357,
    "ObjectId": "Obj357",
    "Attribute1": "Attr1",
    "Attribute2": "Attr2",
    "Attribute3": "Attr3",
    "Transaction": 4
  },
  {
    "Index": 358,
    "ObjectId": "Obj358",
    "Attribute1": "Attr1",
    "Attribute2": "Attr2",
    "Attribute3": "Attr3",
    "Transaction": 4
  },
  {
    "Index": 359,
    "ObjectId": "Obj359",
    "Attribute1": "Attr1",
    "Attribute2": "Attr2",
    "Attribute3": "Attr3",
    "Transaction": 4
  },
  {
    "Index": 360,
    "ObjectId": "Obj360",
    "Attribute1": "Attr1",
    "Attribute2": "Attr2",
    "Attribute3": "Attr3",
    "Transaction": 4
  },
  {
    "Index": 361,
    "ObjectId": "Obj361",
    "Attribute1": "Attr1",
    "Attribute2": "Attr2",
    "Attribute3": "Attr3",
    "Transaction": 4
  },
  {
    "Index": 362,
    "ObjectId": "Obj362",
    "Attribute1": "Attr1",
    "Attribute2": "Attr2",
    "Attribute3": "Attr3",
    "Transaction": 4
  },
  {
    "Index": 363,
    "ObjectId": "Obj363",
    "Attribute1": "Attr1",
    "Attribute2": "Attr2",
    "Attribute3": "Attr3",
    "Transaction": 4
  },
  {
    "Index": 364,
    "ObjectId": "Obj364",
    "Attribute1": "Attr1",
    "Attribute2": "Attr2",
    "Attribute3": "Attr3",
    "Transaction": 4
  },
  {
    "Index": 365,
    "ObjectId": "Obj365",
    "Attribute1": "Attr1",
    "Attribute2": "Attr2",
    "Attribute3": "Attr3",
    "Transaction": 4
  },
  {
    "Index": 366,
    "ObjectId": "Obj366",
    "Attribute1": "Attr1",
    "Attribute2": "Attr2",
    "Attribute3": "Attr3",
    "Transaction": 4
  },
  {
    "Index": 367,
    "ObjectId": "Obj367",
    "Attribute1": "Attr1",
    "Attribute2": "Attr2",
    "Attribute3": "Attr3",
    "Transaction": 4
  },
  {
    "Index": 368,
    "ObjectId": "Obj368",
    "Attribute1": "Attr1",
    "Attribute2": "Attr2",
    "Attribute3": "Attr3",
    "Transaction": 4
  },
  {
    "Index": 369,
    "ObjectId": "Obj369",
    "Attribute1": "Attr1",
    "Attribute2": "Attr2",
    "Attribute3": "Attr3",
    "Transaction": 4
  },
  {
    "Index": 370,
    "ObjectId": "Obj370",
    "Attribute1": "Attr1",
    "Attribute2": "Attr2",
    "Attribute3": "Attr3",
    "Transaction": 4
  },
  {
    "Index": 371,
    "ObjectId": "Obj371",
    "Attribute1": "Attr1",
    "Attribute2": "Attr2",
    "Attribute3": "Attr3",
    "Transaction": 4
  },
  {
    "Index": 372,
    "ObjectId": "Obj372",
    "Attribute1": "Attr1",
    "Attribute2": "Attr2",
    "Attribute3": "Attr3",
    "Transaction": 4
  },
  {
    "Index": 373,
    "ObjectId": "Obj373",
    "Attribute1": "Attr1",
    "Attribute2": "Attr2",
    "Attribute3": "Attr3",
    "Transaction": 4
  },
  {
    "Index": 374,
    "ObjectId": "Obj374",
    "Attribute1": "Attr1",
    "Attribute2": "Attr2",
    "Attribute3": "Attr3",
    "Transaction": 4
  },
  {
    "Index": 375,
    "ObjectId": "Obj375",
    "Attribute1": "Attr1",
    "Attribute2": "Attr2",
    "Attribute3": "Attr3",
    "Transaction": 4
  },
  {
    "Index": 376,
    "ObjectId": "Obj376",
    "Attribute1": "Attr1",
    "Attribute2": "Attr2",
    "Attribute3": "Attr3",
    "Transaction": 4
  },
  {
    "Index": 377,
    "ObjectId": "Obj377",
    "Attribute1": "Attr1",
    "Attribute2": "Attr2",
    "Attribute3": "Attr3",
    "Transaction": 4
  },
  {
    "Index": 378,
    "ObjectId": "Obj378",
    "Attribute1": "Attr1",
    "Attribute2": "Attr2",
    "Attribute3": "Attr3",
    "Transaction": 4
  },
  {
    "Index": 379,
    "ObjectId": "Obj379",
    "Attribute1": "Attr1",
    "Attribute2": "Attr2",
    "Attribute3": "Attr3",
    "Transaction": 4
  },
  {
    "Index": 380,
    "ObjectId": "Obj380",
    "Attribute1": "Attr1",
    "Attribute2": "Attr2",
    "Attribute3": "Attr3",
    "Transaction": 4
  },
  {
    "Index": 381,
    "ObjectId": "Obj381",
    "Attribute1": "Attr1",
    "Attribute2": "Attr2",
    "Attribute3": "Attr3",
    "Transaction": 4
  },
  {
    "Index": 382,
    "ObjectId": "Obj382",
    "Attribute1": "Attr1",
    "Attribute2": "Attr2",
    "Attribute3": "Attr3",
    "Transaction": 4
  },
  {
    "Index": 383,
    "ObjectId": "Obj383",
    "Attribute1": "Attr1",
    "Attribute2": "Attr2",
    "Attribute3": "Attr3",
    "Transaction": 4
  },
  {
    "Index": 384,
    "ObjectId": "Obj384",
    "Attribute1": "Attr1",
    "Attribute2": "Attr2",
    "Attribute3": "Attr3",
    "Transaction": 4
  },
  {
    "Index": 385,
    "ObjectId": "Obj385",
    "Attribute1": "Attr1",
    "Attribute2": "Attr2",
    "Attribute3": "Attr3",
    "Transaction": 4
  },
  {
    "Index": 386,
    "ObjectId": "Obj386",
    "Attribute1": "Attr1",
    "Attribute2": "Attr2",
    "Attribute3": "Attr3",
    "Transaction": 4
  },
  {
    "Index": 387,
    "ObjectId": "Obj387",
    "Attribute1": "Attr1",
    "Attribute2": "Attr2",
    "Attribute3": "Attr3",
    "Transaction": 4
  },
  {
    "Index": 388,
    "ObjectId": "Obj388",
    "Attribute1": "Attr1",
    "Attribute2": "Attr2",
    "Attribute3": "Attr3",
    "Transaction": 4
  },
  {
    "Index": 389,
    "ObjectId": "Obj389",
    "Attribute1": "Attr1",
    "Attribute2": "Attr2",
    "Attribute3": "Attr3",
    "Transaction": 4
  },
  {
    "Index": 390,
    "ObjectId": "Obj390",
    "Attribute1": "Attr1",
    "Attribute2": "Attr2",
    "Attribute3": "Attr3",
    "Transaction": 4
  },
  {
    "Index": 391,
    "ObjectId": "Obj391",
    "Attribute1": "Attr1",
    "Attribute2": "Attr2",
    "Attribute3": "Attr3",
    "Transaction": 4
  },
  {
    "Index": 392,
    "ObjectId": "Obj392",
    "Attribute1": "Attr1",
    "Attribute2": "Attr2",
    "Attribute3": "Attr3",
    "Transaction": 4
  },
  {
    "Index": 393,
    "ObjectId": "Obj393",
    "Attribute1": "Attr1",
    "Attribute2": "Attr2",
    "Attribute3": "Attr3",
    "Transaction": 4
  },
  {
    "Index": 394,
    "ObjectId": "Obj394",
    "Attribute1": "Attr1",
    "Attribute2": "Attr2",
    "Attribute3": "Attr3",
    "Transaction": 4
  },
  {
    "Index": 395,
    "ObjectId": "Obj395",
    "Attribute1": "Attr1",
    "Attribute2": "Attr2",
    "Attribute3": "Attr3",
    "Transaction": 4
  },
  {
    "Index": 396,
    "ObjectId": "Obj396",
    "Attribute1": "Attr1",
    "Attribute2": "Attr2",
    "Attribute3": "Attr3",
    "Transaction": 4
  },
  {
    "Index": 397,
    "ObjectId": "Obj397",
    "Attribute1": "Attr1",
    "Attribute2": "Attr2",
    "Attribute3": "Attr3",
    "Transaction": 4
  },
  {
    "Index": 398,
    "ObjectId": "Obj398",
    "Attribute1": "Attr1",
    "Attribute2": "Attr2",
    "Attribute3": "Attr3",
    "Transaction": 4
  },
  {
    "Index": 399,
    "ObjectId": "Obj399",
    "Attribute1": "Attr1",
    "Attribute2": "Attr2",
    "Attribute3": "Attr3",
    "Transaction": 4
  },
  {
    "Index": 400,
    "ObjectId": "Obj400",
    "Attribute1": "Attr1",
    "Attribute2": "Attr2",
    "Attribute3": "Attr3",
    "Transaction": 4
  }
]