[
  {
    "Index": 7901,
    "ObjectId": "Obj7901",
    "Attribute1": "Attr1",
    "Attribute2": "Attr2",
    "Attribute3": "Attr3",
    "Transaction": 80
  },
  {
    "Index": 7902,
    "ObjectId": "Obj7902",
    "Attribute1": "Attr1",
    "Attribute2": "Attr2",
    "Attribute3": "Attr3",
    "Transaction": 80
  },
  {
    "Index": 7903,
    "ObjectId": "Obj7903",
    "Attribute1": "Attr1",
    "Attribute2": "Attr2",
    "Attribute3": "Attr3",
    "Transaction": 80
  },
  {
    "Index": 7904,
    "ObjectId": "Obj7904",
    "Attribute1": "Attr1",
    "Attribute2": "Attr2",
    "Attribute3": "Attr3",
    "Transaction": 80
  },
  {
    "Index": 7905,
    "ObjectId": "Obj7905",
    "Attribute1": "Attr1",
    "Attribute2": "Attr2",
    "Attribute3": "Attr3",
    "Transaction": 80
  },
  {
    "Index": 7906,
    "ObjectId": "Obj7906",
    "Attribute1": "Attr1",
    "Attribute2": "Attr2",
    "Attribute3": "Attr3",
    "Transaction": 80
  },
  {
    "Index": 7907,
    "ObjectId": "Obj7907",
    "Attribute1": "Attr1",
    "Attribute2": "Attr2",
    "Attribute3": "Attr3",
    "Transaction": 80
  },
  {
    "Index": 7908,
    "ObjectId": "Obj7908",
    "Attribute1": "Attr1",
    "Attribute2": "Attr2",
    "Attribute3": "Attr3",
    "Transaction": 80
  },
  {
    "Index": 7909,
    "ObjectId": "Obj7909",
    "Attribute1": "Attr1",
    "Attribute2": "Attr2",
    "Attribute3": "Attr3",
    "Transaction": 80
  },
  {
    "Index": 7910,
    "ObjectId": "Obj7910",
    "Attribute1": "Attr1",
    "Attribute2": "Attr2",
    "Attribute3": "Attr3",
    "Transaction": 80
  },
  {
    "Index": 7911,
    "ObjectId": "Obj7911",
    "Attribute1": "Attr1",
    "Attribute2": "Attr2",
    "Attribute3": "Attr3",
    "Transaction": 80
  },
  {
    "Index": 7912,
    "ObjectId": "Obj7912",
    "Attribute1": "Attr1",
    "Attribute2": "Attr2",
    "Attribute3": "Attr3",
    "Transaction": 80
  },
  {
    "Index": 7913,
    "ObjectId": "Obj7913",
    "Attribute1": "Attr1",
    "Attribute2": "Attr2",
    "Attribute3": "Attr3",
    "Transaction": 80
  },
  {
    "Index": 7914,
    "ObjectId": "Obj7914",
    "Attribute1": "Attr1",
    "Attribute2": "Attr2",
    "Attribute3": "Attr3",
    "Transaction": 80
  },
  {
    "Index": 7915,
    "ObjectId": "Obj7915",
    "Attribute1": "Attr1",
    "Attribute2": "Attr2",
    "Attribute3": "Attr3",
    "Transaction": 80
  },
  {
    "Index": 7916,
    "ObjectId": "Obj7916",
    "Attribute1": "Attr1",
    "Attribute2": "Attr2",
    "Attribute3": "Attr3",
    "Transaction": 80
  },
  {
    "Index": 7917,
    "ObjectId": "Obj7917",
    "Attribute1": "Attr1",
    "Attribute2": "Attr2",
    "Attribute3": "Attr3",
    "Transaction": 80
  },
  {
    "Index": 7918,
    "ObjectId": "Obj7918",
    "Attribute1": "Attr1",
    "Attribute2": "Attr2",
    "Attribute3": "Attr3",
    "Transaction": 80
  },
  {
    "Index": 7919,
    "ObjectId": "Obj7919",
    "Attribute1": "Attr1",
    "Attribute2": "Attr2",
    "Attribute3": "Attr3",
    "Transaction": 80
  },
  {
    "Index": 7920,
    "ObjectId": "Obj7920",
    "Attribute1": "Attr1",
    "Attribute2": "Attr2",
    "Attribute3": "Attr3",
    "Transaction": 80
  },
  {
    "Index": 7921,
    "ObjectId": "Obj7921",
    "Attribute1": "Attr1",
    "Attribute2": "Attr2",
    "Attribute3": "Attr3",
    "Transaction": 80
  },
  {
    "Index": 7922,
    "ObjectId": "Obj7922",
    "Attribute1": "Attr1",
    "Attribute2": "Attr2",
    "Attribute3": "Attr3",
    "Transaction": 80
  },
  {
    "Index": 7923,
    "ObjectId": "Obj7923",
    "Attribute1": "Attr1",
    "Attribute2": "Attr2",
    "Attribute3": "Attr3",
    "Transaction": 80
  },
  {
    "Index": 7924,
    "ObjectId": "Obj7924",
    "Attribute1": "Attr1",
    "Attribute2": "Attr2",
    "Attribute3": "Attr3",
    "Transaction": 80
  },
  {
    "Index": 7925,
    "ObjectId": "Obj7925",
    "Attribute1": "Attr1",
    "Attribute2": "Attr2",
    "Attribute3": "Attr3",
    "Transaction": 80
  },
  {
    "Index": 7926,
    "ObjectId": "Obj7926",
    "Attribute1": "Attr1",
    "Attribute2": "Attr2",
    "Attribute3": "Attr3",
    "Transaction": 80
  },
  {
    "Index": 7927,
    "ObjectId": "Obj7927",
    "Attribute1": "Attr1",
    "Attribute2": "Attr2",
    "Attribute3": "Attr3",
    "Transaction": 80
  },
  {
    "Index": 7928,
    "ObjectId": "Obj7928",
    "Attribute1": "Attr1",
    "Attribute2": "Attr2",
    "Attribute3": "Attr3",
    "Transaction": 80
  },
  {
    "Index": 7929,
    "ObjectId": "Obj7929",
    "Attribute1": "Attr1",
    "Attribute2": "Attr2",
    "Attribute3": "Attr3",
    "Transaction": 80
  },
  {
    "Index": 7930,
    "ObjectId": "Obj7930",
    "Attribute1": "Attr1",
    "Attribute2": "Attr2",
    "Attribute3": "Attr3",
    "Transaction": 80
  },
  {
    "Index": 7931,
    "ObjectId": "Obj7931",
    "Attribute1": "Attr1",
    "Attribute2": "Attr2",
    "Attribute3": "Attr3",
    "Transaction": 80
  },
  {
    "Index": 7932,
    "ObjectId": "Obj7932",
    "Attribute1": "Attr1",
    "Attribute2": "Attr2",
    "Attribute3": "Attr3",
    "Transaction": 80
  },
  {
    "Index": 7933,
    "ObjectId": "Obj7933",
    "Attribute1": "Attr1",
    "Attribute2": "Attr2",
    "Attribute3": "Attr3",
    "Transaction": 80
  },
  {
    "Index": 7934,
    "ObjectId": "Obj7934",
    "Attribute1": "Attr1",
    "Attribute2": "Attr2",
    "Attribute3": "Attr3",
    "Transaction": 80
  },
  {
    "Index": 7935,
    "ObjectId": "Obj7935",
    "Attribute1": "Attr1",
    "Attribute2": "Attr2",
    "Attribute3": "Attr3",
    "Transaction": 80
  },
  {
    "Index": 7936,
    "ObjectId": "Obj7936",
    "Attribute1": "Attr1",
    "Attribute2": "Attr2",
    "Attribute3": "Attr3",
    "Transaction": 80
  },
  {
    "Index": 7937,
    "ObjectId": "Obj7937",
    "Attribute1": "Attr1",
    "Attribute2": "Attr2",
    "Attribute3": "Attr3",
    "Transaction": 80
  },
  {
    "Index": 7938,
    "ObjectId": "Obj7938",
    "Attribute1": "Attr1",
    "Attribute2": "Attr2",
    "Attribute3": "Attr3",
    "Transaction": 80
  },
  {
    "Index": 7939,
    "ObjectId": "Obj7939",
    "Attribute1": "Attr1",
    "Attribute2": "Attr2",
    "Attribute3": "Attr3",
    "Transaction": 80
  },
  {
    "Index": 7940,
    "ObjectId": "Obj7940",
    "Attribute1": "Attr1",
    "Attribute2": "Attr2",
    "Attribute3": "Attr3",
    "Transaction": 80
  },
  {
    "Index": 7941,
    "ObjectId": "Obj7941",
    "Attribute1": "Attr1",
    "Attribute2": "Attr2",
    "Attribute3": "Attr3",
    "Transaction": 80
  },
  {
    "Index": 7942,
    "ObjectId": "Obj7942",
    "Attribute1": "Attr1",
    "Attribute2": "Attr2",
    "Attribute3": "Attr3",
    "Transaction": 80
  },
  {
    "Index": 7943,
    "ObjectId": "Obj7943",
    "Attribute1": "Attr1",
    "Attribute2": "Attr2",
    "Attribute3": "Attr3",
    "Transaction": 80
  },
  {
    "Index": 7944,
    "ObjectId": "Obj7944",
    "Attribute1": "Attr1",
    "Attribute2": "Attr2",
    "Attribute3": "Attr3",
    "Transaction": 80
  },
  {
    "Index": 7945,
    "ObjectId": "Obj7945",
    "Attribute1": "Attr1",
    "Attribute2": "Attr2",
    "Attribute3": "Attr3",
    "Transaction": 80
  },
  {
    "Index": 7946,
    "ObjectId": "Obj7946",
    "Attribute1": "Attr1",
    "Attribute2": "Attr2",
    "Attribute3": "Attr3",
    "Transaction": 80
  },
  {
    "Index": 7947,
    "ObjectId": "Obj7947",
    "Attribute1": "Attr1",
    "Attribute2": "Attr2",
    "Attribute3": "Attr3",
    "Transaction": 80
  },
  {
    "Index": 7948,
    "ObjectId": "Obj7948",
    "Attribute1": "Attr1",
    "Attribute2": "Attr2",
    "Attribute3": "Attr3",
    "Transaction": 80
  },
  {
    "Index": 7949,
    "ObjectId": "Obj7949",
    "Attribute1": "Attr1",
    "Attribute2": "Attr2",
    "Attribute3": "Attr3",
    "Transaction": 80
  },
  {
    "Index": 7950,
    "ObjectId": "Obj7950",
    "Attribute1": "Attr1",
    "Attribute2": "Attr2",
    "Attribute3": "Attr3",
    "Transaction": 80
  },
  {
    "Index": 7951,
    "ObjectId": "Obj7951",
    "Attribute1": "Attr1",
    "Attribute2": "Attr2",
    "Attribute3": "Attr3",
    "Transaction": 80
  },
  {
    "Index": 7952,
    "ObjectId": "Obj7952",
    "Attribute1": "Attr1",
    "Attribute2": "Attr2",
    "Attribute3": "Attr3",
    "Transaction": 80
  },
  {
    "Index": 7953,
    "ObjectId": "Obj7953",
    "Attribute1": "Attr1",
    "Attribute2": "Attr2",
    "Attribute3": "Attr3",
    "Transaction": 80
  },
  {
    "Index": 7954,
    "ObjectId": "Obj7954",
    "Attribute1": "Attr1",
    "Attribute2": "Attr2",
    "Attribute3": "Attr3",
    "Transaction": 80
  },
  {
    "Index": 7955,
    "ObjectId": "Obj7955",
    "Attribute1": "Attr1",
    "Attribute2": "Attr2",
    "Attribute3": "Attr3",
    "Transaction": 80
  },
  {
    "Index": 7956,
    "ObjectId": "Obj7956",
    "Attribute1": "Attr1",
    "Attribute2": "Attr2",
    "Attribute3": "Attr3",
    "Transaction": 80
  },
  {
    "Index": 7957,
    "ObjectId": "Obj7957",
    "Attribute1": "Attr1",
    "Attribute2": "Attr2",
    "Attribute3": "Attr3",
    "Transaction": 80
  },
  {
    "Index": 7958,
    "ObjectId": "Obj7958",
    "Attribute1": "Attr1",
    "Attribute2": "Attr2",
    "Attribute3": "Attr3",
    "Transaction": 80
  },
  {
    "Index": 7959,
    "ObjectId": "Obj7959",
    "Attribute1": "Attr1",
    "Attribute2": "Attr2",
    "Attribute3": "Attr3",
    "Transaction": 80
  },
  {
    "Index": 7960,
    "ObjectId": "Obj7960",
    "Attribute1": "Attr1",
    "Attribute2": "Attr2",
    "Attribute3": "Attr3",
    "Transaction": 80
  },
  {
    "Index": 7961,
    "ObjectId": "Obj7961",
    "Attribute1": "Attr1",
    "Attribute2": "Attr2",
    "Attribute3": "Attr3",
    "Transaction": 80
  },
  {
    "Index": 7962,
    "ObjectId": "Obj7962",
    "Attribute1": "Attr1",
    "Attribute2": "Attr2",
    "Attribute3": "Attr3",
    "Transaction": 80
  },
  {
    "Index": 7963,
    "ObjectId": "Obj7963",
    "Attribute1": "Attr1",
    "Attribute2": "Attr2",
    "Attribute3": "Attr3",
    "Transaction": 80
  },
  {
    "Index": 7964,
    "ObjectId": "Obj7964",
    "Attribute1": "Attr1",
    "Attribute2": "Attr2",
    "Attribute3": "Attr3",
    "Transaction": 80
  },
  {
    "Index": 7965,
    "ObjectId": "Obj7965",
    "Attribute1": "Attr1",
    "Attribute2": "Attr2",
    "Attribute3": "Attr3",
    "Transaction": 80
  },
  {
    "Index": 7966,
    "ObjectId": "Obj7966",
    "Attribute1": "Attr1",
    "Attribute2": "Attr2",
    "Attribute3": "Attr3",
    "Transaction": 80
  },
  {
    "Index": 7967,
    "ObjectId": "Obj7967",
    "Attribute1": "Attr1",
    "Attribute2": "Attr2",
    "Attribute3": "Attr3",
    "Transaction": 80
  },
  {
    "Index": 7968,
    "ObjectId": "Obj7968",
    "Attribute1": "Attr1",
    "Attribute2": "Attr2",
    "Attribute3": "Attr3",
    "Transaction": 80
  },
  {
    "Index": 7969,
    "ObjectId": "Obj7969",
    "Attribute1": "Attr1",
    "Attribute2": "Attr2",
    "Attribute3": "Attr3",
    "Transaction": 80
  },
  {
    "Index": 7970,
    "ObjectId": "Obj7970",
    "Attribute1": "Attr1",
    "Attribute2": "Attr2",
    "Attribute3": "Attr3",
    "Transaction": 80
  },
  {
    "Index": 7971,
    "ObjectId": "Obj7971",
    "Attribute1": "Attr1",
    "Attribute2": "Attr2",
    "Attribute3": "Attr3",
    "Transaction": 80
  },
  {
    "Index": 7972,
    "ObjectId": "Obj7972",
    "Attribute1": "Attr1",
    "Attribute2": "Attr2",
    "Attribute3": "Attr3",
    "Transaction": 80
  },
  {
    "Index": 7973,
    "ObjectId": "Obj7973",
    "Attribute1": "Attr1",
    "Attribute2": "Attr2",
    "Attribute3": "Attr3",
    "Transaction": 80
  },
  {
    "Index": 7974,
    "ObjectId": "Obj7974",
    "Attribute1": "Attr1",
    "Attribute2": "Attr2",
    "Attribute3": "Attr3",
    "Transaction": 80
  },
  {
    "Index": 7975,
    "ObjectId": "Obj7975",
    "Attribute1": "Attr1",
    "Attribute2": "Attr2",
    "Attribute3": "Attr3",
    "Transaction": 80
  },
  {
    "Index": 7976,
    "ObjectId": "Obj7976",
    "Attribute1": "Attr1",
    "Attribute2": "Attr2",
    "Attribute3": "Attr3",
    "Transaction": 80
  },
  {
    "Index": 7977,
    "ObjectId": "Obj7977",
    "Attribute1": "Attr1",
    "Attribute2": "Attr2",
    "Attribute3": "Attr3",
    "Transaction": 80
  },
  {
    "Index": 7978,
    "ObjectId": "Obj7978",
    "Attribute1": "Attr1",
    "Attribute2": "Attr2",
    "Attribute3": "Attr3",
    "Transaction": 80
  },
  {
    "Index": 7979,
    "ObjectId": "Obj7979",
    "Attribute1": "Attr1",
    "Attribute2": "Attr2",
    "Attribute3": "Attr3",
    "Transaction": 80
  },
  {
    "Index": 7980,
    "ObjectId": "Obj7980",
    "Attribute1": "Attr1",
    "Attribute2": "Attr2",
    "Attribute3": "Attr3",
    "Transaction": 80
  },
  {
    "Index": 7981,
    "ObjectId": "Obj7981",
    "Attribute1": "Attr1",
    "Attribute2": "Attr2",
    "Attribute3": "Attr3",
    "Transaction": 80
  },
  {
    "Index": 7982,
    "ObjectId": "Obj7982",
    "Attribute1": "Attr1",
    "Attribute2": "Attr2",
    "Attribute3": "Attr3",
    "Transaction": 80
  },
  {
    "Index": 7983,
    "ObjectId": "Obj7983",
    "Attribute1": "Attr1",
    "Attribute2": "Attr2",
    "Attribute3": "Attr3",
    "Transaction": 80
  },
  {
    "Index": 7984,
    "ObjectId": "Obj7984",
    "Attribute1": "Attr1",
    "Attribute2": "Attr2",
    "Attribute3": "Attr3",
    "Transaction": 80
  },
  {
    "Index": 7985,
    "ObjectId": "Obj7985",
    "Attribute1": "Attr1",
    "Attribute2": "Attr2",
    "Attribute3": "Attr3",
    "Transaction": 80
  },
  {
    "Index": 7986,
    "ObjectId": "Obj7986",
    "Attribute1": "Attr1",
    "Attribute2": "Attr2",
    "Attribute3": "Attr3",
    "Transaction": 80
  },
  {
    "Index": 7987,
    "ObjectId": "Obj7987",
    "Attribute1": "Attr1",
    "Attribute2": "Attr2",
    "Attribute3": "Attr3",
    "Transaction": 80
  },
  {
    "Index": 7988,
    "ObjectId": "Obj7988",
    "Attribute1": "Attr1",
    "Attribute2": "Attr2",
    "Attribute3": "Attr3",
    "Transaction": 80
  },
  {
    "Index": 7989,
    "ObjectId": "Obj7989",
    "Attribute1": "Attr1",
    "Attribute2": "Attr2",
    "Attribute3": "Attr3",
    "Transaction": 80
  },
  {
    "Index": 7990,
    "ObjectId": "Obj7990",
    "Attribute1": "Attr1",
    "Attribute2": "Attr2",
    "Attribute3": "Attr3",
    "Transaction": 80
  },
  {
    "Index": 7991,
    "ObjectId": "Obj7991",
    "Attribute1": "Attr1",
    "Attribute2": "Attr2",
    "Attribute3": "Attr3",
    "Transaction": 80
  },
  {
    "Index": 7992,
    "ObjectId": "Obj7992",
    "Attribute1": "Attr1",
    "Attribute2": "Attr2",
    "Attribute3": "Attr3",
    "Transaction": 80
  },
  {
    "Index": 7993,
    "ObjectId": "Obj7993",
    "Attribute1": "Attr1",
    "Attribute2": "Attr2",
    "Attribute3": "Attr3",
    "Transaction": 80
  },
  {
    "Index": 7994,
    "ObjectId": "Obj7994",
    "Attribute1": "Attr1",
    "Attribute2": "Attr2",
    "Attribute3": "Attr3",
    "Transaction": 80
  },
  {
    "Index": 7995,
    "ObjectId": "Obj7995",
    "Attribute1": "Attr1",
    "Attribute2": "Attr2",
    "Attribute3": "Attr3",
    "Transaction": 80
  },
  {
    "Index": 7996,
    "ObjectId": "Obj7996",
    "Attribute1": "Attr1",
    "Attribute2": "Attr2",
    "Attribute3": "Attr3",
    "Transaction": 80
  },
  {
    "Index": 7997,
    "ObjectId": "Obj7997",
    "Attribute1": "Attr1",
    "Attribute2": "Attr2",
    "Attribute3": "Attr3",
    "Transaction": 80
  },
  {
    "Index": 7998,
    "ObjectId": "Obj7998",
    "Attribute1": "Attr1",
    "Attribute2": "Attr2",
    "Attribute3": "Attr3",
    "Transaction": 80
  },
  {
    "Index": 7999,
    "ObjectId": "Obj7999",
    "Attribute1": "Attr1",
    "Attribute2": "Attr2",
    "Attribute3": "Attr3",
    "Transaction": 80
  },
  {
    "Index": 8000,
    "ObjectId": "Obj8000",
    "Attribute1": "Attr1",
    "Attribute2": "Attr2",
    "Attribute3": "Attr3",
    "Transaction": 80
  }
]