[
  {
    "Index": 2901,
    "ObjectId": "Obj2901",
    "Attribute1": "Attr1",
    "Attribute2": "Attr2",
    "Attribute3": "Attr3",
    "Transaction": 30
  },
  {
    "Index": 2902,
    "ObjectId": "Obj2902",
    "Attribute1": "Attr1",
    "Attribute2": "Attr2",
    "Attribute3": "Attr3",
    "Transaction": 30
  },
  {
    "Index": 2903,
    "ObjectId": "Obj2903",
    "Attribute1": "Attr1",
    "Attribute2": "Attr2",
    "Attribute3": "Attr3",
    "Transaction": 30
  },
  {
    "Index": 2904,
    "ObjectId": "Obj2904",
    "Attribute1": "Attr1",
    "Attribute2": "Attr2",
    "Attribute3": "Attr3",
    "Transaction": 30
  },
  {
    "Index": 2905,
    "ObjectId": "Obj2905",
    "Attribute1": "Attr1",
    "Attribute2": "Attr2",
    "Attribute3": "Attr3",
    "Transaction": 30
  },
  {
    "Index": 2906,
    "ObjectId": "Obj2906",
    "Attribute1": "Attr1",
    "Attribute2": "Attr2",
    "Attribute3": "Attr3",
    "Transaction": 30
  },
  {
    "Index": 2907,
    "ObjectId": "Obj2907",
    "Attribute1": "Attr1",
    "Attribute2": "Attr2",
    "Attribute3": "Attr3",
    "Transaction": 30
  },
  {
    "Index": 2908,
    "ObjectId": "Obj2908",
    "Attribute1": "Attr1",
    "Attribute2": "Attr2",
    "Attribute3": "Attr3",
    "Transaction": 30
  },
  {
    "Index": 2909,
    "ObjectId": "Obj2909",
    "Attribute1": "Attr1",
    "Attribute2": "Attr2",
    "Attribute3": "Attr3",
    "Transaction": 30
  },
  {
    "Index": 2910,
    "ObjectId": "Obj2910",
    "Attribute1": "Attr1",
    "Attribute2": "Attr2",
    "Attribute3": "Attr3",
    "Transaction": 30
  },
  {
    "Index": 2911,
    "ObjectId": "Obj2911",
    "Attribute1": "Attr1",
    "Attribute2": "Attr2",
    "Attribute3": "Attr3",
    "Transaction": 30
  },
  {
    "Index": 2912,
    "ObjectId": "Obj2912",
    "Attribute1": "Attr1",
    "Attribute2": "Attr2",
    "Attribute3": "Attr3",
    "Transaction": 30
  },
  {
    "Index": 2913,
    "ObjectId": "Obj2913",
    "Attribute1": "Attr1",
    "Attribute2": "Attr2",
    "Attribute3": "Attr3",
    "Transaction": 30
  },
  {
    "Index": 2914,
    "ObjectId": "Obj2914",
    "Attribute1": "Attr1",
    "Attribute2": "Attr2",
    "Attribute3": "Attr3",
    "Transaction": 30
  },
  {
    "Index": 2915,
    "ObjectId": "Obj2915",
    "Attribute1": "Attr1",
    "Attribute2": "Attr2",
    "Attribute3": "Attr3",
    "Transaction": 30
  },
  {
    "Index": 2916,
    "ObjectId": "Obj2916",
    "Attribute1": "Attr1",
    "Attribute2": "Attr2",
    "Attribute3": "Attr3",
    "Transaction": 30
  },
  {
    "Index": 2917,
    "ObjectId": "Obj2917",
    "Attribute1": "Attr1",
    "Attribute2": "Attr2",
    "Attribute3": "Attr3",
    "Transaction": 30
  },
  {
    "Index": 2918,
    "ObjectId": "Obj2918",
    "Attribute1": "Attr1",
    "Attribute2": "Attr2",
    "Attribute3": "Attr3",
    "Transaction": 30
  },
  {
    "Index": 2919,
    "ObjectId": "Obj2919",
    "Attribute1": "Attr1",
    "Attribute2": "Attr2",
    "Attribute3": "Attr3",
    "Transaction": 30
  },
  {
    "Index": 2920,
    "ObjectId": "Obj2920",
    "Attribute1": "Attr1",
    "Attribute2": "Attr2",
    "Attribute3": "Attr3",
    "Transaction": 30
  },
  {
    "Index": 2921,
    "ObjectId": "Obj2921",
    "Attribute1": "Attr1",
    "Attribute2": "Attr2",
    "Attribute3": "Attr3",
    "Transaction": 30
  },
  {
    "Index": 2922,
    "ObjectId": "Obj2922",
    "Attribute1": "Attr1",
    "Attribute2": "Attr2",
    "Attribute3": "Attr3",
    "Transaction": 30
  },
  {
    "Index": 2923,
    "ObjectId": "Obj2923",
    "Attribute1": "Attr1",
    "Attribute2": "Attr2",
    "Attribute3": "Attr3",
    "Transaction": 30
  },
  {
    "Index": 2924,
    "ObjectId": "Obj2924",
    "Attribute1": "Attr1",
    "Attribute2": "Attr2",
    "Attribute3": "Attr3",
    "Transaction": 30
  },
  {
    "Index": 2925,
    "ObjectId": "Obj2925",
    "Attribute1": "Attr1",
    "Attribute2": "Attr2",
    "Attribute3": "Attr3",
    "Transaction": 30
  },
  {
    "Index": 2926,
    "ObjectId": "Obj2926",
    "Attribute1": "Attr1",
    "Attribute2": "Attr2",
    "Attribute3": "Attr3",
    "Transaction": 30
  },
  {
    "Index": 2927,
    "ObjectId": "Obj2927",
    "Attribute1": "Attr1",
    "Attribute2": "Attr2",
    "Attribute3": "Attr3",
    "Transaction": 30
  },
  {
    "Index": 2928,
    "ObjectId": "Obj2928",
    "Attribute1": "Attr1",
    "Attribute2": "Attr2",
    "Attribute3": "Attr3",
    "Transaction": 30
  },
  {
    "Index": 2929,
    "ObjectId": "Obj2929",
    "Attribute1": "Attr1",
    "Attribute2": "Attr2",
    "Attribute3": "Attr3",
    "Transaction": 30
  },
  {
    "Index": 2930,
    "ObjectId": "Obj2930",
    "Attribute1": "Attr1",
    "Attribute2": "Attr2",
    "Attribute3": "Attr3",
    "Transaction": 30
  },
  {
    "Index": 2931,
    "ObjectId": "Obj2931",
    "Attribute1": "Attr1",
    "Attribute2": "Attr2",
    "Attribute3": "Attr3",
    "Transaction": 30
  },
  {
    "Index": 2932,
    "ObjectId": "Obj2932",
    "Attribute1": "Attr1",
    "Attribute2": "Attr2",
    "Attribute3": "Attr3",
    "Transaction": 30
  },
  {
    "Index": 2933,
    "ObjectId": "Obj2933",
    "Attribute1": "Attr1",
    "Attribute2": "Attr2",
    "Attribute3": "Attr3",
    "Transaction": 30
  },
  {
    "Index": 2934,
    "ObjectId": "Obj2934",
    "Attribute1": "Attr1",
    "Attribute2": "Attr2",
    "Attribute3": "Attr3",
    "Transaction": 30
  },
  {
    "Index": 2935,
    "ObjectId": "Obj2935",
    "Attribute1": "Attr1",
    "Attribute2": "Attr2",
    "Attribute3": "Attr3",
    "Transaction": 30
  },
  {
    "Index": 2936,
    "ObjectId": "Obj2936",
    "Attribute1": "Attr1",
    "Attribute2": "Attr2",
    "Attribute3": "Attr3",
    "Transaction": 30
  },
  {
    "Index": 2937,
    "ObjectId": "Obj2937",
    "Attribute1": "Attr1",
    "Attribute2": "Attr2",
    "Attribute3": "Attr3",
    "Transaction": 30
  },
  {
    "Index": 2938,
    "ObjectId": "Obj2938",
    "Attribute1": "Attr1",
    "Attribute2": "Attr2",
    "Attribute3": "Attr3",
    "Transaction": 30
  },
  {
    "Index": 2939,
    "ObjectId": "Obj2939",
    "Attribute1": "Attr1",
    "Attribute2": "Attr2",
    "Attribute3": "Attr3",
    "Transaction": 30
  },
  {
    "Index": 2940,
    "ObjectId": "Obj2940",
    "Attribute1": "Attr1",
    "Attribute2": "Attr2",
    "Attribute3": "Attr3",
    "Transaction": 30
  },
  {
    "Index": 2941,
    "ObjectId": "Obj2941",
    "Attribute1": "Attr1",
    "Attribute2": "Attr2",
    "Attribute3": "Attr3",
    "Transaction": 30
  },
  {
    "Index": 2942,
    "ObjectId": "Obj2942",
    "Attribute1": "Attr1",
    "Attribute2": "Attr2",
    "Attribute3": "Attr3",
    "Transaction": 30
  },
  {
    "Index": 2943,
    "ObjectId": "Obj2943",
    "Attribute1": "Attr1",
    "Attribute2": "Attr2",
    "Attribute3": "Attr3",
    "Transaction": 30
  },
  {
    "Index": 2944,
    "ObjectId": "Obj2944",
    "Attribute1": "Attr1",
    "Attribute2": "Attr2",
    "Attribute3": "Attr3",
    "Transaction": 30
  },
  {
    "Index": 2945,
    "ObjectId": "Obj2945",
    "Attribute1": "Attr1",
    "Attribute2": "Attr2",
    "Attribute3": "Attr3",
    "Transaction": 30
  },
  {
    "Index": 2946,
    "ObjectId": "Obj2946",
    "Attribute1": "Attr1",
    "Attribute2": "Attr2",
    "Attribute3": "Attr3",
    "Transaction": 30
  },
  {
    "Index": 2947,
    "ObjectId": "Obj2947",
    "Attribute1": "Attr1",
    "Attribute2": "Attr2",
    "Attribute3": "Attr3",
    "Transaction": 30
  },
  {
    "Index": 2948,
    "ObjectId": "Obj2948",
    "Attribute1": "Attr1",
    "Attribute2": "Attr2",
    "Attribute3": "Attr3",
    "Transaction": 30
  },
  {
    "Index": 2949,
    "ObjectId": "Obj2949",
    "Attribute1": "Attr1",
    "Attribute2": "Attr2",
    "Attribute3": "Attr3",
    "Transaction": 30
  },
  {
    "Index": 2950,
    "ObjectId": "Obj2950",
    "Attribute1": "Attr1",
    "Attribute2": "Attr2",
    "Attribute3": "Attr3",
    "Transaction": 30
  },
  {
    "Index": 2951,
    "ObjectId": "Obj2951",
    "Attribute1": "Attr1",
    "Attribute2": "Attr2",
    "Attribute3": "Attr3",
    "Transaction": 30
  },
  {
    "Index": 2952,
    "ObjectId": "Obj2952",
    "Attribute1": "Attr1",
    "Attribute2": "Attr2",
    "Attribute3": "Attr3",
    "Transaction": 30
  },
  {
    "Index": 2953,
    "ObjectId": "Obj2953",
    "Attribute1": "Attr1",
    "Attribute2": "Attr2",
    "Attribute3": "Attr3",
    "Transaction": 30
  },
  {
    "Index": 2954,
    "ObjectId": "Obj2954",
    "Attribute1": "Attr1",
    "Attribute2": "Attr2",
    "Attribute3": "Attr3",
    "Transaction": 30
  },
  {
    "Index": 2955,
    "ObjectId": "Obj2955",
    "Attribute1": "Attr1",
    "Attribute2": "Attr2",
    "Attribute3": "Attr3",
    "Transaction": 30
  },
  {
    "Index": 2956,
    "ObjectId": "Obj2956",
    "Attribute1": "Attr1",
    "Attribute2": "Attr2",
    "Attribute3": "Attr3",
    "Transaction": 30
  },
  {
    "Index": 2957,
    "ObjectId": "Obj2957",
    "Attribute1": "Attr1",
    "Attribute2": "Attr2",
    "Attribute3": "Attr3",
    "Transaction": 30
  },
  {
    "Index": 2958,
    "ObjectId": "Obj2958",
    "Attribute1": "Attr1",
    "Attribute2": "Attr2",
    "Attribute3": "Attr3",
    "Transaction": 30
  },
  {
    "Index": 2959,
    "ObjectId": "Obj2959",
    "Attribute1": "Attr1",
    "Attribute2": "Attr2",
    "Attribute3": "Attr3",
    "Transaction": 30
  },
  {
    "Index": 2960,
    "ObjectId": "Obj2960",
    "Attribute1": "Attr1",
    "Attribute2": "Attr2",
    "Attribute3": "Attr3",
    "Transaction": 30
  },
  {
    "Index": 2961,
    "ObjectId": "Obj2961",
    "Attribute1": "Attr1",
    "Attribute2": "Attr2",
    "Attribute3": "Attr3",
    "Transaction": 30
  },
  {
    "Index": 2962,
    "ObjectId": "Obj2962",
    "Attribute1": "Attr1",
    "Attribute2": "Attr2",
    "Attribute3": "Attr3",
    "Transaction": 30
  },
  {
    "Index": 2963,
    "ObjectId": "Obj2963",
    "Attribute1": "Attr1",
    "Attribute2": "Attr2",
    "Attribute3": "Attr3",
    "Transaction": 30
  },
  {
    "Index": 2964,
    "ObjectId": "Obj2964",
    "Attribute1": "Attr1",
    "Attribute2": "Attr2",
    "Attribute3": "Attr3",
    "Transaction": 30
  },
  {
    "Index": 2965,
    "ObjectId": "Obj2965",
    "Attribute1": "Attr1",
    "Attribute2": "Attr2",
    "Attribute3": "Attr3",
    "Transaction": 30
  },
  {
    "Index": 2966,
    "ObjectId": "Obj2966",
    "Attribute1": "Attr1",
    "Attribute2": "Attr2",
    "Attribute3": "Attr3",
    "Transaction": 30
  },
  {
    "Index": 2967,
    "ObjectId": "Obj2967",
    "Attribute1": "Attr1",
    "Attribute2": "Attr2",
    "Attribute3": "Attr3",
    "Transaction": 30
  },
  {
    "Index": 2968,
    "ObjectId": "Obj2968",
    "Attribute1": "Attr1",
    "Attribute2": "Attr2",
    "Attribute3": "Attr3",
    "Transaction": 30
  },
  {
    "Index": 2969,
    "ObjectId": "Obj2969",
    "Attribute1": "Attr1",
    "Attribute2": "Attr2",
    "Attribute3": "Attr3",
    "Transaction": 30
  },
  {
    "Index": 2970,
    "ObjectId": "Obj2970",
    "Attribute1": "Attr1",
    "Attribute2": "Attr2",
    "Attribute3": "Attr3",
    "Transaction": 30
  },
  {
    "Index": 2971,
    "ObjectId": "Obj2971",
    "Attribute1": "Attr1",
    "Attribute2": "Attr2",
    "Attribute3": "Attr3",
    "Transaction": 30
  },
  {
    "Index": 2972,
    "ObjectId": "Obj2972",
    "Attribute1": "Attr1",
    "Attribute2": "Attr2",
    "Attribute3": "Attr3",
    "Transaction": 30
  },
  {
    "Index": 2973,
    "ObjectId": "Obj2973",
    "Attribute1": "Attr1",
    "Attribute2": "Attr2",
    "Attribute3": "Attr3",
    "Transaction": 30
  },
  {
    "Index": 2974,
    "ObjectId": "Obj2974",
    "Attribute1": "Attr1",
    "Attribute2": "Attr2",
    "Attribute3": "Attr3",
    "Transaction": 30
  },
  {
    "Index": 2975,
    "ObjectId": "Obj2975",
    "Attribute1": "Attr1",
    "Attribute2": "Attr2",
    "Attribute3": "Attr3",
    "Transaction": 30
  },
  {
    "Index": 2976,
    "ObjectId": "Obj2976",
    "Attribute1": "Attr1",
    "Attribute2": "Attr2",
    "Attribute3": "Attr3",
    "Transaction": 30
  },
  {
    "Index": 2977,
    "ObjectId": "Obj2977",
    "Attribute1": "Attr1",
    "Attribute2": "Attr2",
    "Attribute3": "Attr3",
    "Transaction": 30
  },
  {
    "Index": 2978,
    "ObjectId": "Obj2978",
    "Attribute1": "Attr1",
    "Attribute2": "Attr2",
    "Attribute3": "Attr3",
    "Transaction": 30
  },
  {
    "Index": 2979,
    "ObjectId": "Obj2979",
    "Attribute1": "Attr1",
    "Attribute2": "Attr2",
    "Attribute3": "Attr3",
    "Transaction": 30
  },
  {
    "Index": 2980,
    "ObjectId": "Obj2980",
    "Attribute1": "Attr1",
    "Attribute2": "Attr2",
    "Attribute3": "Attr3",
    "Transaction": 30
  },
  {
    "Index": 2981,
    "ObjectId": "Obj2981",
    "Attribute1": "Attr1",
    "Attribute2": "Attr2",
    "Attribute3": "Attr3",
    "Transaction": 30
  },
  {
    "Index": 2982,
    "ObjectId": "Obj2982",
    "Attribute1": "Attr1",
    "Attribute2": "Attr2",
    "Attribute3": "Attr3",
    "Transaction": 30
  },
  {
    "Index": 2983,
    "ObjectId": "Obj2983",
    "Attribute1": "Attr1",
    "Attribute2": "Attr2",
    "Attribute3": "Attr3",
    "Transaction": 30
  },
  {
    "Index": 2984,
    "ObjectId": "Obj2984",
    "Attribute1": "Attr1",
    "Attribute2": "Attr2",
    "Attribute3": "Attr3",
    "Transaction": 30
  },
  {
    "Index": 2985,
    "ObjectId": "Obj2985",
    "Attribute1": "Attr1",
    "Attribute2": "Attr2",
    "Attribute3": "Attr3",
    "Transaction": 30
  },
  {
    "Index": 2986,
    "ObjectId": "Obj2986",
    "Attribute1": "Attr1",
    "Attribute2": "Attr2",
    "Attribute3": "Attr3",
    "Transaction": 30
  },
  {
    "Index": 2987,
    "ObjectId": "Obj2987",
    "Attribute1": "Attr1",
    "Attribute2": "Attr2",
    "Attribute3": "Attr3",
    "Transaction": 30
  },
  {
    "Index": 2988,
    "ObjectId": "Obj2988",
    "Attribute1": "Attr1",
    "Attribute2": "Attr2",
    "Attribute3": "Attr3",
    "Transaction": 30
  },
  {
    "Index": 2989,
    "ObjectId": "Obj2989",
    "Attribute1": "Attr1",
    "Attribute2": "Attr2",
    "Attribute3": "Attr3",
    "Transaction": 30
  },
  {
    "Index": 2990,
    "ObjectId": "Obj2990",
    "Attribute1": "Attr1",
    "Attribute2": "Attr2",
    "Attribute3": "Attr3",
    "Transaction": 30
  },
  {
    "Index": 2991,
    "ObjectId": "Obj2991",
    "Attribute1": "Attr1",
    "Attribute2": "Attr2",
    "Attribute3": "Attr3",
    "Transaction": 30
  },
  {
    "Index": 2992,
    "ObjectId": "Obj2992",
    "Attribute1": "Attr1",
    "Attribute2": "Attr2",
    "Attribute3": "Attr3",
    "Transaction": 30
  },
  {
    "Index": 2993,
    "ObjectId": "Obj2993",
    "Attribute1": "Attr1",
    "Attribute2": "Attr2",
    "Attribute3": "Attr3",
    "Transaction": 30
  },
  {
    "Index": 2994,
    "ObjectId": "Obj2994",
    "Attribute1": "Attr1",
    "Attribute2": "Attr2",
    "Attribute3": "Attr3",
    "Transaction": 30
  },
  {
    "Index": 2995,
    "ObjectId": "Obj2995",
    "Attribute1": "Attr1",
    "Attribute2": "Attr2",
    "Attribute3": "Attr3",
    "Transaction": 30
  },
  {
    "Index": 2996,
    "ObjectId": "Obj2996",
    "Attribute1": "Attr1",
    "Attribute2": "Attr2",
    "Attribute3": "Attr3",
    "Transaction": 30
  },
  {
    "Index": 2997,
    "ObjectId": "Obj2997",
    "Attribute1": "Attr1",
    "Attribute2": "Attr2",
    "Attribute3": "Attr3",
    "Transaction": 30
  },
  {
    "Index": 2998,
    "ObjectId": "Obj2998",
    "Attribute1": "Attr1",
    "Attribute2": "Attr2",
    "Attribute3": "Attr3",
    "Transaction": 30
  },
  {
    "Index": 2999,
    "ObjectId": "Obj2999",
    "Attribute1": "Attr1",
    "Attribute2": "Attr2",
    "Attribute3": "Attr3",
    "Transaction": 30
  },
  {
    "Index": 3000,
    "ObjectId": "Obj3000",
    "Attribute1": "Attr1",
    "Attribute2": "Attr2",
    "Attribute3": "Attr3",
    "Transaction": 30
  }
]