[
  {
    "Index": 7801,
    "ObjectId": "Obj7801",
    "Attribute1": "Attr1",
    "Attribute2": "Attr2",
    "Attribute3": "Attr3",
    "Transaction": 79
  },
  {
    "Index": 7802,
    "ObjectId": "Obj7802",
    "Attribute1": "Attr1",
    "Attribute2": "Attr2",
    "Attribute3": "Attr3",
    "Transaction": 79
  },
  {
    "Index": 7803,
    "ObjectId": "Obj7803",
    "Attribute1": "Attr1",
    "Attribute2": "Attr2",
    "Attribute3": "Attr3",
    "Transaction": 79
  },
  {
    "Index": 7804,
    "ObjectId": "Obj7804",
    "Attribute1": "Attr1",
    "Attribute2": "Attr2",
    "Attribute3": "Attr3",
    "Transaction": 79
  },
  {
    "Index": 7805,
    "ObjectId": "Obj7805",
    "Attribute1": "Attr1",
    "Attribute2": "Attr2",
    "Attribute3": "Attr3",
    "Transaction": 79
  },
  {
    "Index": 7806,
    "ObjectId": "Obj7806",
    "Attribute1": "Attr1",
    "Attribute2": "Attr2",
    "Attribute3": "Attr3",
    "Transaction": 79
  },
  {
    "Index": 7807,
    "ObjectId": "Obj7807",
    "Attribute1": "Attr1",
    "Attribute2": "Attr2",
    "Attribute3": "Attr3",
    "Transaction": 79
  },
  {
    "Index": 7808,
    "ObjectId": "Obj7808",
    "Attribute1": "Attr1",
    "Attribute2": "Attr2",
    "Attribute3": "Attr3",
    "Transaction": 79
  },
  {
    "Index": 7809,
    "ObjectId": "Obj7809",
    "Attribute1": "Attr1",
    "Attribute2": "Attr2",
    "Attribute3": "Attr3",
    "Transaction": 79
  },
  {
    "Index": 7810,
    "ObjectId": "Obj7810",
    "Attribute1": "Attr1",
    "Attribute2": "Attr2",
    "Attribute3": "Attr3",
    "Transaction": 79
  },
  {
    "Index": 7811,
    "ObjectId": "Obj7811",
    "Attribute1": "Attr1",
    "Attribute2": "Attr2",
    "Attribute3": "Attr3",
    "Transaction": 79
  },
  {
    "Index": 7812,
    "ObjectId": "Obj7812",
    "Attribute1": "Attr1",
    "Attribute2": "Attr2",
    "Attribute3": "Attr3",
    "Transaction": 79
  },
  {
    "Index": 7813,
    "ObjectId": "Obj7813",
    "Attribute1": "Attr1",
    "Attribute2": "Attr2",
    "Attribute3": "Attr3",
    "Transaction": 79
  },
  {
    "Index": 7814,
    "ObjectId": "Obj7814",
    "Attribute1": "Attr1",
    "Attribute2": "Attr2",
    "Attribute3": "Attr3",
    "Transaction": 79
  },
  {
    "Index": 7815,
    "ObjectId": "Obj7815",
    "Attribute1": "Attr1",
    "Attribute2": "Attr2",
    "Attribute3": "Attr3",
    "Transaction": 79
  },
  {
    "Index": 7816,
    "ObjectId": "Obj7816",
    "Attribute1": "Attr1",
    "Attribute2": "Attr2",
    "Attribute3": "Attr3",
    "Transaction": 79
  },
  {
    "Index": 7817,
    "ObjectId": "Obj7817",
    "Attribute1": "Attr1",
    "Attribute2": "Attr2",
    "Attribute3": "Attr3",
    "Transaction": 79
  },
  {
    "Index": 7818,
    "ObjectId": "Obj7818",
    "Attribute1": "Attr1",
    "Attribute2": "Attr2",
    "Attribute3": "Attr3",
    "Transaction": 79
  },
  {
    "Index": 7819,
    "ObjectId": "Obj7819",
    "Attribute1": "Attr1",
    "Attribute2": "Attr2",
    "Attribute3": "Attr3",
    "Transaction": 79
  },
  {
    "Index": 7820,
    "ObjectId": "Obj7820",
    "Attribute1": "Attr1",
    "Attribute2": "Attr2",
    "Attribute3": "Attr3",
    "Transaction": 79
  },
  {
    "Index": 7821,
    "ObjectId": "Obj7821",
    "Attribute1": "Attr1",
    "Attribute2": "Attr2",
    "Attribute3": "Attr3",
    "Transaction": 79
  },
  {
    "Index": 7822,
    "ObjectId": "Obj7822",
    "Attribute1": "Attr1",
    "Attribute2": "Attr2",
    "Attribute3": "Attr3",
    "Transaction": 79
  },
  {
    "Index": 7823,
    "ObjectId": "Obj7823",
    "Attribute1": "Attr1",
    "Attribute2": "Attr2",
    "Attribute3": "Attr3",
    "Transaction": 79
  },
  {
    "Index": 7824,
    "ObjectId": "Obj7824",
    "Attribute1": "Attr1",
    "Attribute2": "Attr2",
    "Attribute3": "Attr3",
    "Transaction": 79
  },
  {
    "Index": 7825,
    "ObjectId": "Obj7825",
    "Attribute1": "Attr1",
    "Attribute2": "Attr2",
    "Attribute3": "Attr3",
    "Transaction": 79
  },
  {
    "Index": 7826,
    "ObjectId": "Obj7826",
    "Attribute1": "Attr1",
    "Attribute2": "Attr2",
    "Attribute3": "Attr3",
    "Transaction": 79
  },
  {
    "Index": 7827,
    "ObjectId": "Obj7827",
    "Attribute1": "Attr1",
    "Attribute2": "Attr2",
    "Attribute3": "Attr3",
    "Transaction": 79
  },
  {
    "Index": 7828,
    "ObjectId": "Obj7828",
    "Attribute1": "Attr1",
    "Attribute2": "Attr2",
    "Attribute3": "Attr3",
    "Transaction": 79
  },
  {
    "Index": 7829,
    "ObjectId": "Obj7829",
    "Attribute1": "Attr1",
    "Attribute2": "Attr2",
    "Attribute3": "Attr3",
    "Transaction": 79
  },
  {
    "Index": 7830,
    "ObjectId": "Obj7830",
    "Attribute1": "Attr1",
    "Attribute2": "Attr2",
    "Attribute3": "Attr3",
    "Transaction": 79
  },
  {
    "Index": 7831,
    "ObjectId": "Obj7831",
    "Attribute1": "Attr1",
    "Attribute2": "Attr2",
    "Attribute3": "Attr3",
    "Transaction": 79
  },
  {
    "Index": 7832,
    "ObjectId": "Obj7832",
    "Attribute1": "Attr1",
    "Attribute2": "Attr2",
    "Attribute3": "Attr3",
    "Transaction": 79
  },
  {
    "Index": 7833,
    "ObjectId": "Obj7833",
    "Attribute1": "Attr1",
    "Attribute2": "Attr2",
    "Attribute3": "Attr3",
    "Transaction": 79
  },
  {
    "Index": 7834,
    "ObjectId": "Obj7834",
    "Attribute1": "Attr1",
    "Attribute2": "Attr2",
    "Attribute3": "Attr3",
    "Transaction": 79
  },
  {
    "Index": 7835,
    "ObjectId": "Obj7835",
    "Attribute1": "Attr1",
    "Attribute2": "Attr2",
    "Attribute3": "Attr3",
    "Transaction": 79
  },
  {
    "Index": 7836,
    "ObjectId": "Obj7836",
    "Attribute1": "Attr1",
    "Attribute2": "Attr2",
    "Attribute3": "Attr3",
    "Transaction": 79
  },
  {
    "Index": 7837,
    "ObjectId": "Obj7837",
    "Attribute1": "Attr1",
    "Attribute2": "Attr2",
    "Attribute3": "Attr3",
    "Transaction": 79
  },
  {
    "Index": 7838,
    "ObjectId": "Obj7838",
    "Attribute1": "Attr1",
    "Attribute2": "Attr2",
    "Attribute3": "Attr3",
    "Transaction": 79
  },
  {
    "Index": 7839,
    "ObjectId": "Obj7839",
    "Attribute1": "Attr1",
    "Attribute2": "Attr2",
    "Attribute3": "Attr3",
    "Transaction": 79
  },
  {
    "Index": 7840,
    "ObjectId": "Obj7840",
    "Attribute1": "Attr1",
    "Attribute2": "Attr2",
    "Attribute3": "Attr3",
    "Transaction": 79
  },
  {
    "Index": 7841,
    "ObjectId": "Obj7841",
    "Attribute1": "Attr1",
    "Attribute2": "Attr2",
    "Attribute3": "Attr3",
    "Transaction": 79
  },
  {
    "Index": 7842,
    "ObjectId": "Obj7842",
    "Attribute1": "Attr1",
    "Attribute2": "Attr2",
    "Attribute3": "Attr3",
    "Transaction": 79
  },
  {
    "Index": 7843,
    "ObjectId": "Obj7843",
    "Attribute1": "Attr1",
    "Attribute2": "Attr2",
    "Attribute3": "Attr3",
    "Transaction": 79
  },
  {
    "Index": 7844,
    "ObjectId": "Obj7844",
    "Attribute1": "Attr1",
    "Attribute2": "Attr2",
    "Attribute3": "Attr3",
    "Transaction": 79
  },
  {
    "Index": 7845,
    "ObjectId": "Obj7845",
    "Attribute1": "Attr1",
    "Attribute2": "Attr2",
    "Attribute3": "Attr3",
    "Transaction": 79
  },
  {
    "Index": 7846,
    "ObjectId": "Obj7846",
    "Attribute1": "Attr1",
    "Attribute2": "Attr2",
    "Attribute3": "Attr3",
    "Transaction": 79
  },
  {
    "Index": 7847,
    "ObjectId": "Obj7847",
    "Attribute1": "Attr1",
    "Attribute2": "Attr2",
    "Attribute3": "Attr3",
    "Transaction": 79
  },
  {
    "Index": 7848,
    "ObjectId": "Obj7848",
    "Attribute1": "Attr1",
    "Attribute2": "Attr2",
    "Attribute3": "Attr3",
    "Transaction": 79
  },
  {
    "Index": 7849,
    "ObjectId": "Obj7849",
    "Attribute1": "Attr1",
    "Attribute2": "Attr2",
    "Attribute3": "Attr3",
    "Transaction": 79
  },
  {
    "Index": 7850,
    "ObjectId": "Obj7850",
    "Attribute1": "Attr1",
    "Attribute2": "Attr2",
    "Attribute3": "Attr3",
    "Transaction": 79
  },
  {
    "Index": 7851,
    "ObjectId": "Obj7851",
    "Attribute1": "Attr1",
    "Attribute2": "Attr2",
    "Attribute3": "Attr3",
    "Transaction": 79
  },
  {
    "Index": 7852,
    "ObjectId": "Obj7852",
    "Attribute1": "Attr1",
    "Attribute2": "Attr2",
    "Attribute3": "Attr3",
    "Transaction": 79
  },
  {
    "Index": 7853,
    "ObjectId": "Obj7853",
    "Attribute1": "Attr1",
    "Attribute2": "Attr2",
    "Attribute3": "Attr3",
    "Transaction": 79
  },
  {
    "Index": 7854,
    "ObjectId": "Obj7854",
    "Attribute1": "Attr1",
    "Attribute2": "Attr2",
    "Attribute3": "Attr3",
    "Transaction": 79
  },
  {
    "Index": 7855,
    "ObjectId": "Obj7855",
    "Attribute1": "Attr1",
    "Attribute2": "Attr2",
    "Attribute3": "Attr3",
    "Transaction": 79
  },
  {
    "Index": 7856,
    "ObjectId": "Obj7856",
    "Attribute1": "Attr1",
    "Attribute2": "Attr2",
    "Attribute3": "Attr3",
    "Transaction": 79
  },
  {
    "Index": 7857,
    "ObjectId": "Obj7857",
    "Attribute1": "Attr1",
    "Attribute2": "Attr2",
    "Attribute3": "Attr3",
    "Transaction": 79
  },
  {
    "Index": 7858,
    "ObjectId": "Obj7858",
    "Attribute1": "Attr1",
    "Attribute2": "Attr2",
    "Attribute3": "Attr3",
    "Transaction": 79
  },
  {
    "Index": 7859,
    "ObjectId": "Obj7859",
    "Attribute1": "Attr1",
    "Attribute2": "Attr2",
    "Attribute3": "Attr3",
    "Transaction": 79
  },
  {
    "Index": 7860,
    "ObjectId": "Obj7860",
    "Attribute1": "Attr1",
    "Attribute2": "Attr2",
    "Attribute3": "Attr3",
    "Transaction": 79
  },
  {
    "Index": 7861,
    "ObjectId": "Obj7861",
    "Attribute1": "Attr1",
    "Attribute2": "Attr2",
    "Attribute3": "Attr3",
    "Transaction": 79
  },
  {
    "Index": 7862,
    "ObjectId": "Obj7862",
    "Attribute1": "Attr1",
    "Attribute2": "Attr2",
    "Attribute3": "Attr3",
    "Transaction": 79
  },
  {
    "Index": 7863,
    "ObjectId": "Obj7863",
    "Attribute1": "Attr1",
    "Attribute2": "Attr2",
    "Attribute3": "Attr3",
    "Transaction": 79
  },
  {
    "Index": 7864,
    "ObjectId": "Obj7864",
    "Attribute1": "Attr1",
    "Attribute2": "Attr2",
    "Attribute3": "Attr3",
    "Transaction": 79
  },
  {
    "Index": 7865,
    "ObjectId": "Obj7865",
    "Attribute1": "Attr1",
    "Attribute2": "Attr2",
    "Attribute3": "Attr3",
    "Transaction": 79
  },
  {
    "Index": 7866,
    "ObjectId": "Obj7866",
    "Attribute1": "Attr1",
    "Attribute2": "Attr2",
    "Attribute3": "Attr3",
    "Transaction": 79
  },
  {
    "Index": 7867,
    "ObjectId": "Obj7867",
    "Attribute1": "Attr1",
    "Attribute2": "Attr2",
    "Attribute3": "Attr3",
    "Transaction": 79
  },
  {
    "Index": 7868,
    "ObjectId": "Obj7868",
    "Attribute1": "Attr1",
    "Attribute2": "Attr2",
    "Attribute3": "Attr3",
    "Transaction": 79
  },
  {
    "Index": 7869,
    "ObjectId": "Obj7869",
    "Attribute1": "Attr1",
    "Attribute2": "Attr2",
    "Attribute3": "Attr3",
    "Transaction": 79
  },
  {
    "Index": 7870,
    "ObjectId": "Obj7870",
    "Attribute1": "Attr1",
    "Attribute2": "Attr2",
    "Attribute3": "Attr3",
    "Transaction": 79
  },
  {
    "Index": 7871,
    "ObjectId": "Obj7871",
    "Attribute1": "Attr1",
    "Attribute2": "Attr2",
    "Attribute3": "Attr3",
    "Transaction": 79
  },
  {
    "Index": 7872,
    "ObjectId": "Obj7872",
    "Attribute1": "Attr1",
    "Attribute2": "Attr2",
    "Attribute3": "Attr3",
    "Transaction": 79
  },
  {
    "Index": 7873,
    "ObjectId": "Obj7873",
    "Attribute1": "Attr1",
    "Attribute2": "Attr2",
    "Attribute3": "Attr3",
    "Transaction": 79
  },
  {
    "Index": 7874,
    "ObjectId": "Obj7874",
    "Attribute1": "Attr1",
    "Attribute2": "Attr2",
    "Attribute3": "Attr3",
    "Transaction": 79
  },
  {
    "Index": 7875,
    "ObjectId": "Obj7875",
    "Attribute1": "Attr1",
    "Attribute2": "Attr2",
    "Attribute3": "Attr3",
    "Transaction": 79
  },
  {
    "Index": 7876,
    "ObjectId": "Obj7876",
    "Attribute1": "Attr1",
    "Attribute2": "Attr2",
    "Attribute3": "Attr3",
    "Transaction": 79
  },
  {
    "Index": 7877,
    "ObjectId": "Obj7877",
    "Attribute1": "Attr1",
    "Attribute2": "Attr2",
    "Attribute3": "Attr3",
    "Transaction": 79
  },
  {
    "Index": 7878,
    "ObjectId": "Obj7878",
    "Attribute1": "Attr1",
    "Attribute2": "Attr2",
    "Attribute3": "Attr3",
    "Transaction": 79
  },
  {
    "Index": 7879,
    "ObjectId": "Obj7879",
    "Attribute1": "Attr1",
    "Attribute2": "Attr2",
    "Attribute3": "Attr3",
    "Transaction": 79
  },
  {
    "Index": 7880,
    "ObjectId": "Obj7880",
    "Attribute1": "Attr1",
    "Attribute2": "Attr2",
    "Attribute3": "Attr3",
    "Transaction": 79
  },
  {
    "Index": 7881,
    "ObjectId": "Obj7881",
    "Attribute1": "Attr1",
    "Attribute2": "Attr2",
    "Attribute3": "Attr3",
    "Transaction": 79
  },
  {
    "Index": 7882,
    "ObjectId": "Obj7882",
    "Attribute1": "Attr1",
    "Attribute2": "Attr2",
    "Attribute3": "Attr3",
    "Transaction": 79
  },
  {
    "Index": 7883,
    "ObjectId": "Obj7883",
    "Attribute1": "Attr1",
    "Attribute2": "Attr2",
    "Attribute3": "Attr3",
    "Transaction": 79
  },
  {
    "Index": 7884,
    "ObjectId": "Obj7884",
    "Attribute1": "Attr1",
    "Attribute2": "Attr2",
    "Attribute3": "Attr3",
    "Transaction": 79
  },
  {
    "Index": 7885,
    "ObjectId": "Obj7885",
    "Attribute1": "Attr1",
    "Attribute2": "Attr2",
    "Attribute3": "Attr3",
    "Transaction": 79
  },
  {
    "Index": 7886,
    "ObjectId": "Obj7886",
    "Attribute1": "Attr1",
    "Attribute2": "Attr2",
    "Attribute3": "Attr3",
    "Transaction": 79
  },
  {
    "Index": 7887,
    "ObjectId": "Obj7887",
    "Attribute1": "Attr1",
    "Attribute2": "Attr2",
    "Attribute3": "Attr3",
    "Transaction": 79
  },
  {
    "Index": 7888,
    "ObjectId": "Obj7888",
    "Attribute1": "Attr1",
    "Attribute2": "Attr2",
    "Attribute3": "Attr3",
    "Transaction": 79
  },
  {
    "Index": 7889,
    "ObjectId": "Obj7889",
    "Attribute1": "Attr1",
    "Attribute2": "Attr2",
    "Attribute3": "Attr3",
    "Transaction": 79
  },
  {
    "Index": 7890,
    "ObjectId": "Obj7890",
    "Attribute1": "Attr1",
    "Attribute2": "Attr2",
    "Attribute3": "Attr3",
    "Transaction": 79
  },
  {
    "Index": 7891,
    "ObjectId": "Obj7891",
    "Attribute1": "Attr1",
    "Attribute2": "Attr2",
    "Attribute3": "Attr3",
    "Transaction": 79
  },
  {
    "Index": 7892,
    "ObjectId": "Obj7892",
    "Attribute1": "Attr1",
    "Attribute2": "Attr2",
    "Attribute3": "Attr3",
    "Transaction": 79
  },
  {
    "Index": 7893,
    "ObjectId": "Obj7893",
    "Attribute1": "Attr1",
    "Attribute2": "Attr2",
    "Attribute3": "Attr3",
    "Transaction": 79
  },
  {
    "Index": 7894,
    "ObjectId": "Obj7894",
    "Attribute1": "Attr1",
    "Attribute2": "Attr2",
    "Attribute3": "Attr3",
    "Transaction": 79
  },
  {
    "Index": 7895,
    "ObjectId": "Obj7895",
    "Attribute1": "Attr1",
    "Attribute2": "Attr2",
    "Attribute3": "Attr3",
    "Transaction": 79
  },
  {
    "Index": 7896,
    "ObjectId": "Obj7896",
    "Attribute1": "Attr1",
    "Attribute2": "Attr2",
    "Attribute3": "Attr3",
    "Transaction": 79
  },
  {
    "Index": 7897,
    "ObjectId": "Obj7897",
    "Attribute1": "Attr1",
    "Attribute2": "Attr2",
    "Attribute3": "Attr3",
    "Transaction": 79
  },
  {
    "Index": 7898,
    "ObjectId": "Obj7898",
    "Attribute1": "Attr1",
    "Attribute2": "Attr2",
    "Attribute3": "Attr3",
    "Transaction": 79
  },
  {
    "Index": 7899,
    "ObjectId": "Obj7899",
    "Attribute1": "Attr1",
    "Attribute2": "Attr2",
    "Attribute3": "Attr3",
    "Transaction": 79
  },
  {
    "Index": 7900,
    "ObjectId": "Obj7900",
    "Attribute1": "Attr1",
    "Attribute2": "Attr2",
    "Attribute3": "Attr3",
    "Transaction": 79
  }
]