[
  {
    "Index": 4801,
    "ObjectId": "Obj4801",
    "Attribute1": "Attr1",
    "Attribute2": "Attr2",
    "Attribute3": "Attr3",
    "Transaction": 49
  },
  {
    "Index": 4802,
    "ObjectId": "Obj4802",
    "Attribute1": "Attr1",
    "Attribute2": "Attr2",
    "Attribute3": "Attr3",
    "Transaction": 49
  },
  {
    "Index": 4803,
    "ObjectId": "Obj4803",
    "Attribute1": "Attr1",
    "Attribute2": "Attr2",
    "Attribute3": "Attr3",
    "Transaction": 49
  },
  {
    "Index": 4804,
    "ObjectId": "Obj4804",
    "Attribute1": "Attr1",
    "Attribute2": "Attr2",
    "Attribute3": "Attr3",
    "Transaction": 49
  },
  {
    "Index": 4805,
    "ObjectId": "Obj4805",
    "Attribute1": "Attr1",
    "Attribute2": "Attr2",
    "Attribute3": "Attr3",
    "Transaction": 49
  },
  {
    "Index": 4806,
    "ObjectId": "Obj4806",
    "Attribute1": "Attr1",
    "Attribute2": "Attr2",
    "Attribute3": "Attr3",
    "Transaction": 49
  },
  {
    "Index": 4807,
    "ObjectId": "Obj4807",
    "Attribute1": "Attr1",
    "Attribute2": "Attr2",
    "Attribute3": "Attr3",
    "Transaction": 49
  },
  {
    "Index": 4808,
    "ObjectId": "Obj4808",
    "Attribute1": "Attr1",
    "Attribute2": "Attr2",
    "Attribute3": "Attr3",
    "Transaction": 49
  },
  {
    "Index": 4809,
    "ObjectId": "Obj4809",
    "Attribute1": "Attr1",
    "Attribute2": "Attr2",
    "Attribute3": "Attr3",
    "Transaction": 49
  },
  {
    "Index": 4810,
    "ObjectId": "Obj4810",
    "Attribute1": "Attr1",
    "Attribute2": "Attr2",
    "Attribute3": "Attr3",
    "Transaction": 49
  },
  {
    "Index": 4811,
    "ObjectId": "Obj4811",
    "Attribute1": "Attr1",
    "Attribute2": "Attr2",
    "Attribute3": "Attr3",
    "Transaction": 49
  },
  {
    "Index": 4812,
    "ObjectId": "Obj4812",
    "Attribute1": "Attr1",
    "Attribute2": "Attr2",
    "Attribute3": "Attr3",
    "Transaction": 49
  },
  {
    "Index": 4813,
    "ObjectId": "Obj4813",
    "Attribute1": "Attr1",
    "Attribute2": "Attr2",
    "Attribute3": "Attr3",
    "Transaction": 49
  },
  {
    "Index": 4814,
    "ObjectId": "Obj4814",
    "Attribute1": "Attr1",
    "Attribute2": "Attr2",
    "Attribute3": "Attr3",
    "Transaction": 49
  },
  {
    "Index": 4815,
    "ObjectId": "Obj4815",
    "Attribute1": "Attr1",
    "Attribute2": "Attr2",
    "Attribute3": "Attr3",
    "Transaction": 49
  },
  {
    "Index": 4816,
    "ObjectId": "Obj4816",
    "Attribute1": "Attr1",
    "Attribute2": "Attr2",
    "Attribute3": "Attr3",
    "Transaction": 49
  },
  {
    "Index": 4817,
    "ObjectId": "Obj4817",
    "Attribute1": "Attr1",
    "Attribute2": "Attr2",
    "Attribute3": "Attr3",
    "Transaction": 49
  },
  {
    "Index": 4818,
    "ObjectId": "Obj4818",
    "Attribute1": "Attr1",
    "Attribute2": "Attr2",
    "Attribute3": "Attr3",
    "Transaction": 49
  },
  {
    "Index": 4819,
    "ObjectId": "Obj4819",
    "Attribute1": "Attr1",
    "Attribute2": "Attr2",
    "Attribute3": "Attr3",
    "Transaction": 49
  },
  {
    "Index": 4820,
    "ObjectId": "Obj4820",
    "Attribute1": "Attr1",
    "Attribute2": "Attr2",
    "Attribute3": "Attr3",
    "Transaction": 49
  },
  {
    "Index": 4821,
    "ObjectId": "Obj4821",
    "Attribute1": "Attr1",
    "Attribute2": "Attr2",
    "Attribute3": "Attr3",
    "Transaction": 49
  },
  {
    "Index": 4822,
    "ObjectId": "Obj4822",
    "Attribute1": "Attr1",
    "Attribute2": "Attr2",
    "Attribute3": "Attr3",
    "Transaction": 49
  },
  {
    "Index": 4823,
    "ObjectId": "Obj4823",
    "Attribute1": "Attr1",
    "Attribute2": "Attr2",
    "Attribute3": "Attr3",
    "Transaction": 49
  },
  {
    "Index": 4824,
    "ObjectId": "Obj4824",
    "Attribute1": "Attr1",
    "Attribute2": "Attr2",
    "Attribute3": "Attr3",
    "Transaction": 49
  },
  {
    "Index": 4825,
    "ObjectId": "Obj4825",
    "Attribute1": "Attr1",
    "Attribute2": "Attr2",
    "Attribute3": "Attr3",
    "Transaction": 49
  },
  {
    "Index": 4826,
    "ObjectId": "Obj4826",
    "Attribute1": "Attr1",
    "Attribute2": "Attr2",
    "Attribute3": "Attr3",
    "Transaction": 49
  },
  {
    "Index": 4827,
    "ObjectId": "Obj4827",
    "Attribute1": "Attr1",
    "Attribute2": "Attr2",
    "Attribute3": "Attr3",
    "Transaction": 49
  },
  {
    "Index": 4828,
    "ObjectId": "Obj4828",
    "Attribute1": "Attr1",
    "Attribute2": "Attr2",
    "Attribute3": "Attr3",
    "Transaction": 49
  },
  {
    "Index": 4829,
    "ObjectId": "Obj4829",
    "Attribute1": "Attr1",
    "Attribute2": "Attr2",
    "Attribute3": "Attr3",
    "Transaction": 49
  },
  {
    "Index": 4830,
    "ObjectId": "Obj4830",
    "Attribute1": "Attr1",
    "Attribute2": "Attr2",
    "Attribute3": "Attr3",
    "Transaction": 49
  },
  {
    "Index": 4831,
    "ObjectId": "Obj4831",
    "Attribute1": "Attr1",
    "Attribute2": "Attr2",
    "Attribute3": "Attr3",
    "Transaction": 49
  },
  {
    "Index": 4832,
    "ObjectId": "Obj4832",
    "Attribute1": "Attr1",
    "Attribute2": "Attr2",
    "Attribute3": "Attr3",
    "Transaction": 49
  },
  {
    "Index": 4833,
    "ObjectId": "Obj4833",
    "Attribute1": "Attr1",
    "Attribute2": "Attr2",
    "Attribute3": "Attr3",
    "Transaction": 49
  },
  {
    "Index": 4834,
    "ObjectId": "Obj4834",
    "Attribute1": "Attr1",
    "Attribute2": "Attr2",
    "Attribute3": "Attr3",
    "Transaction": 49
  },
  {
    "Index": 4835,
    "ObjectId": "Obj4835",
    "Attribute1": "Attr1",
    "Attribute2": "Attr2",
    "Attribute3": "Attr3",
    "Transaction": 49
  },
  {
    "Index": 4836,
    "ObjectId": "Obj4836",
    "Attribute1": "Attr1",
    "Attribute2": "Attr2",
    "Attribute3": "Attr3",
    "Transaction": 49
  },
  {
    "Index": 4837,
    "ObjectId": "Obj4837",
    "Attribute1": "Attr1",
    "Attribute2": "Attr2",
    "Attribute3": "Attr3",
    "Transaction": 49
  },
  {
    "Index": 4838,
    "ObjectId": "Obj4838",
    "Attribute1": "Attr1",
    "Attribute2": "Attr2",
    "Attribute3": "Attr3",
    "Transaction": 49
  },
  {
    "Index": 4839,
    "ObjectId": "Obj4839",
    "Attribute1": "Attr1",
    "Attribute2": "Attr2",
    "Attribute3": "Attr3",
    "Transaction": 49
  },
  {
    "Index": 4840,
    "ObjectId": "Obj4840",
    "Attribute1": "Attr1",
    "Attribute2": "Attr2",
    "Attribute3": "Attr3",
    "Transaction": 49
  },
  {
    "Index": 4841,
    "ObjectId": "Obj4841",
    "Attribute1": "Attr1",
    "Attribute2": "Attr2",
    "Attribute3": "Attr3",
    "Transaction": 49
  },
  {
    "Index": 4842,
    "ObjectId": "Obj4842",
    "Attribute1": "Attr1",
    "Attribute2": "Attr2",
    "Attribute3": "Attr3",
    "Transaction": 49
  },
  {
    "Index": 4843,
    "ObjectId": "Obj4843",
    "Attribute1": "Attr1",
    "Attribute2": "Attr2",
    "Attribute3": "Attr3",
    "Transaction": 49
  },
  {
    "Index": 4844,
    "ObjectId": "Obj4844",
    "Attribute1": "Attr1",
    "Attribute2": "Attr2",
    "Attribute3": "Attr3",
    "Transaction": 49
  },
  {
    "Index": 4845,
    "ObjectId": "Obj4845",
    "Attribute1": "Attr1",
    "Attribute2": "Attr2",
    "Attribute3": "Attr3",
    "Transaction": 49
  },
  {
    "Index": 4846,
    "ObjectId": "Obj4846",
    "Attribute1": "Attr1",
    "Attribute2": "Attr2",
    "Attribute3": "Attr3",
    "Transaction": 49
  },
  {
    "Index": 4847,
    "ObjectId": "Obj4847",
    "Attribute1": "Attr1",
    "Attribute2": "Attr2",
    "Attribute3": "Attr3",
    "Transaction": 49
  },
  {
    "Index": 4848,
    "ObjectId": "Obj4848",
    "Attribute1": "Attr1",
    "Attribute2": "Attr2",
    "Attribute3": "Attr3",
    "Transaction": 49
  },
  {
    "Index": 4849,
    "ObjectId": "Obj4849",
    "Attribute1": "Attr1",
    "Attribute2": "Attr2",
    "Attribute3": "Attr3",
    "Transaction": 49
  },
  {
    "Index": 4850,
    "ObjectId": "Obj4850",
    "Attribute1": "Attr1",
    "Attribute2": "Attr2",
    "Attribute3": "Attr3",
    "Transaction": 49
  },
  {
    "Index": 4851,
    "ObjectId": "Obj4851",
    "Attribute1": "Attr1",
    "Attribute2": "Attr2",
    "Attribute3": "Attr3",
    "Transaction": 49
  },
  {
    "Index": 4852,
    "ObjectId": "Obj4852",
    "Attribute1": "Attr1",
    "Attribute2": "Attr2",
    "Attribute3": "Attr3",
    "Transaction": 49
  },
  {
    "Index": 4853,
    "ObjectId": "Obj4853",
    "Attribute1": "Attr1",
    "Attribute2": "Attr2",
    "Attribute3": "Attr3",
    "Transaction": 49
  },
  {
    "Index": 4854,
    "ObjectId": "Obj4854",
    "Attribute1": "Attr1",
    "Attribute2": "Attr2",
    "Attribute3": "Attr3",
    "Transaction": 49
  },
  {
    "Index": 4855,
    "ObjectId": "Obj4855",
    "Attribute1": "Attr1",
    "Attribute2": "Attr2",
    "Attribute3": "Attr3",
    "Transaction": 49
  },
  {
    "Index": 4856,
    "ObjectId": "Obj4856",
    "Attribute1": "Attr1",
    "Attribute2": "Attr2",
    "Attribute3": "Attr3",
    "Transaction": 49
  },
  {
    "Index": 4857,
    "ObjectId": "Obj4857",
    "Attribute1": "Attr1",
    "Attribute2": "Attr2",
    "Attribute3": "Attr3",
    "Transaction": 49
  },
  {
    "Index": 4858,
    "ObjectId": "Obj4858",
    "Attribute1": "Attr1",
    "Attribute2": "Attr2",
    "Attribute3": "Attr3",
    "Transaction": 49
  },
  {
    "Index": 4859,
    "ObjectId": "Obj4859",
    "Attribute1": "Attr1",
    "Attribute2": "Attr2",
    "Attribute3": "Attr3",
    "Transaction": 49
  },
  {
    "Index": 4860,
    "ObjectId": "Obj4860",
    "Attribute1": "Attr1",
    "Attribute2": "Attr2",
    "Attribute3": "Attr3",
    "Transaction": 49
  },
  {
    "Index": 4861,
    "ObjectId": "Obj4861",
    "Attribute1": "Attr1",
    "Attribute2": "Attr2",
    "Attribute3": "Attr3",
    "Transaction": 49
  },
  {
    "Index": 4862,
    "ObjectId": "Obj4862",
    "Attribute1": "Attr1",
    "Attribute2": "Attr2",
    "Attribute3": "Attr3",
    "Transaction": 49
  },
  {
    "Index": 4863,
    "ObjectId": "Obj4863",
    "Attribute1": "Attr1",
    "Attribute2": "Attr2",
    "Attribute3": "Attr3",
    "Transaction": 49
  },
  {
    "Index": 4864,
    "ObjectId": "Obj4864",
    "Attribute1": "Attr1",
    "Attribute2": "Attr2",
    "Attribute3": "Attr3",
    "Transaction": 49
  },
  {
    "Index": 4865,
    "ObjectId": "Obj4865",
    "Attribute1": "Attr1",
    "Attribute2": "Attr2",
    "Attribute3": "Attr3",
    "Transaction": 49
  },
  {
    "Index": 4866,
    "ObjectId": "Obj4866",
    "Attribute1": "Attr1",
    "Attribute2": "Attr2",
    "Attribute3": "Attr3",
    "Transaction": 49
  },
  {
    "Index": 4867,
    "ObjectId": "Obj4867",
    "Attribute1": "Attr1",
    "Attribute2": "Attr2",
    "Attribute3": "Attr3",
    "Transaction": 49
  },
  {
    "Index": 4868,
    "ObjectId": "Obj4868",
    "Attribute1": "Attr1",
    "Attribute2": "Attr2",
    "Attribute3": "Attr3",
    "Transaction": 49
  },
  {
    "Index": 4869,
    "ObjectId": "Obj4869",
    "Attribute1": "Attr1",
    "Attribute2": "Attr2",
    "Attribute3": "Attr3",
    "Transaction": 49
  },
  {
    "Index": 4870,
    "ObjectId": "Obj4870",
    "Attribute1": "Attr1",
    "Attribute2": "Attr2",
    "Attribute3": "Attr3",
    "Transaction": 49
  },
  {
    "Index": 4871,
    "ObjectId": "Obj4871",
    "Attribute1": "Attr1",
    "Attribute2": "Attr2",
    "Attribute3": "Attr3",
    "Transaction": 49
  },
  {
    "Index": 4872,
    "ObjectId": "Obj4872",
    "Attribute1": "Attr1",
    "Attribute2": "Attr2",
    "Attribute3": "Attr3",
    "Transaction": 49
  },
  {
    "Index": 4873,
    "ObjectId": "Obj4873",
    "Attribute1": "Attr1",
    "Attribute2": "Attr2",
    "Attribute3": "Attr3",
    "Transaction": 49
  },
  {
    "Index": 4874,
    "ObjectId": "Obj4874",
    "Attribute1": "Attr1",
    "Attribute2": "Attr2",
    "Attribute3": "Attr3",
    "Transaction": 49
  },
  {
    "Index": 4875,
    "ObjectId": "Obj4875",
    "Attribute1": "Attr1",
    "Attribute2": "Attr2",
    "Attribute3": "Attr3",
    "Transaction": 49
  },
  {
    "Index": 4876,
    "ObjectId": "Obj4876",
    "Attribute1": "Attr1",
    "Attribute2": "Attr2",
    "Attribute3": "Attr3",
    "Transaction": 49
  },
  {
    "Index": 4877,
    "ObjectId": "Obj4877",
    "Attribute1": "Attr1",
    "Attribute2": "Attr2",
    "Attribute3": "Attr3",
    "Transaction": 49
  },
  {
    "Index": 4878,
    "ObjectId": "Obj4878",
    "Attribute1": "Attr1",
    "Attribute2": "Attr2",
    "Attribute3": "Attr3",
    "Transaction": 49
  },
  {
    "Index": 4879,
    "ObjectId": "Obj4879",
    "Attribute1": "Attr1",
    "Attribute2": "Attr2",
    "Attribute3": "Attr3",
    "Transaction": 49
  },
  {
    "Index": 4880,
    "ObjectId": "Obj4880",
    "Attribute1": "Attr1",
    "Attribute2": "Attr2",
    "Attribute3": "Attr3",
    "Transaction": 49
  },
  {
    "Index": 4881,
    "ObjectId": "Obj4881",
    "Attribute1": "Attr1",
    "Attribute2": "Attr2",
    "Attribute3": "Attr3",
    "Transaction": 49
  },
  {
    "Index": 4882,
    "ObjectId": "Obj4882",
    "Attribute1": "Attr1",
    "Attribute2": "Attr2",
    "Attribute3": "Attr3",
    "Transaction": 49
  },
  {
    "Index": 4883,
    "ObjectId": "Obj4883",
    "Attribute1": "Attr1",
    "Attribute2": "Attr2",
    "Attribute3": "Attr3",
    "Transaction": 49
  },
  {
    "Index": 4884,
    "ObjectId": "Obj4884",
    "Attribute1": "Attr1",
    "Attribute2": "Attr2",
    "Attribute3": "Attr3",
    "Transaction": 49
  },
  {
    "Index": 4885,
    "ObjectId": "Obj4885",
    "Attribute1": "Attr1",
    "Attribute2": "Attr2",
    "Attribute3": "Attr3",
    "Transaction": 49
  },
  {
    "Index": 4886,
    "ObjectId": "Obj4886",
    "Attribute1": "Attr1",
    "Attribute2": "Attr2",
    "Attribute3": "Attr3",
    "Transaction": 49
  },
  {
    "Index": 4887,
    "ObjectId": "Obj4887",
    "Attribute1": "Attr1",
    "Attribute2": "Attr2",
    "Attribute3": "Attr3",
    "Transaction": 49
  },
  {
    "Index": 4888,
    "ObjectId": "Obj4888",
    "Attribute1": "Attr1",
    "Attribute2": "Attr2",
    "Attribute3": "Attr3",
    "Transaction": 49
  },
  {
    "Index": 4889,
    "ObjectId": "Obj4889",
    "Attribute1": "Attr1",
    "Attribute2": "Attr2",
    "Attribute3": "Attr3",
    "Transaction": 49
  },
  {
    "Index": 4890,
    "ObjectId": "Obj4890",
    "Attribute1": "Attr1",
    "Attribute2": "Attr2",
    "Attribute3": "Attr3",
    "Transaction": 49
  },
  {
    "Index": 4891,
    "ObjectId": "Obj4891",
    "Attribute1": "Attr1",
    "Attribute2": "Attr2",
    "Attribute3": "Attr3",
    "Transaction": 49
  },
  {
    "Index": 4892,
    "ObjectId": "Obj4892",
    "Attribute1": "Attr1",
    "Attribute2": "Attr2",
    "Attribute3": "Attr3",
    "Transaction": 49
  },
  {
    "Index": 4893,
    "ObjectId": "Obj4893",
    "Attribute1": "Attr1",
    "Attribute2": "Attr2",
    "Attribute3": "Attr3",
    "Transaction": 49
  },
  {
    "Index": 4894,
    "ObjectId": "Obj4894",
    "Attribute1": "Attr1",
    "Attribute2": "Attr2",
    "Attribute3": "Attr3",
    "Transaction": 49
  },
  {
    "Index": 4895,
    "ObjectId": "Obj4895",
    "Attribute1": "Attr1",
    "Attribute2": "Attr2",
    "Attribute3": "Attr3",
    "Transaction": 49
  },
  {
    "Index": 4896,
    "ObjectId": "Obj4896",
    "Attribute1": "Attr1",
    "Attribute2": "Attr2",
    "Attribute3": "Attr3",
    "Transaction": 49
  },
  {
    "Index": 4897,
    "ObjectId": "Obj4897",
    "Attribute1": "Attr1",
    "Attribute2": "Attr2",
    "Attribute3": "Attr3",
    "Transaction": 49
  },
  {
    "Index": 4898,
    "ObjectId": "Obj4898",
    "Attribute1": "Attr1",
    "Attribute2": "Attr2",
    "Attribute3": "Attr3",
    "Transaction": 49
  },
  {
    "Index": 4899,
    "ObjectId": "Obj4899",
    "Attribute1": "Attr1",
    "Attribute2": "Attr2",
    "Attribute3": "Attr3",
    "Transaction": 49
  },
  {
    "Index": 4900,
    "ObjectId": "Obj4900",
    "Attribute1": "Attr1",
    "Attribute2": "Attr2",
    "Attribute3": "Attr3",
    "Transaction": 49
  }
]