[
  {
    "Index": 8601,
    "ObjectId": "Obj8601",
    "Attribute1": "Attr1",
    "Attribute2": "Attr2",
    "Attribute3": "Attr3",
    "Transaction": 87
  },
  {
    "Index": 8602,
    "ObjectId": "Obj8602",
    "Attribute1": "Attr1",
    "Attribute2": "Attr2",
    "Attribute3": "Attr3",
    "Transaction": 87
  },
  {
    "Index": 8603,
    "ObjectId": "Obj8603",
    "Attribute1": "Attr1",
    "Attribute2": "Attr2",
    "Attribute3": "Attr3",
    "Transaction": 87
  },
  {
    "Index": 8604,
    "ObjectId": "Obj8604",
    "Attribute1": "Attr1",
    "Attribute2": "Attr2",
    "Attribute3": "Attr3",
    "Transaction": 87
  },
  {
    "Index": 8605,
    "ObjectId": "Obj8605",
    "Attribute1": "Attr1",
    "Attribute2": "Attr2",
    "Attribute3": "Attr3",
    "Transaction": 87
  },
  {
    "Index": 8606,
    "ObjectId": "Obj8606",
    "Attribute1": "Attr1",
    "Attribute2": "Attr2",
    "Attribute3": "Attr3",
    "Transaction": 87
  },
  {
    "Index": 8607,
    "ObjectId": "Obj8607",
    "Attribute1": "Attr1",
    "Attribute2": "Attr2",
    "Attribute3": "Attr3",
    "Transaction": 87
  },
  {
    "Index": 8608,
    "ObjectId": "Obj8608",
    "Attribute1": "Attr1",
    "Attribute2": "Attr2",
    "Attribute3": "Attr3",
    "Transaction": 87
  },
  {
    "Index": 8609,
    "ObjectId": "Obj8609",
    "Attribute1": "Attr1",
    "Attribute2": "Attr2",
    "Attribute3": "Attr3",
    "Transaction": 87
  },
  {
    "Index": 8610,
    "ObjectId": "Obj8610",
    "Attribute1": "Attr1",
    "Attribute2": "Attr2",
    "Attribute3": "Attr3",
    "Transaction": 87
  },
  {
    "Index": 8611,
    "ObjectId": "Obj8611",
    "Attribute1": "Attr1",
    "Attribute2": "Attr2",
    "Attribute3": "Attr3",
    "Transaction": 87
  },
  {
    "Index": 8612,
    "ObjectId": "Obj8612",
    "Attribute1": "Attr1",
    "Attribute2": "Attr2",
    "Attribute3": "Attr3",
    "Transaction": 87
  },
  {
    "Index": 8613,
    "ObjectId": "Obj8613",
    "Attribute1": "Attr1",
    "Attribute2": "Attr2",
    "Attribute3": "Attr3",
    "Transaction": 87
  },
  {
    "Index": 8614,
    "ObjectId": "Obj8614",
    "Attribute1": "Attr1",
    "Attribute2": "Attr2",
    "Attribute3": "Attr3",
    "Transaction": 87
  },
  {
    "Index": 8615,
    "ObjectId": "Obj8615",
    "Attribute1": "Attr1",
    "Attribute2": "Attr2",
    "Attribute3": "Attr3",
    "Transaction": 87
  },
  {
    "Index": 8616,
    "ObjectId": "Obj8616",
    "Attribute1": "Attr1",
    "Attribute2": "Attr2",
    "Attribute3": "Attr3",
    "Transaction": 87
  },
  {
    "Index": 8617,
    "ObjectId": "Obj8617",
    "Attribute1": "Attr1",
    "Attribute2": "Attr2",
    "Attribute3": "Attr3",
    "Transaction": 87
  },
  {
    "Index": 8618,
    "ObjectId": "Obj8618",
    "Attribute1": "Attr1",
    "Attribute2": "Attr2",
    "Attribute3": "Attr3",
    "Transaction": 87
  },
  {
    "Index": 8619,
    "ObjectId": "Obj8619",
    "Attribute1": "Attr1",
    "Attribute2": "Attr2",
    "Attribute3": "Attr3",
    "Transaction": 87
  },
  {
    "Index": 8620,
    "ObjectId": "Obj8620",
    "Attribute1": "Attr1",
    "Attribute2": "Attr2",
    "Attribute3": "Attr3",
    "Transaction": 87
  },
  {
    "Index": 8621,
    "ObjectId": "Obj8621",
    "Attribute1": "Attr1",
    "Attribute2": "Attr2",
    "Attribute3": "Attr3",
    "Transaction": 87
  },
  {
    "Index": 8622,
    "ObjectId": "Obj8622",
    "Attribute1": "Attr1",
    "Attribute2": "Attr2",
    "Attribute3": "Attr3",
    "Transaction": 87
  },
  {
    "Index": 8623,
    "ObjectId": "Obj8623",
    "Attribute1": "Attr1",
    "Attribute2": "Attr2",
    "Attribute3": "Attr3",
    "Transaction": 87
  },
  {
    "Index": 8624,
    "ObjectId": "Obj8624",
    "Attribute1": "Attr1",
    "Attribute2": "Attr2",
    "Attribute3": "Attr3",
    "Transaction": 87
  },
  {
    "Index": 8625,
    "ObjectId": "Obj8625",
    "Attribute1": "Attr1",
    "Attribute2": "Attr2",
    "Attribute3": "Attr3",
    "Transaction": 87
  },
  {
    "Index": 8626,
    "ObjectId": "Obj8626",
    "Attribute1": "Attr1",
    "Attribute2": "Attr2",
    "Attribute3": "Attr3",
    "Transaction": 87
  },
  {
    "Index": 8627,
    "ObjectId": "Obj8627",
    "Attribute1": "Attr1",
    "Attribute2": "Attr2",
    "Attribute3": "Attr3",
    "Transaction": 87
  },
  {
    "Index": 8628,
    "ObjectId": "Obj8628",
    "Attribute1": "Attr1",
    "Attribute2": "Attr2",
    "Attribute3": "Attr3",
    "Transaction": 87
  },
  {
    "Index": 8629,
    "ObjectId": "Obj8629",
    "Attribute1": "Attr1",
    "Attribute2": "Attr2",
    "Attribute3": "Attr3",
    "Transaction": 87
  },
  {
    "Index": 8630,
    "ObjectId": "Obj8630",
    "Attribute1": "Attr1",
    "Attribute2": "Attr2",
    "Attribute3": "Attr3",
    "Transaction": 87
  },
  {
    "Index": 8631,
    "ObjectId": "Obj8631",
    "Attribute1": "Attr1",
    "Attribute2": "Attr2",
    "Attribute3": "Attr3",
    "Transaction": 87
  },
  {
    "Index": 8632,
    "ObjectId": "Obj8632",
    "Attribute1": "Attr1",
    "Attribute2": "Attr2",
    "Attribute3": "Attr3",
    "Transaction": 87
  },
  {
    "Index": 8633,
    "ObjectId": "Obj8633",
    "Attribute1": "Attr1",
    "Attribute2": "Attr2",
    "Attribute3": "Attr3",
    "Transaction": 87
  },
  {
    "Index": 8634,
    "ObjectId": "Obj8634",
    "Attribute1": "Attr1",
    "Attribute2": "Attr2",
    "Attribute3": "Attr3",
    "Transaction": 87
  },
  {
    "Index": 8635,
    "ObjectId": "Obj8635",
    "Attribute1": "Attr1",
    "Attribute2": "Attr2",
    "Attribute3": "Attr3",
    "Transaction": 87
  },
  {
    "Index": 8636,
    "ObjectId": "Obj8636",
    "Attribute1": "Attr1",
    "Attribute2": "Attr2",
    "Attribute3": "Attr3",
    "Transaction": 87
  },
  {
    "Index": 8637,
    "ObjectId": "Obj8637",
    "Attribute1": "Attr1",
    "Attribute2": "Attr2",
    "Attribute3": "Attr3",
    "Transaction": 87
  },
  {
    "Index": 8638,
    "ObjectId": "Obj8638",
    "Attribute1": "Attr1",
    "Attribute2": "Attr2",
    "Attribute3": "Attr3",
    "Transaction": 87
  },
  {
    "Index": 8639,
    "ObjectId": "Obj8639",
    "Attribute1": "Attr1",
    "Attribute2": "Attr2",
    "Attribute3": "Attr3",
    "Transaction": 87
  },
  {
    "Index": 8640,
    "ObjectId": "Obj8640",
    "Attribute1": "Attr1",
    "Attribute2": "Attr2",
    "Attribute3": "Attr3",
    "Transaction": 87
  },
  {
    "Index": 8641,
    "ObjectId": "Obj8641",
    "Attribute1": "Attr1",
    "Attribute2": "Attr2",
    "Attribute3": "Attr3",
    "Transaction": 87
  },
  {
    "Index": 8642,
    "ObjectId": "Obj8642",
    "Attribute1": "Attr1",
    "Attribute2": "Attr2",
    "Attribute3": "Attr3",
    "Transaction": 87
  },
  {
    "Index": 8643,
    "ObjectId": "Obj8643",
    "Attribute1": "Attr1",
    "Attribute2": "Attr2",
    "Attribute3": "Attr3",
    "Transaction": 87
  },
  {
    "Index": 8644,
    "ObjectId": "Obj8644",
    "Attribute1": "Attr1",
    "Attribute2": "Attr2",
    "Attribute3": "Attr3",
    "Transaction": 87
  },
  {
    "Index": 8645,
    "ObjectId": "Obj8645",
    "Attribute1": "Attr1",
    "Attribute2": "Attr2",
    "Attribute3": "Attr3",
    "Transaction": 87
  },
  {
    "Index": 8646,
    "ObjectId": "Obj8646",
    "Attribute1": "Attr1",
    "Attribute2": "Attr2",
    "Attribute3": "Attr3",
    "Transaction": 87
  },
  {
    "Index": 8647,
    "ObjectId": "Obj8647",
    "Attribute1": "Attr1",
    "Attribute2": "Attr2",
    "Attribute3": "Attr3",
    "Transaction": 87
  },
  {
    "Index": 8648,
    "ObjectId": "Obj8648",
    "Attribute1": "Attr1",
    "Attribute2": "Attr2",
    "Attribute3": "Attr3",
    "Transaction": 87
  },
  {
    "Index": 8649,
    "ObjectId": "Obj8649",
    "Attribute1": "Attr1",
    "Attribute2": "Attr2",
    "Attribute3": "Attr3",
    "Transaction": 87
  },
  {
    "Index": 8650,
    "ObjectId": "Obj8650",
    "Attribute1": "Attr1",
    "Attribute2": "Attr2",
    "Attribute3": "Attr3",
    "Transaction": 87
  },
  {
    "Index": 8651,
    "ObjectId": "Obj8651",
    "Attribute1": "Attr1",
    "Attribute2": "Attr2",
    "Attribute3": "Attr3",
    "Transaction": 87
  },
  {
    "Index": 8652,
    "ObjectId": "Obj8652",
    "Attribute1": "Attr1",
    "Attribute2": "Attr2",
    "Attribute3": "Attr3",
    "Transaction": 87
  },
  {
    "Index": 8653,
    "ObjectId": "Obj8653",
    "Attribute1": "Attr1",
    "Attribute2": "Attr2",
    "Attribute3": "Attr3",
    "Transaction": 87
  },
  {
    "Index": 8654,
    "ObjectId": "Obj8654",
    "Attribute1": "Attr1",
    "Attribute2": "Attr2",
    "Attribute3": "Attr3",
    "Transaction": 87
  },
  {
    "Index": 8655,
    "ObjectId": "Obj8655",
    "Attribute1": "Attr1",
    "Attribute2": "Attr2",
    "Attribute3": "Attr3",
    "Transaction": 87
  },
  {
    "Index": 8656,
    "ObjectId": "Obj8656",
    "Attribute1": "Attr1",
    "Attribute2": "Attr2",
    "Attribute3": "Attr3",
    "Transaction": 87
  },
  {
    "Index": 8657,
    "ObjectId": "Obj8657",
    "Attribute1": "Attr1",
    "Attribute2": "Attr2",
    "Attribute3": "Attr3",
    "Transaction": 87
  },
  {
    "Index": 8658,
    "ObjectId": "Obj8658",
    "Attribute1": "Attr1",
    "Attribute2": "Attr2",
    "Attribute3": "Attr3",
    "Transaction": 87
  },
  {
    "Index": 8659,
    "ObjectId": "Obj8659",
    "Attribute1": "Attr1",
    "Attribute2": "Attr2",
    "Attribute3": "Attr3",
    "Transaction": 87
  },
  {
    "Index": 8660,
    "ObjectId": "Obj8660",
    "Attribute1": "Attr1",
    "Attribute2": "Attr2",
    "Attribute3": "Attr3",
    "Transaction": 87
  },
  {
    "Index": 8661,
    "ObjectId": "Obj8661",
    "Attribute1": "Attr1",
    "Attribute2": "Attr2",
    "Attribute3": "Attr3",
    "Transaction": 87
  },
  {
    "Index": 8662,
    "ObjectId": "Obj8662",
    "Attribute1": "Attr1",
    "Attribute2": "Attr2",
    "Attribute3": "Attr3",
    "Transaction": 87
  },
  {
    "Index": 8663,
    "ObjectId": "Obj8663",
    "Attribute1": "Attr1",
    "Attribute2": "Attr2",
    "Attribute3": "Attr3",
    "Transaction": 87
  },
  {
    "Index": 8664,
    "ObjectId": "Obj8664",
    "Attribute1": "Attr1",
    "Attribute2": "Attr2",
    "Attribute3": "Attr3",
    "Transaction": 87
  },
  {
    "Index": 8665,
    "ObjectId": "Obj8665",
    "Attribute1": "Attr1",
    "Attribute2": "Attr2",
    "Attribute3": "Attr3",
    "Transaction": 87
  },
  {
    "Index": 8666,
    "ObjectId": "Obj8666",
    "Attribute1": "Attr1",
    "Attribute2": "Attr2",
    "Attribute3": "Attr3",
    "Transaction": 87
  },
  {
    "Index": 8667,
    "ObjectId": "Obj8667",
    "Attribute1": "Attr1",
    "Attribute2": "Attr2",
    "Attribute3": "Attr3",
    "Transaction": 87
  },
  {
    "Index": 8668,
    "ObjectId": "Obj8668",
    "Attribute1": "Attr1",
    "Attribute2": "Attr2",
    "Attribute3": "Attr3",
    "Transaction": 87
  },
  {
    "Index": 8669,
    "ObjectId": "Obj8669",
    "Attribute1": "Attr1",
    "Attribute2": "Attr2",
    "Attribute3": "Attr3",
    "Transaction": 87
  },
  {
    "Index": 8670,
    "ObjectId": "Obj8670",
    "Attribute1": "Attr1",
    "Attribute2": "Attr2",
    "Attribute3": "Attr3",
    "Transaction": 87
  },
  {
    "Index": 8671,
    "ObjectId": "Obj8671",
    "Attribute1": "Attr1",
    "Attribute2": "Attr2",
    "Attribute3": "Attr3",
    "Transaction": 87
  },
  {
    "Index": 8672,
    "ObjectId": "Obj8672",
    "Attribute1": "Attr1",
    "Attribute2": "Attr2",
    "Attribute3": "Attr3",
    "Transaction": 87
  },
  {
    "Index": 8673,
    "ObjectId": "Obj8673",
    "Attribute1": "Attr1",
    "Attribute2": "Attr2",
    "Attribute3": "Attr3",
    "Transaction": 87
  },
  {
    "Index": 8674,
    "ObjectId": "Obj8674",
    "Attribute1": "Attr1",
    "Attribute2": "Attr2",
    "Attribute3": "Attr3",
    "Transaction": 87
  },
  {
    "Index": 8675,
    "ObjectId": "Obj8675",
    "Attribute1": "Attr1",
    "Attribute2": "Attr2",
    "Attribute3": "Attr3",
    "Transaction": 87
  },
  {
    "Index": 8676,
    "ObjectId": "Obj8676",
    "Attribute1": "Attr1",
    "Attribute2": "Attr2",
    "Attribute3": "Attr3",
    "Transaction": 87
  },
  {
    "Index": 8677,
    "ObjectId": "Obj8677",
    "Attribute1": "Attr1",
    "Attribute2": "Attr2",
    "Attribute3": "Attr3",
    "Transaction": 87
  },
  {
    "Index": 8678,
    "ObjectId": "Obj8678",
    "Attribute1": "Attr1",
    "Attribute2": "Attr2",
    "Attribute3": "Attr3",
    "Transaction": 87
  },
  {
    "Index": 8679,
    "ObjectId": "Obj8679",
    "Attribute1": "Attr1",
    "Attribute2": "Attr2",
    "Attribute3": "Attr3",
    "Transaction": 87
  },
  {
    "Index": 8680,
    "ObjectId": "Obj8680",
    "Attribute1": "Attr1",
    "Attribute2": "Attr2",
    "Attribute3": "Attr3",
    "Transaction": 87
  },
  {
    "Index": 8681,
    "ObjectId": "Obj8681",
    "Attribute1": "Attr1",
    "Attribute2": "Attr2",
    "Attribute3": "Attr3",
    "Transaction": 87
  },
  {
    "Index": 8682,
    "ObjectId": "Obj8682",
    "Attribute1": "Attr1",
    "Attribute2": "Attr2",
    "Attribute3": "Attr3",
    "Transaction": 87
  },
  {
    "Index": 8683,
    "ObjectId": "Obj8683",
    "Attribute1": "Attr1",
    "Attribute2": "Attr2",
    "Attribute3": "Attr3",
    "Transaction": 87
  },
  {
    "Index": 8684,
    "ObjectId": "Obj8684",
    "Attribute1": "Attr1",
    "Attribute2": "Attr2",
    "Attribute3": "Attr3",
    "Transaction": 87
  },
  {
    "Index": 8685,
    "ObjectId": "Obj8685",
    "Attribute1": "Attr1",
    "Attribute2": "Attr2",
    "Attribute3": "Attr3",
    "Transaction": 87
  },
  {
    "Index": 8686,
    "ObjectId": "Obj8686",
    "Attribute1": "Attr1",
    "Attribute2": "Attr2",
    "Attribute3": "Attr3",
    "Transaction": 87
  },
  {
    "Index": 8687,
    "ObjectId": "Obj8687",
    "Attribute1": "Attr1",
    "Attribute2": "Attr2",
    "Attribute3": "Attr3",
    "Transaction": 87
  },
  {
    "Index": 8688,
    "ObjectId": "Obj8688",
    "Attribute1": "Attr1",
    "Attribute2": "Attr2",
    "Attribute3": "Attr3",
    "Transaction": 87
  },
  {
    "Index": 8689,
    "ObjectId": "Obj8689",
    "Attribute1": "Attr1",
    "Attribute2": "Attr2",
    "Attribute3": "Attr3",
    "Transaction": 87
  },
  {
    "Index": 8690,
    "ObjectId": "Obj8690",
    "Attribute1": "Attr1",
    "Attribute2": "Attr2",
    "Attribute3": "Attr3",
    "Transaction": 87
  },
  {
    "Index": 8691,
    "ObjectId": "Obj8691",
    "Attribute1": "Attr1",
    "Attribute2": "Attr2",
    "Attribute3": "Attr3",
    "Transaction": 87
  },
  {
    "Index": 8692,
    "ObjectId": "Obj8692",
    "Attribute1": "Attr1",
    "Attribute2": "Attr2",
    "Attribute3": "Attr3",
    "Transaction": 87
  },
  {
    "Index": 8693,
    "ObjectId": "Obj8693",
    "Attribute1": "Attr1",
    "Attribute2": "Attr2",
    "Attribute3": "Attr3",
    "Transaction": 87
  },
  {
    "Index": 8694,
    "ObjectId": "Obj8694",
    "Attribute1": "Attr1",
    "Attribute2": "Attr2",
    "Attribute3": "Attr3",
    "Transaction": 87
  },
  {
    "Index": 8695,
    "ObjectId": "Obj8695",
    "Attribute1": "Attr1",
    "Attribute2": "Attr2",
    "Attribute3": "Attr3",
    "Transaction": 87
  },
  {
    "Index": 8696,
    "ObjectId": "Obj8696",
    "Attribute1": "Attr1",
    "Attribute2": "Attr2",
    "Attribute3": "Attr3",
    "Transaction": 87
  },
  {
    "Index": 8697,
    "ObjectId": "Obj8697",
    "Attribute1": "Attr1",
    "Attribute2": "Attr2",
    "Attribute3": "Attr3",
    "Transaction": 87
  },
  {
    "Index": 8698,
    "ObjectId": "Obj8698",
    "Attribute1": "Attr1",
    "Attribute2": "Attr2",
    "Attribute3": "Attr3",
    "Transaction": 87
  },
  {
    "Index": 8699,
    "ObjectId": "Obj8699",
    "Attribute1": "Attr1",
    "Attribute2": "Attr2",
    "Attribute3": "Attr3",
    "Transaction": 87
  },
  {
    "Index": 8700,
    "ObjectId": "Obj8700",
    "Attribute1": "Attr1",
    "Attribute2": "Attr2",
    "Attribute3": "Attr3",
    "Transaction": 87
  }
]