[
  {
    "Index": 7701,
    "ObjectId": "Obj7701",
    "Attribute1": "Attr1",
    "Attribute2": "Attr2",
    "Attribute3": "Attr3",
    "Transaction": 78
  },
  {
    "Index": 7702,
    "ObjectId": "Obj7702",
    "Attribute1": "Attr1",
    "Attribute2": "Attr2",
    "Attribute3": "Attr3",
    "Transaction": 78
  },
  {
    "Index": 7703,
    "ObjectId": "Obj7703",
    "Attribute1": "Attr1",
    "Attribute2": "Attr2",
    "Attribute3": "Attr3",
    "Transaction": 78
  },
  {
    "Index": 7704,
    "ObjectId": "Obj7704",
    "Attribute1": "Attr1",
    "Attribute2": "Attr2",
    "Attribute3": "Attr3",
    "Transaction": 78
  },
  {
    "Index": 7705,
    "ObjectId": "Obj7705",
    "Attribute1": "Attr1",
    "Attribute2": "Attr2",
    "Attribute3": "Attr3",
    "Transaction": 78
  },
  {
    "Index": 7706,
    "ObjectId": "Obj7706",
    "Attribute1": "Attr1",
    "Attribute2": "Attr2",
    "Attribute3": "Attr3",
    "Transaction": 78
  },
  {
    "Index": 7707,
    "ObjectId": "Obj7707",
    "Attribute1": "Attr1",
    "Attribute2": "Attr2",
    "Attribute3": "Attr3",
    "Transaction": 78
  },
  {
    "Index": 7708,
    "ObjectId": "Obj7708",
    "Attribute1": "Attr1",
    "Attribute2": "Attr2",
    "Attribute3": "Attr3",
    "Transaction": 78
  },
  {
    "Index": 7709,
    "ObjectId": "Obj7709",
    "Attribute1": "Attr1",
    "Attribute2": "Attr2",
    "Attribute3": "Attr3",
    "Transaction": 78
  },
  {
    "Index": 7710,
    "ObjectId": "Obj7710",
    "Attribute1": "Attr1",
    "Attribute2": "Attr2",
    "Attribute3": "Attr3",
    "Transaction": 78
  },
  {
    "Index": 7711,
    "ObjectId": "Obj7711",
    "Attribute1": "Attr1",
    "Attribute2": "Attr2",
    "Attribute3": "Attr3",
    "Transaction": 78
  },
  {
    "Index": 7712,
    "ObjectId": "Obj7712",
    "Attribute1": "Attr1",
    "Attribute2": "Attr2",
    "Attribute3": "Attr3",
    "Transaction": 78
  },
  {
    "Index": 7713,
    "ObjectId": "Obj7713",
    "Attribute1": "Attr1",
    "Attribute2": "Attr2",
    "Attribute3": "Attr3",
    "Transaction": 78
  },
  {
    "Index": 7714,
    "ObjectId": "Obj7714",
    "Attribute1": "Attr1",
    "Attribute2": "Attr2",
    "Attribute3": "Attr3",
    "Transaction": 78
  },
  {
    "Index": 7715,
    "ObjectId": "Obj7715",
    "Attribute1": "Attr1",
    "Attribute2": "Attr2",
    "Attribute3": "Attr3",
    "Transaction": 78
  },
  {
    "Index": 7716,
    "ObjectId": "Obj7716",
    "Attribute1": "Attr1",
    "Attribute2": "Attr2",
    "Attribute3": "Attr3",
    "Transaction": 78
  },
  {
    "Index": 7717,
    "ObjectId": "Obj7717",
    "Attribute1": "Attr1",
    "Attribute2": "Attr2",
    "Attribute3": "Attr3",
    "Transaction": 78
  },
  {
    "Index": 7718,
    "ObjectId": "Obj7718",
    "Attribute1": "Attr1",
    "Attribute2": "Attr2",
    "Attribute3": "Attr3",
    "Transaction": 78
  },
  {
    "Index": 7719,
    "ObjectId": "Obj7719",
    "Attribute1": "Attr1",
    "Attribute2": "Attr2",
    "Attribute3": "Attr3",
    "Transaction": 78
  },
  {
    "Index": 7720,
    "ObjectId": "Obj7720",
    "Attribute1": "Attr1",
    "Attribute2": "Attr2",
    "Attribute3": "Attr3",
    "Transaction": 78
  },
  {
    "Index": 7721,
    "ObjectId": "Obj7721",
    "Attribute1": "Attr1",
    "Attribute2": "Attr2",
    "Attribute3": "Attr3",
    "Transaction": 78
  },
  {
    "Index": 7722,
    "ObjectId": "Obj7722",
    "Attribute1": "Attr1",
    "Attribute2": "Attr2",
    "Attribute3": "Attr3",
    "Transaction": 78
  },
  {
    "Index": 7723,
    "ObjectId": "Obj7723",
    "Attribute1": "Attr1",
    "Attribute2": "Attr2",
    "Attribute3": "Attr3",
    "Transaction": 78
  },
  {
    "Index": 7724,
    "ObjectId": "Obj7724",
    "Attribute1": "Attr1",
    "Attribute2": "Attr2",
    "Attribute3": "Attr3",
    "Transaction": 78
  },
  {
    "Index": 7725,
    "ObjectId": "Obj7725",
    "Attribute1": "Attr1",
    "Attribute2": "Attr2",
    "Attribute3": "Attr3",
    "Transaction": 78
  },
  {
    "Index": 7726,
    "ObjectId": "Obj7726",
    "Attribute1": "Attr1",
    "Attribute2": "Attr2",
    "Attribute3": "Attr3",
    "Transaction": 78
  },
  {
    "Index": 7727,
    "ObjectId": "Obj7727",
    "Attribute1": "Attr1",
    "Attribute2": "Attr2",
    "Attribute3": "Attr3",
    "Transaction": 78
  },
  {
    "Index": 7728,
    "ObjectId": "Obj7728",
    "Attribute1": "Attr1",
    "Attribute2": "Attr2",
    "Attribute3": "Attr3",
    "Transaction": 78
  },
  {
    "Index": 7729,
    "ObjectId": "Obj7729",
    "Attribute1": "Attr1",
    "Attribute2": "Attr2",
    "Attribute3": "Attr3",
    "Transaction": 78
  },
  {
    "Index": 7730,
    "ObjectId": "Obj7730",
    "Attribute1": "Attr1",
    "Attribute2": "Attr2",
    "Attribute3": "Attr3",
    "Transaction": 78
  },
  {
    "Index": 7731,
    "ObjectId": "Obj7731",
    "Attribute1": "Attr1",
    "Attribute2": "Attr2",
    "Attribute3": "Attr3",
    "Transaction": 78
  },
  {
    "Index": 7732,
    "ObjectId": "Obj7732",
    "Attribute1": "Attr1",
    "Attribute2": "Attr2",
    "Attribute3": "Attr3",
    "Transaction": 78
  },
  {
    "Index": 7733,
    "ObjectId": "Obj7733",
    "Attribute1": "Attr1",
    "Attribute2": "Attr2",
    "Attribute3": "Attr3",
    "Transaction": 78
  },
  {
    "Index": 7734,
    "ObjectId": "Obj7734",
    "Attribute1": "Attr1",
    "Attribute2": "Attr2",
    "Attribute3": "Attr3",
    "Transaction": 78
  },
  {
    "Index": 7735,
    "ObjectId": "Obj7735",
    "Attribute1": "Attr1",
    "Attribute2": "Attr2",
    "Attribute3": "Attr3",
    "Transaction": 78
  },
  {
    "Index": 7736,
    "ObjectId": "Obj7736",
    "Attribute1": "Attr1",
    "Attribute2": "Attr2",
    "Attribute3": "Attr3",
    "Transaction": 78
  },
  {
    "Index": 7737,
    "ObjectId": "Obj7737",
    "Attribute1": "Attr1",
    "Attribute2": "Attr2",
    "Attribute3": "Attr3",
    "Transaction": 78
  },
  {
    "Index": 7738,
    "ObjectId": "Obj7738",
    "Attribute1": "Attr1",
    "Attribute2": "Attr2",
    "Attribute3": "Attr3",
    "Transaction": 78
  },
  {
    "Index": 7739,
    "ObjectId": "Obj7739",
    "Attribute1": "Attr1",
    "Attribute2": "Attr2",
    "Attribute3": "Attr3",
    "Transaction": 78
  },
  {
    "Index": 7740,
    "ObjectId": "Obj7740",
    "Attribute1": "Attr1",
    "Attribute2": "Attr2",
    "Attribute3": "Attr3",
    "Transaction": 78
  },
  {
    "Index": 7741,
    "ObjectId": "Obj7741",
    "Attribute1": "Attr1",
    "Attribute2": "Attr2",
    "Attribute3": "Attr3",
    "Transaction": 78
  },
  {
    "Index": 7742,
    "ObjectId": "Obj7742",
    "Attribute1": "Attr1",
    "Attribute2": "Attr2",
    "Attribute3": "Attr3",
    "Transaction": 78
  },
  {
    "Index": 7743,
    "ObjectId": "Obj7743",
    "Attribute1": "Attr1",
    "Attribute2": "Attr2",
    "Attribute3": "Attr3",
    "Transaction": 78
  },
  {
    "Index": 7744,
    "ObjectId": "Obj7744",
    "Attribute1": "Attr1",
    "Attribute2": "Attr2",
    "Attribute3": "Attr3",
    "Transaction": 78
  },
  {
    "Index": 7745,
    "ObjectId": "Obj7745",
    "Attribute1": "Attr1",
    "Attribute2": "Attr2",
    "Attribute3": "Attr3",
    "Transaction": 78
  },
  {
    "Index": 7746,
    "ObjectId": "Obj7746",
    "Attribute1": "Attr1",
    "Attribute2": "Attr2",
    "Attribute3": "Attr3",
    "Transaction": 78
  },
  {
    "Index": 7747,
    "ObjectId": "Obj7747",
    "Attribute1": "Attr1",
    "Attribute2": "Attr2",
    "Attribute3": "Attr3",
    "Transaction": 78
  },
  {
    "Index": 7748,
    "ObjectId": "Obj7748",
    "Attribute1": "Attr1",
    "Attribute2": "Attr2",
    "Attribute3": "Attr3",
    "Transaction": 78
  },
  {
    "Index": 7749,
    "ObjectId": "Obj7749",
    "Attribute1": "Attr1",
    "Attribute2": "Attr2",
    "Attribute3": "Attr3",
    "Transaction": 78
  },
  {
    "Index": 7750,
    "ObjectId": "Obj7750",
    "Attribute1": "Attr1",
    "Attribute2": "Attr2",
    "Attribute3": "Attr3",
    "Transaction": 78
  },
  {
    "Index": 7751,
    "ObjectId": "Obj7751",
    "Attribute1": "Attr1",
    "Attribute2": "Attr2",
    "Attribute3": "Attr3",
    "Transaction": 78
  },
  {
    "Index": 7752,
    "ObjectId": "Obj7752",
    "Attribute1": "Attr1",
    "Attribute2": "Attr2",
    "Attribute3": "Attr3",
    "Transaction": 78
  },
  {
    "Index": 7753,
    "ObjectId": "Obj7753",
    "Attribute1": "Attr1",
    "Attribute2": "Attr2",
    "Attribute3": "Attr3",
    "Transaction": 78
  },
  {
    "Index": 7754,
    "ObjectId": "Obj7754",
    "Attribute1": "Attr1",
    "Attribute2": "Attr2",
    "Attribute3": "Attr3",
    "Transaction": 78
  },
  {
    "Index": 7755,
    "ObjectId": "Obj7755",
    "Attribute1": "Attr1",
    "Attribute2": "Attr2",
    "Attribute3": "Attr3",
    "Transaction": 78
  },
  {
    "Index": 7756,
    "ObjectId": "Obj7756",
    "Attribute1": "Attr1",
    "Attribute2": "Attr2",
    "Attribute3": "Attr3",
    "Transaction": 78
  },
  {
    "Index": 7757,
    "ObjectId": "Obj7757",
    "Attribute1": "Attr1",
    "Attribute2": "Attr2",
    "Attribute3": "Attr3",
    "Transaction": 78
  },
  {
    "Index": 7758,
    "ObjectId": "Obj7758",
    "Attribute1": "Attr1",
    "Attribute2": "Attr2",
    "Attribute3": "Attr3",
    "Transaction": 78
  },
  {
    "Index": 7759,
    "ObjectId": "Obj7759",
    "Attribute1": "Attr1",
    "Attribute2": "Attr2",
    "Attribute3": "Attr3",
    "Transaction": 78
  },
  {
    "Index": 7760,
    "ObjectId": "Obj7760",
    "Attribute1": "Attr1",
    "Attribute2": "Attr2",
    "Attribute3": "Attr3",
    "Transaction": 78
  },
  {
    "Index": 7761,
    "ObjectId": "Obj7761",
    "Attribute1": "Attr1",
    "Attribute2": "Attr2",
    "Attribute3": "Attr3",
    "Transaction": 78
  },
  {
    "Index": 7762,
    "ObjectId": "Obj7762",
    "Attribute1": "Attr1",
    "Attribute2": "Attr2",
    "Attribute3": "Attr3",
    "Transaction": 78
  },
  {
    "Index": 7763,
    "ObjectId": "Obj7763",
    "Attribute1": "Attr1",
    "Attribute2": "Attr2",
    "Attribute3": "Attr3",
    "Transaction": 78
  },
  {
    "Index": 7764,
    "ObjectId": "Obj7764",
    "Attribute1": "Attr1",
    "Attribute2": "Attr2",
    "Attribute3": "Attr3",
    "Transaction": 78
  },
  {
    "Index": 7765,
    "ObjectId": "Obj7765",
    "Attribute1": "Attr1",
    "Attribute2": "Attr2",
    "Attribute3": "Attr3",
    "Transaction": 78
  },
  {
    "Index": 7766,
    "ObjectId": "Obj7766",
    "Attribute1": "Attr1",
    "Attribute2": "Attr2",
    "Attribute3": "Attr3",
    "Transaction": 78
  },
  {
    "Index": 7767,
    "ObjectId": "Obj7767",
    "Attribute1": "Attr1",
    "Attribute2": "Attr2",
    "Attribute3": "Attr3",
    "Transaction": 78
  },
  {
    "Index": 7768,
    "ObjectId": "Obj7768",
    "Attribute1": "Attr1",
    "Attribute2": "Attr2",
    "Attribute3": "Attr3",
    "Transaction": 78
  },
  {
    "Index": 7769,
    "ObjectId": "Obj7769",
    "Attribute1": "Attr1",
    "Attribute2": "Attr2",
    "Attribute3": "Attr3",
    "Transaction": 78
  },
  {
    "Index": 7770,
    "ObjectId": "Obj7770",
    "Attribute1": "Attr1",
    "Attribute2": "Attr2",
    "Attribute3": "Attr3",
    "Transaction": 78
  },
  {
    "Index": 7771,
    "ObjectId": "Obj7771",
    "Attribute1": "Attr1",
    "Attribute2": "Attr2",
    "Attribute3": "Attr3",
    "Transaction": 78
  },
  {
    "Index": 7772,
    "ObjectId": "Obj7772",
    "Attribute1": "Attr1",
    "Attribute2": "Attr2",
    "Attribute3": "Attr3",
    "Transaction": 78
  },
  {
    "Index": 7773,
    "ObjectId": "Obj7773",
    "Attribute1": "Attr1",
    "Attribute2": "Attr2",
    "Attribute3": "Attr3",
    "Transaction": 78
  },
  {
    "Index": 7774,
    "ObjectId": "Obj7774",
    "Attribute1": "Attr1",
    "Attribute2": "Attr2",
    "Attribute3": "Attr3",
    "Transaction": 78
  },
  {
    "Index": 7775,
    "ObjectId": "Obj7775",
    "Attribute1": "Attr1",
    "Attribute2": "Attr2",
    "Attribute3": "Attr3",
    "Transaction": 78
  },
  {
    "Index": 7776,
    "ObjectId": "Obj7776",
    "Attribute1": "Attr1",
    "Attribute2": "Attr2",
    "Attribute3": "Attr3",
    "Transaction": 78
  },
  {
    "Index": 7777,
    "ObjectId": "Obj7777",
    "Attribute1": "Attr1",
    "Attribute2": "Attr2",
    "Attribute3": "Attr3",
    "Transaction": 78
  },
  {
    "Index": 7778,
    "ObjectId": "Obj7778",
    "Attribute1": "Attr1",
    "Attribute2": "Attr2",
    "Attribute3": "Attr3",
    "Transaction": 78
  },
  {
    "Index": 7779,
    "ObjectId": "Obj7779",
    "Attribute1": "Attr1",
    "Attribute2": "Attr2",
    "Attribute3": "Attr3",
    "Transaction": 78
  },
  {
    "Index": 7780,
    "ObjectId": "Obj7780",
    "Attribute1": "Attr1",
    "Attribute2": "Attr2",
    "Attribute3": "Attr3",
    "Transaction": 78
  },
  {
    "Index": 7781,
    "ObjectId": "Obj7781",
    "Attribute1": "Attr1",
    "Attribute2": "Attr2",
    "Attribute3": "Attr3",
    "Transaction": 78
  },
  {
    "Index": 7782,
    "ObjectId": "Obj7782",
    "Attribute1": "Attr1",
    "Attribute2": "Attr2",
    "Attribute3": "Attr3",
    "Transaction": 78
  },
  {
    "Index": 7783,
    "ObjectId": "Obj7783",
    "Attribute1": "Attr1",
    "Attribute2": "Attr2",
    "Attribute3": "Attr3",
    "Transaction": 78
  },
  {
    "Index": 7784,
    "ObjectId": "Obj7784",
    "Attribute1": "Attr1",
    "Attribute2": "Attr2",
    "Attribute3": "Attr3",
    "Transaction": 78
  },
  {
    "Index": 7785,
    "ObjectId": "Obj7785",
    "Attribute1": "Attr1",
    "Attribute2": "Attr2",
    "Attribute3": "Attr3",
    "Transaction": 78
  },
  {
    "Index": 7786,
    "ObjectId": "Obj7786",
    "Attribute1": "Attr1",
    "Attribute2": "Attr2",
    "Attribute3": "Attr3",
    "Transaction": 78
  },
  {
    "Index": 7787,
    "ObjectId": "Obj7787",
    "Attribute1": "Attr1",
    "Attribute2": "Attr2",
    "Attribute3": "Attr3",
    "Transaction": 78
  },
  {
    "Index": 7788,
    "ObjectId": "Obj7788",
    "Attribute1": "Attr1",
    "Attribute2": "Attr2",
    "Attribute3": "Attr3",
    "Transaction": 78
  },
  {
    "Index": 7789,
    "ObjectId": "Obj7789",
    "Attribute1": "Attr1",
    "Attribute2": "Attr2",
    "Attribute3": "Attr3",
    "Transaction": 78
  },
  {
    "Index": 7790,
    "ObjectId": "Obj7790",
    "Attribute1": "Attr1",
    "Attribute2": "Attr2",
    "Attribute3": "Attr3",
    "Transaction": 78
  },
  {
    "Index": 7791,
    "ObjectId": "Obj7791",
    "Attribute1": "Attr1",
    "Attribute2": "Attr2",
    "Attribute3": "Attr3",
    "Transaction": 78
  },
  {
    "Index": 7792,
    "ObjectId": "Obj7792",
    "Attribute1": "Attr1",
    "Attribute2": "Attr2",
    "Attribute3": "Attr3",
    "Transaction": 78
  },
  {
    "Index": 7793,
    "ObjectId": "Obj7793",
    "Attribute1": "Attr1",
    "Attribute2": "Attr2",
    "Attribute3": "Attr3",
    "Transaction": 78
  },
  {
    "Index": 7794,
    "ObjectId": "Obj7794",
    "Attribute1": "Attr1",
    "Attribute2": "Attr2",
    "Attribute3": "Attr3",
    "Transaction": 78
  },
  {
    "Index": 7795,
    "ObjectId": "Obj7795",
    "Attribute1": "Attr1",
    "Attribute2": "Attr2",
    "Attribute3": "Attr3",
    "Transaction": 78
  },
  {
    "Index": 7796,
    "ObjectId": "Obj7796",
    "Attribute1": "Attr1",
    "Attribute2": "Attr2",
    "Attribute3": "Attr3",
    "Transaction": 78
  },
  {
    "Index": 7797,
    "ObjectId": "Obj7797",
    "Attribute1": "Attr1",
    "Attribute2": "Attr2",
    "Attribute3": "Attr3",
    "Transaction": 78
  },
  {
    "Index": 7798,
    "ObjectId": "Obj7798",
    "Attribute1": "Attr1",
    "Attribute2": "Attr2",
    "Attribute3": "Attr3",
    "Transaction": 78
  },
  {
    "Index": 7799,
    "ObjectId": "Obj7799",
    "Attribute1": "Attr1",
    "Attribute2": "Attr2",
    "Attribute3": "Attr3",
    "Transaction": 78
  },
  {
    "Index": 7800,
    "ObjectId": "Obj7800",
    "Attribute1": "Attr1",
    "Attribute2": "Attr2",
    "Attribute3": "Attr3",
    "Transaction": 78
  }
]