[
  {
    "Index": 3601,
    "ObjectId": "Obj3601",
    "Attribute1": "Attr1",
    "Attribute2": "Attr2",
    "Attribute3": "Attr3",
    "Transaction": 37
  },
  {
    "Index": 3602,
    "ObjectId": "Obj3602",
    "Attribute1": "Attr1",
    "Attribute2": "Attr2",
    "Attribute3": "Attr3",
    "Transaction": 37
  },
  {
    "Index": 3603,
    "ObjectId": "Obj3603",
    "Attribute1": "Attr1",
    "Attribute2": "Attr2",
    "Attribute3": "Attr3",
    "Transaction": 37
  },
  {
    "Index": 3604,
    "ObjectId": "Obj3604",
    "Attribute1": "Attr1",
    "Attribute2": "Attr2",
    "Attribute3": "Attr3",
    "Transaction": 37
  },
  {
    "Index": 3605,
    "ObjectId": "Obj3605",
    "Attribute1": "Attr1",
    "Attribute2": "Attr2",
    "Attribute3": "Attr3",
    "Transaction": 37
  },
  {
    "Index": 3606,
    "ObjectId": "Obj3606",
    "Attribute1": "Attr1",
    "Attribute2": "Attr2",
    "Attribute3": "Attr3",
    "Transaction": 37
  },
  {
    "Index": 3607,
    "ObjectId": "Obj3607",
    "Attribute1": "Attr1",
    "Attribute2": "Attr2",
    "Attribute3": "Attr3",
    "Transaction": 37
  },
  {
    "Index": 3608,
    "ObjectId": "Obj3608",
    "Attribute1": "Attr1",
    "Attribute2": "Attr2",
    "Attribute3": "Attr3",
    "Transaction": 37
  },
  {
    "Index": 3609,
    "ObjectId": "Obj3609",
    "Attribute1": "Attr1",
    "Attribute2": "Attr2",
    "Attribute3": "Attr3",
    "Transaction": 37
  },
  {
    "Index": 3610,
    "ObjectId": "Obj3610",
    "Attribute1": "Attr1",
    "Attribute2": "Attr2",
    "Attribute3": "Attr3",
    "Transaction": 37
  },
  {
    "Index": 3611,
    "ObjectId": "Obj3611",
    "Attribute1": "Attr1",
    "Attribute2": "Attr2",
    "Attribute3": "Attr3",
    "Transaction": 37
  },
  {
    "Index": 3612,
    "ObjectId": "Obj3612",
    "Attribute1": "Attr1",
    "Attribute2": "Attr2",
    "Attribute3": "Attr3",
    "Transaction": 37
  },
  {
    "Index": 3613,
    "ObjectId": "Obj3613",
    "Attribute1": "Attr1",
    "Attribute2": "Attr2",
    "Attribute3": "Attr3",
    "Transaction": 37
  },
  {
    "Index": 3614,
    "ObjectId": "Obj3614",
    "Attribute1": "Attr1",
    "Attribute2": "Attr2",
    "Attribute3": "Attr3",
    "Transaction": 37
  },
  {
    "Index": 3615,
    "ObjectId": "Obj3615",
    "Attribute1": "Attr1",
    "Attribute2": "Attr2",
    "Attribute3": "Attr3",
    "Transaction": 37
  },
  {
    "Index": 3616,
    "ObjectId": "Obj3616",
    "Attribute1": "Attr1",
    "Attribute2": "Attr2",
    "Attribute3": "Attr3",
    "Transaction": 37
  },
  {
    "Index": 3617,
    "ObjectId": "Obj3617",
    "Attribute1": "Attr1",
    "Attribute2": "Attr2",
    "Attribute3": "Attr3",
    "Transaction": 37
  },
  {
    "Index": 3618,
    "ObjectId": "Obj3618",
    "Attribute1": "Attr1",
    "Attribute2": "Attr2",
    "Attribute3": "Attr3",
    "Transaction": 37
  },
  {
    "Index": 3619,
    "ObjectId": "Obj3619",
    "Attribute1": "Attr1",
    "Attribute2": "Attr2",
    "Attribute3": "Attr3",
    "Transaction": 37
  },
  {
    "Index": 3620,
    "ObjectId": "Obj3620",
    "Attribute1": "Attr1",
    "Attribute2": "Attr2",
    "Attribute3": "Attr3",
    "Transaction": 37
  },
  {
    "Index": 3621,
    "ObjectId": "Obj3621",
    "Attribute1": "Attr1",
    "Attribute2": "Attr2",
    "Attribute3": "Attr3",
    "Transaction": 37
  },
  {
    "Index": 3622,
    "ObjectId": "Obj3622",
    "Attribute1": "Attr1",
    "Attribute2": "Attr2",
    "Attribute3": "Attr3",
    "Transaction": 37
  },
  {
    "Index": 3623,
    "ObjectId": "Obj3623",
    "Attribute1": "Attr1",
    "Attribute2": "Attr2",
    "Attribute3": "Attr3",
    "Transaction": 37
  },
  {
    "Index": 3624,
    "ObjectId": "Obj3624",
    "Attribute1": "Attr1",
    "Attribute2": "Attr2",
    "Attribute3": "Attr3",
    "Transaction": 37
  },
  {
    "Index": 3625,
    "ObjectId": "Obj3625",
    "Attribute1": "Attr1",
    "Attribute2": "Attr2",
    "Attribute3": "Attr3",
    "Transaction": 37
  },
  {
    "Index": 3626,
    "ObjectId": "Obj3626",
    "Attribute1": "Attr1",
    "Attribute2": "Attr2",
    "Attribute3": "Attr3",
    "Transaction": 37
  },
  {
    "Index": 3627,
    "ObjectId": "Obj3627",
    "Attribute1": "Attr1",
    "Attribute2": "Attr2",
    "Attribute3": "Attr3",
    "Transaction": 37
  },
  {
    "Index": 3628,
    "ObjectId": "Obj3628",
    "Attribute1": "Attr1",
    "Attribute2": "Attr2",
    "Attribute3": "Attr3",
    "Transaction": 37
  },
  {
    "Index": 3629,
    "ObjectId": "Obj3629",
    "Attribute1": "Attr1",
    "Attribute2": "Attr2",
    "Attribute3": "Attr3",
    "Transaction": 37
  },
  {
    "Index": 3630,
    "ObjectId": "Obj3630",
    "Attribute1": "Attr1",
    "Attribute2": "Attr2",
    "Attribute3": "Attr3",
    "Transaction": 37
  },
  {
    "Index": 3631,
    "ObjectId": "Obj3631",
    "Attribute1": "Attr1",
    "Attribute2": "Attr2",
    "Attribute3": "Attr3",
    "Transaction": 37
  },
  {
    "Index": 3632,
    "ObjectId": "Obj3632",
    "Attribute1": "Attr1",
    "Attribute2": "Attr2",
    "Attribute3": "Attr3",
    "Transaction": 37
  },
  {
    "Index": 3633,
    "ObjectId": "Obj3633",
    "Attribute1": "Attr1",
    "Attribute2": "Attr2",
    "Attribute3": "Attr3",
    "Transaction": 37
  },
  {
    "Index": 3634,
    "ObjectId": "Obj3634",
    "Attribute1": "Attr1",
    "Attribute2": "Attr2",
    "Attribute3": "Attr3",
    "Transaction": 37
  },
  {
    "Index": 3635,
    "ObjectId": "Obj3635",
    "Attribute1": "Attr1",
    "Attribute2": "Attr2",
    "Attribute3": "Attr3",
    "Transaction": 37
  },
  {
    "Index": 3636,
    "ObjectId": "Obj3636",
    "Attribute1": "Attr1",
    "Attribute2": "Attr2",
    "Attribute3": "Attr3",
    "Transaction": 37
  },
  {
    "Index": 3637,
    "ObjectId": "Obj3637",
    "Attribute1": "Attr1",
    "Attribute2": "Attr2",
    "Attribute3": "Attr3",
    "Transaction": 37
  },
  {
    "Index": 3638,
    "ObjectId": "Obj3638",
    "Attribute1": "Attr1",
    "Attribute2": "Attr2",
    "Attribute3": "Attr3",
    "Transaction": 37
  },
  {
    "Index": 3639,
    "ObjectId": "Obj3639",
    "Attribute1": "Attr1",
    "Attribute2": "Attr2",
    "Attribute3": "Attr3",
    "Transaction": 37
  },
  {
    "Index": 3640,
    "ObjectId": "Obj3640",
    "Attribute1": "Attr1",
    "Attribute2": "Attr2",
    "Attribute3": "Attr3",
    "Transaction": 37
  },
  {
    "Index": 3641,
    "ObjectId": "Obj3641",
    "Attribute1": "Attr1",
    "Attribute2": "Attr2",
    "Attribute3": "Attr3",
    "Transaction": 37
  },
  {
    "Index": 3642,
    "ObjectId": "Obj3642",
    "Attribute1": "Attr1",
    "Attribute2": "Attr2",
    "Attribute3": "Attr3",
    "Transaction": 37
  },
  {
    "Index": 3643,
    "ObjectId": "Obj3643",
    "Attribute1": "Attr1",
    "Attribute2": "Attr2",
    "Attribute3": "Attr3",
    "Transaction": 37
  },
  {
    "Index": 3644,
    "ObjectId": "Obj3644",
    "Attribute1": "Attr1",
    "Attribute2": "Attr2",
    "Attribute3": "Attr3",
    "Transaction": 37
  },
  {
    "Index": 3645,
    "ObjectId": "Obj3645",
    "Attribute1": "Attr1",
    "Attribute2": "Attr2",
    "Attribute3": "Attr3",
    "Transaction": 37
  },
  {
    "Index": 3646,
    "ObjectId": "Obj3646",
    "Attribute1": "Attr1",
    "Attribute2": "Attr2",
    "Attribute3": "Attr3",
    "Transaction": 37
  },
  {
    "Index": 3647,
    "ObjectId": "Obj3647",
    "Attribute1": "Attr1",
    "Attribute2": "Attr2",
    "Attribute3": "Attr3",
    "Transaction": 37
  },
  {
    "Index": 3648,
    "ObjectId": "Obj3648",
    "Attribute1": "Attr1",
    "Attribute2": "Attr2",
    "Attribute3": "Attr3",
    "Transaction": 37
  },
  {
    "Index": 3649,
    "ObjectId": "Obj3649",
    "Attribute1": "Attr1",
    "Attribute2": "Attr2",
    "Attribute3": "Attr3",
    "Transaction": 37
  },
  {
    "Index": 3650,
    "ObjectId": "Obj3650",
    "Attribute1": "Attr1",
    "Attribute2": "Attr2",
    "Attribute3": "Attr3",
    "Transaction": 37
  },
  {
    "Index": 3651,
    "ObjectId": "Obj3651",
    "Attribute1": "Attr1",
    "Attribute2": "Attr2",
    "Attribute3": "Attr3",
    "Transaction": 37
  },
  {
    "Index": 3652,
    "ObjectId": "Obj3652",
    "Attribute1": "Attr1",
    "Attribute2": "Attr2",
    "Attribute3": "Attr3",
    "Transaction": 37
  },
  {
    "Index": 3653,
    "ObjectId": "Obj3653",
    "Attribute1": "Attr1",
    "Attribute2": "Attr2",
    "Attribute3": "Attr3",
    "Transaction": 37
  },
  {
    "Index": 3654,
    "ObjectId": "Obj3654",
    "Attribute1": "Attr1",
    "Attribute2": "Attr2",
    "Attribute3": "Attr3",
    "Transaction": 37
  },
  {
    "Index": 3655,
    "ObjectId": "Obj3655",
    "Attribute1": "Attr1",
    "Attribute2": "Attr2",
    "Attribute3": "Attr3",
    "Transaction": 37
  },
  {
    "Index": 3656,
    "ObjectId": "Obj3656",
    "Attribute1": "Attr1",
    "Attribute2": "Attr2",
    "Attribute3": "Attr3",
    "Transaction": 37
  },
  {
    "Index": 3657,
    "ObjectId": "Obj3657",
    "Attribute1": "Attr1",
    "Attribute2": "Attr2",
    "Attribute3": "Attr3",
    "Transaction": 37
  },
  {
    "Index": 3658,
    "ObjectId": "Obj3658",
    "Attribute1": "Attr1",
    "Attribute2": "Attr2",
    "Attribute3": "Attr3",
    "Transaction": 37
  },
  {
    "Index": 3659,
    "ObjectId": "Obj3659",
    "Attribute1": "Attr1",
    "Attribute2": "Attr2",
    "Attribute3": "Attr3",
    "Transaction": 37
  },
  {
    "Index": 3660,
    "ObjectId": "Obj3660",
    "Attribute1": "Attr1",
    "Attribute2": "Attr2",
    "Attribute3": "Attr3",
    "Transaction": 37
  },
  {
    "Index": 3661,
    "ObjectId": "Obj3661",
    "Attribute1": "Attr1",
    "Attribute2": "Attr2",
    "Attribute3": "Attr3",
    "Transaction": 37
  },
  {
    "Index": 3662,
    "ObjectId": "Obj3662",
    "Attribute1": "Attr1",
    "Attribute2": "Attr2",
    "Attribute3": "Attr3",
    "Transaction": 37
  },
  {
    "Index": 3663,
    "ObjectId": "Obj3663",
    "Attribute1": "Attr1",
    "Attribute2": "Attr2",
    "Attribute3": "Attr3",
    "Transaction": 37
  },
  {
    "Index": 3664,
    "ObjectId": "Obj3664",
    "Attribute1": "Attr1",
    "Attribute2": "Attr2",
    "Attribute3": "Attr3",
    "Transaction": 37
  },
  {
    "Index": 3665,
    "ObjectId": "Obj3665",
    "Attribute1": "Attr1",
    "Attribute2": "Attr2",
    "Attribute3": "Attr3",
    "Transaction": 37
  },
  {
    "Index": 3666,
    "ObjectId": "Obj3666",
    "Attribute1": "Attr1",
    "Attribute2": "Attr2",
    "Attribute3": "Attr3",
    "Transaction": 37
  },
  {
    "Index": 3667,
    "ObjectId": "Obj3667",
    "Attribute1": "Attr1",
    "Attribute2": "Attr2",
    "Attribute3": "Attr3",
    "Transaction": 37
  },
  {
    "Index": 3668,
    "ObjectId": "Obj3668",
    "Attribute1": "Attr1",
    "Attribute2": "Attr2",
    "Attribute3": "Attr3",
    "Transaction": 37
  },
  {
    "Index": 3669,
    "ObjectId": "Obj3669",
    "Attribute1": "Attr1",
    "Attribute2": "Attr2",
    "Attribute3": "Attr3",
    "Transaction": 37
  },
  {
    "Index": 3670,
    "ObjectId": "Obj3670",
    "Attribute1": "Attr1",
    "Attribute2": "Attr2",
    "Attribute3": "Attr3",
    "Transaction": 37
  },
  {
    "Index": 3671,
    "ObjectId": "Obj3671",
    "Attribute1": "Attr1",
    "Attribute2": "Attr2",
    "Attribute3": "Attr3",
    "Transaction": 37
  },
  {
    "Index": 3672,
    "ObjectId": "Obj3672",
    "Attribute1": "Attr1",
    "Attribute2": "Attr2",
    "Attribute3": "Attr3",
    "Transaction": 37
  },
  {
    "Index": 3673,
    "ObjectId": "Obj3673",
    "Attribute1": "Attr1",
    "Attribute2": "Attr2",
    "Attribute3": "Attr3",
    "Transaction": 37
  },
  {
    "Index": 3674,
    "ObjectId": "Obj3674",
    "Attribute1": "Attr1",
    "Attribute2": "Attr2",
    "Attribute3": "Attr3",
    "Transaction": 37
  },
  {
    "Index": 3675,
    "ObjectId": "Obj3675",
    "Attribute1": "Attr1",
    "Attribute2": "Attr2",
    "Attribute3": "Attr3",
    "Transaction": 37
  },
  {
    "Index": 3676,
    "ObjectId": "Obj3676",
    "Attribute1": "Attr1",
    "Attribute2": "Attr2",
    "Attribute3": "Attr3",
    "Transaction": 37
  },
  {
    "Index": 3677,
    "ObjectId": "Obj3677",
    "Attribute1": "Attr1",
    "Attribute2": "Attr2",
    "Attribute3": "Attr3",
    "Transaction": 37
  },
  {
    "Index": 3678,
    "ObjectId": "Obj3678",
    "Attribute1": "Attr1",
    "Attribute2": "Attr2",
    "Attribute3": "Attr3",
    "Transaction": 37
  },
  {
    "Index": 3679,
    "ObjectId": "Obj3679",
    "Attribute1": "Attr1",
    "Attribute2": "Attr2",
    "Attribute3": "Attr3",
    "Transaction": 37
  },
  {
    "Index": 3680,
    "ObjectId": "Obj3680",
    "Attribute1": "Attr1",
    "Attribute2": "Attr2",
    "Attribute3": "Attr3",
    "Transaction": 37
  },
  {
    "Index": 3681,
    "ObjectId": "Obj3681",
    "Attribute1": "Attr1",
    "Attribute2": "Attr2",
    "Attribute3": "Attr3",
    "Transaction": 37
  },
  {
    "Index": 3682,
    "ObjectId": "Obj3682",
    "Attribute1": "Attr1",
    "Attribute2": "Attr2",
    "Attribute3": "Attr3",
    "Transaction": 37
  },
  {
    "Index": 3683,
    "ObjectId": "Obj3683",
    "Attribute1": "Attr1",
    "Attribute2": "Attr2",
    "Attribute3": "Attr3",
    "Transaction": 37
  },
  {
    "Index": 3684,
    "ObjectId": "Obj3684",
    "Attribute1": "Attr1",
    "Attribute2": "Attr2",
    "Attribute3": "Attr3",
    "Transaction": 37
  },
  {
    "Index": 3685,
    "ObjectId": "Obj3685",
    "Attribute1": "Attr1",
    "Attribute2": "Attr2",
    "Attribute3": "Attr3",
    "Transaction": 37
  },
  {
    "Index": 3686,
    "ObjectId": "Obj3686",
    "Attribute1": "Attr1",
    "Attribute2": "Attr2",
    "Attribute3": "Attr3",
    "Transaction": 37
  },
  {
    "Index": 3687,
    "ObjectId": "Obj3687",
    "Attribute1": "Attr1",
    "Attribute2": "Attr2",
    "Attribute3": "Attr3",
    "Transaction": 37
  },
  {
    "Index": 3688,
    "ObjectId": "Obj3688",
    "Attribute1": "Attr1",
    "Attribute2": "Attr2",
    "Attribute3": "Attr3",
    "Transaction": 37
  },
  {
    "Index": 3689,
    "ObjectId": "Obj3689",
    "Attribute1": "Attr1",
    "Attribute2": "Attr2",
    "Attribute3": "Attr3",
    "Transaction": 37
  },
  {
    "Index": 3690,
    "ObjectId": "Obj3690",
    "Attribute1": "Attr1",
    "Attribute2": "Attr2",
    "Attribute3": "Attr3",
    "Transaction": 37
  },
  {
    "Index": 3691,
    "ObjectId": "Obj3691",
    "Attribute1": "Attr1",
    "Attribute2": "Attr2",
    "Attribute3": "Attr3",
    "Transaction": 37
  },
  {
    "Index": 3692,
    "ObjectId": "Obj3692",
    "Attribute1": "Attr1",
    "Attribute2": "Attr2",
    "Attribute3": "Attr3",
    "Transaction": 37
  },
  {
    "Index": 3693,
    "ObjectId": "Obj3693",
    "Attribute1": "Attr1",
    "Attribute2": "Attr2",
    "Attribute3": "Attr3",
    "Transaction": 37
  },
  {
    "Index": 3694,
    "ObjectId": "Obj3694",
    "Attribute1": "Attr1",
    "Attribute2": "Attr2",
    "Attribute3": "Attr3",
    "Transaction": 37
  },
  {
    "Index": 3695,
    "ObjectId": "Obj3695",
    "Attribute1": "Attr1",
    "Attribute2": "Attr2",
    "Attribute3": "Attr3",
    "Transaction": 37
  },
  {
    "Index": 3696,
    "ObjectId": "Obj3696",
    "Attribute1": "Attr1",
    "Attribute2": "Attr2",
    "Attribute3": "Attr3",
    "Transaction": 37
  },
  {
    "Index": 3697,
    "ObjectId": "Obj3697",
    "Attribute1": "Attr1",
    "Attribute2": "Attr2",
    "Attribute3": "Attr3",
    "Transaction": 37
  },
  {
    "Index": 3698,
    "ObjectId": "Obj3698",
    "Attribute1": "Attr1",
    "Attribute2": "Attr2",
    "Attribute3": "Attr3",
    "Transaction": 37
  },
  {
    "Index": 3699,
    "ObjectId": "Obj3699",
    "Attribute1": "Attr1",
    "Attribute2": "Attr2",
    "Attribute3": "Attr3",
    "Transaction": 37
  },
  {
    "Index": 3700,
    "ObjectId": "Obj3700",
    "Attribute1": "Attr1",
    "Attribute2": "Attr2",
    "Attribute3": "Attr3",
    "Transaction": 37
  }
]