[
  {
    "Index": 8301,
    "ObjectId": "Obj8301",
    "Attribute1": "Attr1",
    "Attribute2": "Attr2",
    "Attribute3": "Attr3",
    "Transaction": 84
  },
  {
    "Index": 8302,
    "ObjectId": "Obj8302",
    "Attribute1": "Attr1",
    "Attribute2": "Attr2",
    "Attribute3": "Attr3",
    "Transaction": 84
  },
  {
    "Index": 8303,
    "ObjectId": "Obj8303",
    "Attribute1": "Attr1",
    "Attribute2": "Attr2",
    "Attribute3": "Attr3",
    "Transaction": 84
  },
  {
    "Index": 8304,
    "ObjectId": "Obj8304",
    "Attribute1": "Attr1",
    "Attribute2": "Attr2",
    "Attribute3": "Attr3",
    "Transaction": 84
  },
  {
    "Index": 8305,
    "ObjectId": "Obj8305",
    "Attribute1": "Attr1",
    "Attribute2": "Attr2",
    "Attribute3": "Attr3",
    "Transaction": 84
  },
  {
    "Index": 8306,
    "ObjectId": "Obj8306",
    "Attribute1": "Attr1",
    "Attribute2": "Attr2",
    "Attribute3": "Attr3",
    "Transaction": 84
  },
  {
    "Index": 8307,
    "ObjectId": "Obj8307",
    "Attribute1": "Attr1",
    "Attribute2": "Attr2",
    "Attribute3": "Attr3",
    "Transaction": 84
  },
  {
    "Index": 8308,
    "ObjectId": "Obj8308",
    "Attribute1": "Attr1",
    "Attribute2": "Attr2",
    "Attribute3": "Attr3",
    "Transaction": 84
  },
  {
    "Index": 8309,
    "ObjectId": "Obj8309",
    "Attribute1": "Attr1",
    "Attribute2": "Attr2",
    "Attribute3": "Attr3",
    "Transaction": 84
  },
  {
    "Index": 8310,
    "ObjectId": "Obj8310",
    "Attribute1": "Attr1",
    "Attribute2": "Attr2",
    "Attribute3": "Attr3",
    "Transaction": 84
  },
  {
    "Index": 8311,
    "ObjectId": "Obj8311",
    "Attribute1": "Attr1",
    "Attribute2": "Attr2",
    "Attribute3": "Attr3",
    "Transaction": 84
  },
  {
    "Index": 8312,
    "ObjectId": "Obj8312",
    "Attribute1": "Attr1",
    "Attribute2": "Attr2",
    "Attribute3": "Attr3",
    "Transaction": 84
  },
  {
    "Index": 8313,
    "ObjectId": "Obj8313",
    "Attribute1": "Attr1",
    "Attribute2": "Attr2",
    "Attribute3": "Attr3",
    "Transaction": 84
  },
  {
    "Index": 8314,
    "ObjectId": "Obj8314",
    "Attribute1": "Attr1",
    "Attribute2": "Attr2",
    "Attribute3": "Attr3",
    "Transaction": 84
  },
  {
    "Index": 8315,
    "ObjectId": "Obj8315",
    "Attribute1": "Attr1",
    "Attribute2": "Attr2",
    "Attribute3": "Attr3",
    "Transaction": 84
  },
  {
    "Index": 8316,
    "ObjectId": "Obj8316",
    "Attribute1": "Attr1",
    "Attribute2": "Attr2",
    "Attribute3": "Attr3",
    "Transaction": 84
  },
  {
    "Index": 8317,
    "ObjectId": "Obj8317",
    "Attribute1": "Attr1",
    "Attribute2": "Attr2",
    "Attribute3": "Attr3",
    "Transaction": 84
  },
  {
    "Index": 8318,
    "ObjectId": "Obj8318",
    "Attribute1": "Attr1",
    "Attribute2": "Attr2",
    "Attribute3": "Attr3",
    "Transaction": 84
  },
  {
    "Index": 8319,
    "ObjectId": "Obj8319",
    "Attribute1": "Attr1",
    "Attribute2": "Attr2",
    "Attribute3": "Attr3",
    "Transaction": 84
  },
  {
    "Index": 8320,
    "ObjectId": "Obj8320",
    "Attribute1": "Attr1",
    "Attribute2": "Attr2",
    "Attribute3": "Attr3",
    "Transaction": 84
  },
  {
    "Index": 8321,
    "ObjectId": "Obj8321",
    "Attribute1": "Attr1",
    "Attribute2": "Attr2",
    "Attribute3": "Attr3",
    "Transaction": 84
  },
  {
    "Index": 8322,
    "ObjectId": "Obj8322",
    "Attribute1": "Attr1",
    "Attribute2": "Attr2",
    "Attribute3": "Attr3",
    "Transaction": 84
  },
  {
    "Index": 8323,
    "ObjectId": "Obj8323",
    "Attribute1": "Attr1",
    "Attribute2": "Attr2",
    "Attribute3": "Attr3",
    "Transaction": 84
  },
  {
    "Index": 8324,
    "ObjectId": "Obj8324",
    "Attribute1": "Attr1",
    "Attribute2": "Attr2",
    "Attribute3": "Attr3",
    "Transaction": 84
  },
  {
    "Index": 8325,
    "ObjectId": "Obj8325",
    "Attribute1": "Attr1",
    "Attribute2": "Attr2",
    "Attribute3": "Attr3",
    "Transaction": 84
  },
  {
    "Index": 8326,
    "ObjectId": "Obj8326",
    "Attribute1": "Attr1",
    "Attribute2": "Attr2",
    "Attribute3": "Attr3",
    "Transaction": 84
  },
  {
    "Index": 8327,
    "ObjectId": "Obj8327",
    "Attribute1": "Attr1",
    "Attribute2": "Attr2",
    "Attribute3": "Attr3",
    "Transaction": 84
  },
  {
    "Index": 8328,
    "ObjectId": "Obj8328",
    "Attribute1": "Attr1",
    "Attribute2": "Attr2",
    "Attribute3": "Attr3",
    "Transaction": 84
  },
  {
    "Index": 8329,
    "ObjectId": "Obj8329",
    "Attribute1": "Attr1",
    "Attribute2": "Attr2",
    "Attribute3": "Attr3",
    "Transaction": 84
  },
  {
    "Index": 8330,
    "ObjectId": "Obj8330",
    "Attribute1": "Attr1",
    "Attribute2": "Attr2",
    "Attribute3": "Attr3",
    "Transaction": 84
  },
  {
    "Index": 8331,
    "ObjectId": "Obj8331",
    "Attribute1": "Attr1",
    "Attribute2": "Attr2",
    "Attribute3": "Attr3",
    "Transaction": 84
  },
  {
    "Index": 8332,
    "ObjectId": "Obj8332",
    "Attribute1": "Attr1",
    "Attribute2": "Attr2",
    "Attribute3": "Attr3",
    "Transaction": 84
  },
  {
    "Index": 8333,
    "ObjectId": "Obj8333",
    "Attribute1": "Attr1",
    "Attribute2": "Attr2",
    "Attribute3": "Attr3",
    "Transaction": 84
  },
  {
    "Index": 8334,
    "ObjectId": "Obj8334",
    "Attribute1": "Attr1",
    "Attribute2": "Attr2",
    "Attribute3": "Attr3",
    "Transaction": 84
  },
  {
    "Index": 8335,
    "ObjectId": "Obj8335",
    "Attribute1": "Attr1",
    "Attribute2": "Attr2",
    "Attribute3": "Attr3",
    "Transaction": 84
  },
  {
    "Index": 8336,
    "ObjectId": "Obj8336",
    "Attribute1": "Attr1",
    "Attribute2": "Attr2",
    "Attribute3": "Attr3",
    "Transaction": 84
  },
  {
    "Index": 8337,
    "ObjectId": "Obj8337",
    "Attribute1": "Attr1",
    "Attribute2": "Attr2",
    "Attribute3": "Attr3",
    "Transaction": 84
  },
  {
    "Index": 8338,
    "ObjectId": "Obj8338",
    "Attribute1": "Attr1",
    "Attribute2": "Attr2",
    "Attribute3": "Attr3",
    "Transaction": 84
  },
  {
    "Index": 8339,
    "ObjectId": "Obj8339",
    "Attribute1": "Attr1",
    "Attribute2": "Attr2",
    "Attribute3": "Attr3",
    "Transaction": 84
  },
  {
    "Index": 8340,
    "ObjectId": "Obj8340",
    "Attribute1": "Attr1",
    "Attribute2": "Attr2",
    "Attribute3": "Attr3",
    "Transaction": 84
  },
  {
    "Index": 8341,
    "ObjectId": "Obj8341",
    "Attribute1": "Attr1",
    "Attribute2": "Attr2",
    "Attribute3": "Attr3",
    "Transaction": 84
  },
  {
    "Index": 8342,
    "ObjectId": "Obj8342",
    "Attribute1": "Attr1",
    "Attribute2": "Attr2",
    "Attribute3": "Attr3",
    "Transaction": 84
  },
  {
    "Index": 8343,
    "ObjectId": "Obj8343",
    "Attribute1": "Attr1",
    "Attribute2": "Attr2",
    "Attribute3": "Attr3",
    "Transaction": 84
  },
  {
    "Index": 8344,
    "ObjectId": "Obj8344",
    "Attribute1": "Attr1",
    "Attribute2": "Attr2",
    "Attribute3": "Attr3",
    "Transaction": 84
  },
  {
    "Index": 8345,
    "ObjectId": "Obj8345",
    "Attribute1": "Attr1",
    "Attribute2": "Attr2",
    "Attribute3": "Attr3",
    "Transaction": 84
  },
  {
    "Index": 8346,
    "ObjectId": "Obj8346",
    "Attribute1": "Attr1",
    "Attribute2": "Attr2",
    "Attribute3": "Attr3",
    "Transaction": 84
  },
  {
    "Index": 8347,
    "ObjectId": "Obj8347",
    "Attribute1": "Attr1",
    "Attribute2": "Attr2",
    "Attribute3": "Attr3",
    "Transaction": 84
  },
  {
    "Index": 8348,
    "ObjectId": "Obj8348",
    "Attribute1": "Attr1",
    "Attribute2": "Attr2",
    "Attribute3": "Attr3",
    "Transaction": 84
  },
  {
    "Index": 8349,
    "ObjectId": "Obj8349",
    "Attribute1": "Attr1",
    "Attribute2": "Attr2",
    "Attribute3": "Attr3",
    "Transaction": 84
  },
  {
    "Index": 8350,
    "ObjectId": "Obj8350",
    "Attribute1": "Attr1",
    "Attribute2": "Attr2",
    "Attribute3": "Attr3",
    "Transaction": 84
  },
  {
    "Index": 8351,
    "ObjectId": "Obj8351",
    "Attribute1": "Attr1",
    "Attribute2": "Attr2",
    "Attribute3": "Attr3",
    "Transaction": 84
  },
  {
    "Index": 8352,
    "ObjectId": "Obj8352",
    "Attribute1": "Attr1",
    "Attribute2": "Attr2",
    "Attribute3": "Attr3",
    "Transaction": 84
  },
  {
    "Index": 8353,
    "ObjectId": "Obj8353",
    "Attribute1": "Attr1",
    "Attribute2": "Attr2",
    "Attribute3": "Attr3",
    "Transaction": 84
  },
  {
    "Index": 8354,
    "ObjectId": "Obj8354",
    "Attribute1": "Attr1",
    "Attribute2": "Attr2",
    "Attribute3": "Attr3",
    "Transaction": 84
  },
  {
    "Index": 8355,
    "ObjectId": "Obj8355",
    "Attribute1": "Attr1",
    "Attribute2": "Attr2",
    "Attribute3": "Attr3",
    "Transaction": 84
  },
  {
    "Index": 8356,
    "ObjectId": "Obj8356",
    "Attribute1": "Attr1",
    "Attribute2": "Attr2",
    "Attribute3": "Attr3",
    "Transaction": 84
  },
  {
    "Index": 8357,
    "ObjectId": "Obj8357",
    "Attribute1": "Attr1",
    "Attribute2": "Attr2",
    "Attribute3": "Attr3",
    "Transaction": 84
  },
  {
    "Index": 8358,
    "ObjectId": "Obj8358",
    "Attribute1": "Attr1",
    "Attribute2": "Attr2",
    "Attribute3": "Attr3",
    "Transaction": 84
  },
  {
    "Index": 8359,
    "ObjectId": "Obj8359",
    "Attribute1": "Attr1",
    "Attribute2": "Attr2",
    "Attribute3": "Attr3",
    "Transaction": 84
  },
  {
    "Index": 8360,
    "ObjectId": "Obj8360",
    "Attribute1": "Attr1",
    "Attribute2": "Attr2",
    "Attribute3": "Attr3",
    "Transaction": 84
  },
  {
    "Index": 8361,
    "ObjectId": "Obj8361",
    "Attribute1": "Attr1",
    "Attribute2": "Attr2",
    "Attribute3": "Attr3",
    "Transaction": 84
  },
  {
    "Index": 8362,
    "ObjectId": "Obj8362",
    "Attribute1": "Attr1",
    "Attribute2": "Attr2",
    "Attribute3": "Attr3",
    "Transaction": 84
  },
  {
    "Index": 8363,
    "ObjectId": "Obj8363",
    "Attribute1": "Attr1",
    "Attribute2": "Attr2",
    "Attribute3": "Attr3",
    "Transaction": 84
  },
  {
    "Index": 8364,
    "ObjectId": "Obj8364",
    "Attribute1": "Attr1",
    "Attribute2": "Attr2",
    "Attribute3": "Attr3",
    "Transaction": 84
  },
  {
    "Index": 8365,
    "ObjectId": "Obj8365",
    "Attribute1": "Attr1",
    "Attribute2": "Attr2",
    "Attribute3": "Attr3",
    "Transaction": 84
  },
  {
    "Index": 8366,
    "ObjectId": "Obj8366",
    "Attribute1": "Attr1",
    "Attribute2": "Attr2",
    "Attribute3": "Attr3",
    "Transaction": 84
  },
  {
    "Index": 8367,
    "ObjectId": "Obj8367",
    "Attribute1": "Attr1",
    "Attribute2": "Attr2",
    "Attribute3": "Attr3",
    "Transaction": 84
  },
  {
    "Index": 8368,
    "ObjectId": "Obj8368",
    "Attribute1": "Attr1",
    "Attribute2": "Attr2",
    "Attribute3": "Attr3",
    "Transaction": 84
  },
  {
    "Index": 8369,
    "ObjectId": "Obj8369",
    "Attribute1": "Attr1",
    "Attribute2": "Attr2",
    "Attribute3": "Attr3",
    "Transaction": 84
  },
  {
    "Index": 8370,
    "ObjectId": "Obj8370",
    "Attribute1": "Attr1",
    "Attribute2": "Attr2",
    "Attribute3": "Attr3",
    "Transaction": 84
  },
  {
    "Index": 8371,
    "ObjectId": "Obj8371",
    "Attribute1": "Attr1",
    "Attribute2": "Attr2",
    "Attribute3": "Attr3",
    "Transaction": 84
  },
  {
    "Index": 8372,
    "ObjectId": "Obj8372",
    "Attribute1": "Attr1",
    "Attribute2": "Attr2",
    "Attribute3": "Attr3",
    "Transaction": 84
  },
  {
    "Index": 8373,
    "ObjectId": "Obj8373",
    "Attribute1": "Attr1",
    "Attribute2": "Attr2",
    "Attribute3": "Attr3",
    "Transaction": 84
  },
  {
    "Index": 8374,
    "ObjectId": "Obj8374",
    "Attribute1": "Attr1",
    "Attribute2": "Attr2",
    "Attribute3": "Attr3",
    "Transaction": 84
  },
  {
    "Index": 8375,
    "ObjectId": "Obj8375",
    "Attribute1": "Attr1",
    "Attribute2": "Attr2",
    "Attribute3": "Attr3",
    "Transaction": 84
  },
  {
    "Index": 8376,
    "ObjectId": "Obj8376",
    "Attribute1": "Attr1",
    "Attribute2": "Attr2",
    "Attribute3": "Attr3",
    "Transaction": 84
  },
  {
    "Index": 8377,
    "ObjectId": "Obj8377",
    "Attribute1": "Attr1",
    "Attribute2": "Attr2",
    "Attribute3": "Attr3",
    "Transaction": 84
  },
  {
    "Index": 8378,
    "ObjectId": "Obj8378",
    "Attribute1": "Attr1",
    "Attribute2": "Attr2",
    "Attribute3": "Attr3",
    "Transaction": 84
  },
  {
    "Index": 8379,
    "ObjectId": "Obj8379",
    "Attribute1": "Attr1",
    "Attribute2": "Attr2",
    "Attribute3": "Attr3",
    "Transaction": 84
  },
  {
    "Index": 8380,
    "ObjectId": "Obj8380",
    "Attribute1": "Attr1",
    "Attribute2": "Attr2",
    "Attribute3": "Attr3",
    "Transaction": 84
  },
  {
    "Index": 8381,
    "ObjectId": "Obj8381",
    "Attribute1": "Attr1",
    "Attribute2": "Attr2",
    "Attribute3": "Attr3",
    "Transaction": 84
  },
  {
    "Index": 8382,
    "ObjectId": "Obj8382",
    "Attribute1": "Attr1",
    "Attribute2": "Attr2",
    "Attribute3": "Attr3",
    "Transaction": 84
  },
  {
    "Index": 8383,
    "ObjectId": "Obj8383",
    "Attribute1": "Attr1",
    "Attribute2": "Attr2",
    "Attribute3": "Attr3",
    "Transaction": 84
  },
  {
    "Index": 8384,
    "ObjectId": "Obj8384",
    "Attribute1": "Attr1",
    "Attribute2": "Attr2",
    "Attribute3": "Attr3",
    "Transaction": 84
  },
  {
    "Index": 8385,
    "ObjectId": "Obj8385",
    "Attribute1": "Attr1",
    "Attribute2": "Attr2",
    "Attribute3": "Attr3",
    "Transaction": 84
  },
  {
    "Index": 8386,
    "ObjectId": "Obj8386",
    "Attribute1": "Attr1",
    "Attribute2": "Attr2",
    "Attribute3": "Attr3",
    "Transaction": 84
  },
  {
    "Index": 8387,
    "ObjectId": "Obj8387",
    "Attribute1": "Attr1",
    "Attribute2": "Attr2",
    "Attribute3": "Attr3",
    "Transaction": 84
  },
  {
    "Index": 8388,
    "ObjectId": "Obj8388",
    "Attribute1": "Attr1",
    "Attribute2": "Attr2",
    "Attribute3": "Attr3",
    "Transaction": 84
  },
  {
    "Index": 8389,
    "ObjectId": "Obj8389",
    "Attribute1": "Attr1",
    "Attribute2": "Attr2",
    "Attribute3": "Attr3",
    "Transaction": 84
  },
  {
    "Index": 8390,
    "ObjectId": "Obj8390",
    "Attribute1": "Attr1",
    "Attribute2": "Attr2",
    "Attribute3": "Attr3",
    "Transaction": 84
  },
  {
    "Index": 8391,
    "ObjectId": "Obj8391",
    "Attribute1": "Attr1",
    "Attribute2": "Attr2",
    "Attribute3": "Attr3",
    "Transaction": 84
  },
  {
    "Index": 8392,
    "ObjectId": "Obj8392",
    "Attribute1": "Attr1",
    "Attribute2": "Attr2",
    "Attribute3": "Attr3",
    "Transaction": 84
  },
  {
    "Index": 8393,
    "ObjectId": "Obj8393",
    "Attribute1": "Attr1",
    "Attribute2": "Attr2",
    "Attribute3": "Attr3",
    "Transaction": 84
  },
  {
    "Index": 8394,
    "ObjectId": "Obj8394",
    "Attribute1": "Attr1",
    "Attribute2": "Attr2",
    "Attribute3": "Attr3",
    "Transaction": 84
  },
  {
    "Index": 8395,
    "ObjectId": "Obj8395",
    "Attribute1": "Attr1",
    "Attribute2": "Attr2",
    "Attribute3": "Attr3",
    "Transaction": 84
  },
  {
    "Index": 8396,
    "ObjectId": "Obj8396",
    "Attribute1": "Attr1",
    "Attribute2": "Attr2",
    "Attribute3": "Attr3",
    "Transaction": 84
  },
  {
    "Index": 8397,
    "ObjectId": "Obj8397",
    "Attribute1": "Attr1",
    "Attribute2": "Attr2",
    "Attribute3": "Attr3",
    "Transaction": 84
  },
  {
    "Index": 8398,
    "ObjectId": "Obj8398",
    "Attribute1": "Attr1",
    "Attribute2": "Attr2",
    "Attribute3": "Attr3",
    "Transaction": 84
  },
  {
    "Index": 8399,
    "ObjectId": "Obj8399",
    "Attribute1": "Attr1",
    "Attribute2": "Attr2",
    "Attribute3": "Attr3",
    "Transaction": 84
  },
  {
    "Index": 8400,
    "ObjectId": "Obj8400",
    "Attribute1": "Attr1",
    "Attribute2": "Attr2",
    "Attribute3": "Attr3",
    "Transaction": 84
  }
]