[
  {
    "Index": 3901,
    "ObjectId": "Obj3901",
    "Attribute1": "Attr1",
    "Attribute2": "Attr2",
    "Attribute3": "Attr3",
    "Transaction": 40
  },
  {
    "Index": 3902,
    "ObjectId": "Obj3902",
    "Attribute1": "Attr1",
    "Attribute2": "Attr2",
    "Attribute3": "Attr3",
    "Transaction": 40
  },
  {
    "Index": 3903,
    "ObjectId": "Obj3903",
    "Attribute1": "Attr1",
    "Attribute2": "Attr2",
    "Attribute3": "Attr3",
    "Transaction": 40
  },
  {
    "Index": 3904,
    "ObjectId": "Obj3904",
    "Attribute1": "Attr1",
    "Attribute2": "Attr2",
    "Attribute3": "Attr3",
    "Transaction": 40
  },
  {
    "Index": 3905,
    "ObjectId": "Obj3905",
    "Attribute1": "Attr1",
    "Attribute2": "Attr2",
    "Attribute3": "Attr3",
    "Transaction": 40
  },
  {
    "Index": 3906,
    "ObjectId": "Obj3906",
    "Attribute1": "Attr1",
    "Attribute2": "Attr2",
    "Attribute3": "Attr3",
    "Transaction": 40
  },
  {
    "Index": 3907,
    "ObjectId": "Obj3907",
    "Attribute1": "Attr1",
    "Attribute2": "Attr2",
    "Attribute3": "Attr3",
    "Transaction": 40
  },
  {
    "Index": 3908,
    "ObjectId": "Obj3908",
    "Attribute1": "Attr1",
    "Attribute2": "Attr2",
    "Attribute3": "Attr3",
    "Transaction": 40
  },
  {
    "Index": 3909,
    "ObjectId": "Obj3909",
    "Attribute1": "Attr1",
    "Attribute2": "Attr2",
    "Attribute3": "Attr3",
    "Transaction": 40
  },
  {
    "Index": 3910,
    "ObjectId": "Obj3910",
    "Attribute1": "Attr1",
    "Attribute2": "Attr2",
    "Attribute3": "Attr3",
    "Transaction": 40
  },
  {
    "Index": 3911,
    "ObjectId": "Obj3911",
    "Attribute1": "Attr1",
    "Attribute2": "Attr2",
    "Attribute3": "Attr3",
    "Transaction": 40
  },
  {
    "Index": 3912,
    "ObjectId": "Obj3912",
    "Attribute1": "Attr1",
    "Attribute2": "Attr2",
    "Attribute3": "Attr3",
    "Transaction": 40
  },
  {
    "Index": 3913,
    "ObjectId": "Obj3913",
    "Attribute1": "Attr1",
    "Attribute2": "Attr2",
    "Attribute3": "Attr3",
    "Transaction": 40
  },
  {
    "Index": 3914,
    "ObjectId": "Obj3914",
    "Attribute1": "Attr1",
    "Attribute2": "Attr2",
    "Attribute3": "Attr3",
    "Transaction": 40
  },
  {
    "Index": 3915,
    "ObjectId": "Obj3915",
    "Attribute1": "Attr1",
    "Attribute2": "Attr2",
    "Attribute3": "Attr3",
    "Transaction": 40
  },
  {
    "Index": 3916,
    "ObjectId": "Obj3916",
    "Attribute1": "Attr1",
    "Attribute2": "Attr2",
    "Attribute3": "Attr3",
    "Transaction": 40
  },
  {
    "Index": 3917,
    "ObjectId": "Obj3917",
    "Attribute1": "Attr1",
    "Attribute2": "Attr2",
    "Attribute3": "Attr3",
    "Transaction": 40
  },
  {
    "Index": 3918,
    "ObjectId": "Obj3918",
    "Attribute1": "Attr1",
    "Attribute2": "Attr2",
    "Attribute3": "Attr3",
    "Transaction": 40
  },
  {
    "Index": 3919,
    "ObjectId": "Obj3919",
    "Attribute1": "Attr1",
    "Attribute2": "Attr2",
    "Attribute3": "Attr3",
    "Transaction": 40
  },
  {
    "Index": 3920,
    "ObjectId": "Obj3920",
    "Attribute1": "Attr1",
    "Attribute2": "Attr2",
    "Attribute3": "Attr3",
    "Transaction": 40
  },
  {
    "Index": 3921,
    "ObjectId": "Obj3921",
    "Attribute1": "Attr1",
    "Attribute2": "Attr2",
    "Attribute3": "Attr3",
    "Transaction": 40
  },
  {
    "Index": 3922,
    "ObjectId": "Obj3922",
    "Attribute1": "Attr1",
    "Attribute2": "Attr2",
    "Attribute3": "Attr3",
    "Transaction": 40
  },
  {
    "Index": 3923,
    "ObjectId": "Obj3923",
    "Attribute1": "Attr1",
    "Attribute2": "Attr2",
    "Attribute3": "Attr3",
    "Transaction": 40
  },
  {
    "Index": 3924,
    "ObjectId": "Obj3924",
    "Attribute1": "Attr1",
    "Attribute2": "Attr2",
    "Attribute3": "Attr3",
    "Transaction": 40
  },
  {
    "Index": 3925,
    "ObjectId": "Obj3925",
    "Attribute1": "Attr1",
    "Attribute2": "Attr2",
    "Attribute3": "Attr3",
    "Transaction": 40
  },
  {
    "Index": 3926,
    "ObjectId": "Obj3926",
    "Attribute1": "Attr1",
    "Attribute2": "Attr2",
    "Attribute3": "Attr3",
    "Transaction": 40
  },
  {
    "Index": 3927,
    "ObjectId": "Obj3927",
    "Attribute1": "Attr1",
    "Attribute2": "Attr2",
    "Attribute3": "Attr3",
    "Transaction": 40
  },
  {
    "Index": 3928,
    "ObjectId": "Obj3928",
    "Attribute1": "Attr1",
    "Attribute2": "Attr2",
    "Attribute3": "Attr3",
    "Transaction": 40
  },
  {
    "Index": 3929,
    "ObjectId": "Obj3929",
    "Attribute1": "Attr1",
    "Attribute2": "Attr2",
    "Attribute3": "Attr3",
    "Transaction": 40
  },
  {
    "Index": 3930,
    "ObjectId": "Obj3930",
    "Attribute1": "Attr1",
    "Attribute2": "Attr2",
    "Attribute3": "Attr3",
    "Transaction": 40
  },
  {
    "Index": 3931,
    "ObjectId": "Obj3931",
    "Attribute1": "Attr1",
    "Attribute2": "Attr2",
    "Attribute3": "Attr3",
    "Transaction": 40
  },
  {
    "Index": 3932,
    "ObjectId": "Obj3932",
    "Attribute1": "Attr1",
    "Attribute2": "Attr2",
    "Attribute3": "Attr3",
    "Transaction": 40
  },
  {
    "Index": 3933,
    "ObjectId": "Obj3933",
    "Attribute1": "Attr1",
    "Attribute2": "Attr2",
    "Attribute3": "Attr3",
    "Transaction": 40
  },
  {
    "Index": 3934,
    "ObjectId": "Obj3934",
    "Attribute1": "Attr1",
    "Attribute2": "Attr2",
    "Attribute3": "Attr3",
    "Transaction": 40
  },
  {
    "Index": 3935,
    "ObjectId": "Obj3935",
    "Attribute1": "Attr1",
    "Attribute2": "Attr2",
    "Attribute3": "Attr3",
    "Transaction": 40
  },
  {
    "Index": 3936,
    "ObjectId": "Obj3936",
    "Attribute1": "Attr1",
    "Attribute2": "Attr2",
    "Attribute3": "Attr3",
    "Transaction": 40
  },
  {
    "Index": 3937,
    "ObjectId": "Obj3937",
    "Attribute1": "Attr1",
    "Attribute2": "Attr2",
    "Attribute3": "Attr3",
    "Transaction": 40
  },
  {
    "Index": 3938,
    "ObjectId": "Obj3938",
    "Attribute1": "Attr1",
    "Attribute2": "Attr2",
    "Attribute3": "Attr3",
    "Transaction": 40
  },
  {
    "Index": 3939,
    "ObjectId": "Obj3939",
    "Attribute1": "Attr1",
    "Attribute2": "Attr2",
    "Attribute3": "Attr3",
    "Transaction": 40
  },
  {
    "Index": 3940,
    "ObjectId": "Obj3940",
    "Attribute1": "Attr1",
    "Attribute2": "Attr2",
    "Attribute3": "Attr3",
    "Transaction": 40
  },
  {
    "Index": 3941,
    "ObjectId": "Obj3941",
    "Attribute1": "Attr1",
    "Attribute2": "Attr2",
    "Attribute3": "Attr3",
    "Transaction": 40
  },
  {
    "Index": 3942,
    "ObjectId": "Obj3942",
    "Attribute1": "Attr1",
    "Attribute2": "Attr2",
    "Attribute3": "Attr3",
    "Transaction": 40
  },
  {
    "Index": 3943,
    "ObjectId": "Obj3943",
    "Attribute1": "Attr1",
    "Attribute2": "Attr2",
    "Attribute3": "Attr3",
    "Transaction": 40
  },
  {
    "Index": 3944,
    "ObjectId": "Obj3944",
    "Attribute1": "Attr1",
    "Attribute2": "Attr2",
    "Attribute3": "Attr3",
    "Transaction": 40
  },
  {
    "Index": 3945,
    "ObjectId": "Obj3945",
    "Attribute1": "Attr1",
    "Attribute2": "Attr2",
    "Attribute3": "Attr3",
    "Transaction": 40
  },
  {
    "Index": 3946,
    "ObjectId": "Obj3946",
    "Attribute1": "Attr1",
    "Attribute2": "Attr2",
    "Attribute3": "Attr3",
    "Transaction": 40
  },
  {
    "Index": 3947,
    "ObjectId": "Obj3947",
    "Attribute1": "Attr1",
    "Attribute2": "Attr2",
    "Attribute3": "Attr3",
    "Transaction": 40
  },
  {
    "Index": 3948,
    "ObjectId": "Obj3948",
    "Attribute1": "Attr1",
    "Attribute2": "Attr2",
    "Attribute3": "Attr3",
    "Transaction": 40
  },
  {
    "Index": 3949,
    "ObjectId": "Obj3949",
    "Attribute1": "Attr1",
    "Attribute2": "Attr2",
    "Attribute3": "Attr3",
    "Transaction": 40
  },
  {
    "Index": 3950,
    "ObjectId": "Obj3950",
    "Attribute1": "Attr1",
    "Attribute2": "Attr2",
    "Attribute3": "Attr3",
    "Transaction": 40
  },
  {
    "Index": 3951,
    "ObjectId": "Obj3951",
    "Attribute1": "Attr1",
    "Attribute2": "Attr2",
    "Attribute3": "Attr3",
    "Transaction": 40
  },
  {
    "Index": 3952,
    "ObjectId": "Obj3952",
    "Attribute1": "Attr1",
    "Attribute2": "Attr2",
    "Attribute3": "Attr3",
    "Transaction": 40
  },
  {
    "Index": 3953,
    "ObjectId": "Obj3953",
    "Attribute1": "Attr1",
    "Attribute2": "Attr2",
    "Attribute3": "Attr3",
    "Transaction": 40
  },
  {
    "Index": 3954,
    "ObjectId": "Obj3954",
    "Attribute1": "Attr1",
    "Attribute2": "Attr2",
    "Attribute3": "Attr3",
    "Transaction": 40
  },
  {
    "Index": 3955,
    "ObjectId": "Obj3955",
    "Attribute1": "Attr1",
    "Attribute2": "Attr2",
    "Attribute3": "Attr3",
    "Transaction": 40
  },
  {
    "Index": 3956,
    "ObjectId": "Obj3956",
    "Attribute1": "Attr1",
    "Attribute2": "Attr2",
    "Attribute3": "Attr3",
    "Transaction": 40
  },
  {
    "Index": 3957,
    "ObjectId": "Obj3957",
    "Attribute1": "Attr1",
    "Attribute2": "Attr2",
    "Attribute3": "Attr3",
    "Transaction": 40
  },
  {
    "Index": 3958,
    "ObjectId": "Obj3958",
    "Attribute1": "Attr1",
    "Attribute2": "Attr2",
    "Attribute3": "Attr3",
    "Transaction": 40
  },
  {
    "Index": 3959,
    "ObjectId": "Obj3959",
    "Attribute1": "Attr1",
    "Attribute2": "Attr2",
    "Attribute3": "Attr3",
    "Transaction": 40
  },
  {
    "Index": 3960,
    "ObjectId": "Obj3960",
    "Attribute1": "Attr1",
    "Attribute2": "Attr2",
    "Attribute3": "Attr3",
    "Transaction": 40
  },
  {
    "Index": 3961,
    "ObjectId": "Obj3961",
    "Attribute1": "Attr1",
    "Attribute2": "Attr2",
    "Attribute3": "Attr3",
    "Transaction": 40
  },
  {
    "Index": 3962,
    "ObjectId": "Obj3962",
    "Attribute1": "Attr1",
    "Attribute2": "Attr2",
    "Attribute3": "Attr3",
    "Transaction": 40
  },
  {
    "Index": 3963,
    "ObjectId": "Obj3963",
    "Attribute1": "Attr1",
    "Attribute2": "Attr2",
    "Attribute3": "Attr3",
    "Transaction": 40
  },
  {
    "Index": 3964,
    "ObjectId": "Obj3964",
    "Attribute1": "Attr1",
    "Attribute2": "Attr2",
    "Attribute3": "Attr3",
    "Transaction": 40
  },
  {
    "Index": 3965,
    "ObjectId": "Obj3965",
    "Attribute1": "Attr1",
    "Attribute2": "Attr2",
    "Attribute3": "Attr3",
    "Transaction": 40
  },
  {
    "Index": 3966,
    "ObjectId": "Obj3966",
    "Attribute1": "Attr1",
    "Attribute2": "Attr2",
    "Attribute3": "Attr3",
    "Transaction": 40
  },
  {
    "Index": 3967,
    "ObjectId": "Obj3967",
    "Attribute1": "Attr1",
    "Attribute2": "Attr2",
    "Attribute3": "Attr3",
    "Transaction": 40
  },
  {
    "Index": 3968,
    "ObjectId": "Obj3968",
    "Attribute1": "Attr1",
    "Attribute2": "Attr2",
    "Attribute3": "Attr3",
    "Transaction": 40
  },
  {
    "Index": 3969,
    "ObjectId": "Obj3969",
    "Attribute1": "Attr1",
    "Attribute2": "Attr2",
    "Attribute3": "Attr3",
    "Transaction": 40
  },
  {
    "Index": 3970,
    "ObjectId": "Obj3970",
    "Attribute1": "Attr1",
    "Attribute2": "Attr2",
    "Attribute3": "Attr3",
    "Transaction": 40
  },
  {
    "Index": 3971,
    "ObjectId": "Obj3971",
    "Attribute1": "Attr1",
    "Attribute2": "Attr2",
    "Attribute3": "Attr3",
    "Transaction": 40
  },
  {
    "Index": 3972,
    "ObjectId": "Obj3972",
    "Attribute1": "Attr1",
    "Attribute2": "Attr2",
    "Attribute3": "Attr3",
    "Transaction": 40
  },
  {
    "Index": 3973,
    "ObjectId": "Obj3973",
    "Attribute1": "Attr1",
    "Attribute2": "Attr2",
    "Attribute3": "Attr3",
    "Transaction": 40
  },
  {
    "Index": 3974,
    "ObjectId": "Obj3974",
    "Attribute1": "Attr1",
    "Attribute2": "Attr2",
    "Attribute3": "Attr3",
    "Transaction": 40
  },
  {
    "Index": 3975,
    "ObjectId": "Obj3975",
    "Attribute1": "Attr1",
    "Attribute2": "Attr2",
    "Attribute3": "Attr3",
    "Transaction": 40
  },
  {
    "Index": 3976,
    "ObjectId": "Obj3976",
    "Attribute1": "Attr1",
    "Attribute2": "Attr2",
    "Attribute3": "Attr3",
    "Transaction": 40
  },
  {
    "Index": 3977,
    "ObjectId": "Obj3977",
    "Attribute1": "Attr1",
    "Attribute2": "Attr2",
    "Attribute3": "Attr3",
    "Transaction": 40
  },
  {
    "Index": 3978,
    "ObjectId": "Obj3978",
    "Attribute1": "Attr1",
    "Attribute2": "Attr2",
    "Attribute3": "Attr3",
    "Transaction": 40
  },
  {
    "Index": 3979,
    "ObjectId": "Obj3979",
    "Attribute1": "Attr1",
    "Attribute2": "Attr2",
    "Attribute3": "Attr3",
    "Transaction": 40
  },
  {
    "Index": 3980,
    "ObjectId": "Obj3980",
    "Attribute1": "Attr1",
    "Attribute2": "Attr2",
    "Attribute3": "Attr3",
    "Transaction": 40
  },
  {
    "Index": 3981,
    "ObjectId": "Obj3981",
    "Attribute1": "Attr1",
    "Attribute2": "Attr2",
    "Attribute3": "Attr3",
    "Transaction": 40
  },
  {
    "Index": 3982,
    "ObjectId": "Obj3982",
    "Attribute1": "Attr1",
    "Attribute2": "Attr2",
    "Attribute3": "Attr3",
    "Transaction": 40
  },
  {
    "Index": 3983,
    "ObjectId": "Obj3983",
    "Attribute1": "Attr1",
    "Attribute2": "Attr2",
    "Attribute3": "Attr3",
    "Transaction": 40
  },
  {
    "Index": 3984,
    "ObjectId": "Obj3984",
    "Attribute1": "Attr1",
    "Attribute2": "Attr2",
    "Attribute3": "Attr3",
    "Transaction": 40
  },
  {
    "Index": 3985,
    "ObjectId": "Obj3985",
    "Attribute1": "Attr1",
    "Attribute2": "Attr2",
    "Attribute3": "Attr3",
    "Transaction": 40
  },
  {
    "Index": 3986,
    "ObjectId": "Obj3986",
    "Attribute1": "Attr1",
    "Attribute2": "Attr2",
    "Attribute3": "Attr3",
    "Transaction": 40
  },
  {
    "Index": 3987,
    "ObjectId": "Obj3987",
    "Attribute1": "Attr1",
    "Attribute2": "Attr2",
    "Attribute3": "Attr3",
    "Transaction": 40
  },
  {
    "Index": 3988,
    "ObjectId": "Obj3988",
    "Attribute1": "Attr1",
    "Attribute2": "Attr2",
    "Attribute3": "Attr3",
    "Transaction": 40
  },
  {
    "Index": 3989,
    "ObjectId": "Obj3989",
    "Attribute1": "Attr1",
    "Attribute2": "Attr2",
    "Attribute3": "Attr3",
    "Transaction": 40
  },
  {
    "Index": 3990,
    "ObjectId": "Obj3990",
    "Attribute1": "Attr1",
    "Attribute2": "Attr2",
    "Attribute3": "Attr3",
    "Transaction": 40
  },
  {
    "Index": 3991,
    "ObjectId": "Obj3991",
    "Attribute1": "Attr1",
    "Attribute2": "Attr2",
    "Attribute3": "Attr3",
    "Transaction": 40
  },
  {
    "Index": 3992,
    "ObjectId": "Obj3992",
    "Attribute1": "Attr1",
    "Attribute2": "Attr2",
    "Attribute3": "Attr3",
    "Transaction": 40
  },
  {
    "Index": 3993,
    "ObjectId": "Obj3993",
    "Attribute1": "Attr1",
    "Attribute2": "Attr2",
    "Attribute3": "Attr3",
    "Transaction": 40
  },
  {
    "Index": 3994,
    "ObjectId": "Obj3994",
    "Attribute1": "Attr1",
    "Attribute2": "Attr2",
    "Attribute3": "Attr3",
    "Transaction": 40
  },
  {
    "Index": 3995,
    "ObjectId": "Obj3995",
    "Attribute1": "Attr1",
    "Attribute2": "Attr2",
    "Attribute3": "Attr3",
    "Transaction": 40
  },
  {
    "Index": 3996,
    "ObjectId": "Obj3996",
    "Attribute1": "Attr1",
    "Attribute2": "Attr2",
    "Attribute3": "Attr3",
    "Transaction": 40
  },
  {
    "Index": 3997,
    "ObjectId": "Obj3997",
    "Attribute1": "Attr1",
    "Attribute2": "Attr2",
    "Attribute3": "Attr3",
    "Transaction": 40
  },
  {
    "Index": 3998,
    "ObjectId": "Obj3998",
    "Attribute1": "Attr1",
    "Attribute2": "Attr2",
    "Attribute3": "Attr3",
    "Transaction": 40
  },
  {
    "Index": 3999,
    "ObjectId": "Obj3999",
    "Attribute1": "Attr1",
    "Attribute2": "Attr2",
    "Attribute3": "Attr3",
    "Transaction": 40
  },
  {
    "Index": 4000,
    "ObjectId": "Obj4000",
    "Attribute1": "Attr1",
    "Attribute2": "Attr2",
    "Attribute3": "Attr3",
    "Transaction": 40
  }
]