[
  {
    "Index": 9701,
    "ObjectId": "Obj9701",
    "Attribute1": "Attr1",
    "Attribute2": "Attr2",
    "Attribute3": "Attr3",
    "Transaction": 98
  },
  {
    "Index": 9702,
    "ObjectId": "Obj9702",
    "Attribute1": "Attr1",
    "Attribute2": "Attr2",
    "Attribute3": "Attr3",
    "Transaction": 98
  },
  {
    "Index": 9703,
    "ObjectId": "Obj9703",
    "Attribute1": "Attr1",
    "Attribute2": "Attr2",
    "Attribute3": "Attr3",
    "Transaction": 98
  },
  {
    "Index": 9704,
    "ObjectId": "Obj9704",
    "Attribute1": "Attr1",
    "Attribute2": "Attr2",
    "Attribute3": "Attr3",
    "Transaction": 98
  },
  {
    "Index": 9705,
    "ObjectId": "Obj9705",
    "Attribute1": "Attr1",
    "Attribute2": "Attr2",
    "Attribute3": "Attr3",
    "Transaction": 98
  },
  {
    "Index": 9706,
    "ObjectId": "Obj9706",
    "Attribute1": "Attr1",
    "Attribute2": "Attr2",
    "Attribute3": "Attr3",
    "Transaction": 98
  },
  {
    "Index": 9707,
    "ObjectId": "Obj9707",
    "Attribute1": "Attr1",
    "Attribute2": "Attr2",
    "Attribute3": "Attr3",
    "Transaction": 98
  },
  {
    "Index": 9708,
    "ObjectId": "Obj9708",
    "Attribute1": "Attr1",
    "Attribute2": "Attr2",
    "Attribute3": "Attr3",
    "Transaction": 98
  },
  {
    "Index": 9709,
    "ObjectId": "Obj9709",
    "Attribute1": "Attr1",
    "Attribute2": "Attr2",
    "Attribute3": "Attr3",
    "Transaction": 98
  },
  {
    "Index": 9710,
    "ObjectId": "Obj9710",
    "Attribute1": "Attr1",
    "Attribute2": "Attr2",
    "Attribute3": "Attr3",
    "Transaction": 98
  },
  {
    "Index": 9711,
    "ObjectId": "Obj9711",
    "Attribute1": "Attr1",
    "Attribute2": "Attr2",
    "Attribute3": "Attr3",
    "Transaction": 98
  },
  {
    "Index": 9712,
    "ObjectId": "Obj9712",
    "Attribute1": "Attr1",
    "Attribute2": "Attr2",
    "Attribute3": "Attr3",
    "Transaction": 98
  },
  {
    "Index": 9713,
    "ObjectId": "Obj9713",
    "Attribute1": "Attr1",
    "Attribute2": "Attr2",
    "Attribute3": "Attr3",
    "Transaction": 98
  },
  {
    "Index": 9714,
    "ObjectId": "Obj9714",
    "Attribute1": "Attr1",
    "Attribute2": "Attr2",
    "Attribute3": "Attr3",
    "Transaction": 98
  },
  {
    "Index": 9715,
    "ObjectId": "Obj9715",
    "Attribute1": "Attr1",
    "Attribute2": "Attr2",
    "Attribute3": "Attr3",
    "Transaction": 98
  },
  {
    "Index": 9716,
    "ObjectId": "Obj9716",
    "Attribute1": "Attr1",
    "Attribute2": "Attr2",
    "Attribute3": "Attr3",
    "Transaction": 98
  },
  {
    "Index": 9717,
    "ObjectId": "Obj9717",
    "Attribute1": "Attr1",
    "Attribute2": "Attr2",
    "Attribute3": "Attr3",
    "Transaction": 98
  },
  {
    "Index": 9718,
    "ObjectId": "Obj9718",
    "Attribute1": "Attr1",
    "Attribute2": "Attr2",
    "Attribute3": "Attr3",
    "Transaction": 98
  },
  {
    "Index": 9719,
    "ObjectId": "Obj9719",
    "Attribute1": "Attr1",
    "Attribute2": "Attr2",
    "Attribute3": "Attr3",
    "Transaction": 98
  },
  {
    "Index": 9720,
    "ObjectId": "Obj9720",
    "Attribute1": "Attr1",
    "Attribute2": "Attr2",
    "Attribute3": "Attr3",
    "Transaction": 98
  },
  {
    "Index": 9721,
    "ObjectId": "Obj9721",
    "Attribute1": "Attr1",
    "Attribute2": "Attr2",
    "Attribute3": "Attr3",
    "Transaction": 98
  },
  {
    "Index": 9722,
    "ObjectId": "Obj9722",
    "Attribute1": "Attr1",
    "Attribute2": "Attr2",
    "Attribute3": "Attr3",
    "Transaction": 98
  },
  {
    "Index": 9723,
    "ObjectId": "Obj9723",
    "Attribute1": "Attr1",
    "Attribute2": "Attr2",
    "Attribute3": "Attr3",
    "Transaction": 98
  },
  {
    "Index": 9724,
    "ObjectId": "Obj9724",
    "Attribute1": "Attr1",
    "Attribute2": "Attr2",
    "Attribute3": "Attr3",
    "Transaction": 98
  },
  {
    "Index": 9725,
    "ObjectId": "Obj9725",
    "Attribute1": "Attr1",
    "Attribute2": "Attr2",
    "Attribute3": "Attr3",
    "Transaction": 98
  },
  {
    "Index": 9726,
    "ObjectId": "Obj9726",
    "Attribute1": "Attr1",
    "Attribute2": "Attr2",
    "Attribute3": "Attr3",
    "Transaction": 98
  },
  {
    "Index": 9727,
    "ObjectId": "Obj9727",
    "Attribute1": "Attr1",
    "Attribute2": "Attr2",
    "Attribute3": "Attr3",
    "Transaction": 98
  },
  {
    "Index": 9728,
    "ObjectId": "Obj9728",
    "Attribute1": "Attr1",
    "Attribute2": "Attr2",
    "Attribute3": "Attr3",
    "Transaction": 98
  },
  {
    "Index": 9729,
    "ObjectId": "Obj9729",
    "Attribute1": "Attr1",
    "Attribute2": "Attr2",
    "Attribute3": "Attr3",
    "Transaction": 98
  },
  {
    "Index": 9730,
    "ObjectId": "Obj9730",
    "Attribute1": "Attr1",
    "Attribute2": "Attr2",
    "Attribute3": "Attr3",
    "Transaction": 98
  },
  {
    "Index": 9731,
    "ObjectId": "Obj9731",
    "Attribute1": "Attr1",
    "Attribute2": "Attr2",
    "Attribute3": "Attr3",
    "Transaction": 98
  },
  {
    "Index": 9732,
    "ObjectId": "Obj9732",
    "Attribute1": "Attr1",
    "Attribute2": "Attr2",
    "Attribute3": "Attr3",
    "Transaction": 98
  },
  {
    "Index": 9733,
    "ObjectId": "Obj9733",
    "Attribute1": "Attr1",
    "Attribute2": "Attr2",
    "Attribute3": "Attr3",
    "Transaction": 98
  },
  {
    "Index": 9734,
    "ObjectId": "Obj9734",
    "Attribute1": "Attr1",
    "Attribute2": "Attr2",
    "Attribute3": "Attr3",
    "Transaction": 98
  },
  {
    "Index": 9735,
    "ObjectId": "Obj9735",
    "Attribute1": "Attr1",
    "Attribute2": "Attr2",
    "Attribute3": "Attr3",
    "Transaction": 98
  },
  {
    "Index": 9736,
    "ObjectId": "Obj9736",
    "Attribute1": "Attr1",
    "Attribute2": "Attr2",
    "Attribute3": "Attr3",
    "Transaction": 98
  },
  {
    "Index": 9737,
    "ObjectId": "Obj9737",
    "Attribute1": "Attr1",
    "Attribute2": "Attr2",
    "Attribute3": "Attr3",
    "Transaction": 98
  },
  {
    "Index": 9738,
    "ObjectId": "Obj9738",
    "Attribute1": "Attr1",
    "Attribute2": "Attr2",
    "Attribute3": "Attr3",
    "Transaction": 98
  },
  {
    "Index": 9739,
    "ObjectId": "Obj9739",
    "Attribute1": "Attr1",
    "Attribute2": "Attr2",
    "Attribute3": "Attr3",
    "Transaction": 98
  },
  {
    "Index": 9740,
    "ObjectId": "Obj9740",
    "Attribute1": "Attr1",
    "Attribute2": "Attr2",
    "Attribute3": "Attr3",
    "Transaction": 98
  },
  {
    "Index": 9741,
    "ObjectId": "Obj9741",
    "Attribute1": "Attr1",
    "Attribute2": "Attr2",
    "Attribute3": "Attr3",
    "Transaction": 98
  },
  {
    "Index": 9742,
    "ObjectId": "Obj9742",
    "Attribute1": "Attr1",
    "Attribute2": "Attr2",
    "Attribute3": "Attr3",
    "Transaction": 98
  },
  {
    "Index": 9743,
    "ObjectId": "Obj9743",
    "Attribute1": "Attr1",
    "Attribute2": "Attr2",
    "Attribute3": "Attr3",
    "Transaction": 98
  },
  {
    "Index": 9744,
    "ObjectId": "Obj9744",
    "Attribute1": "Attr1",
    "Attribute2": "Attr2",
    "Attribute3": "Attr3",
    "Transaction": 98
  },
  {
    "Index": 9745,
    "ObjectId": "Obj9745",
    "Attribute1": "Attr1",
    "Attribute2": "Attr2",
    "Attribute3": "Attr3",
    "Transaction": 98
  },
  {
    "Index": 9746,
    "ObjectId": "Obj9746",
    "Attribute1": "Attr1",
    "Attribute2": "Attr2",
    "Attribute3": "Attr3",
    "Transaction": 98
  },
  {
    "Index": 9747,
    "ObjectId": "Obj9747",
    "Attribute1": "Attr1",
    "Attribute2": "Attr2",
    "Attribute3": "Attr3",
    "Transaction": 98
  },
  {
    "Index": 9748,
    "ObjectId": "Obj9748",
    "Attribute1": "Attr1",
    "Attribute2": "Attr2",
    "Attribute3": "Attr3",
    "Transaction": 98
  },
  {
    "Index": 9749,
    "ObjectId": "Obj9749",
    "Attribute1": "Attr1",
    "Attribute2": "Attr2",
    "Attribute3": "Attr3",
    "Transaction": 98
  },
  {
    "Index": 9750,
    "ObjectId": "Obj9750",
    "Attribute1": "Attr1",
    "Attribute2": "Attr2",
    "Attribute3": "Attr3",
    "Transaction": 98
  },
  {
    "Index": 9751,
    "ObjectId": "Obj9751",
    "Attribute1": "Attr1",
    "Attribute2": "Attr2",
    "Attribute3": "Attr3",
    "Transaction": 98
  },
  {
    "Index": 9752,
    "ObjectId": "Obj9752",
    "Attribute1": "Attr1",
    "Attribute2": "Attr2",
    "Attribute3": "Attr3",
    "Transaction": 98
  },
  {
    "Index": 9753,
    "ObjectId": "Obj9753",
    "Attribute1": "Attr1",
    "Attribute2": "Attr2",
    "Attribute3": "Attr3",
    "Transaction": 98
  },
  {
    "Index": 9754,
    "ObjectId": "Obj9754",
    "Attribute1": "Attr1",
    "Attribute2": "Attr2",
    "Attribute3": "Attr3",
    "Transaction": 98
  },
  {
    "Index": 9755,
    "ObjectId": "Obj9755",
    "Attribute1": "Attr1",
    "Attribute2": "Attr2",
    "Attribute3": "Attr3",
    "Transaction": 98
  },
  {
    "Index": 9756,
    "ObjectId": "Obj9756",
    "Attribute1": "Attr1",
    "Attribute2": "Attr2",
    "Attribute3": "Attr3",
    "Transaction": 98
  },
  {
    "Index": 9757,
    "ObjectId": "Obj9757",
    "Attribute1": "Attr1",
    "Attribute2": "Attr2",
    "Attribute3": "Attr3",
    "Transaction": 98
  },
  {
    "Index": 9758,
    "ObjectId": "Obj9758",
    "Attribute1": "Attr1",
    "Attribute2": "Attr2",
    "Attribute3": "Attr3",
    "Transaction": 98
  },
  {
    "Index": 9759,
    "ObjectId": "Obj9759",
    "Attribute1": "Attr1",
    "Attribute2": "Attr2",
    "Attribute3": "Attr3",
    "Transaction": 98
  },
  {
    "Index": 9760,
    "ObjectId": "Obj9760",
    "Attribute1": "Attr1",
    "Attribute2": "Attr2",
    "Attribute3": "Attr3",
    "Transaction": 98
  },
  {
    "Index": 9761,
    "ObjectId": "Obj9761",
    "Attribute1": "Attr1",
    "Attribute2": "Attr2",
    "Attribute3": "Attr3",
    "Transaction": 98
  },
  {
    "Index": 9762,
    "ObjectId": "Obj9762",
    "Attribute1": "Attr1",
    "Attribute2": "Attr2",
    "Attribute3": "Attr3",
    "Transaction": 98
  },
  {
    "Index": 9763,
    "ObjectId": "Obj9763",
    "Attribute1": "Attr1",
    "Attribute2": "Attr2",
    "Attribute3": "Attr3",
    "Transaction": 98
  },
  {
    "Index": 9764,
    "ObjectId": "Obj9764",
    "Attribute1": "Attr1",
    "Attribute2": "Attr2",
    "Attribute3": "Attr3",
    "Transaction": 98
  },
  {
    "Index": 9765,
    "ObjectId": "Obj9765",
    "Attribute1": "Attr1",
    "Attribute2": "Attr2",
    "Attribute3": "Attr3",
    "Transaction": 98
  },
  {
    "Index": 9766,
    "ObjectId": "Obj9766",
    "Attribute1": "Attr1",
    "Attribute2": "Attr2",
    "Attribute3": "Attr3",
    "Transaction": 98
  },
  {
    "Index": 9767,
    "ObjectId": "Obj9767",
    "Attribute1": "Attr1",
    "Attribute2": "Attr2",
    "Attribute3": "Attr3",
    "Transaction": 98
  },
  {
    "Index": 9768,
    "ObjectId": "Obj9768",
    "Attribute1": "Attr1",
    "Attribute2": "Attr2",
    "Attribute3": "Attr3",
    "Transaction": 98
  },
  {
    "Index": 9769,
    "ObjectId": "Obj9769",
    "Attribute1": "Attr1",
    "Attribute2": "Attr2",
    "Attribute3": "Attr3",
    "Transaction": 98
  },
  {
    "Index": 9770,
    "ObjectId": "Obj9770",
    "Attribute1": "Attr1",
    "Attribute2": "Attr2",
    "Attribute3": "Attr3",
    "Transaction": 98
  },
  {
    "Index": 9771,
    "ObjectId": "Obj9771",
    "Attribute1": "Attr1",
    "Attribute2": "Attr2",
    "Attribute3": "Attr3",
    "Transaction": 98
  },
  {
    "Index": 9772,
    "ObjectId": "Obj9772",
    "Attribute1": "Attr1",
    "Attribute2": "Attr2",
    "Attribute3": "Attr3",
    "Transaction": 98
  },
  {
    "Index": 9773,
    "ObjectId": "Obj9773",
    "Attribute1": "Attr1",
    "Attribute2": "Attr2",
    "Attribute3": "Attr3",
    "Transaction": 98
  },
  {
    "Index": 9774,
    "ObjectId": "Obj9774",
    "Attribute1": "Attr1",
    "Attribute2": "Attr2",
    "Attribute3": "Attr3",
    "Transaction": 98
  },
  {
    "Index": 9775,
    "ObjectId": "Obj9775",
    "Attribute1": "Attr1",
    "Attribute2": "Attr2",
    "Attribute3": "Attr3",
    "Transaction": 98
  },
  {
    "Index": 9776,
    "ObjectId": "Obj9776",
    "Attribute1": "Attr1",
    "Attribute2": "Attr2",
    "Attribute3": "Attr3",
    "Transaction": 98
  },
  {
    "Index": 9777,
    "ObjectId": "Obj9777",
    "Attribute1": "Attr1",
    "Attribute2": "Attr2",
    "Attribute3": "Attr3",
    "Transaction": 98
  },
  {
    "Index": 9778,
    "ObjectId": "Obj9778",
    "Attribute1": "Attr1",
    "Attribute2": "Attr2",
    "Attribute3": "Attr3",
    "Transaction": 98
  },
  {
    "Index": 9779,
    "ObjectId": "Obj9779",
    "Attribute1": "Attr1",
    "Attribute2": "Attr2",
    "Attribute3": "Attr3",
    "Transaction": 98
  },
  {
    "Index": 9780,
    "ObjectId": "Obj9780",
    "Attribute1": "Attr1",
    "Attribute2": "Attr2",
    "Attribute3": "Attr3",
    "Transaction": 98
  },
  {
    "Index": 9781,
    "ObjectId": "Obj9781",
    "Attribute1": "Attr1",
    "Attribute2": "Attr2",
    "Attribute3": "Attr3",
    "Transaction": 98
  },
  {
    "Index": 9782,
    "ObjectId": "Obj9782",
    "Attribute1": "Attr1",
    "Attribute2": "Attr2",
    "Attribute3": "Attr3",
    "Transaction": 98
  },
  {
    "Index": 9783,
    "ObjectId": "Obj9783",
    "Attribute1": "Attr1",
    "Attribute2": "Attr2",
    "Attribute3": "Attr3",
    "Transaction": 98
  },
  {
    "Index": 9784,
    "ObjectId": "Obj9784",
    "Attribute1": "Attr1",
    "Attribute2": "Attr2",
    "Attribute3": "Attr3",
    "Transaction": 98
  },
  {
    "Index": 9785,
    "ObjectId": "Obj9785",
    "Attribute1": "Attr1",
    "Attribute2": "Attr2",
    "Attribute3": "Attr3",
    "Transaction": 98
  },
  {
    "Index": 9786,
    "ObjectId": "Obj9786",
    "Attribute1": "Attr1",
    "Attribute2": "Attr2",
    "Attribute3": "Attr3",
    "Transaction": 98
  },
  {
    "Index": 9787,
    "ObjectId": "Obj9787",
    "Attribute1": "Attr1",
    "Attribute2": "Attr2",
    "Attribute3": "Attr3",
    "Transaction": 98
  },
  {
    "Index": 9788,
    "ObjectId": "Obj9788",
    "Attribute1": "Attr1",
    "Attribute2": "Attr2",
    "Attribute3": "Attr3",
    "Transaction": 98
  },
  {
    "Index": 9789,
    "ObjectId": "Obj9789",
    "Attribute1": "Attr1",
    "Attribute2": "Attr2",
    "Attribute3": "Attr3",
    "Transaction": 98
  },
  {
    "Index": 9790,
    "ObjectId": "Obj9790",
    "Attribute1": "Attr1",
    "Attribute2": "Attr2",
    "Attribute3": "Attr3",
    "Transaction": 98
  },
  {
    "Index": 9791,
    "ObjectId": "Obj9791",
    "Attribute1": "Attr1",
    "Attribute2": "Attr2",
    "Attribute3": "Attr3",
    "Transaction": 98
  },
  {
    "Index": 9792,
    "ObjectId": "Obj9792",
    "Attribute1": "Attr1",
    "Attribute2": "Attr2",
    "Attribute3": "Attr3",
    "Transaction": 98
  },
  {
    "Index": 9793,
    "ObjectId": "Obj9793",
    "Attribute1": "Attr1",
    "Attribute2": "Attr2",
    "Attribute3": "Attr3",
    "Transaction": 98
  },
  {
    "Index": 9794,
    "ObjectId": "Obj9794",
    "Attribute1": "Attr1",
    "Attribute2": "Attr2",
    "Attribute3": "Attr3",
    "Transaction": 98
  },
  {
    "Index": 9795,
    "ObjectId": "Obj9795",
    "Attribute1": "Attr1",
    "Attribute2": "Attr2",
    "Attribute3": "Attr3",
    "Transaction": 98
  },
  {
    "Index": 9796,
    "ObjectId": "Obj9796",
    "Attribute1": "Attr1",
    "Attribute2": "Attr2",
    "Attribute3": "Attr3",
    "Transaction": 98
  },
  {
    "Index": 9797,
    "ObjectId": "Obj9797",
    "Attribute1": "Attr1",
    "Attribute2": "Attr2",
    "Attribute3": "Attr3",
    "Transaction": 98
  },
  {
    "Index": 9798,
    "ObjectId": "Obj9798",
    "Attribute1": "Attr1",
    "Attribute2": "Attr2",
    "Attribute3": "Attr3",
    "Transaction": 98
  },
  {
    "Index": 9799,
    "ObjectId": "Obj9799",
    "Attribute1": "Attr1",
    "Attribute2": "Attr2",
    "Attribute3": "Attr3",
    "Transaction": 98
  },
  {
    "Index": 9800,
    "ObjectId": "Obj9800",
    "Attribute1": "Attr1",
    "Attribute2": "Attr2",
    "Attribute3": "Attr3",
    "Transaction": 98
  }
]