[
  {
    "Index": 6001,
    "ObjectId": "Obj6001",
    "Attribute1": "Attr1",
    "Attribute2": "Attr2",
    "Attribute3": "Attr3",
    "Transaction": 61
  },
  {
    "Index": 6002,
    "ObjectId": "Obj6002",
    "Attribute1": "Attr1",
    "Attribute2": "Attr2",
    "Attribute3": "Attr3",
    "Transaction": 61
  },
  {
    "Index": 6003,
    "ObjectId": "Obj6003",
    "Attribute1": "Attr1",
    "Attribute2": "Attr2",
    "Attribute3": "Attr3",
    "Transaction": 61
  },
  {
    "Index": 6004,
    "ObjectId": "Obj6004",
    "Attribute1": "Attr1",
    "Attribute2": "Attr2",
    "Attribute3": "Attr3",
    "Transaction": 61
  },
  {
    "Index": 6005,
    "ObjectId": "Obj6005",
    "Attribute1": "Attr1",
    "Attribute2": "Attr2",
    "Attribute3": "Attr3",
    "Transaction": 61
  },
  {
    "Index": 6006,
    "ObjectId": "Obj6006",
    "Attribute1": "Attr1",
    "Attribute2": "Attr2",
    "Attribute3": "Attr3",
    "Transaction": 61
  },
  {
    "Index": 6007,
    "ObjectId": "Obj6007",
    "Attribute1": "Attr1",
    "Attribute2": "Attr2",
    "Attribute3": "Attr3",
    "Transaction": 61
  },
  {
    "Index": 6008,
    "ObjectId": "Obj6008",
    "Attribute1": "Attr1",
    "Attribute2": "Attr2",
    "Attribute3": "Attr3",
    "Transaction": 61
  },
  {
    "Index": 6009,
    "ObjectId": "Obj6009",
    "Attribute1": "Attr1",
    "Attribute2": "Attr2",
    "Attribute3": "Attr3",
    "Transaction": 61
  },
  {
    "Index": 6010,
    "ObjectId": "Obj6010",
    "Attribute1": "Attr1",
    "Attribute2": "Attr2",
    "Attribute3": "Attr3",
    "Transaction": 61
  },
  {
    "Index": 6011,
    "ObjectId": "Obj6011",
    "Attribute1": "Attr1",
    "Attribute2": "Attr2",
    "Attribute3": "Attr3",
    "Transaction": 61
  },
  {
    "Index": 6012,
    "ObjectId": "Obj6012",
    "Attribute1": "Attr1",
    "Attribute2": "Attr2",
    "Attribute3": "Attr3",
    "Transaction": 61
  },
  {
    "Index": 6013,
    "ObjectId": "Obj6013",
    "Attribute1": "Attr1",
    "Attribute2": "Attr2",
    "Attribute3": "Attr3",
    "Transaction": 61
  },
  {
    "Index": 6014,
    "ObjectId": "Obj6014",
    "Attribute1": "Attr1",
    "Attribute2": "Attr2",
    "Attribute3": "Attr3",
    "Transaction": 61
  },
  {
    "Index": 6015,
    "ObjectId": "Obj6015",
    "Attribute1": "Attr1",
    "Attribute2": "Attr2",
    "Attribute3": "Attr3",
    "Transaction": 61
  },
  {
    "Index": 6016,
    "ObjectId": "Obj6016",
    "Attribute1": "Attr1",
    "Attribute2": "Attr2",
    "Attribute3": "Attr3",
    "Transaction": 61
  },
  {
    "Index": 6017,
    "ObjectId": "Obj6017",
    "Attribute1": "Attr1",
    "Attribute2": "Attr2",
    "Attribute3": "Attr3",
    "Transaction": 61
  },
  {
    "Index": 6018,
    "ObjectId": "Obj6018",
    "Attribute1": "Attr1",
    "Attribute2": "Attr2",
    "Attribute3": "Attr3",
    "Transaction": 61
  },
  {
    "Index": 6019,
    "ObjectId": "Obj6019",
    "Attribute1": "Attr1",
    "Attribute2": "Attr2",
    "Attribute3": "Attr3",
    "Transaction": 61
  },
  {
    "Index": 6020,
    "ObjectId": "Obj6020",
    "Attribute1": "Attr1",
    "Attribute2": "Attr2",
    "Attribute3": "Attr3",
    "Transaction": 61
  },
  {
    "Index": 6021,
    "ObjectId": "Obj6021",
    "Attribute1": "Attr1",
    "Attribute2": "Attr2",
    "Attribute3": "Attr3",
    "Transaction": 61
  },
  {
    "Index": 6022,
    "ObjectId": "Obj6022",
    "Attribute1": "Attr1",
    "Attribute2": "Attr2",
    "Attribute3": "Attr3",
    "Transaction": 61
  },
  {
    "Index": 6023,
    "ObjectId": "Obj6023",
    "Attribute1": "Attr1",
    "Attribute2": "Attr2",
    "Attribute3": "Attr3",
    "Transaction": 61
  },
  {
    "Index": 6024,
    "ObjectId": "Obj6024",
    "Attribute1": "Attr1",
    "Attribute2": "Attr2",
    "Attribute3": "Attr3",
    "Transaction": 61
  },
  {
    "Index": 6025,
    "ObjectId": "Obj6025",
    "Attribute1": "Attr1",
    "Attribute2": "Attr2",
    "Attribute3": "Attr3",
    "Transaction": 61
  },
  {
    "Index": 6026,
    "ObjectId": "Obj6026",
    "Attribute1": "Attr1",
    "Attribute2": "Attr2",
    "Attribute3": "Attr3",
    "Transaction": 61
  },
  {
    "Index": 6027,
    "ObjectId": "Obj6027",
    "Attribute1": "Attr1",
    "Attribute2": "Attr2",
    "Attribute3": "Attr3",
    "Transaction": 61
  },
  {
    "Index": 6028,
    "ObjectId": "Obj6028",
    "Attribute1": "Attr1",
    "Attribute2": "Attr2",
    "Attribute3": "Attr3",
    "Transaction": 61
  },
  {
    "Index": 6029,
    "ObjectId": "Obj6029",
    "Attribute1": "Attr1",
    "Attribute2": "Attr2",
    "Attribute3": "Attr3",
    "Transaction": 61
  },
  {
    "Index": 6030,
    "ObjectId": "Obj6030",
    "Attribute1": "Attr1",
    "Attribute2": "Attr2",
    "Attribute3": "Attr3",
    "Transaction": 61
  },
  {
    "Index": 6031,
    "ObjectId": "Obj6031",
    "Attribute1": "Attr1",
    "Attribute2": "Attr2",
    "Attribute3": "Attr3",
    "Transaction": 61
  },
  {
    "Index": 6032,
    "ObjectId": "Obj6032",
    "Attribute1": "Attr1",
    "Attribute2": "Attr2",
    "Attribute3": "Attr3",
    "Transaction": 61
  },
  {
    "Index": 6033,
    "ObjectId": "Obj6033",
    "Attribute1": "Attr1",
    "Attribute2": "Attr2",
    "Attribute3": "Attr3",
    "Transaction": 61
  },
  {
    "Index": 6034,
    "ObjectId": "Obj6034",
    "Attribute1": "Attr1",
    "Attribute2": "Attr2",
    "Attribute3": "Attr3",
    "Transaction": 61
  },
  {
    "Index": 6035,
    "ObjectId": "Obj6035",
    "Attribute1": "Attr1",
    "Attribute2": "Attr2",
    "Attribute3": "Attr3",
    "Transaction": 61
  },
  {
    "Index": 6036,
    "ObjectId": "Obj6036",
    "Attribute1": "Attr1",
    "Attribute2": "Attr2",
    "Attribute3": "Attr3",
    "Transaction": 61
  },
  {
    "Index": 6037,
    "ObjectId": "Obj6037",
    "Attribute1": "Attr1",
    "Attribute2": "Attr2",
    "Attribute3": "Attr3",
    "Transaction": 61
  },
  {
    "Index": 6038,
    "ObjectId": "Obj6038",
    "Attribute1": "Attr1",
    "Attribute2": "Attr2",
    "Attribute3": "Attr3",
    "Transaction": 61
  },
  {
    "Index": 6039,
    "ObjectId": "Obj6039",
    "Attribute1": "Attr1",
    "Attribute2": "Attr2",
    "Attribute3": "Attr3",
    "Transaction": 61
  },
  {
    "Index": 6040,
    "ObjectId": "Obj6040",
    "Attribute1": "Attr1",
    "Attribute2": "Attr2",
    "Attribute3": "Attr3",
    "Transaction": 61
  },
  {
    "Index": 6041,
    "ObjectId": "Obj6041",
    "Attribute1": "Attr1",
    "Attribute2": "Attr2",
    "Attribute3": "Attr3",
    "Transaction": 61
  },
  {
    "Index": 6042,
    "ObjectId": "Obj6042",
    "Attribute1": "Attr1",
    "Attribute2": "Attr2",
    "Attribute3": "Attr3",
    "Transaction": 61
  },
  {
    "Index": 6043,
    "ObjectId": "Obj6043",
    "Attribute1": "Attr1",
    "Attribute2": "Attr2",
    "Attribute3": "Attr3",
    "Transaction": 61
  },
  {
    "Index": 6044,
    "ObjectId": "Obj6044",
    "Attribute1": "Attr1",
    "Attribute2": "Attr2",
    "Attribute3": "Attr3",
    "Transaction": 61
  },
  {
    "Index": 6045,
    "ObjectId": "Obj6045",
    "Attribute1": "Attr1",
    "Attribute2": "Attr2",
    "Attribute3": "Attr3",
    "Transaction": 61
  },
  {
    "Index": 6046,
    "ObjectId": "Obj6046",
    "Attribute1": "Attr1",
    "Attribute2": "Attr2",
    "Attribute3": "Attr3",
    "Transaction": 61
  },
  {
    "Index": 6047,
    "ObjectId": "Obj6047",
    "Attribute1": "Attr1",
    "Attribute2": "Attr2",
    "Attribute3": "Attr3",
    "Transaction": 61
  },
  {
    "Index": 6048,
    "ObjectId": "Obj6048",
    "Attribute1": "Attr1",
    "Attribute2": "Attr2",
    "Attribute3": "Attr3",
    "Transaction": 61
  },
  {
    "Index": 6049,
    "ObjectId": "Obj6049",
    "Attribute1": "Attr1",
    "Attribute2": "Attr2",
    "Attribute3": "Attr3",
    "Transaction": 61
  },
  {
    "Index": 6050,
    "ObjectId": "Obj6050",
    "Attribute1": "Attr1",
    "Attribute2": "Attr2",
    "Attribute3": "Attr3",
    "Transaction": 61
  },
  {
    "Index": 6051,
    "ObjectId": "Obj6051",
    "Attribute1": "Attr1",
    "Attribute2": "Attr2",
    "Attribute3": "Attr3",
    "Transaction": 61
  },
  {
    "Index": 6052,
    "ObjectId": "Obj6052",
    "Attribute1": "Attr1",
    "Attribute2": "Attr2",
    "Attribute3": "Attr3",
    "Transaction": 61
  },
  {
    "Index": 6053,
    "ObjectId": "Obj6053",
    "Attribute1": "Attr1",
    "Attribute2": "Attr2",
    "Attribute3": "Attr3",
    "Transaction": 61
  },
  {
    "Index": 6054,
    "ObjectId": "Obj6054",
    "Attribute1": "Attr1",
    "Attribute2": "Attr2",
    "Attribute3": "Attr3",
    "Transaction": 61
  },
  {
    "Index": 6055,
    "ObjectId": "Obj6055",
    "Attribute1": "Attr1",
    "Attribute2": "Attr2",
    "Attribute3": "Attr3",
    "Transaction": 61
  },
  {
    "Index": 6056,
    "ObjectId": "Obj6056",
    "Attribute1": "Attr1",
    "Attribute2": "Attr2",
    "Attribute3": "Attr3",
    "Transaction": 61
  },
  {
    "Index": 6057,
    "ObjectId": "Obj6057",
    "Attribute1": "Attr1",
    "Attribute2": "Attr2",
    "Attribute3": "Attr3",
    "Transaction": 61
  },
  {
    "Index": 6058,
    "ObjectId": "Obj6058",
    "Attribute1": "Attr1",
    "Attribute2": "Attr2",
    "Attribute3": "Attr3",
    "Transaction": 61
  },
  {
    "Index": 6059,
    "ObjectId": "Obj6059",
    "Attribute1": "Attr1",
    "Attribute2": "Attr2",
    "Attribute3": "Attr3",
    "Transaction": 61
  },
  {
    "Index": 6060,
    "ObjectId": "Obj6060",
    "Attribute1": "Attr1",
    "Attribute2": "Attr2",
    "Attribute3": "Attr3",
    "Transaction": 61
  },
  {
    "Index": 6061,
    "ObjectId": "Obj6061",
    "Attribute1": "Attr1",
    "Attribute2": "Attr2",
    "Attribute3": "Attr3",
    "Transaction": 61
  },
  {
    "Index": 6062,
    "ObjectId": "Obj6062",
    "Attribute1": "Attr1",
    "Attribute2": "Attr2",
    "Attribute3": "Attr3",
    "Transaction": 61
  },
  {
    "Index": 6063,
    "ObjectId": "Obj6063",
    "Attribute1": "Attr1",
    "Attribute2": "Attr2",
    "Attribute3": "Attr3",
    "Transaction": 61
  },
  {
    "Index": 6064,
    "ObjectId": "Obj6064",
    "Attribute1": "Attr1",
    "Attribute2": "Attr2",
    "Attribute3": "Attr3",
    "Transaction": 61
  },
  {
    "Index": 6065,
    "ObjectId": "Obj6065",
    "Attribute1": "Attr1",
    "Attribute2": "Attr2",
    "Attribute3": "Attr3",
    "Transaction": 61
  },
  {
    "Index": 6066,
    "ObjectId": "Obj6066",
    "Attribute1": "Attr1",
    "Attribute2": "Attr2",
    "Attribute3": "Attr3",
    "Transaction": 61
  },
  {
    "Index": 6067,
    "ObjectId": "Obj6067",
    "Attribute1": "Attr1",
    "Attribute2": "Attr2",
    "Attribute3": "Attr3",
    "Transaction": 61
  },
  {
    "Index": 6068,
    "ObjectId": "Obj6068",
    "Attribute1": "Attr1",
    "Attribute2": "Attr2",
    "Attribute3": "Attr3",
    "Transaction": 61
  },
  {
    "Index": 6069,
    "ObjectId": "Obj6069",
    "Attribute1": "Attr1",
    "Attribute2": "Attr2",
    "Attribute3": "Attr3",
    "Transaction": 61
  },
  {
    "Index": 6070,
    "ObjectId": "Obj6070",
    "Attribute1": "Attr1",
    "Attribute2": "Attr2",
    "Attribute3": "Attr3",
    "Transaction": 61
  },
  {
    "Index": 6071,
    "ObjectId": "Obj6071",
    "Attribute1": "Attr1",
    "Attribute2": "Attr2",
    "Attribute3": "Attr3",
    "Transaction": 61
  },
  {
    "Index": 6072,
    "ObjectId": "Obj6072",
    "Attribute1": "Attr1",
    "Attribute2": "Attr2",
    "Attribute3": "Attr3",
    "Transaction": 61
  },
  {
    "Index": 6073,
    "ObjectId": "Obj6073",
    "Attribute1": "Attr1",
    "Attribute2": "Attr2",
    "Attribute3": "Attr3",
    "Transaction": 61
  },
  {
    "Index": 6074,
    "ObjectId": "Obj6074",
    "Attribute1": "Attr1",
    "Attribute2": "Attr2",
    "Attribute3": "Attr3",
    "Transaction": 61
  },
  {
    "Index": 6075,
    "ObjectId": "Obj6075",
    "Attribute1": "Attr1",
    "Attribute2": "Attr2",
    "Attribute3": "Attr3",
    "Transaction": 61
  },
  {
    "Index": 6076,
    "ObjectId": "Obj6076",
    "Attribute1": "Attr1",
    "Attribute2": "Attr2",
    "Attribute3": "Attr3",
    "Transaction": 61
  },
  {
    "Index": 6077,
    "ObjectId": "Obj6077",
    "Attribute1": "Attr1",
    "Attribute2": "Attr2",
    "Attribute3": "Attr3",
    "Transaction": 61
  },
  {
    "Index": 6078,
    "ObjectId": "Obj6078",
    "Attribute1": "Attr1",
    "Attribute2": "Attr2",
    "Attribute3": "Attr3",
    "Transaction": 61
  },
  {
    "Index": 6079,
    "ObjectId": "Obj6079",
    "Attribute1": "Attr1",
    "Attribute2": "Attr2",
    "Attribute3": "Attr3",
    "Transaction": 61
  },
  {
    "Index": 6080,
    "ObjectId": "Obj6080",
    "Attribute1": "Attr1",
    "Attribute2": "Attr2",
    "Attribute3": "Attr3",
    "Transaction": 61
  },
  {
    "Index": 6081,
    "ObjectId": "Obj6081",
    "Attribute1": "Attr1",
    "Attribute2": "Attr2",
    "Attribute3": "Attr3",
    "Transaction": 61
  },
  {
    "Index": 6082,
    "ObjectId": "Obj6082",
    "Attribute1": "Attr1",
    "Attribute2": "Attr2",
    "Attribute3": "Attr3",
    "Transaction": 61
  },
  {
    "Index": 6083,
    "ObjectId": "Obj6083",
    "Attribute1": "Attr1",
    "Attribute2": "Attr2",
    "Attribute3": "Attr3",
    "Transaction": 61
  },
  {
    "Index": 6084,
    "ObjectId": "Obj6084",
    "Attribute1": "Attr1",
    "Attribute2": "Attr2",
    "Attribute3": "Attr3",
    "Transaction": 61
  },
  {
    "Index": 6085,
    "ObjectId": "Obj6085",
    "Attribute1": "Attr1",
    "Attribute2": "Attr2",
    "Attribute3": "Attr3",
    "Transaction": 61
  },
  {
    "Index": 6086,
    "ObjectId": "Obj6086",
    "Attribute1": "Attr1",
    "Attribute2": "Attr2",
    "Attribute3": "Attr3",
    "Transaction": 61
  },
  {
    "Index": 6087,
    "ObjectId": "Obj6087",
    "Attribute1": "Attr1",
    "Attribute2": "Attr2",
    "Attribute3": "Attr3",
    "Transaction": 61
  },
  {
    "Index": 6088,
    "ObjectId": "Obj6088",
    "Attribute1": "Attr1",
    "Attribute2": "Attr2",
    "Attribute3": "Attr3",
    "Transaction": 61
  },
  {
    "Index": 6089,
    "ObjectId": "Obj6089",
    "Attribute1": "Attr1",
    "Attribute2": "Attr2",
    "Attribute3": "Attr3",
    "Transaction": 61
  },
  {
    "Index": 6090,
    "ObjectId": "Obj6090",
    "Attribute1": "Attr1",
    "Attribute2": "Attr2",
    "Attribute3": "Attr3",
    "Transaction": 61
  },
  {
    "Index": 6091,
    "ObjectId": "Obj6091",
    "Attribute1": "Attr1",
    "Attribute2": "Attr2",
    "Attribute3": "Attr3",
    "Transaction": 61
  },
  {
    "Index": 6092,
    "ObjectId": "Obj6092",
    "Attribute1": "Attr1",
    "Attribute2": "Attr2",
    "Attribute3": "Attr3",
    "Transaction": 61
  },
  {
    "Index": 6093,
    "ObjectId": "Obj6093",
    "Attribute1": "Attr1",
    "Attribute2": "Attr2",
    "Attribute3": "Attr3",
    "Transaction": 61
  },
  {
    "Index": 6094,
    "ObjectId": "Obj6094",
    "Attribute1": "Attr1",
    "Attribute2": "Attr2",
    "Attribute3": "Attr3",
    "Transaction": 61
  },
  {
    "Index": 6095,
    "ObjectId": "Obj6095",
    "Attribute1": "Attr1",
    "Attribute2": "Attr2",
    "Attribute3": "Attr3",
    "Transaction": 61
  },
  {
    "Index": 6096,
    "ObjectId": "Obj6096",
    "Attribute1": "Attr1",
    "Attribute2": "Attr2",
    "Attribute3": "Attr3",
    "Transaction": 61
  },
  {
    "Index": 6097,
    "ObjectId": "Obj6097",
    "Attribute1": "Attr1",
    "Attribute2": "Attr2",
    "Attribute3": "Attr3",
    "Transaction": 61
  },
  {
    "Index": 6098,
    "ObjectId": "Obj6098",
    "Attribute1": "Attr1",
    "Attribute2": "Attr2",
    "Attribute3": "Attr3",
    "Transaction": 61
  },
  {
    "Index": 6099,
    "ObjectId": "Obj6099",
    "Attribute1": "Attr1",
    "Attribute2": "Attr2",
    "Attribute3": "Attr3",
    "Transaction": 61
  },
  {
    "Index": 6100,
    "ObjectId": "Obj6100",
    "Attribute1": "Attr1",
    "Attribute2": "Attr2",
    "Attribute3": "Attr3",
    "Transaction": 61
  }
]