[
  {
    "Index": 5501,
    "ObjectId": "Obj5501",
    "Attribute1": "Attr1",
    "Attribute2": "Attr2",
    "Attribute3": "Attr3",
    "Transaction": 56
  },
  {
    "Index": 5502,
    "ObjectId": "Obj5502",
    "Attribute1": "Attr1",
    "Attribute2": "Attr2",
    "Attribute3": "Attr3",
    "Transaction": 56
  },
  {
    "Index": 5503,
    "ObjectId": "Obj5503",
    "Attribute1": "Attr1",
    "Attribute2": "Attr2",
    "Attribute3": "Attr3",
    "Transaction": 56
  },
  {
    "Index": 5504,
    "ObjectId": "Obj5504",
    "Attribute1": "Attr1",
    "Attribute2": "Attr2",
    "Attribute3": "Attr3",
    "Transaction": 56
  },
  {
    "Index": 5505,
    "ObjectId": "Obj5505",
    "Attribute1": "Attr1",
    "Attribute2": "Attr2",
    "Attribute3": "Attr3",
    "Transaction": 56
  },
  {
    "Index": 5506,
    "ObjectId": "Obj5506",
    "Attribute1": "Attr1",
    "Attribute2": "Attr2",
    "Attribute3": "Attr3",
    "Transaction": 56
  },
  {
    "Index": 5507,
    "ObjectId": "Obj5507",
    "Attribute1": "Attr1",
    "Attribute2": "Attr2",
    "Attribute3": "Attr3",
    "Transaction": 56
  },
  {
    "Index": 5508,
    "ObjectId": "Obj5508",
    "Attribute1": "Attr1",
    "Attribute2": "Attr2",
    "Attribute3": "Attr3",
    "Transaction": 56
  },
  {
    "Index": 5509,
    "ObjectId": "Obj5509",
    "Attribute1": "Attr1",
    "Attribute2": "Attr2",
    "Attribute3": "Attr3",
    "Transaction": 56
  },
  {
    "Index": 5510,
    "ObjectId": "Obj5510",
    "Attribute1": "Attr1",
    "Attribute2": "Attr2",
    "Attribute3": "Attr3",
    "Transaction": 56
  },
  {
    "Index": 5511,
    "ObjectId": "Obj5511",
    "Attribute1": "Attr1",
    "Attribute2": "Attr2",
    "Attribute3": "Attr3",
    "Transaction": 56
  },
  {
    "Index": 5512,
    "ObjectId": "Obj5512",
    "Attribute1": "Attr1",
    "Attribute2": "Attr2",
    "Attribute3": "Attr3",
    "Transaction": 56
  },
  {
    "Index": 5513,
    "ObjectId": "Obj5513",
    "Attribute1": "Attr1",
    "Attribute2": "Attr2",
    "Attribute3": "Attr3",
    "Transaction": 56
  },
  {
    "Index": 5514,
    "ObjectId": "Obj5514",
    "Attribute1": "Attr1",
    "Attribute2": "Attr2",
    "Attribute3": "Attr3",
    "Transaction": 56
  },
  {
    "Index": 5515,
    "ObjectId": "Obj5515",
    "Attribute1": "Attr1",
    "Attribute2": "Attr2",
    "Attribute3": "Attr3",
    "Transaction": 56
  },
  {
    "Index": 5516,
    "ObjectId": "Obj5516",
    "Attribute1": "Attr1",
    "Attribute2": "Attr2",
    "Attribute3": "Attr3",
    "Transaction": 56
  },
  {
    "Index": 5517,
    "ObjectId": "Obj5517",
    "Attribute1": "Attr1",
    "Attribute2": "Attr2",
    "Attribute3": "Attr3",
    "Transaction": 56
  },
  {
    "Index": 5518,
    "ObjectId": "Obj5518",
    "Attribute1": "Attr1",
    "Attribute2": "Attr2",
    "Attribute3": "Attr3",
    "Transaction": 56
  },
  {
    "Index": 5519,
    "ObjectId": "Obj5519",
    "Attribute1": "Attr1",
    "Attribute2": "Attr2",
    "Attribute3": "Attr3",
    "Transaction": 56
  },
  {
    "Index": 5520,
    "ObjectId": "Obj5520",
    "Attribute1": "Attr1",
    "Attribute2": "Attr2",
    "Attribute3": "Attr3",
    "Transaction": 56
  },
  {
    "Index": 5521,
    "ObjectId": "Obj5521",
    "Attribute1": "Attr1",
    "Attribute2": "Attr2",
    "Attribute3": "Attr3",
    "Transaction": 56
  },
  {
    "Index": 5522,
    "ObjectId": "Obj5522",
    "Attribute1": "Attr1",
    "Attribute2": "Attr2",
    "Attribute3": "Attr3",
    "Transaction": 56
  },
  {
    "Index": 5523,
    "ObjectId": "Obj5523",
    "Attribute1": "Attr1",
    "Attribute2": "Attr2",
    "Attribute3": "Attr3",
    "Transaction": 56
  },
  {
    "Index": 5524,
    "ObjectId": "Obj5524",
    "Attribute1": "Attr1",
    "Attribute2": "Attr2",
    "Attribute3": "Attr3",
    "Transaction": 56
  },
  {
    "Index": 5525,
    "ObjectId": "Obj5525",
    "Attribute1": "Attr1",
    "Attribute2": "Attr2",
    "Attribute3": "Attr3",
    "Transaction": 56
  },
  {
    "Index": 5526,
    "ObjectId": "Obj5526",
    "Attribute1": "Attr1",
    "Attribute2": "Attr2",
    "Attribute3": "Attr3",
    "Transaction": 56
  },
  {
    "Index": 5527,
    "ObjectId": "Obj5527",
    "Attribute1": "Attr1",
    "Attribute2": "Attr2",
    "Attribute3": "Attr3",
    "Transaction": 56
  },
  {
    "Index": 5528,
    "ObjectId": "Obj5528",
    "Attribute1": "Attr1",
    "Attribute2": "Attr2",
    "Attribute3": "Attr3",
    "Transaction": 56
  },
  {
    "Index": 5529,
    "ObjectId": "Obj5529",
    "Attribute1": "Attr1",
    "Attribute2": "Attr2",
    "Attribute3": "Attr3",
    "Transaction": 56
  },
  {
    "Index": 5530,
    "ObjectId": "Obj5530",
    "Attribute1": "Attr1",
    "Attribute2": "Attr2",
    "Attribute3": "Attr3",
    "Transaction": 56
  },
  {
    "Index": 5531,
    "ObjectId": "Obj5531",
    "Attribute1": "Attr1",
    "Attribute2": "Attr2",
    "Attribute3": "Attr3",
    "Transaction": 56
  },
  {
    "Index": 5532,
    "ObjectId": "Obj5532",
    "Attribute1": "Attr1",
    "Attribute2": "Attr2",
    "Attribute3": "Attr3",
    "Transaction": 56
  },
  {
    "Index": 5533,
    "ObjectId": "Obj5533",
    "Attribute1": "Attr1",
    "Attribute2": "Attr2",
    "Attribute3": "Attr3",
    "Transaction": 56
  },
  {
    "Index": 5534,
    "ObjectId": "Obj5534",
    "Attribute1": "Attr1",
    "Attribute2": "Attr2",
    "Attribute3": "Attr3",
    "Transaction": 56
  },
  {
    "Index": 5535,
    "ObjectId": "Obj5535",
    "Attribute1": "Attr1",
    "Attribute2": "Attr2",
    "Attribute3": "Attr3",
    "Transaction": 56
  },
  {
    "Index": 5536,
    "ObjectId": "Obj5536",
    "Attribute1": "Attr1",
    "Attribute2": "Attr2",
    "Attribute3": "Attr3",
    "Transaction": 56
  },
  {
    "Index": 5537,
    "ObjectId": "Obj5537",
    "Attribute1": "Attr1",
    "Attribute2": "Attr2",
    "Attribute3": "Attr3",
    "Transaction": 56
  },
  {
    "Index": 5538,
    "ObjectId": "Obj5538",
    "Attribute1": "Attr1",
    "Attribute2": "Attr2",
    "Attribute3": "Attr3",
    "Transaction": 56
  },
  {
    "Index": 5539,
    "ObjectId": "Obj5539",
    "Attribute1": "Attr1",
    "Attribute2": "Attr2",
    "Attribute3": "Attr3",
    "Transaction": 56
  },
  {
    "Index": 5540,
    "ObjectId": "Obj5540",
    "Attribute1": "Attr1",
    "Attribute2": "Attr2",
    "Attribute3": "Attr3",
    "Transaction": 56
  },
  {
    "Index": 5541,
    "ObjectId": "Obj5541",
    "Attribute1": "Attr1",
    "Attribute2": "Attr2",
    "Attribute3": "Attr3",
    "Transaction": 56
  },
  {
    "Index": 5542,
    "ObjectId": "Obj5542",
    "Attribute1": "Attr1",
    "Attribute2": "Attr2",
    "Attribute3": "Attr3",
    "Transaction": 56
  },
  {
    "Index": 5543,
    "ObjectId": "Obj5543",
    "Attribute1": "Attr1",
    "Attribute2": "Attr2",
    "Attribute3": "Attr3",
    "Transaction": 56
  },
  {
    "Index": 5544,
    "ObjectId": "Obj5544",
    "Attribute1": "Attr1",
    "Attribute2": "Attr2",
    "Attribute3": "Attr3",
    "Transaction": 56
  },
  {
    "Index": 5545,
    "ObjectId": "Obj5545",
    "Attribute1": "Attr1",
    "Attribute2": "Attr2",
    "Attribute3": "Attr3",
    "Transaction": 56
  },
  {
    "Index": 5546,
    "ObjectId": "Obj5546",
    "Attribute1": "Attr1",
    "Attribute2": "Attr2",
    "Attribute3": "Attr3",
    "Transaction": 56
  },
  {
    "Index": 5547,
    "ObjectId": "Obj5547",
    "Attribute1": "Attr1",
    "Attribute2": "Attr2",
    "Attribute3": "Attr3",
    "Transaction": 56
  },
  {
    "Index": 5548,
    "ObjectId": "Obj5548",
    "Attribute1": "Attr1",
    "Attribute2": "Attr2",
    "Attribute3": "Attr3",
    "Transaction": 56
  },
  {
    "Index": 5549,
    "ObjectId": "Obj5549",
    "Attribute1": "Attr1",
    "Attribute2": "Attr2",
    "Attribute3": "Attr3",
    "Transaction": 56
  },
  {
    "Index": 5550,
    "ObjectId": "Obj5550",
    "Attribute1": "Attr1",
    "Attribute2": "Attr2",
    "Attribute3": "Attr3",
    "Transaction": 56
  },
  {
    "Index": 5551,
    "ObjectId": "Obj5551",
    "Attribute1": "Attr1",
    "Attribute2": "Attr2",
    "Attribute3": "Attr3",
    "Transaction": 56
  },
  {
    "Index": 5552,
    "ObjectId": "Obj5552",
    "Attribute1": "Attr1",
    "Attribute2": "Attr2",
    "Attribute3": "Attr3",
    "Transaction": 56
  },
  {
    "Index": 5553,
    "ObjectId": "Obj5553",
    "Attribute1": "Attr1",
    "Attribute2": "Attr2",
    "Attribute3": "Attr3",
    "Transaction": 56
  },
  {
    "Index": 5554,
    "ObjectId": "Obj5554",
    "Attribute1": "Attr1",
    "Attribute2": "Attr2",
    "Attribute3": "Attr3",
    "Transaction": 56
  },
  {
    "Index": 5555,
    "ObjectId": "Obj5555",
    "Attribute1": "Attr1",
    "Attribute2": "Attr2",
    "Attribute3": "Attr3",
    "Transaction": 56
  },
  {
    "Index": 5556,
    "ObjectId": "Obj5556",
    "Attribute1": "Attr1",
    "Attribute2": "Attr2",
    "Attribute3": "Attr3",
    "Transaction": 56
  },
  {
    "Index": 5557,
    "ObjectId": "Obj5557",
    "Attribute1": "Attr1",
    "Attribute2": "Attr2",
    "Attribute3": "Attr3",
    "Transaction": 56
  },
  {
    "Index": 5558,
    "ObjectId": "Obj5558",
    "Attribute1": "Attr1",
    "Attribute2": "Attr2",
    "Attribute3": "Attr3",
    "Transaction": 56
  },
  {
    "Index": 5559,
    "ObjectId": "Obj5559",
    "Attribute1": "Attr1",
    "Attribute2": "Attr2",
    "Attribute3": "Attr3",
    "Transaction": 56
  },
  {
    "Index": 5560,
    "ObjectId": "Obj5560",
    "Attribute1": "Attr1",
    "Attribute2": "Attr2",
    "Attribute3": "Attr3",
    "Transaction": 56
  },
  {
    "Index": 5561,
    "ObjectId": "Obj5561",
    "Attribute1": "Attr1",
    "Attribute2": "Attr2",
    "Attribute3": "Attr3",
    "Transaction": 56
  },
  {
    "Index": 5562,
    "ObjectId": "Obj5562",
    "Attribute1": "Attr1",
    "Attribute2": "Attr2",
    "Attribute3": "Attr3",
    "Transaction": 56
  },
  {
    "Index": 5563,
    "ObjectId": "Obj5563",
    "Attribute1": "Attr1",
    "Attribute2": "Attr2",
    "Attribute3": "Attr3",
    "Transaction": 56
  },
  {
    "Index": 5564,
    "ObjectId": "Obj5564",
    "Attribute1": "Attr1",
    "Attribute2": "Attr2",
    "Attribute3": "Attr3",
    "Transaction": 56
  },
  {
    "Index": 5565,
    "ObjectId": "Obj5565",
    "Attribute1": "Attr1",
    "Attribute2": "Attr2",
    "Attribute3": "Attr3",
    "Transaction": 56
  },
  {
    "Index": 5566,
    "ObjectId": "Obj5566",
    "Attribute1": "Attr1",
    "Attribute2": "Attr2",
    "Attribute3": "Attr3",
    "Transaction": 56
  },
  {
    "Index": 5567,
    "ObjectId": "Obj5567",
    "Attribute1": "Attr1",
    "Attribute2": "Attr2",
    "Attribute3": "Attr3",
    "Transaction": 56
  },
  {
    "Index": 5568,
    "ObjectId": "Obj5568",
    "Attribute1": "Attr1",
    "Attribute2": "Attr2",
    "Attribute3": "Attr3",
    "Transaction": 56
  },
  {
    "Index": 5569,
    "ObjectId": "Obj5569",
    "Attribute1": "Attr1",
    "Attribute2": "Attr2",
    "Attribute3": "Attr3",
    "Transaction": 56
  },
  {
    "Index": 5570,
    "ObjectId": "Obj5570",
    "Attribute1": "Attr1",
    "Attribute2": "Attr2",
    "Attribute3": "Attr3",
    "Transaction": 56
  },
  {
    "Index": 5571,
    "ObjectId": "Obj5571",
    "Attribute1": "Attr1",
    "Attribute2": "Attr2",
    "Attribute3": "Attr3",
    "Transaction": 56
  },
  {
    "Index": 5572,
    "ObjectId": "Obj5572",
    "Attribute1": "Attr1",
    "Attribute2": "Attr2",
    "Attribute3": "Attr3",
    "Transaction": 56
  },
  {
    "Index": 5573,
    "ObjectId": "Obj5573",
    "Attribute1": "Attr1",
    "Attribute2": "Attr2",
    "Attribute3": "Attr3",
    "Transaction": 56
  },
  {
    "Index": 5574,
    "ObjectId": "Obj5574",
    "Attribute1": "Attr1",
    "Attribute2": "Attr2",
    "Attribute3": "Attr3",
    "Transaction": 56
  },
  {
    "Index": 5575,
    "ObjectId": "Obj5575",
    "Attribute1": "Attr1",
    "Attribute2": "Attr2",
    "Attribute3": "Attr3",
    "Transaction": 56
  },
  {
    "Index": 5576,
    "ObjectId": "Obj5576",
    "Attribute1": "Attr1",
    "Attribute2": "Attr2",
    "Attribute3": "Attr3",
    "Transaction": 56
  },
  {
    "Index": 5577,
    "ObjectId": "Obj5577",
    "Attribute1": "Attr1",
    "Attribute2": "Attr2",
    "Attribute3": "Attr3",
    "Transaction": 56
  },
  {
    "Index": 5578,
    "ObjectId": "Obj5578",
    "Attribute1": "Attr1",
    "Attribute2": "Attr2",
    "Attribute3": "Attr3",
    "Transaction": 56
  },
  {
    "Index": 5579,
    "ObjectId": "Obj5579",
    "Attribute1": "Attr1",
    "Attribute2": "Attr2",
    "Attribute3": "Attr3",
    "Transaction": 56
  },
  {
    "Index": 5580,
    "ObjectId": "Obj5580",
    "Attribute1": "Attr1",
    "Attribute2": "Attr2",
    "Attribute3": "Attr3",
    "Transaction": 56
  },
  {
    "Index": 5581,
    "ObjectId": "Obj5581",
    "Attribute1": "Attr1",
    "Attribute2": "Attr2",
    "Attribute3": "Attr3",
    "Transaction": 56
  },
  {
    "Index": 5582,
    "ObjectId": "Obj5582",
    "Attribute1": "Attr1",
    "Attribute2": "Attr2",
    "Attribute3": "Attr3",
    "Transaction": 56
  },
  {
    "Index": 5583,
    "ObjectId": "Obj5583",
    "Attribute1": "Attr1",
    "Attribute2": "Attr2",
    "Attribute3": "Attr3",
    "Transaction": 56
  },
  {
    "Index": 5584,
    "ObjectId": "Obj5584",
    "Attribute1": "Attr1",
    "Attribute2": "Attr2",
    "Attribute3": "Attr3",
    "Transaction": 56
  },
  {
    "Index": 5585,
    "ObjectId": "Obj5585",
    "Attribute1": "Attr1",
    "Attribute2": "Attr2",
    "Attribute3": "Attr3",
    "Transaction": 56
  },
  {
    "Index": 5586,
    "ObjectId": "Obj5586",
    "Attribute1": "Attr1",
    "Attribute2": "Attr2",
    "Attribute3": "Attr3",
    "Transaction": 56
  },
  {
    "Index": 5587,
    "ObjectId": "Obj5587",
    "Attribute1": "Attr1",
    "Attribute2": "Attr2",
    "Attribute3": "Attr3",
    "Transaction": 56
  },
  {
    "Index": 5588,
    "ObjectId": "Obj5588",
    "Attribute1": "Attr1",
    "Attribute2": "Attr2",
    "Attribute3": "Attr3",
    "Transaction": 56
  },
  {
    "Index": 5589,
    "ObjectId": "Obj5589",
    "Attribute1": "Attr1",
    "Attribute2": "Attr2",
    "Attribute3": "Attr3",
    "Transaction": 56
  },
  {
    "Index": 5590,
    "ObjectId": "Obj5590",
    "Attribute1": "Attr1",
    "Attribute2": "Attr2",
    "Attribute3": "Attr3",
    "Transaction": 56
  },
  {
    "Index": 5591,
    "ObjectId": "Obj5591",
    "Attribute1": "Attr1",
    "Attribute2": "Attr2",
    "Attribute3": "Attr3",
    "Transaction": 56
  },
  {
    "Index": 5592,
    "ObjectId": "Obj5592",
    "Attribute1": "Attr1",
    "Attribute2": "Attr2",
    "Attribute3": "Attr3",
    "Transaction": 56
  },
  {
    "Index": 5593,
    "ObjectId": "Obj5593",
    "Attribute1": "Attr1",
    "Attribute2": "Attr2",
    "Attribute3": "Attr3",
    "Transaction": 56
  },
  {
    "Index": 5594,
    "ObjectId": "Obj5594",
    "Attribute1": "Attr1",
    "Attribute2": "Attr2",
    "Attribute3": "Attr3",
    "Transaction": 56
  },
  {
    "Index": 5595,
    "ObjectId": "Obj5595",
    "Attribute1": "Attr1",
    "Attribute2": "Attr2",
    "Attribute3": "Attr3",
    "Transaction": 56
  },
  {
    "Index": 5596,
    "ObjectId": "Obj5596",
    "Attribute1": "Attr1",
    "Attribute2": "Attr2",
    "Attribute3": "Attr3",
    "Transaction": 56
  },
  {
    "Index": 5597,
    "ObjectId": "Obj5597",
    "Attribute1": "Attr1",
    "Attribute2": "Attr2",
    "Attribute3": "Attr3",
    "Transaction": 56
  },
  {
    "Index": 5598,
    "ObjectId": "Obj5598",
    "Attribute1": "Attr1",
    "Attribute2": "Attr2",
    "Attribute3": "Attr3",
    "Transaction": 56
  },
  {
    "Index": 5599,
    "ObjectId": "Obj5599",
    "Attribute1": "Attr1",
    "Attribute2": "Attr2",
    "Attribute3": "Attr3",
    "Transaction": 56
  },
  {
    "Index": 5600,
    "ObjectId": "Obj5600",
    "Attribute1": "Attr1",
    "Attribute2": "Attr2",
    "Attribute3": "Attr3",
    "Transaction": 56
  }
]