[
  {
    "Index": 2301,
    "ObjectId": "Obj2301",
    "Attribute1": "Attr1",
    "Attribute2": "Attr2",
    "Attribute3": "Attr3",
    "Transaction": 24
  },
  {
    "Index": 2302,
    "ObjectId": "Obj2302",
    "Attribute1": "Attr1",
    "Attribute2": "Attr2",
    "Attribute3": "Attr3",
    "Transaction": 24
  },
  {
    "Index": 2303,
    "ObjectId": "Obj2303",
    "Attribute1": "Attr1",
    "Attribute2": "Attr2",
    "Attribute3": "Attr3",
    "Transaction": 24
  },
  {
    "Index": 2304,
    "ObjectId": "Obj2304",
    "Attribute1": "Attr1",
    "Attribute2": "Attr2",
    "Attribute3": "Attr3",
    "Transaction": 24
  },
  {
    "Index": 2305,
    "ObjectId": "Obj2305",
    "Attribute1": "Attr1",
    "Attribute2": "Attr2",
    "Attribute3": "Attr3",
    "Transaction": 24
  },
  {
    "Index": 2306,
    "ObjectId": "Obj2306",
    "Attribute1": "Attr1",
    "Attribute2": "Attr2",
    "Attribute3": "Attr3",
    "Transaction": 24
  },
  {
    "Index": 2307,
    "ObjectId": "Obj2307",
    "Attribute1": "Attr1",
    "Attribute2": "Attr2",
    "Attribute3": "Attr3",
    "Transaction": 24
  },
  {
    "Index": 2308,
    "ObjectId": "Obj2308",
    "Attribute1": "Attr1",
    "Attribute2": "Attr2",
    "Attribute3": "Attr3",
    "Transaction": 24
  },
  {
    "Index": 2309,
    "ObjectId": "Obj2309",
    "Attribute1": "Attr1",
    "Attribute2": "Attr2",
    "Attribute3": "Attr3",
    "Transaction": 24
  },
  {
    "Index": 2310,
    "ObjectId": "Obj2310",
    "Attribute1": "Attr1",
    "Attribute2": "Attr2",
    "Attribute3": "Attr3",
    "Transaction": 24
  },
  {
    "Index": 2311,
    "ObjectId": "Obj2311",
    "Attribute1": "Attr1",
    "Attribute2": "Attr2",
    "Attribute3": "Attr3",
    "Transaction": 24
  },
  {
    "Index": 2312,
    "ObjectId": "Obj2312",
    "Attribute1": "Attr1",
    "Attribute2": "Attr2",
    "Attribute3": "Attr3",
    "Transaction": 24
  },
  {
    "Index": 2313,
    "ObjectId": "Obj2313",
    "Attribute1": "Attr1",
    "Attribute2": "Attr2",
    "Attribute3": "Attr3",
    "Transaction": 24
  },
  {
    "Index": 2314,
    "ObjectId": "Obj2314",
    "Attribute1": "Attr1",
    "Attribute2": "Attr2",
    "Attribute3": "Attr3",
    "Transaction": 24
  },
  {
    "Index": 2315,
    "ObjectId": "Obj2315",
    "Attribute1": "Attr1",
    "Attribute2": "Attr2",
    "Attribute3": "Attr3",
    "Transaction": 24
  },
  {
    "Index": 2316,
    "ObjectId": "Obj2316",
    "Attribute1": "Attr1",
    "Attribute2": "Attr2",
    "Attribute3": "Attr3",
    "Transaction": 24
  },
  {
    "Index": 2317,
    "ObjectId": "Obj2317",
    "Attribute1": "Attr1",
    "Attribute2": "Attr2",
    "Attribute3": "Attr3",
    "Transaction": 24
  },
  {
    "Index": 2318,
    "ObjectId": "Obj2318",
    "Attribute1": "Attr1",
    "Attribute2": "Attr2",
    "Attribute3": "Attr3",
    "Transaction": 24
  },
  {
    "Index": 2319,
    "ObjectId": "Obj2319",
    "Attribute1": "Attr1",
    "Attribute2": "Attr2",
    "Attribute3": "Attr3",
    "Transaction": 24
  },
  {
    "Index": 2320,
    "ObjectId": "Obj2320",
    "Attribute1": "Attr1",
    "Attribute2": "Attr2",
    "Attribute3": "Attr3",
    "Transaction": 24
  },
  {
    "Index": 2321,
    "ObjectId": "Obj2321",
    "Attribute1": "Attr1",
    "Attribute2": "Attr2",
    "Attribute3": "Attr3",
    "Transaction": 24
  },
  {
    "Index": 2322,
    "ObjectId": "Obj2322",
    "Attribute1": "Attr1",
    "Attribute2": "Attr2",
    "Attribute3": "Attr3",
    "Transaction": 24
  },
  {
    "Index": 2323,
    "ObjectId": "Obj2323",
    "Attribute1": "Attr1",
    "Attribute2": "Attr2",
    "Attribute3": "Attr3",
    "Transaction": 24
  },
  {
    "Index": 2324,
    "ObjectId": "Obj2324",
    "Attribute1": "Attr1",
    "Attribute2": "Attr2",
    "Attribute3": "Attr3",
    "Transaction": 24
  },
  {
    "Index": 2325,
    "ObjectId": "Obj2325",
    "Attribute1": "Attr1",
    "Attribute2": "Attr2",
    "Attribute3": "Attr3",
    "Transaction": 24
  },
  {
    "Index": 2326,
    "ObjectId": "Obj2326",
    "Attribute1": "Attr1",
    "Attribute2": "Attr2",
    "Attribute3": "Attr3",
    "Transaction": 24
  },
  {
    "Index": 2327,
    "ObjectId": "Obj2327",
    "Attribute1": "Attr1",
    "Attribute2": "Attr2",
    "Attribute3": "Attr3",
    "Transaction": 24
  },
  {
    "Index": 2328,
    "ObjectId": "Obj2328",
    "Attribute1": "Attr1",
    "Attribute2": "Attr2",
    "Attribute3": "Attr3",
    "Transaction": 24
  },
  {
    "Index": 2329,
    "ObjectId": "Obj2329",
    "Attribute1": "Attr1",
    "Attribute2": "Attr2",
    "Attribute3": "Attr3",
    "Transaction": 24
  },
  {
    "Index": 2330,
    "ObjectId": "Obj2330",
    "Attribute1": "Attr1",
    "Attribute2": "Attr2",
    "Attribute3": "Attr3",
    "Transaction": 24
  },
  {
    "Index": 2331,
    "ObjectId": "Obj2331",
    "Attribute1": "Attr1",
    "Attribute2": "Attr2",
    "Attribute3": "Attr3",
    "Transaction": 24
  },
  {
    "Index": 2332,
    "ObjectId": "Obj2332",
    "Attribute1": "Attr1",
    "Attribute2": "Attr2",
    "Attribute3": "Attr3",
    "Transaction": 24
  },
  {
    "Index": 2333,
    "ObjectId": "Obj2333",
    "Attribute1": "Attr1",
    "Attribute2": "Attr2",
    "Attribute3": "Attr3",
    "Transaction": 24
  },
  {
    "Index": 2334,
    "ObjectId": "Obj2334",
    "Attribute1": "Attr1",
    "Attribute2": "Attr2",
    "Attribute3": "Attr3",
    "Transaction": 24
  },
  {
    "Index": 2335,
    "ObjectId": "Obj2335",
    "Attribute1": "Attr1",
    "Attribute2": "Attr2",
    "Attribute3": "Attr3",
    "Transaction": 24
  },
  {
    "Index": 2336,
    "ObjectId": "Obj2336",
    "Attribute1": "Attr1",
    "Attribute2": "Attr2",
    "Attribute3": "Attr3",
    "Transaction": 24
  },
  {
    "Index": 2337,
    "ObjectId": "Obj2337",
    "Attribute1": "Attr1",
    "Attribute2": "Attr2",
    "Attribute3": "Attr3",
    "Transaction": 24
  },
  {
    "Index": 2338,
    "ObjectId": "Obj2338",
    "Attribute1": "Attr1",
    "Attribute2": "Attr2",
    "Attribute3": "Attr3",
    "Transaction": 24
  },
  {
    "Index": 2339,
    "ObjectId": "Obj2339",
    "Attribute1": "Attr1",
    "Attribute2": "Attr2",
    "Attribute3": "Attr3",
    "Transaction": 24
  },
  {
    "Index": 2340,
    "ObjectId": "Obj2340",
    "Attribute1": "Attr1",
    "Attribute2": "Attr2",
    "Attribute3": "Attr3",
    "Transaction": 24
  },
  {
    "Index": 2341,
    "ObjectId": "Obj2341",
    "Attribute1": "Attr1",
    "Attribute2": "Attr2",
    "Attribute3": "Attr3",
    "Transaction": 24
  },
  {
    "Index": 2342,
    "ObjectId": "Obj2342",
    "Attribute1": "Attr1",
    "Attribute2": "Attr2",
    "Attribute3": "Attr3",
    "Transaction": 24
  },
  {
    "Index": 2343,
    "ObjectId": "Obj2343",
    "Attribute1": "Attr1",
    "Attribute2": "Attr2",
    "Attribute3": "Attr3",
    "Transaction": 24
  },
  {
    "Index": 2344,
    "ObjectId": "Obj2344",
    "Attribute1": "Attr1",
    "Attribute2": "Attr2",
    "Attribute3": "Attr3",
    "Transaction": 24
  },
  {
    "Index": 2345,
    "ObjectId": "Obj2345",
    "Attribute1": "Attr1",
    "Attribute2": "Attr2",
    "Attribute3": "Attr3",
    "Transaction": 24
  },
  {
    "Index": 2346,
    "ObjectId": "Obj2346",
    "Attribute1": "Attr1",
    "Attribute2": "Attr2",
    "Attribute3": "Attr3",
    "Transaction": 24
  },
  {
    "Index": 2347,
    "ObjectId": "Obj2347",
    "Attribute1": "Attr1",
    "Attribute2": "Attr2",
    "Attribute3": "Attr3",
    "Transaction": 24
  },
  {
    "Index": 2348,
    "ObjectId": "Obj2348",
    "Attribute1": "Attr1",
    "Attribute2": "Attr2",
    "Attribute3": "Attr3",
    "Transaction": 24
  },
  {
    "Index": 2349,
    "ObjectId": "Obj2349",
    "Attribute1": "Attr1",
    "Attribute2": "Attr2",
    "Attribute3": "Attr3",
    "Transaction": 24
  },
  {
    "Index": 2350,
    "ObjectId": "Obj2350",
    "Attribute1": "Attr1",
    "Attribute2": "Attr2",
    "Attribute3": "Attr3",
    "Transaction": 24
  },
  {
    "Index": 2351,
    "ObjectId": "Obj2351",
    "Attribute1": "Attr1",
    "Attribute2": "Attr2",
    "Attribute3": "Attr3",
    "Transaction": 24
  },
  {
    "Index": 2352,
    "ObjectId": "Obj2352",
    "Attribute1": "Attr1",
    "Attribute2": "Attr2",
    "Attribute3": "Attr3",
    "Transaction": 24
  },
  {
    "Index": 2353,
    "ObjectId": "Obj2353",
    "Attribute1": "Attr1",
    "Attribute2": "Attr2",
    "Attribute3": "Attr3",
    "Transaction": 24
  },
  {
    "Index": 2354,
    "ObjectId": "Obj2354",
    "Attribute1": "Attr1",
    "Attribute2": "Attr2",
    "Attribute3": "Attr3",
    "Transaction": 24
  },
  {
    "Index": 2355,
    "ObjectId": "Obj2355",
    "Attribute1": "Attr1",
    "Attribute2": "Attr2",
    "Attribute3": "Attr3",
    "Transaction": 24
  },
  {
    "Index": 2356,
    "ObjectId": "Obj2356",
    "Attribute1": "Attr1",
    "Attribute2": "Attr2",
    "Attribute3": "Attr3",
    "Transaction": 24
  },
  {
    "Index": 2357,
    "ObjectId": "Obj2357",
    "Attribute1": "Attr1",
    "Attribute2": "Attr2",
    "Attribute3": "Attr3",
    "Transaction": 24
  },
  {
    "Index": 2358,
    "ObjectId": "Obj2358",
    "Attribute1": "Attr1",
    "Attribute2": "Attr2",
    "Attribute3": "Attr3",
    "Transaction": 24
  },
  {
    "Index": 2359,
    "ObjectId": "Obj2359",
    "Attribute1": "Attr1",
    "Attribute2": "Attr2",
    "Attribute3": "Attr3",
    "Transaction": 24
  },
  {
    "Index": 2360,
    "ObjectId": "Obj2360",
    "Attribute1": "Attr1",
    "Attribute2": "Attr2",
    "Attribute3": "Attr3",
    "Transaction": 24
  },
  {
    "Index": 2361,
    "ObjectId": "Obj2361",
    "Attribute1": "Attr1",
    "Attribute2": "Attr2",
    "Attribute3": "Attr3",
    "Transaction": 24
  },
  {
    "Index": 2362,
    "ObjectId": "Obj2362",
    "Attribute1": "Attr1",
    "Attribute2": "Attr2",
    "Attribute3": "Attr3",
    "Transaction": 24
  },
  {
    "Index": 2363,
    "ObjectId": "Obj2363",
    "Attribute1": "Attr1",
    "Attribute2": "Attr2",
    "Attribute3": "Attr3",
    "Transaction": 24
  },
  {
    "Index": 2364,
    "ObjectId": "Obj2364",
    "Attribute1": "Attr1",
    "Attribute2": "Attr2",
    "Attribute3": "Attr3",
    "Transaction": 24
  },
  {
    "Index": 2365,
    "ObjectId": "Obj2365",
    "Attribute1": "Attr1",
    "Attribute2": "Attr2",
    "Attribute3": "Attr3",
    "Transaction": 24
  },
  {
    "Index": 2366,
    "ObjectId": "Obj2366",
    "Attribute1": "Attr1",
    "Attribute2": "Attr2",
    "Attribute3": "Attr3",
    "Transaction": 24
  },
  {
    "Index": 2367,
    "ObjectId": "Obj2367",
    "Attribute1": "Attr1",
    "Attribute2": "Attr2",
    "Attribute3": "Attr3",
    "Transaction": 24
  },
  {
    "Index": 2368,
    "ObjectId": "Obj2368",
    "Attribute1": "Attr1",
    "Attribute2": "Attr2",
    "Attribute3": "Attr3",
    "Transaction": 24
  },
  {
    "Index": 2369,
    "ObjectId": "Obj2369",
    "Attribute1": "Attr1",
    "Attribute2": "Attr2",
    "Attribute3": "Attr3",
    "Transaction": 24
  },
  {
    "Index": 2370,
    "ObjectId": "Obj2370",
    "Attribute1": "Attr1",
    "Attribute2": "Attr2",
    "Attribute3": "Attr3",
    "Transaction": 24
  },
  {
    "Index": 2371,
    "ObjectId": "Obj2371",
    "Attribute1": "Attr1",
    "Attribute2": "Attr2",
    "Attribute3": "Attr3",
    "Transaction": 24
  },
  {
    "Index": 2372,
    "ObjectId": "Obj2372",
    "Attribute1": "Attr1",
    "Attribute2": "Attr2",
    "Attribute3": "Attr3",
    "Transaction": 24
  },
  {
    "Index": 2373,
    "ObjectId": "Obj2373",
    "Attribute1": "Attr1",
    "Attribute2": "Attr2",
    "Attribute3": "Attr3",
    "Transaction": 24
  },
  {
    "Index": 2374,
    "ObjectId": "Obj2374",
    "Attribute1": "Attr1",
    "Attribute2": "Attr2",
    "Attribute3": "Attr3",
    "Transaction": 24
  },
  {
    "Index": 2375,
    "ObjectId": "Obj2375",
    "Attribute1": "Attr1",
    "Attribute2": "Attr2",
    "Attribute3": "Attr3",
    "Transaction": 24
  },
  {
    "Index": 2376,
    "ObjectId": "Obj2376",
    "Attribute1": "Attr1",
    "Attribute2": "Attr2",
    "Attribute3": "Attr3",
    "Transaction": 24
  },
  {
    "Index": 2377,
    "ObjectId": "Obj2377",
    "Attribute1": "Attr1",
    "Attribute2": "Attr2",
    "Attribute3": "Attr3",
    "Transaction": 24
  },
  {
    "Index": 2378,
    "ObjectId": "Obj2378",
    "Attribute1": "Attr1",
    "Attribute2": "Attr2",
    "Attribute3": "Attr3",
    "Transaction": 24
  },
  {
    "Index": 2379,
    "ObjectId": "Obj2379",
    "Attribute1": "Attr1",
    "Attribute2": "Attr2",
    "Attribute3": "Attr3",
    "Transaction": 24
  },
  {
    "Index": 2380,
    "ObjectId": "Obj2380",
    "Attribute1": "Attr1",
    "Attribute2": "Attr2",
    "Attribute3": "Attr3",
    "Transaction": 24
  },
  {
    "Index": 2381,
    "ObjectId": "Obj2381",
    "Attribute1": "Attr1",
    "Attribute2": "Attr2",
    "Attribute3": "Attr3",
    "Transaction": 24
  },
  {
    "Index": 2382,
    "ObjectId": "Obj2382",
    "Attribute1": "Attr1",
    "Attribute2": "Attr2",
    "Attribute3": "Attr3",
    "Transaction": 24
  },
  {
    "Index": 2383,
    "ObjectId": "Obj2383",
    "Attribute1": "Attr1",
    "Attribute2": "Attr2",
    "Attribute3": "Attr3",
    "Transaction": 24
  },
  {
    "Index": 2384,
    "ObjectId": "Obj2384",
    "Attribute1": "Attr1",
    "Attribute2": "Attr2",
    "Attribute3": "Attr3",
    "Transaction": 24
  },
  {
    "Index": 2385,
    "ObjectId": "Obj2385",
    "Attribute1": "Attr1",
    "Attribute2": "Attr2",
    "Attribute3": "Attr3",
    "Transaction": 24
  },
  {
    "Index": 2386,
    "ObjectId": "Obj2386",
    "Attribute1": "Attr1",
    "Attribute2": "Attr2",
    "Attribute3": "Attr3",
    "Transaction": 24
  },
  {
    "Index": 2387,
    "ObjectId": "Obj2387",
    "Attribute1": "Attr1",
    "Attribute2": "Attr2",
    "Attribute3": "Attr3",
    "Transaction": 24
  },
  {
    "Index": 2388,
    "ObjectId": "Obj2388",
    "Attribute1": "Attr1",
    "Attribute2": "Attr2",
    "Attribute3": "Attr3",
    "Transaction": 24
  },
  {
    "Index": 2389,
    "ObjectId": "Obj2389",
    "Attribute1": "Attr1",
    "Attribute2": "Attr2",
    "Attribute3": "Attr3",
    "Transaction": 24
  },
  {
    "Index": 2390,
    "ObjectId": "Obj2390",
    "Attribute1": "Attr1",
    "Attribute2": "Attr2",
    "Attribute3": "Attr3",
    "Transaction": 24
  },
  {
    "Index": 2391,
    "ObjectId": "Obj2391",
    "Attribute1": "Attr1",
    "Attribute2": "Attr2",
    "Attribute3": "Attr3",
    "Transaction": 24
  },
  {
    "Index": 2392,
    "ObjectId": "Obj2392",
    "Attribute1": "Attr1",
    "Attribute2": "Attr2",
    "Attribute3": "Attr3",
    "Transaction": 24
  },
  {
    "Index": 2393,
    "ObjectId": "Obj2393",
    "Attribute1": "Attr1",
    "Attribute2": "Attr2",
    "Attribute3": "Attr3",
    "Transaction": 24
  },
  {
    "Index": 2394,
    "ObjectId": "Obj2394",
    "Attribute1": "Attr1",
    "Attribute2": "Attr2",
    "Attribute3": "Attr3",
    "Transaction": 24
  },
  {
    "Index": 2395,
    "ObjectId": "Obj2395",
    "Attribute1": "Attr1",
    "Attribute2": "Attr2",
    "Attribute3": "Attr3",
    "Transaction": 24
  },
  {
    "Index": 2396,
    "ObjectId": "Obj2396",
    "Attribute1": "Attr1",
    "Attribute2": "Attr2",
    "Attribute3": "Attr3",
    "Transaction": 24
  },
  {
    "Index": 2397,
    "ObjectId": "Obj2397",
    "Attribute1": "Attr1",
    "Attribute2": "Attr2",
    "Attribute3": "Attr3",
    "Transaction": 24
  },
  {
    "Index": 2398,
    "ObjectId": "Obj2398",
    "Attribute1": "Attr1",
    "Attribute2": "Attr2",
    "Attribute3": "Attr3",
    "Transaction": 24
  },
  {
    "Index": 2399,
    "ObjectId": "Obj2399",
    "Attribute1": "Attr1",
    "Attribute2": "Attr2",
    "Attribute3": "Attr3",
    "Transaction": 24
  },
  {
    "Index": 2400,
    "ObjectId": "Obj2400",
    "Attribute1": "Attr1",
    "Attribute2": "Attr2",
    "Attribute3": "Attr3",
    "Transaction": 24
  }
]