[
  {
    "Index": 1101,
    "ObjectId": "Obj1101",
    "Attribute1": "Attr1",
    "Attribute2": "Attr2",
    "Attribute3": "Attr3",
    "Transaction": 12
  },
  {
    "Index": 1102,
    "ObjectId": "Obj1102",
    "Attribute1": "Attr1",
    "Attribute2": "Attr2",
    "Attribute3": "Attr3",
    "Transaction": 12
  },
  {
    "Index": 1103,
    "ObjectId": "Obj1103",
    "Attribute1": "Attr1",
    "Attribute2": "Attr2",
    "Attribute3": "Attr3",
    "Transaction": 12
  },
  {
    "Index": 1104,
    "ObjectId": "Obj1104",
    "Attribute1": "Attr1",
    "Attribute2": "Attr2",
    "Attribute3": "Attr3",
    "Transaction": 12
  },
  {
    "Index": 1105,
    "ObjectId": "Obj1105",
    "Attribute1": "Attr1",
    "Attribute2": "Attr2",
    "Attribute3": "Attr3",
    "Transaction": 12
  },
  {
    "Index": 1106,
    "ObjectId": "Obj1106",
    "Attribute1": "Attr1",
    "Attribute2": "Attr2",
    "Attribute3": "Attr3",
    "Transaction": 12
  },
  {
    "Index": 1107,
    "ObjectId": "Obj1107",
    "Attribute1": "Attr1",
    "Attribute2": "Attr2",
    "Attribute3": "Attr3",
    "Transaction": 12
  },
  {
    "Index": 1108,
    "ObjectId": "Obj1108",
    "Attribute1": "Attr1",
    "Attribute2": "Attr2",
    "Attribute3": "Attr3",
    "Transaction": 12
  },
  {
    "Index": 1109,
    "ObjectId": "Obj1109",
    "Attribute1": "Attr1",
    "Attribute2": "Attr2",
    "Attribute3": "Attr3",
    "Transaction": 12
  },
  {
    "Index": 1110,
    "ObjectId": "Obj1110",
    "Attribute1": "Attr1",
    "Attribute2": "Attr2",
    "Attribute3": "Attr3",
    "Transaction": 12
  },
  {
    "Index": 1111,
    "ObjectId": "Obj1111",
    "Attribute1": "Attr1",
    "Attribute2": "Attr2",
    "Attribute3": "Attr3",
    "Transaction": 12
  },
  {
    "Index": 1112,
    "ObjectId": "Obj1112",
    "Attribute1": "Attr1",
    "Attribute2": "Attr2",
    "Attribute3": "Attr3",
    "Transaction": 12
  },
  {
    "Index": 1113,
    "ObjectId": "Obj1113",
    "Attribute1": "Attr1",
    "Attribute2": "Attr2",
    "Attribute3": "Attr3",
    "Transaction": 12
  },
  {
    "Index": 1114,
    "ObjectId": "Obj1114",
    "Attribute1": "Attr1",
    "Attribute2": "Attr2",
    "Attribute3": "Attr3",
    "Transaction": 12
  },
  {
    "Index": 1115,
    "ObjectId": "Obj1115",
    "Attribute1": "Attr1",
    "Attribute2": "Attr2",
    "Attribute3": "Attr3",
    "Transaction": 12
  },
  {
    "Index": 1116,
    "ObjectId": "Obj1116",
    "Attribute1": "Attr1",
    "Attribute2": "Attr2",
    "Attribute3": "Attr3",
    "Transaction": 12
  },
  {
    "Index": 1117,
    "ObjectId": "Obj1117",
    "Attribute1": "Attr1",
    "Attribute2": "Attr2",
    "Attribute3": "Attr3",
    "Transaction": 12
  },
  {
    "Index": 1118,
    "ObjectId": "Obj1118",
    "Attribute1": "Attr1",
    "Attribute2": "Attr2",
    "Attribute3": "Attr3",
    "Transaction": 12
  },
  {
    "Index": 1119,
    "ObjectId": "Obj1119",
    "Attribute1": "Attr1",
    "Attribute2": "Attr2",
    "Attribute3": "Attr3",
    "Transaction": 12
  },
  {
    "Index": 1120,
    "ObjectId": "Obj1120",
    "Attribute1": "Attr1",
    "Attribute2": "Attr2",
    "Attribute3": "Attr3",
    "Transaction": 12
  },
  {
    "Index": 1121,
    "ObjectId": "Obj1121",
    "Attribute1": "Attr1",
    "Attribute2": "Attr2",
    "Attribute3": "Attr3",
    "Transaction": 12
  },
  {
    "Index": 1122,
    "ObjectId": "Obj1122",
    "Attribute1": "Attr1",
    "Attribute2": "Attr2",
    "Attribute3": "Attr3",
    "Transaction": 12
  },
  {
    "Index": 1123,
    "ObjectId": "Obj1123",
    "Attribute1": "Attr1",
    "Attribute2": "Attr2",
    "Attribute3": "Attr3",
    "Transaction": 12
  },
  {
    "Index": 1124,
    "ObjectId": "Obj1124",
    "Attribute1": "Attr1",
    "Attribute2": "Attr2",
    "Attribute3": "Attr3",
    "Transaction": 12
  },
  {
    "Index": 1125,
    "ObjectId": "Obj1125",
    "Attribute1": "Attr1",
    "Attribute2": "Attr2",
    "Attribute3": "Attr3",
    "Transaction": 12
  },
  {
    "Index": 1126,
    "ObjectId": "Obj1126",
    "Attribute1": "Attr1",
    "Attribute2": "Attr2",
    "Attribute3": "Attr3",
    "Transaction": 12
  },
  {
    "Index": 1127,
    "ObjectId": "Obj1127",
    "Attribute1": "Attr1",
    "Attribute2": "Attr2",
    "Attribute3": "Attr3",
    "Transaction": 12
  },
  {
    "Index": 1128,
    "ObjectId": "Obj1128",
    "Attribute1": "Attr1",
    "Attribute2": "Attr2",
    "Attribute3": "Attr3",
    "Transaction": 12
  },
  {
    "Index": 1129,
    "ObjectId": "Obj1129",
    "Attribute1": "Attr1",
    "Attribute2": "Attr2",
    "Attribute3": "Attr3",
    "Transaction": 12
  },
  {
    "Index": 1130,
    "ObjectId": "Obj1130",
    "Attribute1": "Attr1",
    "Attribute2": "Attr2",
    "Attribute3": "Attr3",
    "Transaction": 12
  },
  {
    "Index": 1131,
    "ObjectId": "Obj1131",
    "Attribute1": "Attr1",
    "Attribute2": "Attr2",
    "Attribute3": "Attr3",
    "Transaction": 12
  },
  {
    "Index": 1132,
    "ObjectId": "Obj1132",
    "Attribute1": "Attr1",
    "Attribute2": "Attr2",
    "Attribute3": "Attr3",
    "Transaction": 12
  },
  {
    "Index": 1133,
    "ObjectId": "Obj1133",
    "Attribute1": "Attr1",
    "Attribute2": "Attr2",
    "Attribute3": "Attr3",
    "Transaction": 12
  },
  {
    "Index": 1134,
    "ObjectId": "Obj1134",
    "Attribute1": "Attr1",
    "Attribute2": "Attr2",
    "Attribute3": "Attr3",
    "Transaction": 12
  },
  {
    "Index": 1135,
    "ObjectId": "Obj1135",
    "Attribute1": "Attr1",
    "Attribute2": "Attr2",
    "Attribute3": "Attr3",
    "Transaction": 12
  },
  {
    "Index": 1136,
    "ObjectId": "Obj1136",
    "Attribute1": "Attr1",
    "Attribute2": "Attr2",
    "Attribute3": "Attr3",
    "Transaction": 12
  },
  {
    "Index": 1137,
    "ObjectId": "Obj1137",
    "Attribute1": "Attr1",
    "Attribute2": "Attr2",
    "Attribute3": "Attr3",
    "Transaction": 12
  },
  {
    "Index": 1138,
    "ObjectId": "Obj1138",
    "Attribute1": "Attr1",
    "Attribute2": "Attr2",
    "Attribute3": "Attr3",
    "Transaction": 12
  },
  {
    "Index": 1139,
    "ObjectId": "Obj1139",
    "Attribute1": "Attr1",
    "Attribute2": "Attr2",
    "Attribute3": "Attr3",
    "Transaction": 12
  },
  {
    "Index": 1140,
    "ObjectId": "Obj1140",
    "Attribute1": "Attr1",
    "Attribute2": "Attr2",
    "Attribute3": "Attr3",
    "Transaction": 12
  },
  {
    "Index": 1141,
    "ObjectId": "Obj1141",
    "Attribute1": "Attr1",
    "Attribute2": "Attr2",
    "Attribute3": "Attr3",
    "Transaction": 12
  },
  {
    "Index": 1142,
    "ObjectId": "Obj1142",
    "Attribute1": "Attr1",
    "Attribute2": "Attr2",
    "Attribute3": "Attr3",
    "Transaction": 12
  },
  {
    "Index": 1143,
    "ObjectId": "Obj1143",
    "Attribute1": "Attr1",
    "Attribute2": "Attr2",
    "Attribute3": "Attr3",
    "Transaction": 12
  },
  {
    "Index": 1144,
    "ObjectId": "Obj1144",
    "Attribute1": "Attr1",
    "Attribute2": "Attr2",
    "Attribute3": "Attr3",
    "Transaction": 12
  },
  {
    "Index": 1145,
    "ObjectId": "Obj1145",
    "Attribute1": "Attr1",
    "Attribute2": "Attr2",
    "Attribute3": "Attr3",
    "Transaction": 12
  },
  {
    "Index": 1146,
    "ObjectId": "Obj1146",
    "Attribute1": "Attr1",
    "Attribute2": "Attr2",
    "Attribute3": "Attr3",
    "Transaction": 12
  },
  {
    "Index": 1147,
    "ObjectId": "Obj1147",
    "Attribute1": "Attr1",
    "Attribute2": "Attr2",
    "Attribute3": "Attr3",
    "Transaction": 12
  },
  {
    "Index": 1148,
    "ObjectId": "Obj1148",
    "Attribute1": "Attr1",
    "Attribute2": "Attr2",
    "Attribute3": "Attr3",
    "Transaction": 12
  },
  {
    "Index": 1149,
    "ObjectId": "Obj1149",
    "Attribute1": "Attr1",
    "Attribute2": "Attr2",
    "Attribute3": "Attr3",
    "Transaction": 12
  },
  {
    "Index": 1150,
    "ObjectId": "Obj1150",
    "Attribute1": "Attr1",
    "Attribute2": "Attr2",
    "Attribute3": "Attr3",
    "Transaction": 12
  },
  {
    "Index": 1151,
    "ObjectId": "Obj1151",
    "Attribute1": "Attr1",
    "Attribute2": "Attr2",
    "Attribute3": "Attr3",
    "Transaction": 12
  },
  {
    "Index": 1152,
    "ObjectId": "Obj1152",
    "Attribute1": "Attr1",
    "Attribute2": "Attr2",
    "Attribute3": "Attr3",
    "Transaction": 12
  },
  {
    "Index": 1153,
    "ObjectId": "Obj1153",
    "Attribute1": "Attr1",
    "Attribute2": "Attr2",
    "Attribute3": "Attr3",
    "Transaction": 12
  },
  {
    "Index": 1154,
    "ObjectId": "Obj1154",
    "Attribute1": "Attr1",
    "Attribute2": "Attr2",
    "Attribute3": "Attr3",
    "Transaction": 12
  },
  {
    "Index": 1155,
    "ObjectId": "Obj1155",
    "Attribute1": "Attr1",
    "Attribute2": "Attr2",
    "Attribute3": "Attr3",
    "Transaction": 12
  },
  {
    "Index": 1156,
    "ObjectId": "Obj1156",
    "Attribute1": "Attr1",
    "Attribute2": "Attr2",
    "Attribute3": "Attr3",
    "Transaction": 12
  },
  {
    "Index": 1157,
    "ObjectId": "Obj1157",
    "Attribute1": "Attr1",
    "Attribute2": "Attr2",
    "Attribute3": "Attr3",
    "Transaction": 12
  },
  {
    "Index": 1158,
    "ObjectId": "Obj1158",
    "Attribute1": "Attr1",
    "Attribute2": "Attr2",
    "Attribute3": "Attr3",
    "Transaction": 12
  },
  {
    "Index": 1159,
    "ObjectId": "Obj1159",
    "Attribute1": "Attr1",
    "Attribute2": "Attr2",
    "Attribute3": "Attr3",
    "Transaction": 12
  },
  {
    "Index": 1160,
    "ObjectId": "Obj1160",
    "Attribute1": "Attr1",
    "Attribute2": "Attr2",
    "Attribute3": "Attr3",
    "Transaction": 12
  },
  {
    "Index": 1161,
    "ObjectId": "Obj1161",
    "Attribute1": "Attr1",
    "Attribute2": "Attr2",
    "Attribute3": "Attr3",
    "Transaction": 12
  },
  {
    "Index": 1162,
    "ObjectId": "Obj1162",
    "Attribute1": "Attr1",
    "Attribute2": "Attr2",
    "Attribute3": "Attr3",
    "Transaction": 12
  },
  {
    "Index": 1163,
    "ObjectId": "Obj1163",
    "Attribute1": "Attr1",
    "Attribute2": "Attr2",
    "Attribute3": "Attr3",
    "Transaction": 12
  },
  {
    "Index": 1164,
    "ObjectId": "Obj1164",
    "Attribute1": "Attr1",
    "Attribute2": "Attr2",
    "Attribute3": "Attr3",
    "Transaction": 12
  },
  {
    "Index": 1165,
    "ObjectId": "Obj1165",
    "Attribute1": "Attr1",
    "Attribute2": "Attr2",
    "Attribute3": "Attr3",
    "Transaction": 12
  },
  {
    "Index": 1166,
    "ObjectId": "Obj1166",
    "Attribute1": "Attr1",
    "Attribute2": "Attr2",
    "Attribute3": "Attr3",
    "Transaction": 12
  },
  {
    "Index": 1167,
    "ObjectId": "Obj1167",
    "Attribute1": "Attr1",
    "Attribute2": "Attr2",
    "Attribute3": "Attr3",
    "Transaction": 12
  },
  {
    "Index": 1168,
    "ObjectId": "Obj1168",
    "Attribute1": "Attr1",
    "Attribute2": "Attr2",
    "Attribute3": "Attr3",
    "Transaction": 12
  },
  {
    "Index": 1169,
    "ObjectId": "Obj1169",
    "Attribute1": "Attr1",
    "Attribute2": "Attr2",
    "Attribute3": "Attr3",
    "Transaction": 12
  },
  {
    "Index": 1170,
    "ObjectId": "Obj1170",
    "Attribute1": "Attr1",
    "Attribute2": "Attr2",
    "Attribute3": "Attr3",
    "Transaction": 12
  },
  {
    "Index": 1171,
    "ObjectId": "Obj1171",
    "Attribute1": "Attr1",
    "Attribute2": "Attr2",
    "Attribute3": "Attr3",
    "Transaction": 12
  },
  {
    "Index": 1172,
    "ObjectId": "Obj1172",
    "Attribute1": "Attr1",
    "Attribute2": "Attr2",
    "Attribute3": "Attr3",
    "Transaction": 12
  },
  {
    "Index": 1173,
    "ObjectId": "Obj1173",
    "Attribute1": "Attr1",
    "Attribute2": "Attr2",
    "Attribute3": "Attr3",
    "Transaction": 12
  },
  {
    "Index": 1174,
    "ObjectId": "Obj1174",
    "Attribute1": "Attr1",
    "Attribute2": "Attr2",
    "Attribute3": "Attr3",
    "Transaction": 12
  },
  {
    "Index": 1175,
    "ObjectId": "Obj1175",
    "Attribute1": "Attr1",
    "Attribute2": "Attr2",
    "Attribute3": "Attr3",
    "Transaction": 12
  },
  {
    "Index": 1176,
    "ObjectId": "Obj1176",
    "Attribute1": "Attr1",
    "Attribute2": "Attr2",
    "Attribute3": "Attr3",
    "Transaction": 12
  },
  {
    "Index": 1177,
    "ObjectId": "Obj1177",
    "Attribute1": "Attr1",
    "Attribute2": "Attr2",
    "Attribute3": "Attr3",
    "Transaction": 12
  },
  {
    "Index": 1178,
    "ObjectId": "Obj1178",
    "Attribute1": "Attr1",
    "Attribute2": "Attr2",
    "Attribute3": "Attr3",
    "Transaction": 12
  },
  {
    "Index": 1179,
    "ObjectId": "Obj1179",
    "Attribute1": "Attr1",
    "Attribute2": "Attr2",
    "Attribute3": "Attr3",
    "Transaction": 12
  },
  {
    "Index": 1180,
    "ObjectId": "Obj1180",
    "Attribute1": "Attr1",
    "Attribute2": "Attr2",
    "Attribute3": "Attr3",
    "Transaction": 12
  },
  {
    "Index": 1181,
    "ObjectId": "Obj1181",
    "Attribute1": "Attr1",
    "Attribute2": "Attr2",
    "Attribute3": "Attr3",
    "Transaction": 12
  },
  {
    "Index": 1182,
    "ObjectId": "Obj1182",
    "Attribute1": "Attr1",
    "Attribute2": "Attr2",
    "Attribute3": "Attr3",
    "Transaction": 12
  },
  {
    "Index": 1183,
    "ObjectId": "Obj1183",
    "Attribute1": "Attr1",
    "Attribute2": "Attr2",
    "Attribute3": "Attr3",
    "Transaction": 12
  },
  {
    "Index": 1184,
    "ObjectId": "Obj1184",
    "Attribute1": "Attr1",
    "Attribute2": "Attr2",
    "Attribute3": "Attr3",
    "Transaction": 12
  },
  {
    "Index": 1185,
    "ObjectId": "Obj1185",
    "Attribute1": "Attr1",
    "Attribute2": "Attr2",
    "Attribute3": "Attr3",
    "Transaction": 12
  },
  {
    "Index": 1186,
    "ObjectId": "Obj1186",
    "Attribute1": "Attr1",
    "Attribute2": "Attr2",
    "Attribute3": "Attr3",
    "Transaction": 12
  },
  {
    "Index": 1187,
    "ObjectId": "Obj1187",
    "Attribute1": "Attr1",
    "Attribute2": "Attr2",
    "Attribute3": "Attr3",
    "Transaction": 12
  },
  {
    "Index": 1188,
    "ObjectId": "Obj1188",
    "Attribute1": "Attr1",
    "Attribute2": "Attr2",
    "Attribute3": "Attr3",
    "Transaction": 12
  },
  {
    "Index": 1189,
    "ObjectId": "Obj1189",
    "Attribute1": "Attr1",
    "Attribute2": "Attr2",
    "Attribute3": "Attr3",
    "Transaction": 12
  },
  {
    "Index": 1190,
    "ObjectId": "Obj1190",
    "Attribute1": "Attr1",
    "Attribute2": "Attr2",
    "Attribute3": "Attr3",
    "Transaction": 12
  },
  {
    "Index": 1191,
    "ObjectId": "Obj1191",
    "Attribute1": "Attr1",
    "Attribute2": "Attr2",
    "Attribute3": "Attr3",
    "Transaction": 12
  },
  {
    "Index": 1192,
    "ObjectId": "Obj1192",
    "Attribute1": "Attr1",
    "Attribute2": "Attr2",
    "Attribute3": "Attr3",
    "Transaction": 12
  },
  {
    "Index": 1193,
    "ObjectId": "Obj1193",
    "Attribute1": "Attr1",
    "Attribute2": "Attr2",
    "Attribute3": "Attr3",
    "Transaction": 12
  },
  {
    "Index": 1194,
    "ObjectId": "Obj1194",
    "Attribute1": "Attr1",
    "Attribute2": "Attr2",
    "Attribute3": "Attr3",
    "Transaction": 12
  },
  {
    "Index": 1195,
    "ObjectId": "Obj1195",
    "Attribute1": "Attr1",
    "Attribute2": "Attr2",
    "Attribute3": "Attr3",
    "Transaction": 12
  },
  {
    "Index": 1196,
    "ObjectId": "Obj1196",
    "Attribute1": "Attr1",
    "Attribute2": "Attr2",
    "Attribute3": "Attr3",
    "Transaction": 12
  },
  {
    "Index": 1197,
    "ObjectId": "Obj1197",
    "Attribute1": "Attr1",
    "Attribute2": "Attr2",
    "Attribute3": "Attr3",
    "Transaction": 12
  },
  {
    "Index": 1198,
    "ObjectId": "Obj1198",
    "Attribute1": "Attr1",
    "Attribute2": "Attr2",
    "Attribute3": "Attr3",
    "Transaction": 12
  },
  {
    "Index": 1199,
    "ObjectId": "Obj1199",
    "Attribute1": "Attr1",
    "Attribute2": "Attr2",
    "Attribute3": "Attr3",
    "Transaction": 12
  },
  {
    "Index": 1200,
    "ObjectId": "Obj1200",
    "Attribute1": "Attr1",
    "Attribute2": "Attr2",
    "Attribute3": "Attr3",
    "Transaction": 12
  }
]