[
  {
    "Index": 6201,
    "ObjectId": "Obj6201",
    "Attribute1": "Attr1",
    "Attribute2": "Attr2",
    "Attribute3": "Attr3",
    "Transaction": 63
  },
  {
    "Index": 6202,
    "ObjectId": "Obj6202",
    "Attribute1": "Attr1",
    "Attribute2": "Attr2",
    "Attribute3": "Attr3",
    "Transaction": 63
  },
  {
    "Index": 6203,
    "ObjectId": "Obj6203",
    "Attribute1": "Attr1",
    "Attribute2": "Attr2",
    "Attribute3": "Attr3",
    "Transaction": 63
  },
  {
    "Index": 6204,
    "ObjectId": "Obj6204",
    "Attribute1": "Attr1",
    "Attribute2": "Attr2",
    "Attribute3": "Attr3",
    "Transaction": 63
  },
  {
    "Index": 6205,
    "ObjectId": "Obj6205",
    "Attribute1": "Attr1",
    "Attribute2": "Attr2",
    "Attribute3": "Attr3",
    "Transaction": 63
  },
  {
    "Index": 6206,
    "ObjectId": "Obj6206",
    "Attribute1": "Attr1",
    "Attribute2": "Attr2",
    "Attribute3": "Attr3",
    "Transaction": 63
  },
  {
    "Index": 6207,
    "ObjectId": "Obj6207",
    "Attribute1": "Attr1",
    "Attribute2": "Attr2",
    "Attribute3": "Attr3",
    "Transaction": 63
  },
  {
    "Index": 6208,
    "ObjectId": "Obj6208",
    "Attribute1": "Attr1",
    "Attribute2": "Attr2",
    "Attribute3": "Attr3",
    "Transaction": 63
  },
  {
    "Index": 6209,
    "ObjectId": "Obj6209",
    "Attribute1": "Attr1",
    "Attribute2": "Attr2",
    "Attribute3": "Attr3",
    "Transaction": 63
  },
  {
    "Index": 6210,
    "ObjectId": "Obj6210",
    "Attribute1": "Attr1",
    "Attribute2": "Attr2",
    "Attribute3": "Attr3",
    "Transaction": 63
  },
  {
    "Index": 6211,
    "ObjectId": "Obj6211",
    "Attribute1": "Attr1",
    "Attribute2": "Attr2",
    "Attribute3": "Attr3",
    "Transaction": 63
  },
  {
    "Index": 6212,
    "ObjectId": "Obj6212",
    "Attribute1": "Attr1",
    "Attribute2": "Attr2",
    "Attribute3": "Attr3",
    "Transaction": 63
  },
  {
    "Index": 6213,
    "ObjectId": "Obj6213",
    "Attribute1": "Attr1",
    "Attribute2": "Attr2",
    "Attribute3": "Attr3",
    "Transaction": 63
  },
  {
    "Index": 6214,
    "ObjectId": "Obj6214",
    "Attribute1": "Attr1",
    "Attribute2": "Attr2",
    "Attribute3": "Attr3",
    "Transaction": 63
  },
  {
    "Index": 6215,
    "ObjectId": "Obj6215",
    "Attribute1": "Attr1",
    "Attribute2": "Attr2",
    "Attribute3": "Attr3",
    "Transaction": 63
  },
  {
    "Index": 6216,
    "ObjectId": "Obj6216",
    "Attribute1": "Attr1",
    "Attribute2": "Attr2",
    "Attribute3": "Attr3",
    "Transaction": 63
  },
  {
    "Index": 6217,
    "ObjectId": "Obj6217",
    "Attribute1": "Attr1",
    "Attribute2": "Attr2",
    "Attribute3": "Attr3",
    "Transaction": 63
  },
  {
    "Index": 6218,
    "ObjectId": "Obj6218",
    "Attribute1": "Attr1",
    "Attribute2": "Attr2",
    "Attribute3": "Attr3",
    "Transaction": 63
  },
  {
    "Index": 6219,
    "ObjectId": "Obj6219",
    "Attribute1": "Attr1",
    "Attribute2": "Attr2",
    "Attribute3": "Attr3",
    "Transaction": 63
  },
  {
    "Index": 6220,
    "ObjectId": "Obj6220",
    "Attribute1": "Attr1",
    "Attribute2": "Attr2",
    "Attribute3": "Attr3",
    "Transaction": 63
  },
  {
    "Index": 6221,
    "ObjectId": "Obj6221",
    "Attribute1": "Attr1",
    "Attribute2": "Attr2",
    "Attribute3": "Attr3",
    "Transaction": 63
  },
  {
    "Index": 6222,
    "ObjectId": "Obj6222",
    "Attribute1": "Attr1",
    "Attribute2": "Attr2",
    "Attribute3": "Attr3",
    "Transaction": 63
  },
  {
    "Index": 6223,
    "ObjectId": "Obj6223",
    "Attribute1": "Attr1",
    "Attribute2": "Attr2",
    "Attribute3": "Attr3",
    "Transaction": 63
  },
  {
    "Index": 6224,
    "ObjectId": "Obj6224",
    "Attribute1": "Attr1",
    "Attribute2": "Attr2",
    "Attribute3": "Attr3",
    "Transaction": 63
  },
  {
    "Index": 6225,
    "ObjectId": "Obj6225",
    "Attribute1": "Attr1",
    "Attribute2": "Attr2",
    "Attribute3": "Attr3",
    "Transaction": 63
  },
  {
    "Index": 6226,
    "ObjectId": "Obj6226",
    "Attribute1": "Attr1",
    "Attribute2": "Attr2",
    "Attribute3": "Attr3",
    "Transaction": 63
  },
  {
    "Index": 6227,
    "ObjectId": "Obj6227",
    "Attribute1": "Attr1",
    "Attribute2": "Attr2",
    "Attribute3": "Attr3",
    "Transaction": 63
  },
  {
    "Index": 6228,
    "ObjectId": "Obj6228",
    "Attribute1": "Attr1",
    "Attribute2": "Attr2",
    "Attribute3": "Attr3",
    "Transaction": 63
  },
  {
    "Index": 6229,
    "ObjectId": "Obj6229",
    "Attribute1": "Attr1",
    "Attribute2": "Attr2",
    "Attribute3": "Attr3",
    "Transaction": 63
  },
  {
    "Index": 6230,
    "ObjectId": "Obj6230",
    "Attribute1": "Attr1",
    "Attribute2": "Attr2",
    "Attribute3": "Attr3",
    "Transaction": 63
  },
  {
    "Index": 6231,
    "ObjectId": "Obj6231",
    "Attribute1": "Attr1",
    "Attribute2": "Attr2",
    "Attribute3": "Attr3",
    "Transaction": 63
  },
  {
    "Index": 6232,
    "ObjectId": "Obj6232",
    "Attribute1": "Attr1",
    "Attribute2": "Attr2",
    "Attribute3": "Attr3",
    "Transaction": 63
  },
  {
    "Index": 6233,
    "ObjectId": "Obj6233",
    "Attribute1": "Attr1",
    "Attribute2": "Attr2",
    "Attribute3": "Attr3",
    "Transaction": 63
  },
  {
    "Index": 6234,
    "ObjectId": "Obj6234",
    "Attribute1": "Attr1",
    "Attribute2": "Attr2",
    "Attribute3": "Attr3",
    "Transaction": 63
  },
  {
    "Index": 6235,
    "ObjectId": "Obj6235",
    "Attribute1": "Attr1",
    "Attribute2": "Attr2",
    "Attribute3": "Attr3",
    "Transaction": 63
  },
  {
    "Index": 6236,
    "ObjectId": "Obj6236",
    "Attribute1": "Attr1",
    "Attribute2": "Attr2",
    "Attribute3": "Attr3",
    "Transaction": 63
  },
  {
    "Index": 6237,
    "ObjectId": "Obj6237",
    "Attribute1": "Attr1",
    "Attribute2": "Attr2",
    "Attribute3": "Attr3",
    "Transaction": 63
  },
  {
    "Index": 6238,
    "ObjectId": "Obj6238",
    "Attribute1": "Attr1",
    "Attribute2": "Attr2",
    "Attribute3": "Attr3",
    "Transaction": 63
  },
  {
    "Index": 6239,
    "ObjectId": "Obj6239",
    "Attribute1": "Attr1",
    "Attribute2": "Attr2",
    "Attribute3": "Attr3",
    "Transaction": 63
  },
  {
    "Index": 6240,
    "ObjectId": "Obj6240",
    "Attribute1": "Attr1",
    "Attribute2": "Attr2",
    "Attribute3": "Attr3",
    "Transaction": 63
  },
  {
    "Index": 6241,
    "ObjectId": "Obj6241",
    "Attribute1": "Attr1",
    "Attribute2": "Attr2",
    "Attribute3": "Attr3",
    "Transaction": 63
  },
  {
    "Index": 6242,
    "ObjectId": "Obj6242",
    "Attribute1": "Attr1",
    "Attribute2": "Attr2",
    "Attribute3": "Attr3",
    "Transaction": 63
  },
  {
    "Index": 6243,
    "ObjectId": "Obj6243",
    "Attribute1": "Attr1",
    "Attribute2": "Attr2",
    "Attribute3": "Attr3",
    "Transaction": 63
  },
  {
    "Index": 6244,
    "ObjectId": "Obj6244",
    "Attribute1": "Attr1",
    "Attribute2": "Attr2",
    "Attribute3": "Attr3",
    "Transaction": 63
  },
  {
    "Index": 6245,
    "ObjectId": "Obj6245",
    "Attribute1": "Attr1",
    "Attribute2": "Attr2",
    "Attribute3": "Attr3",
    "Transaction": 63
  },
  {
    "Index": 6246,
    "ObjectId": "Obj6246",
    "Attribute1": "Attr1",
    "Attribute2": "Attr2",
    "Attribute3": "Attr3",
    "Transaction": 63
  },
  {
    "Index": 6247,
    "ObjectId": "Obj6247",
    "Attribute1": "Attr1",
    "Attribute2": "Attr2",
    "Attribute3": "Attr3",
    "Transaction": 63
  },
  {
    "Index": 6248,
    "ObjectId": "Obj6248",
    "Attribute1": "Attr1",
    "Attribute2": "Attr2",
    "Attribute3": "Attr3",
    "Transaction": 63
  },
  {
    "Index": 6249,
    "ObjectId": "Obj6249",
    "Attribute1": "Attr1",
    "Attribute2": "Attr2",
    "Attribute3": "Attr3",
    "Transaction": 63
  },
  {
    "Index": 6250,
    "ObjectId": "Obj6250",
    "Attribute1": "Attr1",
    "Attribute2": "Attr2",
    "Attribute3": "Attr3",
    "Transaction": 63
  },
  {
    "Index": 6251,
    "ObjectId": "Obj6251",
    "Attribute1": "Attr1",
    "Attribute2": "Attr2",
    "Attribute3": "Attr3",
    "Transaction": 63
  },
  {
    "Index": 6252,
    "ObjectId": "Obj6252",
    "Attribute1": "Attr1",
    "Attribute2": "Attr2",
    "Attribute3": "Attr3",
    "Transaction": 63
  },
  {
    "Index": 6253,
    "ObjectId": "Obj6253",
    "Attribute1": "Attr1",
    "Attribute2": "Attr2",
    "Attribute3": "Attr3",
    "Transaction": 63
  },
  {
    "Index": 6254,
    "ObjectId": "Obj6254",
    "Attribute1": "Attr1",
    "Attribute2": "Attr2",
    "Attribute3": "Attr3",
    "Transaction": 63
  },
  {
    "Index": 6255,
    "ObjectId": "Obj6255",
    "Attribute1": "Attr1",
    "Attribute2": "Attr2",
    "Attribute3": "Attr3",
    "Transaction": 63
  },
  {
    "Index": 6256,
    "ObjectId": "Obj6256",
    "Attribute1": "Attr1",
    "Attribute2": "Attr2",
    "Attribute3": "Attr3",
    "Transaction": 63
  },
  {
    "Index": 6257,
    "ObjectId": "Obj6257",
    "Attribute1": "Attr1",
    "Attribute2": "Attr2",
    "Attribute3": "Attr3",
    "Transaction": 63
  },
  {
    "Index": 6258,
    "ObjectId": "Obj6258",
    "Attribute1": "Attr1",
    "Attribute2": "Attr2",
    "Attribute3": "Attr3",
    "Transaction": 63
  },
  {
    "Index": 6259,
    "ObjectId": "Obj6259",
    "Attribute1": "Attr1",
    "Attribute2": "Attr2",
    "Attribute3": "Attr3",
    "Transaction": 63
  },
  {
    "Index": 6260,
    "ObjectId": "Obj6260",
    "Attribute1": "Attr1",
    "Attribute2": "Attr2",
    "Attribute3": "Attr3",
    "Transaction": 63
  },
  {
    "Index": 6261,
    "ObjectId": "Obj6261",
    "Attribute1": "Attr1",
    "Attribute2": "Attr2",
    "Attribute3": "Attr3",
    "Transaction": 63
  },
  {
    "Index": 6262,
    "ObjectId": "Obj6262",
    "Attribute1": "Attr1",
    "Attribute2": "Attr2",
    "Attribute3": "Attr3",
    "Transaction": 63
  },
  {
    "Index": 6263,
    "ObjectId": "Obj6263",
    "Attribute1": "Attr1",
    "Attribute2": "Attr2",
    "Attribute3": "Attr3",
    "Transaction": 63
  },
  {
    "Index": 6264,
    "ObjectId": "Obj6264",
    "Attribute1": "Attr1",
    "Attribute2": "Attr2",
    "Attribute3": "Attr3",
    "Transaction": 63
  },
  {
    "Index": 6265,
    "ObjectId": "Obj6265",
    "Attribute1": "Attr1",
    "Attribute2": "Attr2",
    "Attribute3": "Attr3",
    "Transaction": 63
  },
  {
    "Index": 6266,
    "ObjectId": "Obj6266",
    "Attribute1": "Attr1",
    "Attribute2": "Attr2",
    "Attribute3": "Attr3",
    "Transaction": 63
  },
  {
    "Index": 6267,
    "ObjectId": "Obj6267",
    "Attribute1": "Attr1",
    "Attribute2": "Attr2",
    "Attribute3": "Attr3",
    "Transaction": 63
  },
  {
    "Index": 6268,
    "ObjectId": "Obj6268",
    "Attribute1": "Attr1",
    "Attribute2": "Attr2",
    "Attribute3": "Attr3",
    "Transaction": 63
  },
  {
    "Index": 6269,
    "ObjectId": "Obj6269",
    "Attribute1": "Attr1",
    "Attribute2": "Attr2",
    "Attribute3": "Attr3",
    "Transaction": 63
  },
  {
    "Index": 6270,
    "ObjectId": "Obj6270",
    "Attribute1": "Attr1",
    "Attribute2": "Attr2",
    "Attribute3": "Attr3",
    "Transaction": 63
  },
  {
    "Index": 6271,
    "ObjectId": "Obj6271",
    "Attribute1": "Attr1",
    "Attribute2": "Attr2",
    "Attribute3": "Attr3",
    "Transaction": 63
  },
  {
    "Index": 6272,
    "ObjectId": "Obj6272",
    "Attribute1": "Attr1",
    "Attribute2": "Attr2",
    "Attribute3": "Attr3",
    "Transaction": 63
  },
  {
    "Index": 6273,
    "ObjectId": "Obj6273",
    "Attribute1": "Attr1",
    "Attribute2": "Attr2",
    "Attribute3": "Attr3",
    "Transaction": 63
  },
  {
    "Index": 6274,
    "ObjectId": "Obj6274",
    "Attribute1": "Attr1",
    "Attribute2": "Attr2",
    "Attribute3": "Attr3",
    "Transaction": 63
  },
  {
    "Index": 6275,
    "ObjectId": "Obj6275",
    "Attribute1": "Attr1",
    "Attribute2": "Attr2",
    "Attribute3": "Attr3",
    "Transaction": 63
  },
  {
    "Index": 6276,
    "ObjectId": "Obj6276",
    "Attribute1": "Attr1",
    "Attribute2": "Attr2",
    "Attribute3": "Attr3",
    "Transaction": 63
  },
  {
    "Index": 6277,
    "ObjectId": "Obj6277",
    "Attribute1": "Attr1",
    "Attribute2": "Attr2",
    "Attribute3": "Attr3",
    "Transaction": 63
  },
  {
    "Index": 6278,
    "ObjectId": "Obj6278",
    "Attribute1": "Attr1",
    "Attribute2": "Attr2",
    "Attribute3": "Attr3",
    "Transaction": 63
  },
  {
    "Index": 6279,
    "ObjectId": "Obj6279",
    "Attribute1": "Attr1",
    "Attribute2": "Attr2",
    "Attribute3": "Attr3",
    "Transaction": 63
  },
  {
    "Index": 6280,
    "ObjectId": "Obj6280",
    "Attribute1": "Attr1",
    "Attribute2": "Attr2",
    "Attribute3": "Attr3",
    "Transaction": 63
  },
  {
    "Index": 6281,
    "ObjectId": "Obj6281",
    "Attribute1": "Attr1",
    "Attribute2": "Attr2",
    "Attribute3": "Attr3",
    "Transaction": 63
  },
  {
    "Index": 6282,
    "ObjectId": "Obj6282",
    "Attribute1": "Attr1",
    "Attribute2": "Attr2",
    "Attribute3": "Attr3",
    "Transaction": 63
  },
  {
    "Index": 6283,
    "ObjectId": "Obj6283",
    "Attribute1": "Attr1",
    "Attribute2": "Attr2",
    "Attribute3": "Attr3",
    "Transaction": 63
  },
  {
    "Index": 6284,
    "ObjectId": "Obj6284",
    "Attribute1": "Attr1",
    "Attribute2": "Attr2",
    "Attribute3": "Attr3",
    "Transaction": 63
  },
  {
    "Index": 6285,
    "ObjectId": "Obj6285",
    "Attribute1": "Attr1",
    "Attribute2": "Attr2",
    "Attribute3": "Attr3",
    "Transaction": 63
  },
  {
    "Index": 6286,
    "ObjectId": "Obj6286",
    "Attribute1": "Attr1",
    "Attribute2": "Attr2",
    "Attribute3": "Attr3",
    "Transaction": 63
  },
  {
    "Index": 6287,
    "ObjectId": "Obj6287",
    "Attribute1": "Attr1",
    "Attribute2": "Attr2",
    "Attribute3": "Attr3",
    "Transaction": 63
  },
  {
    "Index": 6288,
    "ObjectId": "Obj6288",
    "Attribute1": "Attr1",
    "Attribute2": "Attr2",
    "Attribute3": "Attr3",
    "Transaction": 63
  },
  {
    "Index": 6289,
    "ObjectId": "Obj6289",
    "Attribute1": "Attr1",
    "Attribute2": "Attr2",
    "Attribute3": "Attr3",
    "Transaction": 63
  },
  {
    "Index": 6290,
    "ObjectId": "Obj6290",
    "Attribute1": "Attr1",
    "Attribute2": "Attr2",
    "Attribute3": "Attr3",
    "Transaction": 63
  },
  {
    "Index": 6291,
    "ObjectId": "Obj6291",
    "Attribute1": "Attr1",
    "Attribute2": "Attr2",
    "Attribute3": "Attr3",
    "Transaction": 63
  },
  {
    "Index": 6292,
    "ObjectId": "Obj6292",
    "Attribute1": "Attr1",
    "Attribute2": "Attr2",
    "Attribute3": "Attr3",
    "Transaction": 63
  },
  {
    "Index": 6293,
    "ObjectId": "Obj6293",
    "Attribute1": "Attr1",
    "Attribute2": "Attr2",
    "Attribute3": "Attr3",
    "Transaction": 63
  },
  {
    "Index": 6294,
    "ObjectId": "Obj6294",
    "Attribute1": "Attr1",
    "Attribute2": "Attr2",
    "Attribute3": "Attr3",
    "Transaction": 63
  },
  {
    "Index": 6295,
    "ObjectId": "Obj6295",
    "Attribute1": "Attr1",
    "Attribute2": "Attr2",
    "Attribute3": "Attr3",
    "Transaction": 63
  },
  {
    "Index": 6296,
    "ObjectId": "Obj6296",
    "Attribute1": "Attr1",
    "Attribute2": "Attr2",
    "Attribute3": "Attr3",
    "Transaction": 63
  },
  {
    "Index": 6297,
    "ObjectId": "Obj6297",
    "Attribute1": "Attr1",
    "Attribute2": "Attr2",
    "Attribute3": "Attr3",
    "Transaction": 63
  },
  {
    "Index": 6298,
    "ObjectId": "Obj6298",
    "Attribute1": "Attr1",
    "Attribute2": "Attr2",
    "Attribute3": "Attr3",
    "Transaction": 63
  },
  {
    "Index": 6299,
    "ObjectId": "Obj6299",
    "Attribute1": "Attr1",
    "Attribute2": "Attr2",
    "Attribute3": "Attr3",
    "Transaction": 63
  },
  {
    "Index": 6300,
    "ObjectId": "Obj6300",
    "Attribute1": "Attr1",
    "Attribute2": "Attr2",
    "Attribute3": "Attr3",
    "Transaction": 63
  }
]