[
  {
    "Index": 6701,
    "ObjectId": "Obj6701",
    "Attribute1": "Attr1",
    "Attribute2": "Attr2",
    "Attribute3": "Attr3",
    "Transaction": 68
  },
  {
    "Index": 6702,
    "ObjectId": "Obj6702",
    "Attribute1": "Attr1",
    "Attribute2": "Attr2",
    "Attribute3": "Attr3",
    "Transaction": 68
  },
  {
    "Index": 6703,
    "ObjectId": "Obj6703",
    "Attribute1": "Attr1",
    "Attribute2": "Attr2",
    "Attribute3": "Attr3",
    "Transaction": 68
  },
  {
    "Index": 6704,
    "ObjectId": "Obj6704",
    "Attribute1": "Attr1",
    "Attribute2": "Attr2",
    "Attribute3": "Attr3",
    "Transaction": 68
  },
  {
    "Index": 6705,
    "ObjectId": "Obj6705",
    "Attribute1": "Attr1",
    "Attribute2": "Attr2",
    "Attribute3": "Attr3",
    "Transaction": 68
  },
  {
    "Index": 6706,
    "ObjectId": "Obj6706",
    "Attribute1": "Attr1",
    "Attribute2": "Attr2",
    "Attribute3": "Attr3",
    "Transaction": 68
  },
  {
    "Index": 6707,
    "ObjectId": "Obj6707",
    "Attribute1": "Attr1",
    "Attribute2": "Attr2",
    "Attribute3": "Attr3",
    "Transaction": 68
  },
  {
    "Index": 6708,
    "ObjectId": "Obj6708",
    "Attribute1": "Attr1",
    "Attribute2": "Attr2",
    "Attribute3": "Attr3",
    "Transaction": 68
  },
  {
    "Index": 6709,
    "ObjectId": "Obj6709",
    "Attribute1": "Attr1",
    "Attribute2": "Attr2",
    "Attribute3": "Attr3",
    "Transaction": 68
  },
  {
    "Index": 6710,
    "ObjectId": "Obj6710",
    "Attribute1": "Attr1",
    "Attribute2": "Attr2",
    "Attribute3": "Attr3",
    "Transaction": 68
  },
  {
    "Index": 6711,
    "ObjectId": "Obj6711",
    "Attribute1": "Attr1",
    "Attribute2": "Attr2",
    "Attribute3": "Attr3",
    "Transaction": 68
  },
  {
    "Index": 6712,
    "ObjectId": "Obj6712",
    "Attribute1": "Attr1",
    "Attribute2": "Attr2",
    "Attribute3": "Attr3",
    "Transaction": 68
  },
  {
    "Index": 6713,
    "ObjectId": "Obj6713",
    "Attribute1": "Attr1",
    "Attribute2": "Attr2",
    "Attribute3": "Attr3",
    "Transaction": 68
  },
  {
    "Index": 6714,
    "ObjectId": "Obj6714",
    "Attribute1": "Attr1",
    "Attribute2": "Attr2",
    "Attribute3": "Attr3",
    "Transaction": 68
  },
  {
    "Index": 6715,
    "ObjectId": "Obj6715",
    "Attribute1": "Attr1",
    "Attribute2": "Attr2",
    "Attribute3": "Attr3",
    "Transaction": 68
  },
  {
    "Index": 6716,
    "ObjectId": "Obj6716",
    "Attribute1": "Attr1",
    "Attribute2": "Attr2",
    "Attribute3": "Attr3",
    "Transaction": 68
  },
  {
    "Index": 6717,
    "ObjectId": "Obj6717",
    "Attribute1": "Attr1",
    "Attribute2": "Attr2",
    "Attribute3": "Attr3",
    "Transaction": 68
  },
  {
    "Index": 6718,
    "ObjectId": "Obj6718",
    "Attribute1": "Attr1",
    "Attribute2": "Attr2",
    "Attribute3": "Attr3",
    "Transaction": 68
  },
  {
    "Index": 6719,
    "ObjectId": "Obj6719",
    "Attribute1": "Attr1",
    "Attribute2": "Attr2",
    "Attribute3": "Attr3",
    "Transaction": 68
  },
  {
    "Index": 6720,
    "ObjectId": "Obj6720",
    "Attribute1": "Attr1",
    "Attribute2": "Attr2",
    "Attribute3": "Attr3",
    "Transaction": 68
  },
  {
    "Index": 6721,
    "ObjectId": "Obj6721",
    "Attribute1": "Attr1",
    "Attribute2": "Attr2",
    "Attribute3": "Attr3",
    "Transaction": 68
  },
  {
    "Index": 6722,
    "ObjectId": "Obj6722",
    "Attribute1": "Attr1",
    "Attribute2": "Attr2",
    "Attribute3": "Attr3",
    "Transaction": 68
  },
  {
    "Index": 6723,
    "ObjectId": "Obj6723",
    "Attribute1": "Attr1",
    "Attribute2": "Attr2",
    "Attribute3": "Attr3",
    "Transaction": 68
  },
  {
    "Index": 6724,
    "ObjectId": "Obj6724",
    "Attribute1": "Attr1",
    "Attribute2": "Attr2",
    "Attribute3": "Attr3",
    "Transaction": 68
  },
  {
    "Index": 6725,
    "ObjectId": "Obj6725",
    "Attribute1": "Attr1",
    "Attribute2": "Attr2",
    "Attribute3": "Attr3",
    "Transaction": 68
  },
  {
    "Index": 6726,
    "ObjectId": "Obj6726",
    "Attribute1": "Attr1",
    "Attribute2": "Attr2",
    "Attribute3": "Attr3",
    "Transaction": 68
  },
  {
    "Index": 6727,
    "ObjectId": "Obj6727",
    "Attribute1": "Attr1",
    "Attribute2": "Attr2",
    "Attribute3": "Attr3",
    "Transaction": 68
  },
  {
    "Index": 6728,
    "ObjectId": "Obj6728",
    "Attribute1": "Attr1",
    "Attribute2": "Attr2",
    "Attribute3": "Attr3",
    "Transaction": 68
  },
  {
    "Index": 6729,
    "ObjectId": "Obj6729",
    "Attribute1": "Attr1",
    "Attribute2": "Attr2",
    "Attribute3": "Attr3",
    "Transaction": 68
  },
  {
    "Index": 6730,
    "ObjectId": "Obj6730",
    "Attribute1": "Attr1",
    "Attribute2": "Attr2",
    "Attribute3": "Attr3",
    "Transaction": 68
  },
  {
    "Index": 6731,
    "ObjectId": "Obj6731",
    "Attribute1": "Attr1",
    "Attribute2": "Attr2",
    "Attribute3": "Attr3",
    "Transaction": 68
  },
  {
    "Index": 6732,
    "ObjectId": "Obj6732",
    "Attribute1": "Attr1",
    "Attribute2": "Attr2",
    "Attribute3": "Attr3",
    "Transaction": 68
  },
  {
    "Index": 6733,
    "ObjectId": "Obj6733",
    "Attribute1": "Attr1",
    "Attribute2": "Attr2",
    "Attribute3": "Attr3",
    "Transaction": 68
  },
  {
    "Index": 6734,
    "ObjectId": "Obj6734",
    "Attribute1": "Attr1",
    "Attribute2": "Attr2",
    "Attribute3": "Attr3",
    "Transaction": 68
  },
  {
    "Index": 6735,
    "ObjectId": "Obj6735",
    "Attribute1": "Attr1",
    "Attribute2": "Attr2",
    "Attribute3": "Attr3",
    "Transaction": 68
  },
  {
    "Index": 6736,
    "ObjectId": "Obj6736",
    "Attribute1": "Attr1",
    "Attribute2": "Attr2",
    "Attribute3": "Attr3",
    "Transaction": 68
  },
  {
    "Index": 6737,
    "ObjectId": "Obj6737",
    "Attribute1": "Attr1",
    "Attribute2": "Attr2",
    "Attribute3": "Attr3",
    "Transaction": 68
  },
  {
    "Index": 6738,
    "ObjectId": "Obj6738",
    "Attribute1": "Attr1",
    "Attribute2": "Attr2",
    "Attribute3": "Attr3",
    "Transaction": 68
  },
  {
    "Index": 6739,
    "ObjectId": "Obj6739",
    "Attribute1": "Attr1",
    "Attribute2": "Attr2",
    "Attribute3": "Attr3",
    "Transaction": 68
  },
  {
    "Index": 6740,
    "ObjectId": "Obj6740",
    "Attribute1": "Attr1",
    "Attribute2": "Attr2",
    "Attribute3": "Attr3",
    "Transaction": 68
  },
  {
    "Index": 6741,
    "ObjectId": "Obj6741",
    "Attribute1": "Attr1",
    "Attribute2": "Attr2",
    "Attribute3": "Attr3",
    "Transaction": 68
  },
  {
    "Index": 6742,
    "ObjectId": "Obj6742",
    "Attribute1": "Attr1",
    "Attribute2": "Attr2",
    "Attribute3": "Attr3",
    "Transaction": 68
  },
  {
    "Index": 6743,
    "ObjectId": "Obj6743",
    "Attribute1": "Attr1",
    "Attribute2": "Attr2",
    "Attribute3": "Attr3",
    "Transaction": 68
  },
  {
    "Index": 6744,
    "ObjectId": "Obj6744",
    "Attribute1": "Attr1",
    "Attribute2": "Attr2",
    "Attribute3": "Attr3",
    "Transaction": 68
  },
  {
    "Index": 6745,
    "ObjectId": "Obj6745",
    "Attribute1": "Attr1",
    "Attribute2": "Attr2",
    "Attribute3": "Attr3",
    "Transaction": 68
  },
  {
    "Index": 6746,
    "ObjectId": "Obj6746",
    "Attribute1": "Attr1",
    "Attribute2": "Attr2",
    "Attribute3": "Attr3",
    "Transaction": 68
  },
  {
    "Index": 6747,
    "ObjectId": "Obj6747",
    "Attribute1": "Attr1",
    "Attribute2": "Attr2",
    "Attribute3": "Attr3",
    "Transaction": 68
  },
  {
    "Index": 6748,
    "ObjectId": "Obj6748",
    "Attribute1": "Attr1",
    "Attribute2": "Attr2",
    "Attribute3": "Attr3",
    "Transaction": 68
  },
  {
    "Index": 6749,
    "ObjectId": "Obj6749",
    "Attribute1": "Attr1",
    "Attribute2": "Attr2",
    "Attribute3": "Attr3",
    "Transaction": 68
  },
  {
    "Index": 6750,
    "ObjectId": "Obj6750",
    "Attribute1": "Attr1",
    "Attribute2": "Attr2",
    "Attribute3": "Attr3",
    "Transaction": 68
  },
  {
    "Index": 6751,
    "ObjectId": "Obj6751",
    "Attribute1": "Attr1",
    "Attribute2": "Attr2",
    "Attribute3": "Attr3",
    "Transaction": 68
  },
  {
    "Index": 6752,
    "ObjectId": "Obj6752",
    "Attribute1": "Attr1",
    "Attribute2": "Attr2",
    "Attribute3": "Attr3",
    "Transaction": 68
  },
  {
    "Index": 6753,
    "ObjectId": "Obj6753",
    "Attribute1": "Attr1",
    "Attribute2": "Attr2",
    "Attribute3": "Attr3",
    "Transaction": 68
  },
  {
    "Index": 6754,
    "ObjectId": "Obj6754",
    "Attribute1": "Attr1",
    "Attribute2": "Attr2",
    "Attribute3": "Attr3",
    "Transaction": 68
  },
  {
    "Index": 6755,
    "ObjectId": "Obj6755",
    "Attribute1": "Attr1",
    "Attribute2": "Attr2",
    "Attribute3": "Attr3",
    "Transaction": 68
  },
  {
    "Index": 6756,
    "ObjectId": "Obj6756",
    "Attribute1": "Attr1",
    "Attribute2": "Attr2",
    "Attribute3": "Attr3",
    "Transaction": 68
  },
  {
    "Index": 6757,
    "ObjectId": "Obj6757",
    "Attribute1": "Attr1",
    "Attribute2": "Attr2",
    "Attribute3": "Attr3",
    "Transaction": 68
  },
  {
    "Index": 6758,
    "ObjectId": "Obj6758",
    "Attribute1": "Attr1",
    "Attribute2": "Attr2",
    "Attribute3": "Attr3",
    "Transaction": 68
  },
  {
    "Index": 6759,
    "ObjectId": "Obj6759",
    "Attribute1": "Attr1",
    "Attribute2": "Attr2",
    "Attribute3": "Attr3",
    "Transaction": 68
  },
  {
    "Index": 6760,
    "ObjectId": "Obj6760",
    "Attribute1": "Attr1",
    "Attribute2": "Attr2",
    "Attribute3": "Attr3",
    "Transaction": 68
  },
  {
    "Index": 6761,
    "ObjectId": "Obj6761",
    "Attribute1": "Attr1",
    "Attribute2": "Attr2",
    "Attribute3": "Attr3",
    "Transaction": 68
  },
  {
    "Index": 6762,
    "ObjectId": "Obj6762",
    "Attribute1": "Attr1",
    "Attribute2": "Attr2",
    "Attribute3": "Attr3",
    "Transaction": 68
  },
  {
    "Index": 6763,
    "ObjectId": "Obj6763",
    "Attribute1": "Attr1",
    "Attribute2": "Attr2",
    "Attribute3": "Attr3",
    "Transaction": 68
  },
  {
    "Index": 6764,
    "ObjectId": "Obj6764",
    "Attribute1": "Attr1",
    "Attribute2": "Attr2",
    "Attribute3": "Attr3",
    "Transaction": 68
  },
  {
    "Index": 6765,
    "ObjectId": "Obj6765",
    "Attribute1": "Attr1",
    "Attribute2": "Attr2",
    "Attribute3": "Attr3",
    "Transaction": 68
  },
  {
    "Index": 6766,
    "ObjectId": "Obj6766",
    "Attribute1": "Attr1",
    "Attribute2": "Attr2",
    "Attribute3": "Attr3",
    "Transaction": 68
  },
  {
    "Index": 6767,
    "ObjectId": "Obj6767",
    "Attribute1": "Attr1",
    "Attribute2": "Attr2",
    "Attribute3": "Attr3",
    "Transaction": 68
  },
  {
    "Index": 6768,
    "ObjectId": "Obj6768",
    "Attribute1": "Attr1",
    "Attribute2": "Attr2",
    "Attribute3": "Attr3",
    "Transaction": 68
  },
  {
    "Index": 6769,
    "ObjectId": "Obj6769",
    "Attribute1": "Attr1",
    "Attribute2": "Attr2",
    "Attribute3": "Attr3",
    "Transaction": 68
  },
  {
    "Index": 6770,
    "ObjectId": "Obj6770",
    "Attribute1": "Attr1",
    "Attribute2": "Attr2",
    "Attribute3": "Attr3",
    "Transaction": 68
  },
  {
    "Index": 6771,
    "ObjectId": "Obj6771",
    "Attribute1": "Attr1",
    "Attribute2": "Attr2",
    "Attribute3": "Attr3",
    "Transaction": 68
  },
  {
    "Index": 6772,
    "ObjectId": "Obj6772",
    "Attribute1": "Attr1",
    "Attribute2": "Attr2",
    "Attribute3": "Attr3",
    "Transaction": 68
  },
  {
    "Index": 6773,
    "ObjectId": "Obj6773",
    "Attribute1": "Attr1",
    "Attribute2": "Attr2",
    "Attribute3": "Attr3",
    "Transaction": 68
  },
  {
    "Index": 6774,
    "ObjectId": "Obj6774",
    "Attribute1": "Attr1",
    "Attribute2": "Attr2",
    "Attribute3": "Attr3",
    "Transaction": 68
  },
  {
    "Index": 6775,
    "ObjectId": "Obj6775",
    "Attribute1": "Attr1",
    "Attribute2": "Attr2",
    "Attribute3": "Attr3",
    "Transaction": 68
  },
  {
    "Index": 6776,
    "ObjectId": "Obj6776",
    "Attribute1": "Attr1",
    "Attribute2": "Attr2",
    "Attribute3": "Attr3",
    "Transaction": 68
  },
  {
    "Index": 6777,
    "ObjectId": "Obj6777",
    "Attribute1": "Attr1",
    "Attribute2": "Attr2",
    "Attribute3": "Attr3",
    "Transaction": 68
  },
  {
    "Index": 6778,
    "ObjectId": "Obj6778",
    "Attribute1": "Attr1",
    "Attribute2": "Attr2",
    "Attribute3": "Attr3",
    "Transaction": 68
  },
  {
    "Index": 6779,
    "ObjectId": "Obj6779",
    "Attribute1": "Attr1",
    "Attribute2": "Attr2",
    "Attribute3": "Attr3",
    "Transaction": 68
  },
  {
    "Index": 6780,
    "ObjectId": "Obj6780",
    "Attribute1": "Attr1",
    "Attribute2": "Attr2",
    "Attribute3": "Attr3",
    "Transaction": 68
  },
  {
    "Index": 6781,
    "ObjectId": "Obj6781",
    "Attribute1": "Attr1",
    "Attribute2": "Attr2",
    "Attribute3": "Attr3",
    "Transaction": 68
  },
  {
    "Index": 6782,
    "ObjectId": "Obj6782",
    "Attribute1": "Attr1",
    "Attribute2": "Attr2",
    "Attribute3": "Attr3",
    "Transaction": 68
  },
  {
    "Index": 6783,
    "ObjectId": "Obj6783",
    "Attribute1": "Attr1",
    "Attribute2": "Attr2",
    "Attribute3": "Attr3",
    "Transaction": 68
  },
  {
    "Index": 6784,
    "ObjectId": "Obj6784",
    "Attribute1": "Attr1",
    "Attribute2": "Attr2",
    "Attribute3": "Attr3",
    "Transaction": 68
  },
  {
    "Index": 6785,
    "ObjectId": "Obj6785",
    "Attribute1": "Attr1",
    "Attribute2": "Attr2",
    "Attribute3": "Attr3",
    "Transaction": 68
  },
  {
    "Index": 6786,
    "ObjectId": "Obj6786",
    "Attribute1": "Attr1",
    "Attribute2": "Attr2",
    "Attribute3": "Attr3",
    "Transaction": 68
  },
  {
    "Index": 6787,
    "ObjectId": "Obj6787",
    "Attribute1": "Attr1",
    "Attribute2": "Attr2",
    "Attribute3": "Attr3",
    "Transaction": 68
  },
  {
    "Index": 6788,
    "ObjectId": "Obj6788",
    "Attribute1": "Attr1",
    "Attribute2": "Attr2",
    "Attribute3": "Attr3",
    "Transaction": 68
  },
  {
    "Index": 6789,
    "ObjectId": "Obj6789",
    "Attribute1": "Attr1",
    "Attribute2": "Attr2",
    "Attribute3": "Attr3",
    "Transaction": 68
  },
  {
    "Index": 6790,
    "ObjectId": "Obj6790",
    "Attribute1": "Attr1",
    "Attribute2": "Attr2",
    "Attribute3": "Attr3",
    "Transaction": 68
  },
  {
    "Index": 6791,
    "ObjectId": "Obj6791",
    "Attribute1": "Attr1",
    "Attribute2": "Attr2",
    "Attribute3": "Attr3",
    "Transaction": 68
  },
  {
    "Index": 6792,
    "ObjectId": "Obj6792",
    "Attribute1": "Attr1",
    "Attribute2": "Attr2",
    "Attribute3": "Attr3",
    "Transaction": 68
  },
  {
    "Index": 6793,
    "ObjectId": "Obj6793",
    "Attribute1": "Attr1",
    "Attribute2": "Attr2",
    "Attribute3": "Attr3",
    "Transaction": 68
  },
  {
    "Index": 6794,
    "ObjectId": "Obj6794",
    "Attribute1": "Attr1",
    "Attribute2": "Attr2",
    "Attribute3": "Attr3",
    "Transaction": 68
  },
  {
    "Index": 6795,
    "ObjectId": "Obj6795",
    "Attribute1": "Attr1",
    "Attribute2": "Attr2",
    "Attribute3": "Attr3",
    "Transaction": 68
  },
  {
    "Index": 6796,
    "ObjectId": "Obj6796",
    "Attribute1": "Attr1",
    "Attribute2": "Attr2",
    "Attribute3": "Attr3",
    "Transaction": 68
  },
  {
    "Index": 6797,
    "ObjectId": "Obj6797",
    "Attribute1": "Attr1",
    "Attribute2": "Attr2",
    "Attribute3": "Attr3",
    "Transaction": 68
  },
  {
    "Index": 6798,
    "ObjectId": "Obj6798",
    "Attribute1": "Attr1",
    "Attribute2": "Attr2",
    "Attribute3": "Attr3",
    "Transaction": 68
  },
  {
    "Index": 6799,
    "ObjectId": "Obj6799",
    "Attribute1": "Attr1",
    "Attribute2": "Attr2",
    "Attribute3": "Attr3",
    "Transaction": 68
  },
  {
    "Index": 6800,
    "ObjectId": "Obj6800",
    "Attribute1": "Attr1",
    "Attribute2": "Attr2",
    "Attribute3": "Attr3",
    "Transaction": 68
  }
]