[
  {
    "Index": 5301,
    "ObjectId": "Obj5301",
    "Attribute1": "Attr1",
    "Attribute2": "Attr2",
    "Attribute3": "Attr3",
    "Transaction": 54
  },
  {
    "Index": 5302,
    "ObjectId": "Obj5302",
    "Attribute1": "Attr1",
    "Attribute2": "Attr2",
    "Attribute3": "Attr3",
    "Transaction": 54
  },
  {
    "Index": 5303,
    "ObjectId": "Obj5303",
    "Attribute1": "Attr1",
    "Attribute2": "Attr2",
    "Attribute3": "Attr3",
    "Transaction": 54
  },
  {
    "Index": 5304,
    "ObjectId": "Obj5304",
    "Attribute1": "Attr1",
    "Attribute2": "Attr2",
    "Attribute3": "Attr3",
    "Transaction": 54
  },
  {
    "Index": 5305,
    "ObjectId": "Obj5305",
    "Attribute1": "Attr1",
    "Attribute2": "Attr2",
    "Attribute3": "Attr3",
    "Transaction": 54
  },
  {
    "Index": 5306,
    "ObjectId": "Obj5306",
    "Attribute1": "Attr1",
    "Attribute2": "Attr2",
    "Attribute3": "Attr3",
    "Transaction": 54
  },
  {
    "Index": 5307,
    "ObjectId": "Obj5307",
    "Attribute1": "Attr1",
    "Attribute2": "Attr2",
    "Attribute3": "Attr3",
    "Transaction": 54
  },
  {
    "Index": 5308,
    "ObjectId": "Obj5308",
    "Attribute1": "Attr1",
    "Attribute2": "Attr2",
    "Attribute3": "Attr3",
    "Transaction": 54
  },
  {
    "Index": 5309,
    "ObjectId": "Obj5309",
    "Attribute1": "Attr1",
    "Attribute2": "Attr2",
    "Attribute3": "Attr3",
    "Transaction": 54
  },
  {
    "Index": 5310,
    "ObjectId": "Obj5310",
    "Attribute1": "Attr1",
    "Attribute2": "Attr2",
    "Attribute3": "Attr3",
    "Transaction": 54
  },
  {
    "Index": 5311,
    "ObjectId": "Obj5311",
    "Attribute1": "Attr1",
    "Attribute2": "Attr2",
    "Attribute3": "Attr3",
    "Transaction": 54
  },
  {
    "Index": 5312,
    "ObjectId": "Obj5312",
    "Attribute1": "Attr1",
    "Attribute2": "Attr2",
    "Attribute3": "Attr3",
    "Transaction": 54
  },
  {
    "Index": 5313,
    "ObjectId": "Obj5313",
    "Attribute1": "Attr1",
    "Attribute2": "Attr2",
    "Attribute3": "Attr3",
    "Transaction": 54
  },
  {
    "Index": 5314,
    "ObjectId": "Obj5314",
    "Attribute1": "Attr1",
    "Attribute2": "Attr2",
    "Attribute3": "Attr3",
    "Transaction": 54
  },
  {
    "Index": 5315,
    "ObjectId": "Obj5315",
    "Attribute1": "Attr1",
    "Attribute2": "Attr2",
    "Attribute3": "Attr3",
    "Transaction": 54
  },
  {
    "Index": 5316,
    "ObjectId": "Obj5316",
    "Attribute1": "Attr1",
    "Attribute2": "Attr2",
    "Attribute3": "Attr3",
    "Transaction": 54
  },
  {
    "Index": 5317,
    "ObjectId": "Obj5317",
    "Attribute1": "Attr1",
    "Attribute2": "Attr2",
    "Attribute3": "Attr3",
    "Transaction": 54
  },
  {
    "Index": 5318,
    "ObjectId": "Obj5318",
    "Attribute1": "Attr1",
    "Attribute2": "Attr2",
    "Attribute3": "Attr3",
    "Transaction": 54
  },
  {
    "Index": 5319,
    "ObjectId": "Obj5319",
    "Attribute1": "Attr1",
    "Attribute2": "Attr2",
    "Attribute3": "Attr3",
    "Transaction": 54
  },
  {
    "Index": 5320,
    "ObjectId": "Obj5320",
    "Attribute1": "Attr1",
    "Attribute2": "Attr2",
    "Attribute3": "Attr3",
    "Transaction": 54
  },
  {
    "Index": 5321,
    "ObjectId": "Obj5321",
    "Attribute1": "Attr1",
    "Attribute2": "Attr2",
    "Attribute3": "Attr3",
    "Transaction": 54
  },
  {
    "Index": 5322,
    "ObjectId": "Obj5322",
    "Attribute1": "Attr1",
    "Attribute2": "Attr2",
    "Attribute3": "Attr3",
    "Transaction": 54
  },
  {
    "Index": 5323,
    "ObjectId": "Obj5323",
    "Attribute1": "Attr1",
    "Attribute2": "Attr2",
    "Attribute3": "Attr3",
    "Transaction": 54
  },
  {
    "Index": 5324,
    "ObjectId": "Obj5324",
    "Attribute1": "Attr1",
    "Attribute2": "Attr2",
    "Attribute3": "Attr3",
    "Transaction": 54
  },
  {
    "Index": 5325,
    "ObjectId": "Obj5325",
    "Attribute1": "Attr1",
    "Attribute2": "Attr2",
    "Attribute3": "Attr3",
    "Transaction": 54
  },
  {
    "Index": 5326,
    "ObjectId": "Obj5326",
    "Attribute1": "Attr1",
    "Attribute2": "Attr2",
    "Attribute3": "Attr3",
    "Transaction": 54
  },
  {
    "Index": 5327,
    "ObjectId": "Obj5327",
    "Attribute1": "Attr1",
    "Attribute2": "Attr2",
    "Attribute3": "Attr3",
    "Transaction": 54
  },
  {
    "Index": 5328,
    "ObjectId": "Obj5328",
    "Attribute1": "Attr1",
    "Attribute2": "Attr2",
    "Attribute3": "Attr3",
    "Transaction": 54
  },
  {
    "Index": 5329,
    "ObjectId": "Obj5329",
    "Attribute1": "Attr1",
    "Attribute2": "Attr2",
    "Attribute3": "Attr3",
    "Transaction": 54
  },
  {
    "Index": 5330,
    "ObjectId": "Obj5330",
    "Attribute1": "Attr1",
    "Attribute2": "Attr2",
    "Attribute3": "Attr3",
    "Transaction": 54
  },
  {
    "Index": 5331,
    "ObjectId": "Obj5331",
    "Attribute1": "Attr1",
    "Attribute2": "Attr2",
    "Attribute3": "Attr3",
    "Transaction": 54
  },
  {
    "Index": 5332,
    "ObjectId": "Obj5332",
    "Attribute1": "Attr1",
    "Attribute2": "Attr2",
    "Attribute3": "Attr3",
    "Transaction": 54
  },
  {
    "Index": 5333,
    "ObjectId": "Obj5333",
    "Attribute1": "Attr1",
    "Attribute2": "Attr2",
    "Attribute3": "Attr3",
    "Transaction": 54
  },
  {
    "Index": 5334,
    "ObjectId": "Obj5334",
    "Attribute1": "Attr1",
    "Attribute2": "Attr2",
    "Attribute3": "Attr3",
    "Transaction": 54
  },
  {
    "Index": 5335,
    "ObjectId": "Obj5335",
    "Attribute1": "Attr1",
    "Attribute2": "Attr2",
    "Attribute3": "Attr3",
    "Transaction": 54
  },
  {
    "Index": 5336,
    "ObjectId": "Obj5336",
    "Attribute1": "Attr1",
    "Attribute2": "Attr2",
    "Attribute3": "Attr3",
    "Transaction": 54
  },
  {
    "Index": 5337,
    "ObjectId": "Obj5337",
    "Attribute1": "Attr1",
    "Attribute2": "Attr2",
    "Attribute3": "Attr3",
    "Transaction": 54
  },
  {
    "Index": 5338,
    "ObjectId": "Obj5338",
    "Attribute1": "Attr1",
    "Attribute2": "Attr2",
    "Attribute3": "Attr3",
    "Transaction": 54
  },
  {
    "Index": 5339,
    "ObjectId": "Obj5339",
    "Attribute1": "Attr1",
    "Attribute2": "Attr2",
    "Attribute3": "Attr3",
    "Transaction": 54
  },
  {
    "Index": 5340,
    "ObjectId": "Obj5340",
    "Attribute1": "Attr1",
    "Attribute2": "Attr2",
    "Attribute3": "Attr3",
    "Transaction": 54
  },
  {
    "Index": 5341,
    "ObjectId": "Obj5341",
    "Attribute1": "Attr1",
    "Attribute2": "Attr2",
    "Attribute3": "Attr3",
    "Transaction": 54
  },
  {
    "Index": 5342,
    "ObjectId": "Obj5342",
    "Attribute1": "Attr1",
    "Attribute2": "Attr2",
    "Attribute3": "Attr3",
    "Transaction": 54
  },
  {
    "Index": 5343,
    "ObjectId": "Obj5343",
    "Attribute1": "Attr1",
    "Attribute2": "Attr2",
    "Attribute3": "Attr3",
    "Transaction": 54
  },
  {
    "Index": 5344,
    "ObjectId": "Obj5344",
    "Attribute1": "Attr1",
    "Attribute2": "Attr2",
    "Attribute3": "Attr3",
    "Transaction": 54
  },
  {
    "Index": 5345,
    "ObjectId": "Obj5345",
    "Attribute1": "Attr1",
    "Attribute2": "Attr2",
    "Attribute3": "Attr3",
    "Transaction": 54
  },
  {
    "Index": 5346,
    "ObjectId": "Obj5346",
    "Attribute1": "Attr1",
    "Attribute2": "Attr2",
    "Attribute3": "Attr3",
    "Transaction": 54
  },
  {
    "Index": 5347,
    "ObjectId": "Obj5347",
    "Attribute1": "Attr1",
    "Attribute2": "Attr2",
    "Attribute3": "Attr3",
    "Transaction": 54
  },
  {
    "Index": 5348,
    "ObjectId": "Obj5348",
    "Attribute1": "Attr1",
    "Attribute2": "Attr2",
    "Attribute3": "Attr3",
    "Transaction": 54
  },
  {
    "Index": 5349,
    "ObjectId": "Obj5349",
    "Attribute1": "Attr1",
    "Attribute2": "Attr2",
    "Attribute3": "Attr3",
    "Transaction": 54
  },
  {
    "Index": 5350,
    "ObjectId": "Obj5350",
    "Attribute1": "Attr1",
    "Attribute2": "Attr2",
    "Attribute3": "Attr3",
    "Transaction": 54
  },
  {
    "Index": 5351,
    "ObjectId": "Obj5351",
    "Attribute1": "Attr1",
    "Attribute2": "Attr2",
    "Attribute3": "Attr3",
    "Transaction": 54
  },
  {
    "Index": 5352,
    "ObjectId": "Obj5352",
    "Attribute1": "Attr1",
    "Attribute2": "Attr2",
    "Attribute3": "Attr3",
    "Transaction": 54
  },
  {
    "Index": 5353,
    "ObjectId": "Obj5353",
    "Attribute1": "Attr1",
    "Attribute2": "Attr2",
    "Attribute3": "Attr3",
    "Transaction": 54
  },
  {
    "Index": 5354,
    "ObjectId": "Obj5354",
    "Attribute1": "Attr1",
    "Attribute2": "Attr2",
    "Attribute3": "Attr3",
    "Transaction": 54
  },
  {
    "Index": 5355,
    "ObjectId": "Obj5355",
    "Attribute1": "Attr1",
    "Attribute2": "Attr2",
    "Attribute3": "Attr3",
    "Transaction": 54
  },
  {
    "Index": 5356,
    "ObjectId": "Obj5356",
    "Attribute1": "Attr1",
    "Attribute2": "Attr2",
    "Attribute3": "Attr3",
    "Transaction": 54
  },
  {
    "Index": 5357,
    "ObjectId": "Obj5357",
    "Attribute1": "Attr1",
    "Attribute2": "Attr2",
    "Attribute3": "Attr3",
    "Transaction": 54
  },
  {
    "Index": 5358,
    "ObjectId": "Obj5358",
    "Attribute1": "Attr1",
    "Attribute2": "Attr2",
    "Attribute3": "Attr3",
    "Transaction": 54
  },
  {
    "Index": 5359,
    "ObjectId": "Obj5359",
    "Attribute1": "Attr1",
    "Attribute2": "Attr2",
    "Attribute3": "Attr3",
    "Transaction": 54
  },
  {
    "Index": 5360,
    "ObjectId": "Obj5360",
    "Attribute1": "Attr1",
    "Attribute2": "Attr2",
    "Attribute3": "Attr3",
    "Transaction": 54
  },
  {
    "Index": 5361,
    "ObjectId": "Obj5361",
    "Attribute1": "Attr1",
    "Attribute2": "Attr2",
    "Attribute3": "Attr3",
    "Transaction": 54
  },
  {
    "Index": 5362,
    "ObjectId": "Obj5362",
    "Attribute1": "Attr1",
    "Attribute2": "Attr2",
    "Attribute3": "Attr3",
    "Transaction": 54
  },
  {
    "Index": 5363,
    "ObjectId": "Obj5363",
    "Attribute1": "Attr1",
    "Attribute2": "Attr2",
    "Attribute3": "Attr3",
    "Transaction": 54
  },
  {
    "Index": 5364,
    "ObjectId": "Obj5364",
    "Attribute1": "Attr1",
    "Attribute2": "Attr2",
    "Attribute3": "Attr3",
    "Transaction": 54
  },
  {
    "Index": 5365,
    "ObjectId": "Obj5365",
    "Attribute1": "Attr1",
    "Attribute2": "Attr2",
    "Attribute3": "Attr3",
    "Transaction": 54
  },
  {
    "Index": 5366,
    "ObjectId": "Obj5366",
    "Attribute1": "Attr1",
    "Attribute2": "Attr2",
    "Attribute3": "Attr3",
    "Transaction": 54
  },
  {
    "Index": 5367,
    "ObjectId": "Obj5367",
    "Attribute1": "Attr1",
    "Attribute2": "Attr2",
    "Attribute3": "Attr3",
    "Transaction": 54
  },
  {
    "Index": 5368,
    "ObjectId": "Obj5368",
    "Attribute1": "Attr1",
    "Attribute2": "Attr2",
    "Attribute3": "Attr3",
    "Transaction": 54
  },
  {
    "Index": 5369,
    "ObjectId": "Obj5369",
    "Attribute1": "Attr1",
    "Attribute2": "Attr2",
    "Attribute3": "Attr3",
    "Transaction": 54
  },
  {
    "Index": 5370,
    "ObjectId": "Obj5370",
    "Attribute1": "Attr1",
    "Attribute2": "Attr2",
    "Attribute3": "Attr3",
    "Transaction": 54
  },
  {
    "Index": 5371,
    "ObjectId": "Obj5371",
    "Attribute1": "Attr1",
    "Attribute2": "Attr2",
    "Attribute3": "Attr3",
    "Transaction": 54
  },
  {
    "Index": 5372,
    "ObjectId": "Obj5372",
    "Attribute1": "Attr1",
    "Attribute2": "Attr2",
    "Attribute3": "Attr3",
    "Transaction": 54
  },
  {
    "Index": 5373,
    "ObjectId": "Obj5373",
    "Attribute1": "Attr1",
    "Attribute2": "Attr2",
    "Attribute3": "Attr3",
    "Transaction": 54
  },
  {
    "Index": 5374,
    "ObjectId": "Obj5374",
    "Attribute1": "Attr1",
    "Attribute2": "Attr2",
    "Attribute3": "Attr3",
    "Transaction": 54
  },
  {
    "Index": 5375,
    "ObjectId": "Obj5375",
    "Attribute1": "Attr1",
    "Attribute2": "Attr2",
    "Attribute3": "Attr3",
    "Transaction": 54
  },
  {
    "Index": 5376,
    "ObjectId": "Obj5376",
    "Attribute1": "Attr1",
    "Attribute2": "Attr2",
    "Attribute3": "Attr3",
    "Transaction": 54
  },
  {
    "Index": 5377,
    "ObjectId": "Obj5377",
    "Attribute1": "Attr1",
    "Attribute2": "Attr2",
    "Attribute3": "Attr3",
    "Transaction": 54
  },
  {
    "Index": 5378,
    "ObjectId": "Obj5378",
    "Attribute1": "Attr1",
    "Attribute2": "Attr2",
    "Attribute3": "Attr3",
    "Transaction": 54
  },
  {
    "Index": 5379,
    "ObjectId": "Obj5379",
    "Attribute1": "Attr1",
    "Attribute2": "Attr2",
    "Attribute3": "Attr3",
    "Transaction": 54
  },
  {
    "Index": 5380,
    "ObjectId": "Obj5380",
    "Attribute1": "Attr1",
    "Attribute2": "Attr2",
    "Attribute3": "Attr3",
    "Transaction": 54
  },
  {
    "Index": 5381,
    "ObjectId": "Obj5381",
    "Attribute1": "Attr1",
    "Attribute2": "Attr2",
    "Attribute3": "Attr3",
    "Transaction": 54
  },
  {
    "Index": 5382,
    "ObjectId": "Obj5382",
    "Attribute1": "Attr1",
    "Attribute2": "Attr2",
    "Attribute3": "Attr3",
    "Transaction": 54
  },
  {
    "Index": 5383,
    "ObjectId": "Obj5383",
    "Attribute1": "Attr1",
    "Attribute2": "Attr2",
    "Attribute3": "Attr3",
    "Transaction": 54
  },
  {
    "Index": 5384,
    "ObjectId": "Obj5384",
    "Attribute1": "Attr1",
    "Attribute2": "Attr2",
    "Attribute3": "Attr3",
    "Transaction": 54
  },
  {
    "Index": 5385,
    "ObjectId": "Obj5385",
    "Attribute1": "Attr1",
    "Attribute2": "Attr2",
    "Attribute3": "Attr3",
    "Transaction": 54
  },
  {
    "Index": 5386,
    "ObjectId": "Obj5386",
    "Attribute1": "Attr1",
    "Attribute2": "Attr2",
    "Attribute3": "Attr3",
    "Transaction": 54
  },
  {
    "Index": 5387,
    "ObjectId": "Obj5387",
    "Attribute1": "Attr1",
    "Attribute2": "Attr2",
    "Attribute3": "Attr3",
    "Transaction": 54
  },
  {
    "Index": 5388,
    "ObjectId": "Obj5388",
    "Attribute1": "Attr1",
    "Attribute2": "Attr2",
    "Attribute3": "Attr3",
    "Transaction": 54
  },
  {
    "Index": 5389,
    "ObjectId": "Obj5389",
    "Attribute1": "Attr1",
    "Attribute2": "Attr2",
    "Attribute3": "Attr3",
    "Transaction": 54
  },
  {
    "Index": 5390,
    "ObjectId": "Obj5390",
    "Attribute1": "Attr1",
    "Attribute2": "Attr2",
    "Attribute3": "Attr3",
    "Transaction": 54
  },
  {
    "Index": 5391,
    "ObjectId": "Obj5391",
    "Attribute1": "Attr1",
    "Attribute2": "Attr2",
    "Attribute3": "Attr3",
    "Transaction": 54
  },
  {
    "Index": 5392,
    "ObjectId": "Obj5392",
    "Attribute1": "Attr1",
    "Attribute2": "Attr2",
    "Attribute3": "Attr3",
    "Transaction": 54
  },
  {
    "Index": 5393,
    "ObjectId": "Obj5393",
    "Attribute1": "Attr1",
    "Attribute2": "Attr2",
    "Attribute3": "Attr3",
    "Transaction": 54
  },
  {
    "Index": 5394,
    "ObjectId": "Obj5394",
    "Attribute1": "Attr1",
    "Attribute2": "Attr2",
    "Attribute3": "Attr3",
    "Transaction": 54
  },
  {
    "Index": 5395,
    "ObjectId": "Obj5395",
    "Attribute1": "Attr1",
    "Attribute2": "Attr2",
    "Attribute3": "Attr3",
    "Transaction": 54
  },
  {
    "Index": 5396,
    "ObjectId": "Obj5396",
    "Attribute1": "Attr1",
    "Attribute2": "Attr2",
    "Attribute3": "Attr3",
    "Transaction": 54
  },
  {
    "Index": 5397,
    "ObjectId": "Obj5397",
    "Attribute1": "Attr1",
    "Attribute2": "Attr2",
    "Attribute3": "Attr3",
    "Transaction": 54
  },
  {
    "Index": 5398,
    "ObjectId": "Obj5398",
    "Attribute1": "Attr1",
    "Attribute2": "Attr2",
    "Attribute3": "Attr3",
    "Transaction": 54
  },
  {
    "Index": 5399,
    "ObjectId": "Obj5399",
    "Attribute1": "Attr1",
    "Attribute2": "Attr2",
    "Attribute3": "Attr3",
    "Transaction": 54
  },
  {
    "Index": 5400,
    "ObjectId": "Obj5400",
    "Attribute1": "Attr1",
    "Attribute2": "Attr2",
    "Attribute3": "Attr3",
    "Transaction": 54
  }
]