[
  {
    "Index": 7001,
    "ObjectId": "Obj7001",
    "Attribute1": "Attr1",
    "Attribute2": "Attr2",
    "Attribute3": "Attr3",
    "Transaction": 71
  },
  {
    "Index": 7002,
    "ObjectId": "Obj7002",
    "Attribute1": "Attr1",
    "Attribute2": "Attr2",
    "Attribute3": "Attr3",
    "Transaction": 71
  },
  {
    "Index": 7003,
    "ObjectId": "Obj7003",
    "Attribute1": "Attr1",
    "Attribute2": "Attr2",
    "Attribute3": "Attr3",
    "Transaction": 71
  },
  {
    "Index": 7004,
    "ObjectId": "Obj7004",
    "Attribute1": "Attr1",
    "Attribute2": "Attr2",
    "Attribute3": "Attr3",
    "Transaction": 71
  },
  {
    "Index": 7005,
    "ObjectId": "Obj7005",
    "Attribute1": "Attr1",
    "Attribute2": "Attr2",
    "Attribute3": "Attr3",
    "Transaction": 71
  },
  {
    "Index": 7006,
    "ObjectId": "Obj7006",
    "Attribute1": "Attr1",
    "Attribute2": "Attr2",
    "Attribute3": "Attr3",
    "Transaction": 71
  },
  {
    "Index": 7007,
    "ObjectId": "Obj7007",
    "Attribute1": "Attr1",
    "Attribute2": "Attr2",
    "Attribute3": "Attr3",
    "Transaction": 71
  },
  {
    "Index": 7008,
    "ObjectId": "Obj7008",
    "Attribute1": "Attr1",
    "Attribute2": "Attr2",
    "Attribute3": "Attr3",
    "Transaction": 71
  },
  {
    "Index": 7009,
    "ObjectId": "Obj7009",
    "Attribute1": "Attr1",
    "Attribute2": "Attr2",
    "Attribute3": "Attr3",
    "Transaction": 71
  },
  {
    "Index": 7010,
    "ObjectId": "Obj7010",
    "Attribute1": "Attr1",
    "Attribute2": "Attr2",
    "Attribute3": "Attr3",
    "Transaction": 71
  },
  {
    "Index": 7011,
    "ObjectId": "Obj7011",
    "Attribute1": "Attr1",
    "Attribute2": "Attr2",
    "Attribute3": "Attr3",
    "Transaction": 71
  },
  {
    "Index": 7012,
    "ObjectId": "Obj7012",
    "Attribute1": "Attr1",
    "Attribute2": "Attr2",
    "Attribute3": "Attr3",
    "Transaction": 71
  },
  {
    "Index": 7013,
    "ObjectId": "Obj7013",
    "Attribute1": "Attr1",
    "Attribute2": "Attr2",
    "Attribute3": "Attr3",
    "Transaction": 71
  },
  {
    "Index": 7014,
    "ObjectId": "Obj7014",
    "Attribute1": "Attr1",
    "Attribute2": "Attr2",
    "Attribute3": "Attr3",
    "Transaction": 71
  },
  {
    "Index": 7015,
    "ObjectId": "Obj7015",
    "Attribute1": "Attr1",
    "Attribute2": "Attr2",
    "Attribute3": "Attr3",
    "Transaction": 71
  },
  {
    "Index": 7016,
    "ObjectId": "Obj7016",
    "Attribute1": "Attr1",
    "Attribute2": "Attr2",
    "Attribute3": "Attr3",
    "Transaction": 71
  },
  {
    "Index": 7017,
    "ObjectId": "Obj7017",
    "Attribute1": "Attr1",
    "Attribute2": "Attr2",
    "Attribute3": "Attr3",
    "Transaction": 71
  },
  {
    "Index": 7018,
    "ObjectId": "Obj7018",
    "Attribute1": "Attr1",
    "Attribute2": "Attr2",
    "Attribute3": "Attr3",
    "Transaction": 71
  },
  {
    "Index": 7019,
    "ObjectId": "Obj7019",
    "Attribute1": "Attr1",
    "Attribute2": "Attr2",
    "Attribute3": "Attr3",
    "Transaction": 71
  },
  {
    "Index": 7020,
    "ObjectId": "Obj7020",
    "Attribute1": "Attr1",
    "Attribute2": "Attr2",
    "Attribute3": "Attr3",
    "Transaction": 71
  },
  {
    "Index": 7021,
    "ObjectId": "Obj7021",
    "Attribute1": "Attr1",
    "Attribute2": "Attr2",
    "Attribute3": "Attr3",
    "Transaction": 71
  },
  {
    "Index": 7022,
    "ObjectId": "Obj7022",
    "Attribute1": "Attr1",
    "Attribute2": "Attr2",
    "Attribute3": "Attr3",
    "Transaction": 71
  },
  {
    "Index": 7023,
    "ObjectId": "Obj7023",
    "Attribute1": "Attr1",
    "Attribute2": "Attr2",
    "Attribute3": "Attr3",
    "Transaction": 71
  },
  {
    "Index": 7024,
    "ObjectId": "Obj7024",
    "Attribute1": "Attr1",
    "Attribute2": "Attr2",
    "Attribute3": "Attr3",
    "Transaction": 71
  },
  {
    "Index": 7025,
    "ObjectId": "Obj7025",
    "Attribute1": "Attr1",
    "Attribute2": "Attr2",
    "Attribute3": "Attr3",
    "Transaction": 71
  },
  {
    "Index": 7026,
    "ObjectId": "Obj7026",
    "Attribute1": "Attr1",
    "Attribute2": "Attr2",
    "Attribute3": "Attr3",
    "Transaction": 71
  },
  {
    "Index": 7027,
    "ObjectId": "Obj7027",
    "Attribute1": "Attr1",
    "Attribute2": "Attr2",
    "Attribute3": "Attr3",
    "Transaction": 71
  },
  {
    "Index": 7028,
    "ObjectId": "Obj7028",
    "Attribute1": "Attr1",
    "Attribute2": "Attr2",
    "Attribute3": "Attr3",
    "Transaction": 71
  },
  {
    "Index": 7029,
    "ObjectId": "Obj7029",
    "Attribute1": "Attr1",
    "Attribute2": "Attr2",
    "Attribute3": "Attr3",
    "Transaction": 71
  },
  {
    "Index": 7030,
    "ObjectId": "Obj7030",
    "Attribute1": "Attr1",
    "Attribute2": "Attr2",
    "Attribute3": "Attr3",
    "Transaction": 71
  },
  {
    "Index": 7031,
    "ObjectId": "Obj7031",
    "Attribute1": "Attr1",
    "Attribute2": "Attr2",
    "Attribute3": "Attr3",
    "Transaction": 71
  },
  {
    "Index": 7032,
    "ObjectId": "Obj7032",
    "Attribute1": "Attr1",
    "Attribute2": "Attr2",
    "Attribute3": "Attr3",
    "Transaction": 71
  },
  {
    "Index": 7033,
    "ObjectId": "Obj7033",
    "Attribute1": "Attr1",
    "Attribute2": "Attr2",
    "Attribute3": "Attr3",
    "Transaction": 71
  },
  {
    "Index": 7034,
    "ObjectId": "Obj7034",
    "Attribute1": "Attr1",
    "Attribute2": "Attr2",
    "Attribute3": "Attr3",
    "Transaction": 71
  },
  {
    "Index": 7035,
    "ObjectId": "Obj7035",
    "Attribute1": "Attr1",
    "Attribute2": "Attr2",
    "Attribute3": "Attr3",
    "Transaction": 71
  },
  {
    "Index": 7036,
    "ObjectId": "Obj7036",
    "Attribute1": "Attr1",
    "Attribute2": "Attr2",
    "Attribute3": "Attr3",
    "Transaction": 71
  },
  {
    "Index": 7037,
    "ObjectId": "Obj7037",
    "Attribute1": "Attr1",
    "Attribute2": "Attr2",
    "Attribute3": "Attr3",
    "Transaction": 71
  },
  {
    "Index": 7038,
    "ObjectId": "Obj7038",
    "Attribute1": "Attr1",
    "Attribute2": "Attr2",
    "Attribute3": "Attr3",
    "Transaction": 71
  },
  {
    "Index": 7039,
    "ObjectId": "Obj7039",
    "Attribute1": "Attr1",
    "Attribute2": "Attr2",
    "Attribute3": "Attr3",
    "Transaction": 71
  },
  {
    "Index": 7040,
    "ObjectId": "Obj7040",
    "Attribute1": "Attr1",
    "Attribute2": "Attr2",
    "Attribute3": "Attr3",
    "Transaction": 71
  },
  {
    "Index": 7041,
    "ObjectId": "Obj7041",
    "Attribute1": "Attr1",
    "Attribute2": "Attr2",
    "Attribute3": "Attr3",
    "Transaction": 71
  },
  {
    "Index": 7042,
    "ObjectId": "Obj7042",
    "Attribute1": "Attr1",
    "Attribute2": "Attr2",
    "Attribute3": "Attr3",
    "Transaction": 71
  },
  {
    "Index": 7043,
    "ObjectId": "Obj7043",
    "Attribute1": "Attr1",
    "Attribute2": "Attr2",
    "Attribute3": "Attr3",
    "Transaction": 71
  },
  {
    "Index": 7044,
    "ObjectId": "Obj7044",
    "Attribute1": "Attr1",
    "Attribute2": "Attr2",
    "Attribute3": "Attr3",
    "Transaction": 71
  },
  {
    "Index": 7045,
    "ObjectId": "Obj7045",
    "Attribute1": "Attr1",
    "Attribute2": "Attr2",
    "Attribute3": "Attr3",
    "Transaction": 71
  },
  {
    "Index": 7046,
    "ObjectId": "Obj7046",
    "Attribute1": "Attr1",
    "Attribute2": "Attr2",
    "Attribute3": "Attr3",
    "Transaction": 71
  },
  {
    "Index": 7047,
    "ObjectId": "Obj7047",
    "Attribute1": "Attr1",
    "Attribute2": "Attr2",
    "Attribute3": "Attr3",
    "Transaction": 71
  },
  {
    "Index": 7048,
    "ObjectId": "Obj7048",
    "Attribute1": "Attr1",
    "Attribute2": "Attr2",
    "Attribute3": "Attr3",
    "Transaction": 71
  },
  {
    "Index": 7049,
    "ObjectId": "Obj7049",
    "Attribute1": "Attr1",
    "Attribute2": "Attr2",
    "Attribute3": "Attr3",
    "Transaction": 71
  },
  {
    "Index": 7050,
    "ObjectId": "Obj7050",
    "Attribute1": "Attr1",
    "Attribute2": "Attr2",
    "Attribute3": "Attr3",
    "Transaction": 71
  },
  {
    "Index": 7051,
    "ObjectId": "Obj7051",
    "Attribute1": "Attr1",
    "Attribute2": "Attr2",
    "Attribute3": "Attr3",
    "Transaction": 71
  },
  {
    "Index": 7052,
    "ObjectId": "Obj7052",
    "Attribute1": "Attr1",
    "Attribute2": "Attr2",
    "Attribute3": "Attr3",
    "Transaction": 71
  },
  {
    "Index": 7053,
    "ObjectId": "Obj7053",
    "Attribute1": "Attr1",
    "Attribute2": "Attr2",
    "Attribute3": "Attr3",
    "Transaction": 71
  },
  {
    "Index": 7054,
    "ObjectId": "Obj7054",
    "Attribute1": "Attr1",
    "Attribute2": "Attr2",
    "Attribute3": "Attr3",
    "Transaction": 71
  },
  {
    "Index": 7055,
    "ObjectId": "Obj7055",
    "Attribute1": "Attr1",
    "Attribute2": "Attr2",
    "Attribute3": "Attr3",
    "Transaction": 71
  },
  {
    "Index": 7056,
    "ObjectId": "Obj7056",
    "Attribute1": "Attr1",
    "Attribute2": "Attr2",
    "Attribute3": "Attr3",
    "Transaction": 71
  },
  {
    "Index": 7057,
    "ObjectId": "Obj7057",
    "Attribute1": "Attr1",
    "Attribute2": "Attr2",
    "Attribute3": "Attr3",
    "Transaction": 71
  },
  {
    "Index": 7058,
    "ObjectId": "Obj7058",
    "Attribute1": "Attr1",
    "Attribute2": "Attr2",
    "Attribute3": "Attr3",
    "Transaction": 71
  },
  {
    "Index": 7059,
    "ObjectId": "Obj7059",
    "Attribute1": "Attr1",
    "Attribute2": "Attr2",
    "Attribute3": "Attr3",
    "Transaction": 71
  },
  {
    "Index": 7060,
    "ObjectId": "Obj7060",
    "Attribute1": "Attr1",
    "Attribute2": "Attr2",
    "Attribute3": "Attr3",
    "Transaction": 71
  },
  {
    "Index": 7061,
    "ObjectId": "Obj7061",
    "Attribute1": "Attr1",
    "Attribute2": "Attr2",
    "Attribute3": "Attr3",
    "Transaction": 71
  },
  {
    "Index": 7062,
    "ObjectId": "Obj7062",
    "Attribute1": "Attr1",
    "Attribute2": "Attr2",
    "Attribute3": "Attr3",
    "Transaction": 71
  },
  {
    "Index": 7063,
    "ObjectId": "Obj7063",
    "Attribute1": "Attr1",
    "Attribute2": "Attr2",
    "Attribute3": "Attr3",
    "Transaction": 71
  },
  {
    "Index": 7064,
    "ObjectId": "Obj7064",
    "Attribute1": "Attr1",
    "Attribute2": "Attr2",
    "Attribute3": "Attr3",
    "Transaction": 71
  },
  {
    "Index": 7065,
    "ObjectId": "Obj7065",
    "Attribute1": "Attr1",
    "Attribute2": "Attr2",
    "Attribute3": "Attr3",
    "Transaction": 71
  },
  {
    "Index": 7066,
    "ObjectId": "Obj7066",
    "Attribute1": "Attr1",
    "Attribute2": "Attr2",
    "Attribute3": "Attr3",
    "Transaction": 71
  },
  {
    "Index": 7067,
    "ObjectId": "Obj7067",
    "Attribute1": "Attr1",
    "Attribute2": "Attr2",
    "Attribute3": "Attr3",
    "Transaction": 71
  },
  {
    "Index": 7068,
    "ObjectId": "Obj7068",
    "Attribute1": "Attr1",
    "Attribute2": "Attr2",
    "Attribute3": "Attr3",
    "Transaction": 71
  },
  {
    "Index": 7069,
    "ObjectId": "Obj7069",
    "Attribute1": "Attr1",
    "Attribute2": "Attr2",
    "Attribute3": "Attr3",
    "Transaction": 71
  },
  {
    "Index": 7070,
    "ObjectId": "Obj7070",
    "Attribute1": "Attr1",
    "Attribute2": "Attr2",
    "Attribute3": "Attr3",
    "Transaction": 71
  },
  {
    "Index": 7071,
    "ObjectId": "Obj7071",
    "Attribute1": "Attr1",
    "Attribute2": "Attr2",
    "Attribute3": "Attr3",
    "Transaction": 71
  },
  {
    "Index": 7072,
    "ObjectId": "Obj7072",
    "Attribute1": "Attr1",
    "Attribute2": "Attr2",
    "Attribute3": "Attr3",
    "Transaction": 71
  },
  {
    "Index": 7073,
    "ObjectId": "Obj7073",
    "Attribute1": "Attr1",
    "Attribute2": "Attr2",
    "Attribute3": "Attr3",
    "Transaction": 71
  },
  {
    "Index": 7074,
    "ObjectId": "Obj7074",
    "Attribute1": "Attr1",
    "Attribute2": "Attr2",
    "Attribute3": "Attr3",
    "Transaction": 71
  },
  {
    "Index": 7075,
    "ObjectId": "Obj7075",
    "Attribute1": "Attr1",
    "Attribute2": "Attr2",
    "Attribute3": "Attr3",
    "Transaction": 71
  },
  {
    "Index": 7076,
    "ObjectId": "Obj7076",
    "Attribute1": "Attr1",
    "Attribute2": "Attr2",
    "Attribute3": "Attr3",
    "Transaction": 71
  },
  {
    "Index": 7077,
    "ObjectId": "Obj7077",
    "Attribute1": "Attr1",
    "Attribute2": "Attr2",
    "Attribute3": "Attr3",
    "Transaction": 71
  },
  {
    "Index": 7078,
    "ObjectId": "Obj7078",
    "Attribute1": "Attr1",
    "Attribute2": "Attr2",
    "Attribute3": "Attr3",
    "Transaction": 71
  },
  {
    "Index": 7079,
    "ObjectId": "Obj7079",
    "Attribute1": "Attr1",
    "Attribute2": "Attr2",
    "Attribute3": "Attr3",
    "Transaction": 71
  },
  {
    "Index": 7080,
    "ObjectId": "Obj7080",
    "Attribute1": "Attr1",
    "Attribute2": "Attr2",
    "Attribute3": "Attr3",
    "Transaction": 71
  },
  {
    "Index": 7081,
    "ObjectId": "Obj7081",
    "Attribute1": "Attr1",
    "Attribute2": "Attr2",
    "Attribute3": "Attr3",
    "Transaction": 71
  },
  {
    "Index": 7082,
    "ObjectId": "Obj7082",
    "Attribute1": "Attr1",
    "Attribute2": "Attr2",
    "Attribute3": "Attr3",
    "Transaction": 71
  },
  {
    "Index": 7083,
    "ObjectId": "Obj7083",
    "Attribute1": "Attr1",
    "Attribute2": "Attr2",
    "Attribute3": "Attr3",
    "Transaction": 71
  },
  {
    "Index": 7084,
    "ObjectId": "Obj7084",
    "Attribute1": "Attr1",
    "Attribute2": "Attr2",
    "Attribute3": "Attr3",
    "Transaction": 71
  },
  {
    "Index": 7085,
    "ObjectId": "Obj7085",
    "Attribute1": "Attr1",
    "Attribute2": "Attr2",
    "Attribute3": "Attr3",
    "Transaction": 71
  },
  {
    "Index": 7086,
    "ObjectId": "Obj7086",
    "Attribute1": "Attr1",
    "Attribute2": "Attr2",
    "Attribute3": "Attr3",
    "Transaction": 71
  },
  {
    "Index": 7087,
    "ObjectId": "Obj7087",
    "Attribute1": "Attr1",
    "Attribute2": "Attr2",
    "Attribute3": "Attr3",
    "Transaction": 71
  },
  {
    "Index": 7088,
    "ObjectId": "Obj7088",
    "Attribute1": "Attr1",
    "Attribute2": "Attr2",
    "Attribute3": "Attr3",
    "Transaction": 71
  },
  {
    "Index": 7089,
    "ObjectId": "Obj7089",
    "Attribute1": "Attr1",
    "Attribute2": "Attr2",
    "Attribute3": "Attr3",
    "Transaction": 71
  },
  {
    "Index": 7090,
    "ObjectId": "Obj7090",
    "Attribute1": "Attr1",
    "Attribute2": "Attr2",
    "Attribute3": "Attr3",
    "Transaction": 71
  },
  {
    "Index": 7091,
    "ObjectId": "Obj7091",
    "Attribute1": "Attr1",
    "Attribute2": "Attr2",
    "Attribute3": "Attr3",
    "Transaction": 71
  },
  {
    "Index": 7092,
    "ObjectId": "Obj7092",
    "Attribute1": "Attr1",
    "Attribute2": "Attr2",
    "Attribute3": "Attr3",
    "Transaction": 71
  },
  {
    "Index": 7093,
    "ObjectId": "Obj7093",
    "Attribute1": "Attr1",
    "Attribute2": "Attr2",
    "Attribute3": "Attr3",
    "Transaction": 71
  },
  {
    "Index": 7094,
    "ObjectId": "Obj7094",
    "Attribute1": "Attr1",
    "Attribute2": "Attr2",
    "Attribute3": "Attr3",
    "Transaction": 71
  },
  {
    "Index": 7095,
    "ObjectId": "Obj7095",
    "Attribute1": "Attr1",
    "Attribute2": "Attr2",
    "Attribute3": "Attr3",
    "Transaction": 71
  },
  {
    "Index": 7096,
    "ObjectId": "Obj7096",
    "Attribute1": "Attr1",
    "Attribute2": "Attr2",
    "Attribute3": "Attr3",
    "Transaction": 71
  },
  {
    "Index": 7097,
    "ObjectId": "Obj7097",
    "Attribute1": "Attr1",
    "Attribute2": "Attr2",
    "Attribute3": "Attr3",
    "Transaction": 71
  },
  {
    "Index": 7098,
    "ObjectId": "Obj7098",
    "Attribute1": "Attr1",
    "Attribute2": "Attr2",
    "Attribute3": "Attr3",
    "Transaction": 71
  },
  {
    "Index": 7099,
    "ObjectId": "Obj7099",
    "Attribute1": "Attr1",
    "Attribute2": "Attr2",
    "Attribute3": "Attr3",
    "Transaction": 71
  },
  {
    "Index": 7100,
    "ObjectId": "Obj7100",
    "Attribute1": "Attr1",
    "Attribute2": "Attr2",
    "Attribute3": "Attr3",
    "Transaction": 71
  }
]