[
  {
    "Index": 7401,
    "ObjectId": "Obj7401",
    "Attribute1": "Attr1",
    "Attribute2": "Attr2",
    "Attribute3": "Attr3",
    "Transaction": 75
  },
  {
    "Index": 7402,
    "ObjectId": "Obj7402",
    "Attribute1": "Attr1",
    "Attribute2": "Attr2",
    "Attribute3": "Attr3",
    "Transaction": 75
  },
  {
    "Index": 7403,
    "ObjectId": "Obj7403",
    "Attribute1": "Attr1",
    "Attribute2": "Attr2",
    "Attribute3": "Attr3",
    "Transaction": 75
  },
  {
    "Index": 7404,
    "ObjectId": "Obj7404",
    "Attribute1": "Attr1",
    "Attribute2": "Attr2",
    "Attribute3": "Attr3",
    "Transaction": 75
  },
  {
    "Index": 7405,
    "ObjectId": "Obj7405",
    "Attribute1": "Attr1",
    "Attribute2": "Attr2",
    "Attribute3": "Attr3",
    "Transaction": 75
  },
  {
    "Index": 7406,
    "ObjectId": "Obj7406",
    "Attribute1": "Attr1",
    "Attribute2": "Attr2",
    "Attribute3": "Attr3",
    "Transaction": 75
  },
  {
    "Index": 7407,
    "ObjectId": "Obj7407",
    "Attribute1": "Attr1",
    "Attribute2": "Attr2",
    "Attribute3": "Attr3",
    "Transaction": 75
  },
  {
    "Index": 7408,
    "ObjectId": "Obj7408",
    "Attribute1": "Attr1",
    "Attribute2": "Attr2",
    "Attribute3": "Attr3",
    "Transaction": 75
  },
  {
    "Index": 7409,
    "ObjectId": "Obj7409",
    "Attribute1": "Attr1",
    "Attribute2": "Attr2",
    "Attribute3": "Attr3",
    "Transaction": 75
  },
  {
    "Index": 7410,
    "ObjectId": "Obj7410",
    "Attribute1": "Attr1",
    "Attribute2": "Attr2",
    "Attribute3": "Attr3",
    "Transaction": 75
  },
  {
    "Index": 7411,
    "ObjectId": "Obj7411",
    "Attribute1": "Attr1",
    "Attribute2": "Attr2",
    "Attribute3": "Attr3",
    "Transaction": 75
  },
  {
    "Index": 7412,
    "ObjectId": "Obj7412",
    "Attribute1": "Attr1",
    "Attribute2": "Attr2",
    "Attribute3": "Attr3",
    "Transaction": 75
  },
  {
    "Index": 7413,
    "ObjectId": "Obj7413",
    "Attribute1": "Attr1",
    "Attribute2": "Attr2",
    "Attribute3": "Attr3",
    "Transaction": 75
  },
  {
    "Index": 7414,
    "ObjectId": "Obj7414",
    "Attribute1": "Attr1",
    "Attribute2": "Attr2",
    "Attribute3": "Attr3",
    "Transaction": 75
  },
  {
    "Index": 7415,
    "ObjectId": "Obj7415",
    "Attribute1": "Attr1",
    "Attribute2": "Attr2",
    "Attribute3": "Attr3",
    "Transaction": 75
  },
  {
    "Index": 7416,
    "ObjectId": "Obj7416",
    "Attribute1": "Attr1",
    "Attribute2": "Attr2",
    "Attribute3": "Attr3",
    "Transaction": 75
  },
  {
    "Index": 7417,
    "ObjectId": "Obj7417",
    "Attribute1": "Attr1",
    "Attribute2": "Attr2",
    "Attribute3": "Attr3",
    "Transaction": 75
  },
  {
    "Index": 7418,
    "ObjectId": "Obj7418",
    "Attribute1": "Attr1",
    "Attribute2": "Attr2",
    "Attribute3": "Attr3",
    "Transaction": 75
  },
  {
    "Index": 7419,
    "ObjectId": "Obj7419",
    "Attribute1": "Attr1",
    "Attribute2": "Attr2",
    "Attribute3": "Attr3",
    "Transaction": 75
  },
  {
    "Index": 7420,
    "ObjectId": "Obj7420",
    "Attribute1": "Attr1",
    "Attribute2": "Attr2",
    "Attribute3": "Attr3",
    "Transaction": 75
  },
  {
    "Index": 7421,
    "ObjectId": "Obj7421",
    "Attribute1": "Attr1",
    "Attribute2": "Attr2",
    "Attribute3": "Attr3",
    "Transaction": 75
  },
  {
    "Index": 7422,
    "ObjectId": "Obj7422",
    "Attribute1": "Attr1",
    "Attribute2": "Attr2",
    "Attribute3": "Attr3",
    "Transaction": 75
  },
  {
    "Index": 7423,
    "ObjectId": "Obj7423",
    "Attribute1": "Attr1",
    "Attribute2": "Attr2",
    "Attribute3": "Attr3",
    "Transaction": 75
  },
  {
    "Index": 7424,
    "ObjectId": "Obj7424",
    "Attribute1": "Attr1",
    "Attribute2": "Attr2",
    "Attribute3": "Attr3",
    "Transaction": 75
  },
  {
    "Index": 7425,
    "ObjectId": "Obj7425",
    "Attribute1": "Attr1",
    "Attribute2": "Attr2",
    "Attribute3": "Attr3",
    "Transaction": 75
  },
  {
    "Index": 7426,
    "ObjectId": "Obj7426",
    "Attribute1": "Attr1",
    "Attribute2": "Attr2",
    "Attribute3": "Attr3",
    "Transaction": 75
  },
  {
    "Index": 7427,
    "ObjectId": "Obj7427",
    "Attribute1": "Attr1",
    "Attribute2": "Attr2",
    "Attribute3": "Attr3",
    "Transaction": 75
  },
  {
    "Index": 7428,
    "ObjectId": "Obj7428",
    "Attribute1": "Attr1",
    "Attribute2": "Attr2",
    "Attribute3": "Attr3",
    "Transaction": 75
  },
  {
    "Index": 7429,
    "ObjectId": "Obj7429",
    "Attribute1": "Attr1",
    "Attribute2": "Attr2",
    "Attribute3": "Attr3",
    "Transaction": 75
  },
  {
    "Index": 7430,
    "ObjectId": "Obj7430",
    "Attribute1": "Attr1",
    "Attribute2": "Attr2",
    "Attribute3": "Attr3",
    "Transaction": 75
  },
  {
    "Index": 7431,
    "ObjectId": "Obj7431",
    "Attribute1": "Attr1",
    "Attribute2": "Attr2",
    "Attribute3": "Attr3",
    "Transaction": 75
  },
  {
    "Index": 7432,
    "ObjectId": "Obj7432",
    "Attribute1": "Attr1",
    "Attribute2": "Attr2",
    "Attribute3": "Attr3",
    "Transaction": 75
  },
  {
    "Index": 7433,
    "ObjectId": "Obj7433",
    "Attribute1": "Attr1",
    "Attribute2": "Attr2",
    "Attribute3": "Attr3",
    "Transaction": 75
  },
  {
    "Index": 7434,
    "ObjectId": "Obj7434",
    "Attribute1": "Attr1",
    "Attribute2": "Attr2",
    "Attribute3": "Attr3",
    "Transaction": 75
  },
  {
    "Index": 7435,
    "ObjectId": "Obj7435",
    "Attribute1": "Attr1",
    "Attribute2": "Attr2",
    "Attribute3": "Attr3",
    "Transaction": 75
  },
  {
    "Index": 7436,
    "ObjectId": "Obj7436",
    "Attribute1": "Attr1",
    "Attribute2": "Attr2",
    "Attribute3": "Attr3",
    "Transaction": 75
  },
  {
    "Index": 7437,
    "ObjectId": "Obj7437",
    "Attribute1": "Attr1",
    "Attribute2": "Attr2",
    "Attribute3": "Attr3",
    "Transaction": 75
  },
  {
    "Index": 7438,
    "ObjectId": "Obj7438",
    "Attribute1": "Attr1",
    "Attribute2": "Attr2",
    "Attribute3": "Attr3",
    "Transaction": 75
  },
  {
    "Index": 7439,
    "ObjectId": "Obj7439",
    "Attribute1": "Attr1",
    "Attribute2": "Attr2",
    "Attribute3": "Attr3",
    "Transaction": 75
  },
  {
    "Index": 7440,
    "ObjectId": "Obj7440",
    "Attribute1": "Attr1",
    "Attribute2": "Attr2",
    "Attribute3": "Attr3",
    "Transaction": 75
  },
  {
    "Index": 7441,
    "ObjectId": "Obj7441",
    "Attribute1": "Attr1",
    "Attribute2": "Attr2",
    "Attribute3": "Attr3",
    "Transaction": 75
  },
  {
    "Index": 7442,
    "ObjectId": "Obj7442",
    "Attribute1": "Attr1",
    "Attribute2": "Attr2",
    "Attribute3": "Attr3",
    "Transaction": 75
  },
  {
    "Index": 7443,
    "ObjectId": "Obj7443",
    "Attribute1": "Attr1",
    "Attribute2": "Attr2",
    "Attribute3": "Attr3",
    "Transaction": 75
  },
  {
    "Index": 7444,
    "ObjectId": "Obj7444",
    "Attribute1": "Attr1",
    "Attribute2": "Attr2",
    "Attribute3": "Attr3",
    "Transaction": 75
  },
  {
    "Index": 7445,
    "ObjectId": "Obj7445",
    "Attribute1": "Attr1",
    "Attribute2": "Attr2",
    "Attribute3": "Attr3",
    "Transaction": 75
  },
  {
    "Index": 7446,
    "ObjectId": "Obj7446",
    "Attribute1": "Attr1",
    "Attribute2": "Attr2",
    "Attribute3": "Attr3",
    "Transaction": 75
  },
  {
    "Index": 7447,
    "ObjectId": "Obj7447",
    "Attribute1": "Attr1",
    "Attribute2": "Attr2",
    "Attribute3": "Attr3",
    "Transaction": 75
  },
  {
    "Index": 7448,
    "ObjectId": "Obj7448",
    "Attribute1": "Attr1",
    "Attribute2": "Attr2",
    "Attribute3": "Attr3",
    "Transaction": 75
  },
  {
    "Index": 7449,
    "ObjectId": "Obj7449",
    "Attribute1": "Attr1",
    "Attribute2": "Attr2",
    "Attribute3": "Attr3",
    "Transaction": 75
  },
  {
    "Index": 7450,
    "ObjectId": "Obj7450",
    "Attribute1": "Attr1",
    "Attribute2": "Attr2",
    "Attribute3": "Attr3",
    "Transaction": 75
  },
  {
    "Index": 7451,
    "ObjectId": "Obj7451",
    "Attribute1": "Attr1",
    "Attribute2": "Attr2",
    "Attribute3": "Attr3",
    "Transaction": 75
  },
  {
    "Index": 7452,
    "ObjectId": "Obj7452",
    "Attribute1": "Attr1",
    "Attribute2": "Attr2",
    "Attribute3": "Attr3",
    "Transaction": 75
  },
  {
    "Index": 7453,
    "ObjectId": "Obj7453",
    "Attribute1": "Attr1",
    "Attribute2": "Attr2",
    "Attribute3": "Attr3",
    "Transaction": 75
  },
  {
    "Index": 7454,
    "ObjectId": "Obj7454",
    "Attribute1": "Attr1",
    "Attribute2": "Attr2",
    "Attribute3": "Attr3",
    "Transaction": 75
  },
  {
    "Index": 7455,
    "ObjectId": "Obj7455",
    "Attribute1": "Attr1",
    "Attribute2": "Attr2",
    "Attribute3": "Attr3",
    "Transaction": 75
  },
  {
    "Index": 7456,
    "ObjectId": "Obj7456",
    "Attribute1": "Attr1",
    "Attribute2": "Attr2",
    "Attribute3": "Attr3",
    "Transaction": 75
  },
  {
    "Index": 7457,
    "ObjectId": "Obj7457",
    "Attribute1": "Attr1",
    "Attribute2": "Attr2",
    "Attribute3": "Attr3",
    "Transaction": 75
  },
  {
    "Index": 7458,
    "ObjectId": "Obj7458",
    "Attribute1": "Attr1",
    "Attribute2": "Attr2",
    "Attribute3": "Attr3",
    "Transaction": 75
  },
  {
    "Index": 7459,
    "ObjectId": "Obj7459",
    "Attribute1": "Attr1",
    "Attribute2": "Attr2",
    "Attribute3": "Attr3",
    "Transaction": 75
  },
  {
    "Index": 7460,
    "ObjectId": "Obj7460",
    "Attribute1": "Attr1",
    "Attribute2": "Attr2",
    "Attribute3": "Attr3",
    "Transaction": 75
  },
  {
    "Index": 7461,
    "ObjectId": "Obj7461",
    "Attribute1": "Attr1",
    "Attribute2": "Attr2",
    "Attribute3": "Attr3",
    "Transaction": 75
  },
  {
    "Index": 7462,
    "ObjectId": "Obj7462",
    "Attribute1": "Attr1",
    "Attribute2": "Attr2",
    "Attribute3": "Attr3",
    "Transaction": 75
  },
  {
    "Index": 7463,
    "ObjectId": "Obj7463",
    "Attribute1": "Attr1",
    "Attribute2": "Attr2",
    "Attribute3": "Attr3",
    "Transaction": 75
  },
  {
    "Index": 7464,
    "ObjectId": "Obj7464",
    "Attribute1": "Attr1",
    "Attribute2": "Attr2",
    "Attribute3": "Attr3",
    "Transaction": 75
  },
  {
    "Index": 7465,
    "ObjectId": "Obj7465",
    "Attribute1": "Attr1",
    "Attribute2": "Attr2",
    "Attribute3": "Attr3",
    "Transaction": 75
  },
  {
    "Index": 7466,
    "ObjectId": "Obj7466",
    "Attribute1": "Attr1",
    "Attribute2": "Attr2",
    "Attribute3": "Attr3",
    "Transaction": 75
  },
  {
    "Index": 7467,
    "ObjectId": "Obj7467",
    "Attribute1": "Attr1",
    "Attribute2": "Attr2",
    "Attribute3": "Attr3",
    "Transaction": 75
  },
  {
    "Index": 7468,
    "ObjectId": "Obj7468",
    "Attribute1": "Attr1",
    "Attribute2": "Attr2",
    "Attribute3": "Attr3",
    "Transaction": 75
  },
  {
    "Index": 7469,
    "ObjectId": "Obj7469",
    "Attribute1": "Attr1",
    "Attribute2": "Attr2",
    "Attribute3": "Attr3",
    "Transaction": 75
  },
  {
    "Index": 7470,
    "ObjectId": "Obj7470",
    "Attribute1": "Attr1",
    "Attribute2": "Attr2",
    "Attribute3": "Attr3",
    "Transaction": 75
  },
  {
    "Index": 7471,
    "ObjectId": "Obj7471",
    "Attribute1": "Attr1",
    "Attribute2": "Attr2",
    "Attribute3": "Attr3",
    "Transaction": 75
  },
  {
    "Index": 7472,
    "ObjectId": "Obj7472",
    "Attribute1": "Attr1",
    "Attribute2": "Attr2",
    "Attribute3": "Attr3",
    "Transaction": 75
  },
  {
    "Index": 7473,
    "ObjectId": "Obj7473",
    "Attribute1": "Attr1",
    "Attribute2": "Attr2",
    "Attribute3": "Attr3",
    "Transaction": 75
  },
  {
    "Index": 7474,
    "ObjectId": "Obj7474",
    "Attribute1": "Attr1",
    "Attribute2": "Attr2",
    "Attribute3": "Attr3",
    "Transaction": 75
  },
  {
    "Index": 7475,
    "ObjectId": "Obj7475",
    "Attribute1": "Attr1",
    "Attribute2": "Attr2",
    "Attribute3": "Attr3",
    "Transaction": 75
  },
  {
    "Index": 7476,
    "ObjectId": "Obj7476",
    "Attribute1": "Attr1",
    "Attribute2": "Attr2",
    "Attribute3": "Attr3",
    "Transaction": 75
  },
  {
    "Index": 7477,
    "ObjectId": "Obj7477",
    "Attribute1": "Attr1",
    "Attribute2": "Attr2",
    "Attribute3": "Attr3",
    "Transaction": 75
  },
  {
    "Index": 7478,
    "ObjectId": "Obj7478",
    "Attribute1": "Attr1",
    "Attribute2": "Attr2",
    "Attribute3": "Attr3",
    "Transaction": 75
  },
  {
    "Index": 7479,
    "ObjectId": "Obj7479",
    "Attribute1": "Attr1",
    "Attribute2": "Attr2",
    "Attribute3": "Attr3",
    "Transaction": 75
  },
  {
    "Index": 7480,
    "ObjectId": "Obj7480",
    "Attribute1": "Attr1",
    "Attribute2": "Attr2",
    "Attribute3": "Attr3",
    "Transaction": 75
  },
  {
    "Index": 7481,
    "ObjectId": "Obj7481",
    "Attribute1": "Attr1",
    "Attribute2": "Attr2",
    "Attribute3": "Attr3",
    "Transaction": 75
  },
  {
    "Index": 7482,
    "ObjectId": "Obj7482",
    "Attribute1": "Attr1",
    "Attribute2": "Attr2",
    "Attribute3": "Attr3",
    "Transaction": 75
  },
  {
    "Index": 7483,
    "ObjectId": "Obj7483",
    "Attribute1": "Attr1",
    "Attribute2": "Attr2",
    "Attribute3": "Attr3",
    "Transaction": 75
  },
  {
    "Index": 7484,
    "ObjectId": "Obj7484",
    "Attribute1": "Attr1",
    "Attribute2": "Attr2",
    "Attribute3": "Attr3",
    "Transaction": 75
  },
  {
    "Index": 7485,
    "ObjectId": "Obj7485",
    "Attribute1": "Attr1",
    "Attribute2": "Attr2",
    "Attribute3": "Attr3",
    "Transaction": 75
  },
  {
    "Index": 7486,
    "ObjectId": "Obj7486",
    "Attribute1": "Attr1",
    "Attribute2": "Attr2",
    "Attribute3": "Attr3",
    "Transaction": 75
  },
  {
    "Index": 7487,
    "ObjectId": "Obj7487",
    "Attribute1": "Attr1",
    "Attribute2": "Attr2",
    "Attribute3": "Attr3",
    "Transaction": 75
  },
  {
    "Index": 7488,
    "ObjectId": "Obj7488",
    "Attribute1": "Attr1",
    "Attribute2": "Attr2",
    "Attribute3": "Attr3",
    "Transaction": 75
  },
  {
    "Index": 7489,
    "ObjectId": "Obj7489",
    "Attribute1": "Attr1",
    "Attribute2": "Attr2",
    "Attribute3": "Attr3",
    "Transaction": 75
  },
  {
    "Index": 7490,
    "ObjectId": "Obj7490",
    "Attribute1": "Attr1",
    "Attribute2": "Attr2",
    "Attribute3": "Attr3",
    "Transaction": 75
  },
  {
    "Index": 7491,
    "ObjectId": "Obj7491",
    "Attribute1": "Attr1",
    "Attribute2": "Attr2",
    "Attribute3": "Attr3",
    "Transaction": 75
  },
  {
    "Index": 7492,
    "ObjectId": "Obj7492",
    "Attribute1": "Attr1",
    "Attribute2": "Attr2",
    "Attribute3": "Attr3",
    "Transaction": 75
  },
  {
    "Index": 7493,
    "ObjectId": "Obj7493",
    "Attribute1": "Attr1",
    "Attribute2": "Attr2",
    "Attribute3": "Attr3",
    "Transaction": 75
  },
  {
    "Index": 7494,
    "ObjectId": "Obj7494",
    "Attribute1": "Attr1",
    "Attribute2": "Attr2",
    "Attribute3": "Attr3",
    "Transaction": 75
  },
  {
    "Index": 7495,
    "ObjectId": "Obj7495",
    "Attribute1": "Attr1",
    "Attribute2": "Attr2",
    "Attribute3": "Attr3",
    "Transaction": 75
  },
  {
    "Index": 7496,
    "ObjectId": "Obj7496",
    "Attribute1": "Attr1",
    "Attribute2": "Attr2",
    "Attribute3": "Attr3",
    "Transaction": 75
  },
  {
    "Index": 7497,
    "ObjectId": "Obj7497",
    "Attribute1": "Attr1",
    "Attribute2": "Attr2",
    "Attribute3": "Attr3",
    "Transaction": 75
  },
  {
    "Index": 7498,
    "ObjectId": "Obj7498",
    "Attribute1": "Attr1",
    "Attribute2": "Attr2",
    "Attribute3": "Attr3",
    "Transaction": 75
  },
  {
    "Index": 7499,
    "ObjectId": "Obj7499",
    "Attribute1": "Attr1",
    "Attribute2": "Attr2",
    "Attribute3": "Attr3",
    "Transaction": 75
  },
  {
    "Index": 7500,
    "ObjectId": "Obj7500",
    "Attribute1": "Attr1",
    "Attribute2": "Attr2",
    "Attribute3": "Attr3",
    "Transaction": 75
  }
]