[
  {
    "Index": 1801,
    "ObjectId": "Obj1801",
    "Attribute1": "Attr1",
    "Attribute2": "Attr2",
    "Attribute3": "Attr3",
    "Transaction": 19
  },
  {
    "Index": 1802,
    "ObjectId": "Obj1802",
    "Attribute1": "Attr1",
    "Attribute2": "Attr2",
    "Attribute3": "Attr3",
    "Transaction": 19
  },
  {
    "Index": 1803,
    "ObjectId": "Obj1803",
    "Attribute1": "Attr1",
    "Attribute2": "Attr2",
    "Attribute3": "Attr3",
    "Transaction": 19
  },
  {
    "Index": 1804,
    "ObjectId": "Obj1804",
    "Attribute1": "Attr1",
    "Attribute2": "Attr2",
    "Attribute3": "Attr3",
    "Transaction": 19
  },
  {
    "Index": 1805,
    "ObjectId": "Obj1805",
    "Attribute1": "Attr1",
    "Attribute2": "Attr2",
    "Attribute3": "Attr3",
    "Transaction": 19
  },
  {
    "Index": 1806,
    "ObjectId": "Obj1806",
    "Attribute1": "Attr1",
    "Attribute2": "Attr2",
    "Attribute3": "Attr3",
    "Transaction": 19
  },
  {
    "Index": 1807,
    "ObjectId": "Obj1807",
    "Attribute1": "Attr1",
    "Attribute2": "Attr2",
    "Attribute3": "Attr3",
    "Transaction": 19
  },
  {
    "Index": 1808,
    "ObjectId": "Obj1808",
    "Attribute1": "Attr1",
    "Attribute2": "Attr2",
    "Attribute3": "Attr3",
    "Transaction": 19
  },
  {
    "Index": 1809,
    "ObjectId": "Obj1809",
    "Attribute1": "Attr1",
    "Attribute2": "Attr2",
    "Attribute3": "Attr3",
    "Transaction": 19
  },
  {
    "Index": 1810,
    "ObjectId": "Obj1810",
    "Attribute1": "Attr1",
    "Attribute2": "Attr2",
    "Attribute3": "Attr3",
    "Transaction": 19
  },
  {
    "Index": 1811,
    "ObjectId": "Obj1811",
    "Attribute1": "Attr1",
    "Attribute2": "Attr2",
    "Attribute3": "Attr3",
    "Transaction": 19
  },
  {
    "Index": 1812,
    "ObjectId": "Obj1812",
    "Attribute1": "Attr1",
    "Attribute2": "Attr2",
    "Attribute3": "Attr3",
    "Transaction": 19
  },
  {
    "Index": 1813,
    "ObjectId": "Obj1813",
    "Attribute1": "Attr1",
    "Attribute2": "Attr2",
    "Attribute3": "Attr3",
    "Transaction": 19
  },
  {
    "Index": 1814,
    "ObjectId": "Obj1814",
    "Attribute1": "Attr1",
    "Attribute2": "Attr2",
    "Attribute3": "Attr3",
    "Transaction": 19
  },
  {
    "Index": 1815,
    "ObjectId": "Obj1815",
    "Attribute1": "Attr1",
    "Attribute2": "Attr2",
    "Attribute3": "Attr3",
    "Transaction": 19
  },
  {
    "Index": 1816,
    "ObjectId": "Obj1816",
    "Attribute1": "Attr1",
    "Attribute2": "Attr2",
    "Attribute3": "Attr3",
    "Transaction": 19
  },
  {
    "Index": 1817,
    "ObjectId": "Obj1817",
    "Attribute1": "Attr1",
    "Attribute2": "Attr2",
    "Attribute3": "Attr3",
    "Transaction": 19
  },
  {
    "Index": 1818,
    "ObjectId": "Obj1818",
    "Attribute1": "Attr1",
    "Attribute2": "Attr2",
    "Attribute3": "Attr3",
    "Transaction": 19
  },
  {
    "Index": 1819,
    "ObjectId": "Obj1819",
    "Attribute1": "Attr1",
    "Attribute2": "Attr2",
    "Attribute3": "Attr3",
    "Transaction": 19
  },
  {
    "Index": 1820,
    "ObjectId": "Obj1820",
    "Attribute1": "Attr1",
    "Attribute2": "Attr2",
    "Attribute3": "Attr3",
    "Transaction": 19
  },
  {
    "Index": 1821,
    "ObjectId": "Obj1821",
    "Attribute1": "Attr1",
    "Attribute2": "Attr2",
    "Attribute3": "Attr3",
    "Transaction": 19
  },
  {
    "Index": 1822,
    "ObjectId": "Obj1822",
    "Attribute1": "Attr1",
    "Attribute2": "Attr2",
    "Attribute3": "Attr3",
    "Transaction": 19
  },
  {
    "Index": 1823,
    "ObjectId": "Obj1823",
    "Attribute1": "Attr1",
    "Attribute2": "Attr2",
    "Attribute3": "Attr3",
    "Transaction": 19
  },
  {
    "Index": 1824,
    "ObjectId": "Obj1824",
    "Attribute1": "Attr1",
    "Attribute2": "Attr2",
    "Attribute3": "Attr3",
    "Transaction": 19
  },
  {
    "Index": 1825,
    "ObjectId": "Obj1825",
    "Attribute1": "Attr1",
    "Attribute2": "Attr2",
    "Attribute3": "Attr3",
    "Transaction": 19
  },
  {
    "Index": 1826,
    "ObjectId": "Obj1826",
    "Attribute1": "Attr1",
    "Attribute2": "Attr2",
    "Attribute3": "Attr3",
    "Transaction": 19
  },
  {
    "Index": 1827,
    "ObjectId": "Obj1827",
    "Attribute1": "Attr1",
    "Attribute2": "Attr2",
    "Attribute3": "Attr3",
    "Transaction": 19
  },
  {
    "Index": 1828,
    "ObjectId": "Obj1828",
    "Attribute1": "Attr1",
    "Attribute2": "Attr2",
    "Attribute3": "Attr3",
    "Transaction": 19
  },
  {
    "Index": 1829,
    "ObjectId": "Obj1829",
    "Attribute1": "Attr1",
    "Attribute2": "Attr2",
    "Attribute3": "Attr3",
    "Transaction": 19
  },
  {
    "Index": 1830,
    "ObjectId": "Obj1830",
    "Attribute1": "Attr1",
    "Attribute2": "Attr2",
    "Attribute3": "Attr3",
    "Transaction": 19
  },
  {
    "Index": 1831,
    "ObjectId": "Obj1831",
    "Attribute1": "Attr1",
    "Attribute2": "Attr2",
    "Attribute3": "Attr3",
    "Transaction": 19
  },
  {
    "Index": 1832,
    "ObjectId": "Obj1832",
    "Attribute1": "Attr1",
    "Attribute2": "Attr2",
    "Attribute3": "Attr3",
    "Transaction": 19
  },
  {
    "Index": 1833,
    "ObjectId": "Obj1833",
    "Attribute1": "Attr1",
    "Attribute2": "Attr2",
    "Attribute3": "Attr3",
    "Transaction": 19
  },
  {
    "Index": 1834,
    "ObjectId": "Obj1834",
    "Attribute1": "Attr1",
    "Attribute2": "Attr2",
    "Attribute3": "Attr3",
    "Transaction": 19
  },
  {
    "Index": 1835,
    "ObjectId": "Obj1835",
    "Attribute1": "Attr1",
    "Attribute2": "Attr2",
    "Attribute3": "Attr3",
    "Transaction": 19
  },
  {
    "Index": 1836,
    "ObjectId": "Obj1836",
    "Attribute1": "Attr1",
    "Attribute2": "Attr2",
    "Attribute3": "Attr3",
    "Transaction": 19
  },
  {
    "Index": 1837,
    "ObjectId": "Obj1837",
    "Attribute1": "Attr1",
    "Attribute2": "Attr2",
    "Attribute3": "Attr3",
    "Transaction": 19
  },
  {
    "Index": 1838,
    "ObjectId": "Obj1838",
    "Attribute1": "Attr1",
    "Attribute2": "Attr2",
    "Attribute3": "Attr3",
    "Transaction": 19
  },
  {
    "Index": 1839,
    "ObjectId": "Obj1839",
    "Attribute1": "Attr1",
    "Attribute2": "Attr2",
    "Attribute3": "Attr3",
    "Transaction": 19
  },
  {
    "Index": 1840,
    "ObjectId": "Obj1840",
    "Attribute1": "Attr1",
    "Attribute2": "Attr2",
    "Attribute3": "Attr3",
    "Transaction": 19
  },
  {
    "Index": 1841,
    "ObjectId": "Obj1841",
    "Attribute1": "Attr1",
    "Attribute2": "Attr2",
    "Attribute3": "Attr3",
    "Transaction": 19
  },
  {
    "Index": 1842,
    "ObjectId": "Obj1842",
    "Attribute1": "Attr1",
    "Attribute2": "Attr2",
    "Attribute3": "Attr3",
    "Transaction": 19
  },
  {
    "Index": 1843,
    "ObjectId": "Obj1843",
    "Attribute1": "Attr1",
    "Attribute2": "Attr2",
    "Attribute3": "Attr3",
    "Transaction": 19
  },
  {
    "Index": 1844,
    "ObjectId": "Obj1844",
    "Attribute1": "Attr1",
    "Attribute2": "Attr2",
    "Attribute3": "Attr3",
    "Transaction": 19
  },
  {
    "Index": 1845,
    "ObjectId": "Obj1845",
    "Attribute1": "Attr1",
    "Attribute2": "Attr2",
    "Attribute3": "Attr3",
    "Transaction": 19
  },
  {
    "Index": 1846,
    "ObjectId": "Obj1846",
    "Attribute1": "Attr1",
    "Attribute2": "Attr2",
    "Attribute3": "Attr3",
    "Transaction": 19
  },
  {
    "Index": 1847,
    "ObjectId": "Obj1847",
    "Attribute1": "Attr1",
    "Attribute2": "Attr2",
    "Attribute3": "Attr3",
    "Transaction": 19
  },
  {
    "Index": 1848,
    "ObjectId": "Obj1848",
    "Attribute1": "Attr1",
    "Attribute2": "Attr2",
    "Attribute3": "Attr3",
    "Transaction": 19
  },
  {
    "Index": 1849,
    "ObjectId": "Obj1849",
    "Attribute1": "Attr1",
    "Attribute2": "Attr2",
    "Attribute3": "Attr3",
    "Transaction": 19
  },
  {
    "Index": 1850,
    "ObjectId": "Obj1850",
    "Attribute1": "Attr1",
    "Attribute2": "Attr2",
    "Attribute3": "Attr3",
    "Transaction": 19
  },
  {
    "Index": 1851,
    "ObjectId": "Obj1851",
    "Attribute1": "Attr1",
    "Attribute2": "Attr2",
    "Attribute3": "Attr3",
    "Transaction": 19
  },
  {
    "Index": 1852,
    "ObjectId": "Obj1852",
    "Attribute1": "Attr1",
    "Attribute2": "Attr2",
    "Attribute3": "Attr3",
    "Transaction": 19
  },
  {
    "Index": 1853,
    "ObjectId": "Obj1853",
    "Attribute1": "Attr1",
    "Attribute2": "Attr2",
    "Attribute3": "Attr3",
    "Transaction": 19
  },
  {
    "Index": 1854,
    "ObjectId": "Obj1854",
    "Attribute1": "Attr1",
    "Attribute2": "Attr2",
    "Attribute3": "Attr3",
    "Transaction": 19
  },
  {
    "Index": 1855,
    "ObjectId": "Obj1855",
    "Attribute1": "Attr1",
    "Attribute2": "Attr2",
    "Attribute3": "Attr3",
    "Transaction": 19
  },
  {
    "Index": 1856,
    "ObjectId": "Obj1856",
    "Attribute1": "Attr1",
    "Attribute2": "Attr2",
    "Attribute3": "Attr3",
    "Transaction": 19
  },
  {
    "Index": 1857,
    "ObjectId": "Obj1857",
    "Attribute1": "Attr1",
    "Attribute2": "Attr2",
    "Attribute3": "Attr3",
    "Transaction": 19
  },
  {
    "Index": 1858,
    "ObjectId": "Obj1858",
    "Attribute1": "Attr1",
    "Attribute2": "Attr2",
    "Attribute3": "Attr3",
    "Transaction": 19
  },
  {
    "Index": 1859,
    "ObjectId": "Obj1859",
    "Attribute1": "Attr1",
    "Attribute2": "Attr2",
    "Attribute3": "Attr3",
    "Transaction": 19
  },
  {
    "Index": 1860,
    "ObjectId": "Obj1860",
    "Attribute1": "Attr1",
    "Attribute2": "Attr2",
    "Attribute3": "Attr3",
    "Transaction": 19
  },
  {
    "Index": 1861,
    "ObjectId": "Obj1861",
    "Attribute1": "Attr1",
    "Attribute2": "Attr2",
    "Attribute3": "Attr3",
    "Transaction": 19
  },
  {
    "Index": 1862,
    "ObjectId": "Obj1862",
    "Attribute1": "Attr1",
    "Attribute2": "Attr2",
    "Attribute3": "Attr3",
    "Transaction": 19
  },
  {
    "Index": 1863,
    "ObjectId": "Obj1863",
    "Attribute1": "Attr1",
    "Attribute2": "Attr2",
    "Attribute3": "Attr3",
    "Transaction": 19
  },
  {
    "Index": 1864,
    "ObjectId": "Obj1864",
    "Attribute1": "Attr1",
    "Attribute2": "Attr2",
    "Attribute3": "Attr3",
    "Transaction": 19
  },
  {
    "Index": 1865,
    "ObjectId": "Obj1865",
    "Attribute1": "Attr1",
    "Attribute2": "Attr2",
    "Attribute3": "Attr3",
    "Transaction": 19
  },
  {
    "Index": 1866,
    "ObjectId": "Obj1866",
    "Attribute1": "Attr1",
    "Attribute2": "Attr2",
    "Attribute3": "Attr3",
    "Transaction": 19
  },
  {
    "Index": 1867,
    "ObjectId": "Obj1867",
    "Attribute1": "Attr1",
    "Attribute2": "Attr2",
    "Attribute3": "Attr3",
    "Transaction": 19
  },
  {
    "Index": 1868,
    "ObjectId": "Obj1868",
    "Attribute1": "Attr1",
    "Attribute2": "Attr2",
    "Attribute3": "Attr3",
    "Transaction": 19
  },
  {
    "Index": 1869,
    "ObjectId": "Obj1869",
    "Attribute1": "Attr1",
    "Attribute2": "Attr2",
    "Attribute3": "Attr3",
    "Transaction": 19
  },
  {
    "Index": 1870,
    "ObjectId": "Obj1870",
    "Attribute1": "Attr1",
    "Attribute2": "Attr2",
    "Attribute3": "Attr3",
    "Transaction": 19
  },
  {
    "Index": 1871,
    "ObjectId": "Obj1871",
    "Attribute1": "Attr1",
    "Attribute2": "Attr2",
    "Attribute3": "Attr3",
    "Transaction": 19
  },
  {
    "Index": 1872,
    "ObjectId": "Obj1872",
    "Attribute1": "Attr1",
    "Attribute2": "Attr2",
    "Attribute3": "Attr3",
    "Transaction": 19
  },
  {
    "Index": 1873,
    "ObjectId": "Obj1873",
    "Attribute1": "Attr1",
    "Attribute2": "Attr2",
    "Attribute3": "Attr3",
    "Transaction": 19
  },
  {
    "Index": 1874,
    "ObjectId": "Obj1874",
    "Attribute1": "Attr1",
    "Attribute2": "Attr2",
    "Attribute3": "Attr3",
    "Transaction": 19
  },
  {
    "Index": 1875,
    "ObjectId": "Obj1875",
    "Attribute1": "Attr1",
    "Attribute2": "Attr2",
    "Attribute3": "Attr3",
    "Transaction": 19
  },
  {
    "Index": 1876,
    "ObjectId": "Obj1876",
    "Attribute1": "Attr1",
    "Attribute2": "Attr2",
    "Attribute3": "Attr3",
    "Transaction": 19
  },
  {
    "Index": 1877,
    "ObjectId": "Obj1877",
    "Attribute1": "Attr1",
    "Attribute2": "Attr2",
    "Attribute3": "Attr3",
    "Transaction": 19
  },
  {
    "Index": 1878,
    "ObjectId": "Obj1878",
    "Attribute1": "Attr1",
    "Attribute2": "Attr2",
    "Attribute3": "Attr3",
    "Transaction": 19
  },
  {
    "Index": 1879,
    "ObjectId": "Obj1879",
    "Attribute1": "Attr1",
    "Attribute2": "Attr2",
    "Attribute3": "Attr3",
    "Transaction": 19
  },
  {
    "Index": 1880,
    "ObjectId": "Obj1880",
    "Attribute1": "Attr1",
    "Attribute2": "Attr2",
    "Attribute3": "Attr3",
    "Transaction": 19
  },
  {
    "Index": 1881,
    "ObjectId": "Obj1881",
    "Attribute1": "Attr1",
    "Attribute2": "Attr2",
    "Attribute3": "Attr3",
    "Transaction": 19
  },
  {
    "Index": 1882,
    "ObjectId": "Obj1882",
    "Attribute1": "Attr1",
    "Attribute2": "Attr2",
    "Attribute3": "Attr3",
    "Transaction": 19
  },
  {
    "Index": 1883,
    "ObjectId": "Obj1883",
    "Attribute1": "Attr1",
    "Attribute2": "Attr2",
    "Attribute3": "Attr3",
    "Transaction": 19
  },
  {
    "Index": 1884,
    "ObjectId": "Obj1884",
    "Attribute1": "Attr1",
    "Attribute2": "Attr2",
    "Attribute3": "Attr3",
    "Transaction": 19
  },
  {
    "Index": 1885,
    "ObjectId": "Obj1885",
    "Attribute1": "Attr1",
    "Attribute2": "Attr2",
    "Attribute3": "Attr3",
    "Transaction": 19
  },
  {
    "Index": 1886,
    "ObjectId": "Obj1886",
    "Attribute1": "Attr1",
    "Attribute2": "Attr2",
    "Attribute3": "Attr3",
    "Transaction": 19
  },
  {
    "Index": 1887,
    "ObjectId": "Obj1887",
    "Attribute1": "Attr1",
    "Attribute2": "Attr2",
    "Attribute3": "Attr3",
    "Transaction": 19
  },
  {
    "Index": 1888,
    "ObjectId": "Obj1888",
    "Attribute1": "Attr1",
    "Attribute2": "Attr2",
    "Attribute3": "Attr3",
    "Transaction": 19
  },
  {
    "Index": 1889,
    "ObjectId": "Obj1889",
    "Attribute1": "Attr1",
    "Attribute2": "Attr2",
    "Attribute3": "Attr3",
    "Transaction": 19
  },
  {
    "Index": 1890,
    "ObjectId": "Obj1890",
    "Attribute1": "Attr1",
    "Attribute2": "Attr2",
    "Attribute3": "Attr3",
    "Transaction": 19
  },
  {
    "Index": 1891,
    "ObjectId": "Obj1891",
    "Attribute1": "Attr1",
    "Attribute2": "Attr2",
    "Attribute3": "Attr3",
    "Transaction": 19
  },
  {
    "Index": 1892,
    "ObjectId": "Obj1892",
    "Attribute1": "Attr1",
    "Attribute2": "Attr2",
    "Attribute3": "Attr3",
    "Transaction": 19
  },
  {
    "Index": 1893,
    "ObjectId": "Obj1893",
    "Attribute1": "Attr1",
    "Attribute2": "Attr2",
    "Attribute3": "Attr3",
    "Transaction": 19
  },
  {
    "Index": 1894,
    "ObjectId": "Obj1894",
    "Attribute1": "Attr1",
    "Attribute2": "Attr2",
    "Attribute3": "Attr3",
    "Transaction": 19
  },
  {
    "Index": 1895,
    "ObjectId": "Obj1895",
    "Attribute1": "Attr1",
    "Attribute2": "Attr2",
    "Attribute3": "Attr3",
    "Transaction": 19
  },
  {
    "Index": 1896,
    "ObjectId": "Obj1896",
    "Attribute1": "Attr1",
    "Attribute2": "Attr2",
    "Attribute3": "Attr3",
    "Transaction": 19
  },
  {
    "Index": 1897,
    "ObjectId": "Obj1897",
    "Attribute1": "Attr1",
    "Attribute2": "Attr2",
    "Attribute3": "Attr3",
    "Transaction": 19
  },
  {
    "Index": 1898,
    "ObjectId": "Obj1898",
    "Attribute1": "Attr1",
    "Attribute2": "Attr2",
    "Attribute3": "Attr3",
    "Transaction": 19
  },
  {
    "Index": 1899,
    "ObjectId": "Obj1899",
    "Attribute1": "Attr1",
    "Attribute2": "Attr2",
    "Attribute3": "Attr3",
    "Transaction": 19
  },
  {
    "Index": 1900,
    "ObjectId": "Obj1900",
    "Attribute1": "Attr1",
    "Attribute2": "Attr2",
    "Attribute3": "Attr3",
    "Transaction": 19
  }
]