[
  {
    "Index": 1001,
    "ObjectId": "Obj1001",
    "Attribute1": "Attr1",
    "Attribute2": "Attr2",
    "Attribute3": "Attr3",
    "Transaction": 11
  },
  {
    "Index": 1002,
    "ObjectId": "Obj1002",
    "Attribute1": "Attr1",
    "Attribute2": "Attr2",
    "Attribute3": "Attr3",
    "Transaction": 11
  },
  {
    "Index": 1003,
    "ObjectId": "Obj1003",
    "Attribute1": "Attr1",
    "Attribute2": "Attr2",
    "Attribute3": "Attr3",
    "Transaction": 11
  },
  {
    "Index": 1004,
    "ObjectId": "Obj1004",
    "Attribute1": "Attr1",
    "Attribute2": "Attr2",
    "Attribute3": "Attr3",
    "Transaction": 11
  },
  {
    "Index": 1005,
    "ObjectId": "Obj1005",
    "Attribute1": "Attr1",
    "Attribute2": "Attr2",
    "Attribute3": "Attr3",
    "Transaction": 11
  },
  {
    "Index": 1006,
    "ObjectId": "Obj1006",
    "Attribute1": "Attr1",
    "Attribute2": "Attr2",
    "Attribute3": "Attr3",
    "Transaction": 11
  },
  {
    "Index": 1007,
    "ObjectId": "Obj1007",
    "Attribute1": "Attr1",
    "Attribute2": "Attr2",
    "Attribute3": "Attr3",
    "Transaction": 11
  },
  {
    "Index": 1008,
    "ObjectId": "Obj1008",
    "Attribute1": "Attr1",
    "Attribute2": "Attr2",
    "Attribute3": "Attr3",
    "Transaction": 11
  },
  {
    "Index": 1009,
    "ObjectId": "Obj1009",
    "Attribute1": "Attr1",
    "Attribute2": "Attr2",
    "Attribute3": "Attr3",
    "Transaction": 11
  },
  {
    "Index": 1010,
    "ObjectId": "Obj1010",
    "Attribute1": "Attr1",
    "Attribute2": "Attr2",
    "Attribute3": "Attr3",
    "Transaction": 11
  },
  {
    "Index": 1011,
    "ObjectId": "Obj1011",
    "Attribute1": "Attr1",
    "Attribute2": "Attr2",
    "Attribute3": "Attr3",
    "Transaction": 11
  },
  {
    "Index": 1012,
    "ObjectId": "Obj1012",
    "Attribute1": "Attr1",
    "Attribute2": "Attr2",
    "Attribute3": "Attr3",
    "Transaction": 11
  },
  {
    "Index": 1013,
    "ObjectId": "Obj1013",
    "Attribute1": "Attr1",
    "Attribute2": "Attr2",
    "Attribute3": "Attr3",
    "Transaction": 11
  },
  {
    "Index": 1014,
    "ObjectId": "Obj1014",
    "Attribute1": "Attr1",
    "Attribute2": "Attr2",
    "Attribute3": "Attr3",
    "Transaction": 11
  },
  {
    "Index": 1015,
    "ObjectId": "Obj1015",
    "Attribute1": "Attr1",
    "Attribute2": "Attr2",
    "Attribute3": "Attr3",
    "Transaction": 11
  },
  {
    "Index": 1016,
    "ObjectId": "Obj1016",
    "Attribute1": "Attr1",
    "Attribute2": "Attr2",
    "Attribute3": "Attr3",
    "Transaction": 11
  },
  {
    "Index": 1017,
    "ObjectId": "Obj1017",
    "Attribute1": "Attr1",
    "Attribute2": "Attr2",
    "Attribute3": "Attr3",
    "Transaction": 11
  },
  {
    "Index": 1018,
    "ObjectId": "Obj1018",
    "Attribute1": "Attr1",
    "Attribute2": "Attr2",
    "Attribute3": "Attr3",
    "Transaction": 11
  },
  {
    "Index": 1019,
    "ObjectId": "Obj1019",
    "Attribute1": "Attr1",
    "Attribute2": "Attr2",
    "Attribute3": "Attr3",
    "Transaction": 11
  },
  {
    "Index": 1020,
    "ObjectId": "Obj1020",
    "Attribute1": "Attr1",
    "Attribute2": "Attr2",
    "Attribute3": "Attr3",
    "Transaction": 11
  },
  {
    "Index": 1021,
    "ObjectId": "Obj1021",
    "Attribute1": "Attr1",
    "Attribute2": "Attr2",
    "Attribute3": "Attr3",
    "Transaction": 11
  },
  {
    "Index": 1022,
    "ObjectId": "Obj1022",
    "Attribute1": "Attr1",
    "Attribute2": "Attr2",
    "Attribute3": "Attr3",
    "Transaction": 11
  },
  {
    "Index": 1023,
    "ObjectId": "Obj1023",
    "Attribute1": "Attr1",
    "Attribute2": "Attr2",
    "Attribute3": "Attr3",
    "Transaction": 11
  },
  {
    "Index": 1024,
    "ObjectId": "Obj1024",
    "Attribute1": "Attr1",
    "Attribute2": "Attr2",
    "Attribute3": "Attr3",
    "Transaction": 11
  },
  {
    "Index": 1025,
    "ObjectId": "Obj1025",
    "Attribute1": "Attr1",
    "Attribute2": "Attr2",
    "Attribute3": "Attr3",
    "Transaction": 11
  },
  {
    "Index": 1026,
    "ObjectId": "Obj1026",
    "Attribute1": "Attr1",
    "Attribute2": "Attr2",
    "Attribute3": "Attr3",
    "Transaction": 11
  },
  {
    "Index": 1027,
    "ObjectId": "Obj1027",
    "Attribute1": "Attr1",
    "Attribute2": "Attr2",
    "Attribute3": "Attr3",
    "Transaction": 11
  },
  {
    "Index": 1028,
    "ObjectId": "Obj1028",
    "Attribute1": "Attr1",
    "Attribute2": "Attr2",
    "Attribute3": "Attr3",
    "Transaction": 11
  },
  {
    "Index": 1029,
    "ObjectId": "Obj1029",
    "Attribute1": "Attr1",
    "Attribute2": "Attr2",
    "Attribute3": "Attr3",
    "Transaction": 11
  },
  {
    "Index": 1030,
    "ObjectId": "Obj1030",
    "Attribute1": "Attr1",
    "Attribute2": "Attr2",
    "Attribute3": "Attr3",
    "Transaction": 11
  },
  {
    "Index": 1031,
    "ObjectId": "Obj1031",
    "Attribute1": "Attr1",
    "Attribute2": "Attr2",
    "Attribute3": "Attr3",
    "Transaction": 11
  },
  {
    "Index": 1032,
    "ObjectId": "Obj1032",
    "Attribute1": "Attr1",
    "Attribute2": "Attr2",
    "Attribute3": "Attr3",
    "Transaction": 11
  },
  {
    "Index": 1033,
    "ObjectId": "Obj1033",
    "Attribute1": "Attr1",
    "Attribute2": "Attr2",
    "Attribute3": "Attr3",
    "Transaction": 11
  },
  {
    "Index": 1034,
    "ObjectId": "Obj1034",
    "Attribute1": "Attr1",
    "Attribute2": "Attr2",
    "Attribute3": "Attr3",
    "Transaction": 11
  },
  {
    "Index": 1035,
    "ObjectId": "Obj1035",
    "Attribute1": "Attr1",
    "Attribute2": "Attr2",
    "Attribute3": "Attr3",
    "Transaction": 11
  },
  {
    "Index": 1036,
    "ObjectId": "Obj1036",
    "Attribute1": "Attr1",
    "Attribute2": "Attr2",
    "Attribute3": "Attr3",
    "Transaction": 11
  },
  {
    "Index": 1037,
    "ObjectId": "Obj1037",
    "Attribute1": "Attr1",
    "Attribute2": "Attr2",
    "Attribute3": "Attr3",
    "Transaction": 11
  },
  {
    "Index": 1038,
    "ObjectId": "Obj1038",
    "Attribute1": "Attr1",
    "Attribute2": "Attr2",
    "Attribute3": "Attr3",
    "Transaction": 11
  },
  {
    "Index": 1039,
    "ObjectId": "Obj1039",
    "Attribute1": "Attr1",
    "Attribute2": "Attr2",
    "Attribute3": "Attr3",
    "Transaction": 11
  },
  {
    "Index": 1040,
    "ObjectId": "Obj1040",
    "Attribute1": "Attr1",
    "Attribute2": "Attr2",
    "Attribute3": "Attr3",
    "Transaction": 11
  },
  {
    "Index": 1041,
    "ObjectId": "Obj1041",
    "Attribute1": "Attr1",
    "Attribute2": "Attr2",
    "Attribute3": "Attr3",
    "Transaction": 11
  },
  {
    "Index": 1042,
    "ObjectId": "Obj1042",
    "Attribute1": "Attr1",
    "Attribute2": "Attr2",
    "Attribute3": "Attr3",
    "Transaction": 11
  },
  {
    "Index": 1043,
    "ObjectId": "Obj1043",
    "Attribute1": "Attr1",
    "Attribute2": "Attr2",
    "Attribute3": "Attr3",
    "Transaction": 11
  },
  {
    "Index": 1044,
    "ObjectId": "Obj1044",
    "Attribute1": "Attr1",
    "Attribute2": "Attr2",
    "Attribute3": "Attr3",
    "Transaction": 11
  },
  {
    "Index": 1045,
    "ObjectId": "Obj1045",
    "Attribute1": "Attr1",
    "Attribute2": "Attr2",
    "Attribute3": "Attr3",
    "Transaction": 11
  },
  {
    "Index": 1046,
    "ObjectId": "Obj1046",
    "Attribute1": "Attr1",
    "Attribute2": "Attr2",
    "Attribute3": "Attr3",
    "Transaction": 11
  },
  {
    "Index": 1047,
    "ObjectId": "Obj1047",
    "Attribute1": "Attr1",
    "Attribute2": "Attr2",
    "Attribute3": "Attr3",
    "Transaction": 11
  },
  {
    "Index": 1048,
    "ObjectId": "Obj1048",
    "Attribute1": "Attr1",
    "Attribute2": "Attr2",
    "Attribute3": "Attr3",
    "Transaction": 11
  },
  {
    "Index": 1049,
    "ObjectId": "Obj1049",
    "Attribute1": "Attr1",
    "Attribute2": "Attr2",
    "Attribute3": "Attr3",
    "Transaction": 11
  },
  {
    "Index": 1050,
    "ObjectId": "Obj1050",
    "Attribute1": "Attr1",
    "Attribute2": "Attr2",
    "Attribute3": "Attr3",
    "Transaction": 11
  },
  {
    "Index": 1051,
    "ObjectId": "Obj1051",
    "Attribute1": "Attr1",
    "Attribute2": "Attr2",
    "Attribute3": "Attr3",
    "Transaction": 11
  },
  {
    "Index": 1052,
    "ObjectId": "Obj1052",
    "Attribute1": "Attr1",
    "Attribute2": "Attr2",
    "Attribute3": "Attr3",
    "Transaction": 11
  },
  {
    "Index": 1053,
    "ObjectId": "Obj1053",
    "Attribute1": "Attr1",
    "Attribute2": "Attr2",
    "Attribute3": "Attr3",
    "Transaction": 11
  },
  {
    "Index": 1054,
    "ObjectId": "Obj1054",
    "Attribute1": "Attr1",
    "Attribute2": "Attr2",
    "Attribute3": "Attr3",
    "Transaction": 11
  },
  {
    "Index": 1055,
    "ObjectId": "Obj1055",
    "Attribute1": "Attr1",
    "Attribute2": "Attr2",
    "Attribute3": "Attr3",
    "Transaction": 11
  },
  {
    "Index": 1056,
    "ObjectId": "Obj1056",
    "Attribute1": "Attr1",
    "Attribute2": "Attr2",
    "Attribute3": "Attr3",
    "Transaction": 11
  },
  {
    "Index": 1057,
    "ObjectId": "Obj1057",
    "Attribute1": "Attr1",
    "Attribute2": "Attr2",
    "Attribute3": "Attr3",
    "Transaction": 11
  },
  {
    "Index": 1058,
    "ObjectId": "Obj1058",
    "Attribute1": "Attr1",
    "Attribute2": "Attr2",
    "Attribute3": "Attr3",
    "Transaction": 11
  },
  {
    "Index": 1059,
    "ObjectId": "Obj1059",
    "Attribute1": "Attr1",
    "Attribute2": "Attr2",
    "Attribute3": "Attr3",
    "Transaction": 11
  },
  {
    "Index": 1060,
    "ObjectId": "Obj1060",
    "Attribute1": "Attr1",
    "Attribute2": "Attr2",
    "Attribute3": "Attr3",
    "Transaction": 11
  },
  {
    "Index": 1061,
    "ObjectId": "Obj1061",
    "Attribute1": "Attr1",
    "Attribute2": "Attr2",
    "Attribute3": "Attr3",
    "Transaction": 11
  },
  {
    "Index": 1062,
    "ObjectId": "Obj1062",
    "Attribute1": "Attr1",
    "Attribute2": "Attr2",
    "Attribute3": "Attr3",
    "Transaction": 11
  },
  {
    "Index": 1063,
    "ObjectId": "Obj1063",
    "Attribute1": "Attr1",
    "Attribute2": "Attr2",
    "Attribute3": "Attr3",
    "Transaction": 11
  },
  {
    "Index": 1064,
    "ObjectId": "Obj1064",
    "Attribute1": "Attr1",
    "Attribute2": "Attr2",
    "Attribute3": "Attr3",
    "Transaction": 11
  },
  {
    "Index": 1065,
    "ObjectId": "Obj1065",
    "Attribute1": "Attr1",
    "Attribute2": "Attr2",
    "Attribute3": "Attr3",
    "Transaction": 11
  },
  {
    "Index": 1066,
    "ObjectId": "Obj1066",
    "Attribute1": "Attr1",
    "Attribute2": "Attr2",
    "Attribute3": "Attr3",
    "Transaction": 11
  },
  {
    "Index": 1067,
    "ObjectId": "Obj1067",
    "Attribute1": "Attr1",
    "Attribute2": "Attr2",
    "Attribute3": "Attr3",
    "Transaction": 11
  },
  {
    "Index": 1068,
    "ObjectId": "Obj1068",
    "Attribute1": "Attr1",
    "Attribute2": "Attr2",
    "Attribute3": "Attr3",
    "Transaction": 11
  },
  {
    "Index": 1069,
    "ObjectId": "Obj1069",
    "Attribute1": "Attr1",
    "Attribute2": "Attr2",
    "Attribute3": "Attr3",
    "Transaction": 11
  },
  {
    "Index": 1070,
    "ObjectId": "Obj1070",
    "Attribute1": "Attr1",
    "Attribute2": "Attr2",
    "Attribute3": "Attr3",
    "Transaction": 11
  },
  {
    "Index": 1071,
    "ObjectId": "Obj1071",
    "Attribute1": "Attr1",
    "Attribute2": "Attr2",
    "Attribute3": "Attr3",
    "Transaction": 11
  },
  {
    "Index": 1072,
    "ObjectId": "Obj1072",
    "Attribute1": "Attr1",
    "Attribute2": "Attr2",
    "Attribute3": "Attr3",
    "Transaction": 11
  },
  {
    "Index": 1073,
    "ObjectId": "Obj1073",
    "Attribute1": "Attr1",
    "Attribute2": "Attr2",
    "Attribute3": "Attr3",
    "Transaction": 11
  },
  {
    "Index": 1074,
    "ObjectId": "Obj1074",
    "Attribute1": "Attr1",
    "Attribute2": "Attr2",
    "Attribute3": "Attr3",
    "Transaction": 11
  },
  {
    "Index": 1075,
    "ObjectId": "Obj1075",
    "Attribute1": "Attr1",
    "Attribute2": "Attr2",
    "Attribute3": "Attr3",
    "Transaction": 11
  },
  {
    "Index": 1076,
    "ObjectId": "Obj1076",
    "Attribute1": "Attr1",
    "Attribute2": "Attr2",
    "Attribute3": "Attr3",
    "Transaction": 11
  },
  {
    "Index": 1077,
    "ObjectId": "Obj1077",
    "Attribute1": "Attr1",
    "Attribute2": "Attr2",
    "Attribute3": "Attr3",
    "Transaction": 11
  },
  {
    "Index": 1078,
    "ObjectId": "Obj1078",
    "Attribute1": "Attr1",
    "Attribute2": "Attr2",
    "Attribute3": "Attr3",
    "Transaction": 11
  },
  {
    "Index": 1079,
    "ObjectId": "Obj1079",
    "Attribute1": "Attr1",
    "Attribute2": "Attr2",
    "Attribute3": "Attr3",
    "Transaction": 11
  },
  {
    "Index": 1080,
    "ObjectId": "Obj1080",
    "Attribute1": "Attr1",
    "Attribute2": "Attr2",
    "Attribute3": "Attr3",
    "Transaction": 11
  },
  {
    "Index": 1081,
    "ObjectId": "Obj1081",
    "Attribute1": "Attr1",
    "Attribute2": "Attr2",
    "Attribute3": "Attr3",
    "Transaction": 11
  },
  {
    "Index": 1082,
    "ObjectId": "Obj1082",
    "Attribute1": "Attr1",
    "Attribute2": "Attr2",
    "Attribute3": "Attr3",
    "Transaction": 11
  },
  {
    "Index": 1083,
    "ObjectId": "Obj1083",
    "Attribute1": "Attr1",
    "Attribute2": "Attr2",
    "Attribute3": "Attr3",
    "Transaction": 11
  },
  {
    "Index": 1084,
    "ObjectId": "Obj1084",
    "Attribute1": "Attr1",
    "Attribute2": "Attr2",
    "Attribute3": "Attr3",
    "Transaction": 11
  },
  {
    "Index": 1085,
    "ObjectId": "Obj1085",
    "Attribute1": "Attr1",
    "Attribute2": "Attr2",
    "Attribute3": "Attr3",
    "Transaction": 11
  },
  {
    "Index": 1086,
    "ObjectId": "Obj1086",
    "Attribute1": "Attr1",
    "Attribute2": "Attr2",
    "Attribute3": "Attr3",
    "Transaction": 11
  },
  {
    "Index": 1087,
    "ObjectId": "Obj1087",
    "Attribute1": "Attr1",
    "Attribute2": "Attr2",
    "Attribute3": "Attr3",
    "Transaction": 11
  },
  {
    "Index": 1088,
    "ObjectId": "Obj1088",
    "Attribute1": "Attr1",
    "Attribute2": "Attr2",
    "Attribute3": "Attr3",
    "Transaction": 11
  },
  {
    "Index": 1089,
    "ObjectId": "Obj1089",
    "Attribute1": "Attr1",
    "Attribute2": "Attr2",
    "Attribute3": "Attr3",
    "Transaction": 11
  },
  {
    "Index": 1090,
    "ObjectId": "Obj1090",
    "Attribute1": "Attr1",
    "Attribute2": "Attr2",
    "Attribute3": "Attr3",
    "Transaction": 11
  },
  {
    "Index": 1091,
    "ObjectId": "Obj1091",
    "Attribute1": "Attr1",
    "Attribute2": "Attr2",
    "Attribute3": "Attr3",
    "Transaction": 11
  },
  {
    "Index": 1092,
    "ObjectId": "Obj1092",
    "Attribute1": "Attr1",
    "Attribute2": "Attr2",
    "Attribute3": "Attr3",
    "Transaction": 11
  },
  {
    "Index": 1093,
    "ObjectId": "Obj1093",
    "Attribute1": "Attr1",
    "Attribute2": "Attr2",
    "Attribute3": "Attr3",
    "Transaction": 11
  },
  {
    "Index": 1094,
    "ObjectId": "Obj1094",
    "Attribute1": "Attr1",
    "Attribute2": "Attr2",
    "Attribute3": "Attr3",
    "Transaction": 11
  },
  {
    "Index": 1095,
    "ObjectId": "Obj1095",
    "Attribute1": "Attr1",
    "Attribute2": "Attr2",
    "Attribute3": "Attr3",
    "Transaction": 11
  },
  {
    "Index": 1096,
    "ObjectId": "Obj1096",
    "Attribute1": "Attr1",
    "Attribute2": "Attr2",
    "Attribute3": "Attr3",
    "Transaction": 11
  },
  {
    "Index": 1097,
    "ObjectId": "Obj1097",
    "Attribute1": "Attr1",
    "Attribute2": "Attr2",
    "Attribute3": "Attr3",
    "Transaction": 11
  },
  {
    "Index": 1098,
    "ObjectId": "Obj1098",
    "Attribute1": "Attr1",
    "Attribute2": "Attr2",
    "Attribute3": "Attr3",
    "Transaction": 11
  },
  {
    "Index": 1099,
    "ObjectId": "Obj1099",
    "Attribute1": "Attr1",
    "Attribute2": "Attr2",
    "Attribute3": "Attr3",
    "Transaction": 11
  },
  {
    "Index": 1100,
    "ObjectId": "Obj1100",
    "Attribute1": "Attr1",
    "Attribute2": "Attr2",
    "Attribute3": "Attr3",
    "Transaction": 11
  }
]