[
  {
    "Index": 9601,
    "ObjectId": "Obj9601",
    "Attribute1": "Attr1",
    "Attribute2": "Attr2",
    "Attribute3": "Attr3",
    "Transaction": 97
  },
  {
    "Index": 9602,
    "ObjectId": "Obj9602",
    "Attribute1": "Attr1",
    "Attribute2": "Attr2",
    "Attribute3": "Attr3",
    "Transaction": 97
  },
  {
    "Index": 9603,
    "ObjectId": "Obj9603",
    "Attribute1": "Attr1",
    "Attribute2": "Attr2",
    "Attribute3": "Attr3",
    "Transaction": 97
  },
  {
    "Index": 9604,
    "ObjectId": "Obj9604",
    "Attribute1": "Attr1",
    "Attribute2": "Attr2",
    "Attribute3": "Attr3",
    "Transaction": 97
  },
  {
    "Index": 9605,
    "ObjectId": "Obj9605",
    "Attribute1": "Attr1",
    "Attribute2": "Attr2",
    "Attribute3": "Attr3",
    "Transaction": 97
  },
  {
    "Index": 9606,
    "ObjectId": "Obj9606",
    "Attribute1": "Attr1",
    "Attribute2": "Attr2",
    "Attribute3": "Attr3",
    "Transaction": 97
  },
  {
    "Index": 9607,
    "ObjectId": "Obj9607",
    "Attribute1": "Attr1",
    "Attribute2": "Attr2",
    "Attribute3": "Attr3",
    "Transaction": 97
  },
  {
    "Index": 9608,
    "ObjectId": "Obj9608",
    "Attribute1": "Attr1",
    "Attribute2": "Attr2",
    "Attribute3": "Attr3",
    "Transaction": 97
  },
  {
    "Index": 9609,
    "ObjectId": "Obj9609",
    "Attribute1": "Attr1",
    "Attribute2": "Attr2",
    "Attribute3": "Attr3",
    "Transaction": 97
  },
  {
    "Index": 9610,
    "ObjectId": "Obj9610",
    "Attribute1": "Attr1",
    "Attribute2": "Attr2",
    "Attribute3": "Attr3",
    "Transaction": 97
  },
  {
    "Index": 9611,
    "ObjectId": "Obj9611",
    "Attribute1": "Attr1",
    "Attribute2": "Attr2",
    "Attribute3": "Attr3",
    "Transaction": 97
  },
  {
    "Index": 9612,
    "ObjectId": "Obj9612",
    "Attribute1": "Attr1",
    "Attribute2": "Attr2",
    "Attribute3": "Attr3",
    "Transaction": 97
  },
  {
    "Index": 9613,
    "ObjectId": "Obj9613",
    "Attribute1": "Attr1",
    "Attribute2": "Attr2",
    "Attribute3": "Attr3",
    "Transaction": 97
  },
  {
    "Index": 9614,
    "ObjectId": "Obj9614",
    "Attribute1": "Attr1",
    "Attribute2": "Attr2",
    "Attribute3": "Attr3",
    "Transaction": 97
  },
  {
    "Index": 9615,
    "ObjectId": "Obj9615",
    "Attribute1": "Attr1",
    "Attribute2": "Attr2",
    "Attribute3": "Attr3",
    "Transaction": 97
  },
  {
    "Index": 9616,
    "ObjectId": "Obj9616",
    "Attribute1": "Attr1",
    "Attribute2": "Attr2",
    "Attribute3": "Attr3",
    "Transaction": 97
  },
  {
    "Index": 9617,
    "ObjectId": "Obj9617",
    "Attribute1": "Attr1",
    "Attribute2": "Attr2",
    "Attribute3": "Attr3",
    "Transaction": 97
  },
  {
    "Index": 9618,
    "ObjectId": "Obj9618",
    "Attribute1": "Attr1",
    "Attribute2": "Attr2",
    "Attribute3": "Attr3",
    "Transaction": 97
  },
  {
    "Index": 9619,
    "ObjectId": "Obj9619",
    "Attribute1": "Attr1",
    "Attribute2": "Attr2",
    "Attribute3": "Attr3",
    "Transaction": 97
  },
  {
    "Index": 9620,
    "ObjectId": "Obj9620",
    "Attribute1": "Attr1",
    "Attribute2": "Attr2",
    "Attribute3": "Attr3",
    "Transaction": 97
  },
  {
    "Index": 9621,
    "ObjectId": "Obj9621",
    "Attribute1": "Attr1",
    "Attribute2": "Attr2",
    "Attribute3": "Attr3",
    "Transaction": 97
  },
  {
    "Index": 9622,
    "ObjectId": "Obj9622",
    "Attribute1": "Attr1",
    "Attribute2": "Attr2",
    "Attribute3": "Attr3",
    "Transaction": 97
  },
  {
    "Index": 9623,
    "ObjectId": "Obj9623",
    "Attribute1": "Attr1",
    "Attribute2": "Attr2",
    "Attribute3": "Attr3",
    "Transaction": 97
  },
  {
    "Index": 9624,
    "ObjectId": "Obj9624",
    "Attribute1": "Attr1",
    "Attribute2": "Attr2",
    "Attribute3": "Attr3",
    "Transaction": 97
  },
  {
    "Index": 9625,
    "ObjectId": "Obj9625",
    "Attribute1": "Attr1",
    "Attribute2": "Attr2",
    "Attribute3": "Attr3",
    "Transaction": 97
  },
  {
    "Index": 9626,
    "ObjectId": "Obj9626",
    "Attribute1": "Attr1",
    "Attribute2": "Attr2",
    "Attribute3": "Attr3",
    "Transaction": 97
  },
  {
    "Index": 9627,
    "ObjectId": "Obj9627",
    "Attribute1": "Attr1",
    "Attribute2": "Attr2",
    "Attribute3": "Attr3",
    "Transaction": 97
  },
  {
    "Index": 9628,
    "ObjectId": "Obj9628",
    "Attribute1": "Attr1",
    "Attribute2": "Attr2",
    "Attribute3": "Attr3",
    "Transaction": 97
  },
  {
    "Index": 9629,
    "ObjectId": "Obj9629",
    "Attribute1": "Attr1",
    "Attribute2": "Attr2",
    "Attribute3": "Attr3",
    "Transaction": 97
  },
  {
    "Index": 9630,
    "ObjectId": "Obj9630",
    "Attribute1": "Attr1",
    "Attribute2": "Attr2",
    "Attribute3": "Attr3",
    "Transaction": 97
  },
  {
    "Index": 9631,
    "ObjectId": "Obj9631",
    "Attribute1": "Attr1",
    "Attribute2": "Attr2",
    "Attribute3": "Attr3",
    "Transaction": 97
  },
  {
    "Index": 9632,
    "ObjectId": "Obj9632",
    "Attribute1": "Attr1",
    "Attribute2": "Attr2",
    "Attribute3": "Attr3",
    "Transaction": 97
  },
  {
    "Index": 9633,
    "ObjectId": "Obj9633",
    "Attribute1": "Attr1",
    "Attribute2": "Attr2",
    "Attribute3": "Attr3",
    "Transaction": 97
  },
  {
    "Index": 9634,
    "ObjectId": "Obj9634",
    "Attribute1": "Attr1",
    "Attribute2": "Attr2",
    "Attribute3": "Attr3",
    "Transaction": 97
  },
  {
    "Index": 9635,
    "ObjectId": "Obj9635",
    "Attribute1": "Attr1",
    "Attribute2": "Attr2",
    "Attribute3": "Attr3",
    "Transaction": 97
  },
  {
    "Index": 9636,
    "ObjectId": "Obj9636",
    "Attribute1": "Attr1",
    "Attribute2": "Attr2",
    "Attribute3": "Attr3",
    "Transaction": 97
  },
  {
    "Index": 9637,
    "ObjectId": "Obj9637",
    "Attribute1": "Attr1",
    "Attribute2": "Attr2",
    "Attribute3": "Attr3",
    "Transaction": 97
  },
  {
    "Index": 9638,
    "ObjectId": "Obj9638",
    "Attribute1": "Attr1",
    "Attribute2": "Attr2",
    "Attribute3": "Attr3",
    "Transaction": 97
  },
  {
    "Index": 9639,
    "ObjectId": "Obj9639",
    "Attribute1": "Attr1",
    "Attribute2": "Attr2",
    "Attribute3": "Attr3",
    "Transaction": 97
  },
  {
    "Index": 9640,
    "ObjectId": "Obj9640",
    "Attribute1": "Attr1",
    "Attribute2": "Attr2",
    "Attribute3": "Attr3",
    "Transaction": 97
  },
  {
    "Index": 9641,
    "ObjectId": "Obj9641",
    "Attribute1": "Attr1",
    "Attribute2": "Attr2",
    "Attribute3": "Attr3",
    "Transaction": 97
  },
  {
    "Index": 9642,
    "ObjectId": "Obj9642",
    "Attribute1": "Attr1",
    "Attribute2": "Attr2",
    "Attribute3": "Attr3",
    "Transaction": 97
  },
  {
    "Index": 9643,
    "ObjectId": "Obj9643",
    "Attribute1": "Attr1",
    "Attribute2": "Attr2",
    "Attribute3": "Attr3",
    "Transaction": 97
  },
  {
    "Index": 9644,
    "ObjectId": "Obj9644",
    "Attribute1": "Attr1",
    "Attribute2": "Attr2",
    "Attribute3": "Attr3",
    "Transaction": 97
  },
  {
    "Index": 9645,
    "ObjectId": "Obj9645",
    "Attribute1": "Attr1",
    "Attribute2": "Attr2",
    "Attribute3": "Attr3",
    "Transaction": 97
  },
  {
    "Index": 9646,
    "ObjectId": "Obj9646",
    "Attribute1": "Attr1",
    "Attribute2": "Attr2",
    "Attribute3": "Attr3",
    "Transaction": 97
  },
  {
    "Index": 9647,
    "ObjectId": "Obj9647",
    "Attribute1": "Attr1",
    "Attribute2": "Attr2",
    "Attribute3": "Attr3",
    "Transaction": 97
  },
  {
    "Index": 9648,
    "ObjectId": "Obj9648",
    "Attribute1": "Attr1",
    "Attribute2": "Attr2",
    "Attribute3": "Attr3",
    "Transaction": 97
  },
  {
    "Index": 9649,
    "ObjectId": "Obj9649",
    "Attribute1": "Attr1",
    "Attribute2": "Attr2",
    "Attribute3": "Attr3",
    "Transaction": 97
  },
  {
    "Index": 9650,
    "ObjectId": "Obj9650",
    "Attribute1": "Attr1",
    "Attribute2": "Attr2",
    "Attribute3": "Attr3",
    "Transaction": 97
  },
  {
    "Index": 9651,
    "ObjectId": "Obj9651",
    "Attribute1": "Attr1",
    "Attribute2": "Attr2",
    "Attribute3": "Attr3",
    "Transaction": 97
  },
  {
    "Index": 9652,
    "ObjectId": "Obj9652",
    "Attribute1": "Attr1",
    "Attribute2": "Attr2",
    "Attribute3": "Attr3",
    "Transaction": 97
  },
  {
    "Index": 9653,
    "ObjectId": "Obj9653",
    "Attribute1": "Attr1",
    "Attribute2": "Attr2",
    "Attribute3": "Attr3",
    "Transaction": 97
  },
  {
    "Index": 9654,
    "ObjectId": "Obj9654",
    "Attribute1": "Attr1",
    "Attribute2": "Attr2",
    "Attribute3": "Attr3",
    "Transaction": 97
  },
  {
    "Index": 9655,
    "ObjectId": "Obj9655",
    "Attribute1": "Attr1",
    "Attribute2": "Attr2",
    "Attribute3": "Attr3",
    "Transaction": 97
  },
  {
    "Index": 9656,
    "ObjectId": "Obj9656",
    "Attribute1": "Attr1",
    "Attribute2": "Attr2",
    "Attribute3": "Attr3",
    "Transaction": 97
  },
  {
    "Index": 9657,
    "ObjectId": "Obj9657",
    "Attribute1": "Attr1",
    "Attribute2": "Attr2",
    "Attribute3": "Attr3",
    "Transaction": 97
  },
  {
    "Index": 9658,
    "ObjectId": "Obj9658",
    "Attribute1": "Attr1",
    "Attribute2": "Attr2",
    "Attribute3": "Attr3",
    "Transaction": 97
  },
  {
    "Index": 9659,
    "ObjectId": "Obj9659",
    "Attribute1": "Attr1",
    "Attribute2": "Attr2",
    "Attribute3": "Attr3",
    "Transaction": 97
  },
  {
    "Index": 9660,
    "ObjectId": "Obj9660",
    "Attribute1": "Attr1",
    "Attribute2": "Attr2",
    "Attribute3": "Attr3",
    "Transaction": 97
  },
  {
    "Index": 9661,
    "ObjectId": "Obj9661",
    "Attribute1": "Attr1",
    "Attribute2": "Attr2",
    "Attribute3": "Attr3",
    "Transaction": 97
  },
  {
    "Index": 9662,
    "ObjectId": "Obj9662",
    "Attribute1": "Attr1",
    "Attribute2": "Attr2",
    "Attribute3": "Attr3",
    "Transaction": 97
  },
  {
    "Index": 9663,
    "ObjectId": "Obj9663",
    "Attribute1": "Attr1",
    "Attribute2": "Attr2",
    "Attribute3": "Attr3",
    "Transaction": 97
  },
  {
    "Index": 9664,
    "ObjectId": "Obj9664",
    "Attribute1": "Attr1",
    "Attribute2": "Attr2",
    "Attribute3": "Attr3",
    "Transaction": 97
  },
  {
    "Index": 9665,
    "ObjectId": "Obj9665",
    "Attribute1": "Attr1",
    "Attribute2": "Attr2",
    "Attribute3": "Attr3",
    "Transaction": 97
  },
  {
    "Index": 9666,
    "ObjectId": "Obj9666",
    "Attribute1": "Attr1",
    "Attribute2": "Attr2",
    "Attribute3": "Attr3",
    "Transaction": 97
  },
  {
    "Index": 9667,
    "ObjectId": "Obj9667",
    "Attribute1": "Attr1",
    "Attribute2": "Attr2",
    "Attribute3": "Attr3",
    "Transaction": 97
  },
  {
    "Index": 9668,
    "ObjectId": "Obj9668",
    "Attribute1": "Attr1",
    "Attribute2": "Attr2",
    "Attribute3": "Attr3",
    "Transaction": 97
  },
  {
    "Index": 9669,
    "ObjectId": "Obj9669",
    "Attribute1": "Attr1",
    "Attribute2": "Attr2",
    "Attribute3": "Attr3",
    "Transaction": 97
  },
  {
    "Index": 9670,
    "ObjectId": "Obj9670",
    "Attribute1": "Attr1",
    "Attribute2": "Attr2",
    "Attribute3": "Attr3",
    "Transaction": 97
  },
  {
    "Index": 9671,
    "ObjectId": "Obj9671",
    "Attribute1": "Attr1",
    "Attribute2": "Attr2",
    "Attribute3": "Attr3",
    "Transaction": 97
  },
  {
    "Index": 9672,
    "ObjectId": "Obj9672",
    "Attribute1": "Attr1",
    "Attribute2": "Attr2",
    "Attribute3": "Attr3",
    "Transaction": 97
  },
  {
    "Index": 9673,
    "ObjectId": "Obj9673",
    "Attribute1": "Attr1",
    "Attribute2": "Attr2",
    "Attribute3": "Attr3",
    "Transaction": 97
  },
  {
    "Index": 9674,
    "ObjectId": "Obj9674",
    "Attribute1": "Attr1",
    "Attribute2": "Attr2",
    "Attribute3": "Attr3",
    "Transaction": 97
  },
  {
    "Index": 9675,
    "ObjectId": "Obj9675",
    "Attribute1": "Attr1",
    "Attribute2": "Attr2",
    "Attribute3": "Attr3",
    "Transaction": 97
  },
  {
    "Index": 9676,
    "ObjectId": "Obj9676",
    "Attribute1": "Attr1",
    "Attribute2": "Attr2",
    "Attribute3": "Attr3",
    "Transaction": 97
  },
  {
    "Index": 9677,
    "ObjectId": "Obj9677",
    "Attribute1": "Attr1",
    "Attribute2": "Attr2",
    "Attribute3": "Attr3",
    "Transaction": 97
  },
  {
    "Index": 9678,
    "ObjectId": "Obj9678",
    "Attribute1": "Attr1",
    "Attribute2": "Attr2",
    "Attribute3": "Attr3",
    "Transaction": 97
  },
  {
    "Index": 9679,
    "ObjectId": "Obj9679",
    "Attribute1": "Attr1",
    "Attribute2": "Attr2",
    "Attribute3": "Attr3",
    "Transaction": 97
  },
  {
    "Index": 9680,
    "ObjectId": "Obj9680",
    "Attribute1": "Attr1",
    "Attribute2": "Attr2",
    "Attribute3": "Attr3",
    "Transaction": 97
  },
  {
    "Index": 9681,
    "ObjectId": "Obj9681",
    "Attribute1": "Attr1",
    "Attribute2": "Attr2",
    "Attribute3": "Attr3",
    "Transaction": 97
  },
  {
    "Index": 9682,
    "ObjectId": "Obj9682",
    "Attribute1": "Attr1",
    "Attribute2": "Attr2",
    "Attribute3": "Attr3",
    "Transaction": 97
  },
  {
    "Index": 9683,
    "ObjectId": "Obj9683",
    "Attribute1": "Attr1",
    "Attribute2": "Attr2",
    "Attribute3": "Attr3",
    "Transaction": 97
  },
  {
    "Index": 9684,
    "ObjectId": "Obj9684",
    "Attribute1": "Attr1",
    "Attribute2": "Attr2",
    "Attribute3": "Attr3",
    "Transaction": 97
  },
  {
    "Index": 9685,
    "ObjectId": "Obj9685",
    "Attribute1": "Attr1",
    "Attribute2": "Attr2",
    "Attribute3": "Attr3",
    "Transaction": 97
  },
  {
    "Index": 9686,
    "ObjectId": "Obj9686",
    "Attribute1": "Attr1",
    "Attribute2": "Attr2",
    "Attribute3": "Attr3",
    "Transaction": 97
  },
  {
    "Index": 9687,
    "ObjectId": "Obj9687",
    "Attribute1": "Attr1",
    "Attribute2": "Attr2",
    "Attribute3": "Attr3",
    "Transaction": 97
  },
  {
    "Index": 9688,
    "ObjectId": "Obj9688",
    "Attribute1": "Attr1",
    "Attribute2": "Attr2",
    "Attribute3": "Attr3",
    "Transaction": 97
  },
  {
    "Index": 9689,
    "ObjectId": "Obj9689",
    "Attribute1": "Attr1",
    "Attribute2": "Attr2",
    "Attribute3": "Attr3",
    "Transaction": 97
  },
  {
    "Index": 9690,
    "ObjectId": "Obj9690",
    "Attribute1": "Attr1",
    "Attribute2": "Attr2",
    "Attribute3": "Attr3",
    "Transaction": 97
  },
  {
    "Index": 9691,
    "ObjectId": "Obj9691",
    "Attribute1": "Attr1",
    "Attribute2": "Attr2",
    "Attribute3": "Attr3",
    "Transaction": 97
  },
  {
    "Index": 9692,
    "ObjectId": "Obj9692",
    "Attribute1": "Attr1",
    "Attribute2": "Attr2",
    "Attribute3": "Attr3",
    "Transaction": 97
  },
  {
    "Index": 9693,
    "ObjectId": "Obj9693",
    "Attribute1": "Attr1",
    "Attribute2": "Attr2",
    "Attribute3": "Attr3",
    "Transaction": 97
  },
  {
    "Index": 9694,
    "ObjectId": "Obj9694",
    "Attribute1": "Attr1",
    "Attribute2": "Attr2",
    "Attribute3": "Attr3",
    "Transaction": 97
  },
  {
    "Index": 9695,
    "ObjectId": "Obj9695",
    "Attribute1": "Attr1",
    "Attribute2": "Attr2",
    "Attribute3": "Attr3",
    "Transaction": 97
  },
  {
    "Index": 9696,
    "ObjectId": "Obj9696",
    "Attribute1": "Attr1",
    "Attribute2": "Attr2",
    "Attribute3": "Attr3",
    "Transaction": 97
  },
  {
    "Index": 9697,
    "ObjectId": "Obj9697",
    "Attribute1": "Attr1",
    "Attribute2": "Attr2",
    "Attribute3": "Attr3",
    "Transaction": 97
  },
  {
    "Index": 9698,
    "ObjectId": "Obj9698",
    "Attribute1": "Attr1",
    "Attribute2": "Attr2",
    "Attribute3": "Attr3",
    "Transaction": 97
  },
  {
    "Index": 9699,
    "ObjectId": "Obj9699",
    "Attribute1": "Attr1",
    "Attribute2": "Attr2",
    "Attribute3": "Attr3",
    "Transaction": 97
  },
  {
    "Index": 9700,
    "ObjectId": "Obj9700",
    "Attribute1": "Attr1",
    "Attribute2": "Attr2",
    "Attribute3": "Attr3",
    "Transaction": 97
  }
]