[
  {
    "Index": 2501,
    "ObjectId": "Obj2501",
    "Attribute1": "Attr1",
    "Attribute2": "Attr2",
    "Attribute3": "Attr3",
    "Transaction": 26
  },
  {
    "Index": 2502,
    "ObjectId": "Obj2502",
    "Attribute1": "Attr1",
    "Attribute2": "Attr2",
    "Attribute3": "Attr3",
    "Transaction": 26
  },
  {
    "Index": 2503,
    "ObjectId": "Obj2503",
    "Attribute1": "Attr1",
    "Attribute2": "Attr2",
    "Attribute3": "Attr3",
    "Transaction": 26
  },
  {
    "Index": 2504,
    "ObjectId": "Obj2504",
    "Attribute1": "Attr1",
    "Attribute2": "Attr2",
    "Attribute3": "Attr3",
    "Transaction": 26
  },
  {
    "Index": 2505,
    "ObjectId": "Obj2505",
    "Attribute1": "Attr1",
    "Attribute2": "Attr2",
    "Attribute3": "Attr3",
    "Transaction": 26
  },
  {
    "Index": 2506,
    "ObjectId": "Obj2506",
    "Attribute1": "Attr1",
    "Attribute2": "Attr2",
    "Attribute3": "Attr3",
    "Transaction": 26
  },
  {
    "Index": 2507,
    "ObjectId": "Obj2507",
    "Attribute1": "Attr1",
    "Attribute2": "Attr2",
    "Attribute3": "Attr3",
    "Transaction": 26
  },
  {
    "Index": 2508,
    "ObjectId": "Obj2508",
    "Attribute1": "Attr1",
    "Attribute2": "Attr2",
    "Attribute3": "Attr3",
    "Transaction": 26
  },
  {
    "Index": 2509,
    "ObjectId": "Obj2509",
    "Attribute1": "Attr1",
    "Attribute2": "Attr2",
    "Attribute3": "Attr3",
    "Transaction": 26
  },
  {
    "Index": 2510,
    "ObjectId": "Obj2510",
    "Attribute1": "Attr1",
    "Attribute2": "Attr2",
    "Attribute3": "Attr3",
    "Transaction": 26
  },
  {
    "Index": 2511,
    "ObjectId": "Obj2511",
    "Attribute1": "Attr1",
    "Attribute2": "Attr2",
    "Attribute3": "Attr3",
    "Transaction": 26
  },
  {
    "Index": 2512,
    "ObjectId": "Obj2512",
    "Attribute1": "Attr1",
    "Attribute2": "Attr2",
    "Attribute3": "Attr3",
    "Transaction": 26
  },
  {
    "Index": 2513,
    "ObjectId": "Obj2513",
    "Attribute1": "Attr1",
    "Attribute2": "Attr2",
    "Attribute3": "Attr3",
    "Transaction": 26
  },
  {
    "Index": 2514,
    "ObjectId": "Obj2514",
    "Attribute1": "Attr1",
    "Attribute2": "Attr2",
    "Attribute3": "Attr3",
    "Transaction": 26
  },
  {
    "Index": 2515,
    "ObjectId": "Obj2515",
    "Attribute1": "Attr1",
    "Attribute2": "Attr2",
    "Attribute3": "Attr3",
    "Transaction": 26
  },
  {
    "Index": 2516,
    "ObjectId": "Obj2516",
    "Attribute1": "Attr1",
    "Attribute2": "Attr2",
    "Attribute3": "Attr3",
    "Transaction": 26
  },
  {
    "Index": 2517,
    "ObjectId": "Obj2517",
    "Attribute1": "Attr1",
    "Attribute2": "Attr2",
    "Attribute3": "Attr3",
    "Transaction": 26
  },
  {
    "Index": 2518,
    "ObjectId": "Obj2518",
    "Attribute1": "Attr1",
    "Attribute2": "Attr2",
    "Attribute3": "Attr3",
    "Transaction": 26
  },
  {
    "Index": 2519,
    "ObjectId": "Obj2519",
    "Attribute1": "Attr1",
    "Attribute2": "Attr2",
    "Attribute3": "Attr3",
    "Transaction": 26
  },
  {
    "Index": 2520,
    "ObjectId": "Obj2520",
    "Attribute1": "Attr1",
    "Attribute2": "Attr2",
    "Attribute3": "Attr3",
    "Transaction": 26
  },
  {
    "Index": 2521,
    "ObjectId": "Obj2521",
    "Attribute1": "Attr1",
    "Attribute2": "Attr2",
    "Attribute3": "Attr3",
    "Transaction": 26
  },
  {
    "Index": 2522,
    "ObjectId": "Obj2522",
    "Attribute1": "Attr1",
    "Attribute2": "Attr2",
    "Attribute3": "Attr3",
    "Transaction": 26
  },
  {
    "Index": 2523,
    "ObjectId": "Obj2523",
    "Attribute1": "Attr1",
    "Attribute2": "Attr2",
    "Attribute3": "Attr3",
    "Transaction": 26
  },
  {
    "Index": 2524,
    "ObjectId": "Obj2524",
    "Attribute1": "Attr1",
    "Attribute2": "Attr2",
    "Attribute3": "Attr3",
    "Transaction": 26
  },
  {
    "Index": 2525,
    "ObjectId": "Obj2525",
    "Attribute1": "Attr1",
    "Attribute2": "Attr2",
    "Attribute3": "Attr3",
    "Transaction": 26
  },
  {
    "Index": 2526,
    "ObjectId": "Obj2526",
    "Attribute1": "Attr1",
    "Attribute2": "Attr2",
    "Attribute3": "Attr3",
    "Transaction": 26
  },
  {
    "Index": 2527,
    "ObjectId": "Obj2527",
    "Attribute1": "Attr1",
    "Attribute2": "Attr2",
    "Attribute3": "Attr3",
    "Transaction": 26
  },
  {
    "Index": 2528,
    "ObjectId": "Obj2528",
    "Attribute1": "Attr1",
    "Attribute2": "Attr2",
    "Attribute3": "Attr3",
    "Transaction": 26
  },
  {
    "Index": 2529,
    "ObjectId": "Obj2529",
    "Attribute1": "Attr1",
    "Attribute2": "Attr2",
    "Attribute3": "Attr3",
    "Transaction": 26
  },
  {
    "Index": 2530,
    "ObjectId": "Obj2530",
    "Attribute1": "Attr1",
    "Attribute2": "Attr2",
    "Attribute3": "Attr3",
    "Transaction": 26
  },
  {
    "Index": 2531,
    "ObjectId": "Obj2531",
    "Attribute1": "Attr1",
    "Attribute2": "Attr2",
    "Attribute3": "Attr3",
    "Transaction": 26
  },
  {
    "Index": 2532,
    "ObjectId": "Obj2532",
    "Attribute1": "Attr1",
    "Attribute2": "Attr2",
    "Attribute3": "Attr3",
    "Transaction": 26
  },
  {
    "Index": 2533,
    "ObjectId": "Obj2533",
    "Attribute1": "Attr1",
    "Attribute2": "Attr2",
    "Attribute3": "Attr3",
    "Transaction": 26
  },
  {
    "Index": 2534,
    "ObjectId": "Obj2534",
    "Attribute1": "Attr1",
    "Attribute2": "Attr2",
    "Attribute3": "Attr3",
    "Transaction": 26
  },
  {
    "Index": 2535,
    "ObjectId": "Obj2535",
    "Attribute1": "Attr1",
    "Attribute2": "Attr2",
    "Attribute3": "Attr3",
    "Transaction": 26
  },
  {
    "Index": 2536,
    "ObjectId": "Obj2536",
    "Attribute1": "Attr1",
    "Attribute2": "Attr2",
    "Attribute3": "Attr3",
    "Transaction": 26
  },
  {
    "Index": 2537,
    "ObjectId": "Obj2537",
    "Attribute1": "Attr1",
    "Attribute2": "Attr2",
    "Attribute3": "Attr3",
    "Transaction": 26
  },
  {
    "Index": 2538,
    "ObjectId": "Obj2538",
    "Attribute1": "Attr1",
    "Attribute2": "Attr2",
    "Attribute3": "Attr3",
    "Transaction": 26
  },
  {
    "Index": 2539,
    "ObjectId": "Obj2539",
    "Attribute1": "Attr1",
    "Attribute2": "Attr2",
    "Attribute3": "Attr3",
    "Transaction": 26
  },
  {
    "Index": 2540,
    "ObjectId": "Obj2540",
    "Attribute1": "Attr1",
    "Attribute2": "Attr2",
    "Attribute3": "Attr3",
    "Transaction": 26
  },
  {
    "Index": 2541,
    "ObjectId": "Obj2541",
    "Attribute1": "Attr1",
    "Attribute2": "Attr2",
    "Attribute3": "Attr3",
    "Transaction": 26
  },
  {
    "Index": 2542,
    "ObjectId": "Obj2542",
    "Attribute1": "Attr1",
    "Attribute2": "Attr2",
    "Attribute3": "Attr3",
    "Transaction": 26
  },
  {
    "Index": 2543,
    "ObjectId": "Obj2543",
    "Attribute1": "Attr1",
    "Attribute2": "Attr2",
    "Attribute3": "Attr3",
    "Transaction": 26
  },
  {
    "Index": 2544,
    "ObjectId": "Obj2544",
    "Attribute1": "Attr1",
    "Attribute2": "Attr2",
    "Attribute3": "Attr3",
    "Transaction": 26
  },
  {
    "Index": 2545,
    "ObjectId": "Obj2545",
    "Attribute1": "Attr1",
    "Attribute2": "Attr2",
    "Attribute3": "Attr3",
    "Transaction": 26
  },
  {
    "Index": 2546,
    "ObjectId": "Obj2546",
    "Attribute1": "Attr1",
    "Attribute2": "Attr2",
    "Attribute3": "Attr3",
    "Transaction": 26
  },
  {
    "Index": 2547,
    "ObjectId": "Obj2547",
    "Attribute1": "Attr1",
    "Attribute2": "Attr2",
    "Attribute3": "Attr3",
    "Transaction": 26
  },
  {
    "Index": 2548,
    "ObjectId": "Obj2548",
    "Attribute1": "Attr1",
    "Attribute2": "Attr2",
    "Attribute3": "Attr3",
    "Transaction": 26
  },
  {
    "Index": 2549,
    "ObjectId": "Obj2549",
    "Attribute1": "Attr1",
    "Attribute2": "Attr2",
    "Attribute3": "Attr3",
    "Transaction": 26
  },
  {
    "Index": 2550,
    "ObjectId": "Obj2550",
    "Attribute1": "Attr1",
    "Attribute2": "Attr2",
    "Attribute3": "Attr3",
    "Transaction": 26
  },
  {
    "Index": 2551,
    "ObjectId": "Obj2551",
    "Attribute1": "Attr1",
    "Attribute2": "Attr2",
    "Attribute3": "Attr3",
    "Transaction": 26
  },
  {
    "Index": 2552,
    "ObjectId": "Obj2552",
    "Attribute1": "Attr1",
    "Attribute2": "Attr2",
    "Attribute3": "Attr3",
    "Transaction": 26
  },
  {
    "Index": 2553,
    "ObjectId": "Obj2553",
    "Attribute1": "Attr1",
    "Attribute2": "Attr2",
    "Attribute3": "Attr3",
    "Transaction": 26
  },
  {
    "Index": 2554,
    "ObjectId": "Obj2554",
    "Attribute1": "Attr1",
    "Attribute2": "Attr2",
    "Attribute3": "Attr3",
    "Transaction": 26
  },
  {
    "Index": 2555,
    "ObjectId": "Obj2555",
    "Attribute1": "Attr1",
    "Attribute2": "Attr2",
    "Attribute3": "Attr3",
    "Transaction": 26
  },
  {
    "Index": 2556,
    "ObjectId": "Obj2556",
    "Attribute1": "Attr1",
    "Attribute2": "Attr2",
    "Attribute3": "Attr3",
    "Transaction": 26
  },
  {
    "Index": 2557,
    "ObjectId": "Obj2557",
    "Attribute1": "Attr1",
    "Attribute2": "Attr2",
    "Attribute3": "Attr3",
    "Transaction": 26
  },
  {
    "Index": 2558,
    "ObjectId": "Obj2558",
    "Attribute1": "Attr1",
    "Attribute2": "Attr2",
    "Attribute3": "Attr3",
    "Transaction": 26
  },
  {
    "Index": 2559,
    "ObjectId": "Obj2559",
    "Attribute1": "Attr1",
    "Attribute2": "Attr2",
    "Attribute3": "Attr3",
    "Transaction": 26
  },
  {
    "Index": 2560,
    "ObjectId": "Obj2560",
    "Attribute1": "Attr1",
    "Attribute2": "Attr2",
    "Attribute3": "Attr3",
    "Transaction": 26
  },
  {
    "Index": 2561,
    "ObjectId": "Obj2561",
    "Attribute1": "Attr1",
    "Attribute2": "Attr2",
    "Attribute3": "Attr3",
    "Transaction": 26
  },
  {
    "Index": 2562,
    "ObjectId": "Obj2562",
    "Attribute1": "Attr1",
    "Attribute2": "Attr2",
    "Attribute3": "Attr3",
    "Transaction": 26
  },
  {
    "Index": 2563,
    "ObjectId": "Obj2563",
    "Attribute1": "Attr1",
    "Attribute2": "Attr2",
    "Attribute3": "Attr3",
    "Transaction": 26
  },
  {
    "Index": 2564,
    "ObjectId": "Obj2564",
    "Attribute1": "Attr1",
    "Attribute2": "Attr2",
    "Attribute3": "Attr3",
    "Transaction": 26
  },
  {
    "Index": 2565,
    "ObjectId": "Obj2565",
    "Attribute1": "Attr1",
    "Attribute2": "Attr2",
    "Attribute3": "Attr3",
    "Transaction": 26
  },
  {
    "Index": 2566,
    "ObjectId": "Obj2566",
    "Attribute1": "Attr1",
    "Attribute2": "Attr2",
    "Attribute3": "Attr3",
    "Transaction": 26
  },
  {
    "Index": 2567,
    "ObjectId": "Obj2567",
    "Attribute1": "Attr1",
    "Attribute2": "Attr2",
    "Attribute3": "Attr3",
    "Transaction": 26
  },
  {
    "Index": 2568,
    "ObjectId": "Obj2568",
    "Attribute1": "Attr1",
    "Attribute2": "Attr2",
    "Attribute3": "Attr3",
    "Transaction": 26
  },
  {
    "Index": 2569,
    "ObjectId": "Obj2569",
    "Attribute1": "Attr1",
    "Attribute2": "Attr2",
    "Attribute3": "Attr3",
    "Transaction": 26
  },
  {
    "Index": 2570,
    "ObjectId": "Obj2570",
    "Attribute1": "Attr1",
    "Attribute2": "Attr2",
    "Attribute3": "Attr3",
    "Transaction": 26
  },
  {
    "Index": 2571,
    "ObjectId": "Obj2571",
    "Attribute1": "Attr1",
    "Attribute2": "Attr2",
    "Attribute3": "Attr3",
    "Transaction": 26
  },
  {
    "Index": 2572,
    "ObjectId": "Obj2572",
    "Attribute1": "Attr1",
    "Attribute2": "Attr2",
    "Attribute3": "Attr3",
    "Transaction": 26
  },
  {
    "Index": 2573,
    "ObjectId": "Obj2573",
    "Attribute1": "Attr1",
    "Attribute2": "Attr2",
    "Attribute3": "Attr3",
    "Transaction": 26
  },
  {
    "Index": 2574,
    "ObjectId": "Obj2574",
    "Attribute1": "Attr1",
    "Attribute2": "Attr2",
    "Attribute3": "Attr3",
    "Transaction": 26
  },
  {
    "Index": 2575,
    "ObjectId": "Obj2575",
    "Attribute1": "Attr1",
    "Attribute2": "Attr2",
    "Attribute3": "Attr3",
    "Transaction": 26
  },
  {
    "Index": 2576,
    "ObjectId": "Obj2576",
    "Attribute1": "Attr1",
    "Attribute2": "Attr2",
    "Attribute3": "Attr3",
    "Transaction": 26
  },
  {
    "Index": 2577,
    "ObjectId": "Obj2577",
    "Attribute1": "Attr1",
    "Attribute2": "Attr2",
    "Attribute3": "Attr3",
    "Transaction": 26
  },
  {
    "Index": 2578,
    "ObjectId": "Obj2578",
    "Attribute1": "Attr1",
    "Attribute2": "Attr2",
    "Attribute3": "Attr3",
    "Transaction": 26
  },
  {
    "Index": 2579,
    "ObjectId": "Obj2579",
    "Attribute1": "Attr1",
    "Attribute2": "Attr2",
    "Attribute3": "Attr3",
    "Transaction": 26
  },
  {
    "Index": 2580,
    "ObjectId": "Obj2580",
    "Attribute1": "Attr1",
    "Attribute2": "Attr2",
    "Attribute3": "Attr3",
    "Transaction": 26
  },
  {
    "Index": 2581,
    "ObjectId": "Obj2581",
    "Attribute1": "Attr1",
    "Attribute2": "Attr2",
    "Attribute3": "Attr3",
    "Transaction": 26
  },
  {
    "Index": 2582,
    "ObjectId": "Obj2582",
    "Attribute1": "Attr1",
    "Attribute2": "Attr2",
    "Attribute3": "Attr3",
    "Transaction": 26
  },
  {
    "Index": 2583,
    "ObjectId": "Obj2583",
    "Attribute1": "Attr1",
    "Attribute2": "Attr2",
    "Attribute3": "Attr3",
    "Transaction": 26
  },
  {
    "Index": 2584,
    "ObjectId": "Obj2584",
    "Attribute1": "Attr1",
    "Attribute2": "Attr2",
    "Attribute3": "Attr3",
    "Transaction": 26
  },
  {
    "Index": 2585,
    "ObjectId": "Obj2585",
    "Attribute1": "Attr1",
    "Attribute2": "Attr2",
    "Attribute3": "Attr3",
    "Transaction": 26
  },
  {
    "Index": 2586,
    "ObjectId": "Obj2586",
    "Attribute1": "Attr1",
    "Attribute2": "Attr2",
    "Attribute3": "Attr3",
    "Transaction": 26
  },
  {
    "Index": 2587,
    "ObjectId": "Obj2587",
    "Attribute1": "Attr1",
    "Attribute2": "Attr2",
    "Attribute3": "Attr3",
    "Transaction": 26
  },
  {
    "Index": 2588,
    "ObjectId": "Obj2588",
    "Attribute1": "Attr1",
    "Attribute2": "Attr2",
    "Attribute3": "Attr3",
    "Transaction": 26
  },
  {
    "Index": 2589,
    "ObjectId": "Obj2589",
    "Attribute1": "Attr1",
    "Attribute2": "Attr2",
    "Attribute3": "Attr3",
    "Transaction": 26
  },
  {
    "Index": 2590,
    "ObjectId": "Obj2590",
    "Attribute1": "Attr1",
    "Attribute2": "Attr2",
    "Attribute3": "Attr3",
    "Transaction": 26
  },
  {
    "Index": 2591,
    "ObjectId": "Obj2591",
    "Attribute1": "Attr1",
    "Attribute2": "Attr2",
    "Attribute3": "Attr3",
    "Transaction": 26
  },
  {
    "Index": 2592,
    "ObjectId": "Obj2592",
    "Attribute1": "Attr1",
    "Attribute2": "Attr2",
    "Attribute3": "Attr3",
    "Transaction": 26
  },
  {
    "Index": 2593,
    "ObjectId": "Obj2593",
    "Attribute1": "Attr1",
    "Attribute2": "Attr2",
    "Attribute3": "Attr3",
    "Transaction": 26
  },
  {
    "Index": 2594,
    "ObjectId": "Obj2594",
    "Attribute1": "Attr1",
    "Attribute2": "Attr2",
    "Attribute3": "Attr3",
    "Transaction": 26
  },
  {
    "Index": 2595,
    "ObjectId": "Obj2595",
    "Attribute1": "Attr1",
    "Attribute2": "Attr2",
    "Attribute3": "Attr3",
    "Transaction": 26
  },
  {
    "Index": 2596,
    "ObjectId": "Obj2596",
    "Attribute1": "Attr1",
    "Attribute2": "Attr2",
    "Attribute3": "Attr3",
    "Transaction": 26
  },
  {
    "Index": 2597,
    "ObjectId": "Obj2597",
    "Attribute1": "Attr1",
    "Attribute2": "Attr2",
    "Attribute3": "Attr3",
    "Transaction": 26
  },
  {
    "Index": 2598,
    "ObjectId": "Obj2598",
    "Attribute1": "Attr1",
    "Attribute2": "Attr2",
    "Attribute3": "Attr3",
    "Transaction": 26
  },
  {
    "Index": 2599,
    "ObjectId": "Obj2599",
    "Attribute1": "Attr1",
    "Attribute2": "Attr2",
    "Attribute3": "Attr3",
    "Transaction": 26
  },
  {
    "Index": 2600,
    "ObjectId": "Obj2600",
    "Attribute1": "Attr1",
    "Attribute2": "Attr2",
    "Attribute3": "Attr3",
    "Transaction": 26
  }
]