[
  {
    "Index": 3401,
    "ObjectId": "Obj3401",
    "Attribute1": "Attr1",
    "Attribute2": "Attr2",
    "Attribute3": "Attr3",
    "Transaction": 35
  },
  {
    "Index": 3402,
    "ObjectId": "Obj3402",
    "Attribute1": "Attr1",
    "Attribute2": "Attr2",
    "Attribute3": "Attr3",
    "Transaction": 35
  },
  {
    "Index": 3403,
    "ObjectId": "Obj3403",
    "Attribute1": "Attr1",
    "Attribute2": "Attr2",
    "Attribute3": "Attr3",
    "Transaction": 35
  },
  {
    "Index": 3404,
    "ObjectId": "Obj3404",
    "Attribute1": "Attr1",
    "Attribute2": "Attr2",
    "Attribute3": "Attr3",
    "Transaction": 35
  },
  {
    "Index": 3405,
    "ObjectId": "Obj3405",
    "Attribute1": "Attr1",
    "Attribute2": "Attr2",
    "Attribute3": "Attr3",
    "Transaction": 35
  },
  {
    "Index": 3406,
    "ObjectId": "Obj3406",
    "Attribute1": "Attr1",
    "Attribute2": "Attr2",
    "Attribute3": "Attr3",
    "Transaction": 35
  },
  {
    "Index": 3407,
    "ObjectId": "Obj3407",
    "Attribute1": "Attr1",
    "Attribute2": "Attr2",
    "Attribute3": "Attr3",
    "Transaction": 35
  },
  {
    "Index": 3408,
    "ObjectId": "Obj3408",
    "Attribute1": "Attr1",
    "Attribute2": "Attr2",
    "Attribute3": "Attr3",
    "Transaction": 35
  },
  {
    "Index": 3409,
    "ObjectId": "Obj3409",
    "Attribute1": "Attr1",
    "Attribute2": "Attr2",
    "Attribute3": "Attr3",
    "Transaction": 35
  },
  {
    "Index": 3410,
    "ObjectId": "Obj3410",
    "Attribute1": "Attr1",
    "Attribute2": "Attr2",
    "Attribute3": "Attr3",
    "Transaction": 35
  },
  {
    "Index": 3411,
    "ObjectId": "Obj3411",
    "Attribute1": "Attr1",
    "Attribute2": "Attr2",
    "Attribute3": "Attr3",
    "Transaction": 35
  },
  {
    "Index": 3412,
    "ObjectId": "Obj3412",
    "Attribute1": "Attr1",
    "Attribute2": "Attr2",
    "Attribute3": "Attr3",
    "Transaction": 35
  },
  {
    "Index": 3413,
    "ObjectId": "Obj3413",
    "Attribute1": "Attr1",
    "Attribute2": "Attr2",
    "Attribute3": "Attr3",
    "Transaction": 35
  },
  {
    "Index": 3414,
    "ObjectId": "Obj3414",
    "Attribute1": "Attr1",
    "Attribute2": "Attr2",
    "Attribute3": "Attr3",
    "Transaction": 35
  },
  {
    "Index": 3415,
    "ObjectId": "Obj3415",
    "Attribute1": "Attr1",
    "Attribute2": "Attr2",
    "Attribute3": "Attr3",
    "Transaction": 35
  },
  {
    "Index": 3416,
    "ObjectId": "Obj3416",
    "Attribute1": "Attr1",
    "Attribute2": "Attr2",
    "Attribute3": "Attr3",
    "Transaction": 35
  },
  {
    "Index": 3417,
    "ObjectId": "Obj3417",
    "Attribute1": "Attr1",
    "Attribute2": "Attr2",
    "Attribute3": "Attr3",
    "Transaction": 35
  },
  {
    "Index": 3418,
    "ObjectId": "Obj3418",
    "Attribute1": "Attr1",
    "Attribute2": "Attr2",
    "Attribute3": "Attr3",
    "Transaction": 35
  },
  {
    "Index": 3419,
    "ObjectId": "Obj3419",
    "Attribute1": "Attr1",
    "Attribute2": "Attr2",
    "Attribute3": "Attr3",
    "Transaction": 35
  },
  {
    "Index": 3420,
    "ObjectId": "Obj3420",
    "Attribute1": "Attr1",
    "Attribute2": "Attr2",
    "Attribute3": "Attr3",
    "Transaction": 35
  },
  {
    "Index": 3421,
    "ObjectId": "Obj3421",
    "Attribute1": "Attr1",
    "Attribute2": "Attr2",
    "Attribute3": "Attr3",
    "Transaction": 35
  },
  {
    "Index": 3422,
    "ObjectId": "Obj3422",
    "Attribute1": "Attr1",
    "Attribute2": "Attr2",
    "Attribute3": "Attr3",
    "Transaction": 35
  },
  {
    "Index": 3423,
    "ObjectId": "Obj3423",
    "Attribute1": "Attr1",
    "Attribute2": "Attr2",
    "Attribute3": "Attr3",
    "Transaction": 35
  },
  {
    "Index": 3424,
    "ObjectId": "Obj3424",
    "Attribute1": "Attr1",
    "Attribute2": "Attr2",
    "Attribute3": "Attr3",
    "Transaction": 35
  },
  {
    "Index": 3425,
    "ObjectId": "Obj3425",
    "Attribute1": "Attr1",
    "Attribute2": "Attr2",
    "Attribute3": "Attr3",
    "Transaction": 35
  },
  {
    "Index": 3426,
    "ObjectId": "Obj3426",
    "Attribute1": "Attr1",
    "Attribute2": "Attr2",
    "Attribute3": "Attr3",
    "Transaction": 35
  },
  {
    "Index": 3427,
    "ObjectId": "Obj3427",
    "Attribute1": "Attr1",
    "Attribute2": "Attr2",
    "Attribute3": "Attr3",
    "Transaction": 35
  },
  {
    "Index": 3428,
    "ObjectId": "Obj3428",
    "Attribute1": "Attr1",
    "Attribute2": "Attr2",
    "Attribute3": "Attr3",
    "Transaction": 35
  },
  {
    "Index": 3429,
    "ObjectId": "Obj3429",
    "Attribute1": "Attr1",
    "Attribute2": "Attr2",
    "Attribute3": "Attr3",
    "Transaction": 35
  },
  {
    "Index": 3430,
    "ObjectId": "Obj3430",
    "Attribute1": "Attr1",
    "Attribute2": "Attr2",
    "Attribute3": "Attr3",
    "Transaction": 35
  },
  {
    "Index": 3431,
    "ObjectId": "Obj3431",
    "Attribute1": "Attr1",
    "Attribute2": "Attr2",
    "Attribute3": "Attr3",
    "Transaction": 35
  },
  {
    "Index": 3432,
    "ObjectId": "Obj3432",
    "Attribute1": "Attr1",
    "Attribute2": "Attr2",
    "Attribute3": "Attr3",
    "Transaction": 35
  },
  {
    "Index": 3433,
    "ObjectId": "Obj3433",
    "Attribute1": "Attr1",
    "Attribute2": "Attr2",
    "Attribute3": "Attr3",
    "Transaction": 35
  },
  {
    "Index": 3434,
    "ObjectId": "Obj3434",
    "Attribute1": "Attr1",
    "Attribute2": "Attr2",
    "Attribute3": "Attr3",
    "Transaction": 35
  },
  {
    "Index": 3435,
    "ObjectId": "Obj3435",
    "Attribute1": "Attr1",
    "Attribute2": "Attr2",
    "Attribute3": "Attr3",
    "Transaction": 35
  },
  {
    "Index": 3436,
    "ObjectId": "Obj3436",
    "Attribute1": "Attr1",
    "Attribute2": "Attr2",
    "Attribute3": "Attr3",
    "Transaction": 35
  },
  {
    "Index": 3437,
    "ObjectId": "Obj3437",
    "Attribute1": "Attr1",
    "Attribute2": "Attr2",
    "Attribute3": "Attr3",
    "Transaction": 35
  },
  {
    "Index": 3438,
    "ObjectId": "Obj3438",
    "Attribute1": "Attr1",
    "Attribute2": "Attr2",
    "Attribute3": "Attr3",
    "Transaction": 35
  },
  {
    "Index": 3439,
    "ObjectId": "Obj3439",
    "Attribute1": "Attr1",
    "Attribute2": "Attr2",
    "Attribute3": "Attr3",
    "Transaction": 35
  },
  {
    "Index": 3440,
    "ObjectId": "Obj3440",
    "Attribute1": "Attr1",
    "Attribute2": "Attr2",
    "Attribute3": "Attr3",
    "Transaction": 35
  },
  {
    "Index": 3441,
    "ObjectId": "Obj3441",
    "Attribute1": "Attr1",
    "Attribute2": "Attr2",
    "Attribute3": "Attr3",
    "Transaction": 35
  },
  {
    "Index": 3442,
    "ObjectId": "Obj3442",
    "Attribute1": "Attr1",
    "Attribute2": "Attr2",
    "Attribute3": "Attr3",
    "Transaction": 35
  },
  {
    "Index": 3443,
    "ObjectId": "Obj3443",
    "Attribute1": "Attr1",
    "Attribute2": "Attr2",
    "Attribute3": "Attr3",
    "Transaction": 35
  },
  {
    "Index": 3444,
    "ObjectId": "Obj3444",
    "Attribute1": "Attr1",
    "Attribute2": "Attr2",
    "Attribute3": "Attr3",
    "Transaction": 35
  },
  {
    "Index": 3445,
    "ObjectId": "Obj3445",
    "Attribute1": "Attr1",
    "Attribute2": "Attr2",
    "Attribute3": "Attr3",
    "Transaction": 35
  },
  {
    "Index": 3446,
    "ObjectId": "Obj3446",
    "Attribute1": "Attr1",
    "Attribute2": "Attr2",
    "Attribute3": "Attr3",
    "Transaction": 35
  },
  {
    "Index": 3447,
    "ObjectId": "Obj3447",
    "Attribute1": "Attr1",
    "Attribute2": "Attr2",
    "Attribute3": "Attr3",
    "Transaction": 35
  },
  {
    "Index": 3448,
    "ObjectId": "Obj3448",
    "Attribute1": "Attr1",
    "Attribute2": "Attr2",
    "Attribute3": "Attr3",
    "Transaction": 35
  },
  {
    "Index": 3449,
    "ObjectId": "Obj3449",
    "Attribute1": "Attr1",
    "Attribute2": "Attr2",
    "Attribute3": "Attr3",
    "Transaction": 35
  },
  {
    "Index": 3450,
    "ObjectId": "Obj3450",
    "Attribute1": "Attr1",
    "Attribute2": "Attr2",
    "Attribute3": "Attr3",
    "Transaction": 35
  },
  {
    "Index": 3451,
    "ObjectId": "Obj3451",
    "Attribute1": "Attr1",
    "Attribute2": "Attr2",
    "Attribute3": "Attr3",
    "Transaction": 35
  },
  {
    "Index": 3452,
    "ObjectId": "Obj3452",
    "Attribute1": "Attr1",
    "Attribute2": "Attr2",
    "Attribute3": "Attr3",
    "Transaction": 35
  },
  {
    "Index": 3453,
    "ObjectId": "Obj3453",
    "Attribute1": "Attr1",
    "Attribute2": "Attr2",
    "Attribute3": "Attr3",
    "Transaction": 35
  },
  {
    "Index": 3454,
    "ObjectId": "Obj3454",
    "Attribute1": "Attr1",
    "Attribute2": "Attr2",
    "Attribute3": "Attr3",
    "Transaction": 35
  },
  {
    "Index": 3455,
    "ObjectId": "Obj3455",
    "Attribute1": "Attr1",
    "Attribute2": "Attr2",
    "Attribute3": "Attr3",
    "Transaction": 35
  },
  {
    "Index": 3456,
    "ObjectId": "Obj3456",
    "Attribute1": "Attr1",
    "Attribute2": "Attr2",
    "Attribute3": "Attr3",
    "Transaction": 35
  },
  {
    "Index": 3457,
    "ObjectId": "Obj3457",
    "Attribute1": "Attr1",
    "Attribute2": "Attr2",
    "Attribute3": "Attr3",
    "Transaction": 35
  },
  {
    "Index": 3458,
    "ObjectId": "Obj3458",
    "Attribute1": "Attr1",
    "Attribute2": "Attr2",
    "Attribute3": "Attr3",
    "Transaction": 35
  },
  {
    "Index": 3459,
    "ObjectId": "Obj3459",
    "Attribute1": "Attr1",
    "Attribute2": "Attr2",
    "Attribute3": "Attr3",
    "Transaction": 35
  },
  {
    "Index": 3460,
    "ObjectId": "Obj3460",
    "Attribute1": "Attr1",
    "Attribute2": "Attr2",
    "Attribute3": "Attr3",
    "Transaction": 35
  },
  {
    "Index": 3461,
    "ObjectId": "Obj3461",
    "Attribute1": "Attr1",
    "Attribute2": "Attr2",
    "Attribute3": "Attr3",
    "Transaction": 35
  },
  {
    "Index": 3462,
    "ObjectId": "Obj3462",
    "Attribute1": "Attr1",
    "Attribute2": "Attr2",
    "Attribute3": "Attr3",
    "Transaction": 35
  },
  {
    "Index": 3463,
    "ObjectId": "Obj3463",
    "Attribute1": "Attr1",
    "Attribute2": "Attr2",
    "Attribute3": "Attr3",
    "Transaction": 35
  },
  {
    "Index": 3464,
    "ObjectId": "Obj3464",
    "Attribute1": "Attr1",
    "Attribute2": "Attr2",
    "Attribute3": "Attr3",
    "Transaction": 35
  },
  {
    "Index": 3465,
    "ObjectId": "Obj3465",
    "Attribute1": "Attr1",
    "Attribute2": "Attr2",
    "Attribute3": "Attr3",
    "Transaction": 35
  },
  {
    "Index": 3466,
    "ObjectId": "Obj3466",
    "Attribute1": "Attr1",
    "Attribute2": "Attr2",
    "Attribute3": "Attr3",
    "Transaction": 35
  },
  {
    "Index": 3467,
    "ObjectId": "Obj3467",
    "Attribute1": "Attr1",
    "Attribute2": "Attr2",
    "Attribute3": "Attr3",
    "Transaction": 35
  },
  {
    "Index": 3468,
    "ObjectId": "Obj3468",
    "Attribute1": "Attr1",
    "Attribute2": "Attr2",
    "Attribute3": "Attr3",
    "Transaction": 35
  },
  {
    "Index": 3469,
    "ObjectId": "Obj3469",
    "Attribute1": "Attr1",
    "Attribute2": "Attr2",
    "Attribute3": "Attr3",
    "Transaction": 35
  },
  {
    "Index": 3470,
    "ObjectId": "Obj3470",
    "Attribute1": "Attr1",
    "Attribute2": "Attr2",
    "Attribute3": "Attr3",
    "Transaction": 35
  },
  {
    "Index": 3471,
    "ObjectId": "Obj3471",
    "Attribute1": "Attr1",
    "Attribute2": "Attr2",
    "Attribute3": "Attr3",
    "Transaction": 35
  },
  {
    "Index": 3472,
    "ObjectId": "Obj3472",
    "Attribute1": "Attr1",
    "Attribute2": "Attr2",
    "Attribute3": "Attr3",
    "Transaction": 35
  },
  {
    "Index": 3473,
    "ObjectId": "Obj3473",
    "Attribute1": "Attr1",
    "Attribute2": "Attr2",
    "Attribute3": "Attr3",
    "Transaction": 35
  },
  {
    "Index": 3474,
    "ObjectId": "Obj3474",
    "Attribute1": "Attr1",
    "Attribute2": "Attr2",
    "Attribute3": "Attr3",
    "Transaction": 35
  },
  {
    "Index": 3475,
    "ObjectId": "Obj3475",
    "Attribute1": "Attr1",
    "Attribute2": "Attr2",
    "Attribute3": "Attr3",
    "Transaction": 35
  },
  {
    "Index": 3476,
    "ObjectId": "Obj3476",
    "Attribute1": "Attr1",
    "Attribute2": "Attr2",
    "Attribute3": "Attr3",
    "Transaction": 35
  },
  {
    "Index": 3477,
    "ObjectId": "Obj3477",
    "Attribute1": "Attr1",
    "Attribute2": "Attr2",
    "Attribute3": "Attr3",
    "Transaction": 35
  },
  {
    "Index": 3478,
    "ObjectId": "Obj3478",
    "Attribute1": "Attr1",
    "Attribute2": "Attr2",
    "Attribute3": "Attr3",
    "Transaction": 35
  },
  {
    "Index": 3479,
    "ObjectId": "Obj3479",
    "Attribute1": "Attr1",
    "Attribute2": "Attr2",
    "Attribute3": "Attr3",
    "Transaction": 35
  },
  {
    "Index": 3480,
    "ObjectId": "Obj3480",
    "Attribute1": "Attr1",
    "Attribute2": "Attr2",
    "Attribute3": "Attr3",
    "Transaction": 35
  },
  {
    "Index": 3481,
    "ObjectId": "Obj3481",
    "Attribute1": "Attr1",
    "Attribute2": "Attr2",
    "Attribute3": "Attr3",
    "Transaction": 35
  },
  {
    "Index": 3482,
    "ObjectId": "Obj3482",
    "Attribute1": "Attr1",
    "Attribute2": "Attr2",
    "Attribute3": "Attr3",
    "Transaction": 35
  },
  {
    "Index": 3483,
    "ObjectId": "Obj3483",
    "Attribute1": "Attr1",
    "Attribute2": "Attr2",
    "Attribute3": "Attr3",
    "Transaction": 35
  },
  {
    "Index": 3484,
    "ObjectId": "Obj3484",
    "Attribute1": "Attr1",
    "Attribute2": "Attr2",
    "Attribute3": "Attr3",
    "Transaction": 35
  },
  {
    "Index": 3485,
    "ObjectId": "Obj3485",
    "Attribute1": "Attr1",
    "Attribute2": "Attr2",
    "Attribute3": "Attr3",
    "Transaction": 35
  },
  {
    "Index": 3486,
    "ObjectId": "Obj3486",
    "Attribute1": "Attr1",
    "Attribute2": "Attr2",
    "Attribute3": "Attr3",
    "Transaction": 35
  },
  {
    "Index": 3487,
    "ObjectId": "Obj3487",
    "Attribute1": "Attr1",
    "Attribute2": "Attr2",
    "Attribute3": "Attr3",
    "Transaction": 35
  },
  {
    "Index": 3488,
    "ObjectId": "Obj3488",
    "Attribute1": "Attr1",
    "Attribute2": "Attr2",
    "Attribute3": "Attr3",
    "Transaction": 35
  },
  {
    "Index": 3489,
    "ObjectId": "Obj3489",
    "Attribute1": "Attr1",
    "Attribute2": "Attr2",
    "Attribute3": "Attr3",
    "Transaction": 35
  },
  {
    "Index": 3490,
    "ObjectId": "Obj3490",
    "Attribute1": "Attr1",
    "Attribute2": "Attr2",
    "Attribute3": "Attr3",
    "Transaction": 35
  },
  {
    "Index": 3491,
    "ObjectId": "Obj3491",
    "Attribute1": "Attr1",
    "Attribute2": "Attr2",
    "Attribute3": "Attr3",
    "Transaction": 35
  },
  {
    "Index": 3492,
    "ObjectId": "Obj3492",
    "Attribute1": "Attr1",
    "Attribute2": "Attr2",
    "Attribute3": "Attr3",
    "Transaction": 35
  },
  {
    "Index": 3493,
    "ObjectId": "Obj3493",
    "Attribute1": "Attr1",
    "Attribute2": "Attr2",
    "Attribute3": "Attr3",
    "Transaction": 35
  },
  {
    "Index": 3494,
    "ObjectId": "Obj3494",
    "Attribute1": "Attr1",
    "Attribute2": "Attr2",
    "Attribute3": "Attr3",
    "Transaction": 35
  },
  {
    "Index": 3495,
    "ObjectId": "Obj3495",
    "Attribute1": "Attr1",
    "Attribute2": "Attr2",
    "Attribute3": "Attr3",
    "Transaction": 35
  },
  {
    "Index": 3496,
    "ObjectId": "Obj3496",
    "Attribute1": "Attr1",
    "Attribute2": "Attr2",
    "Attribute3": "Attr3",
    "Transaction": 35
  },
  {
    "Index": 3497,
    "ObjectId": "Obj3497",
    "Attribute1": "Attr1",
    "Attribute2": "Attr2",
    "Attribute3": "Attr3",
    "Transaction": 35
  },
  {
    "Index": 3498,
    "ObjectId": "Obj3498",
    "Attribute1": "Attr1",
    "Attribute2": "Attr2",
    "Attribute3": "Attr3",
    "Transaction": 35
  },
  {
    "Index": 3499,
    "ObjectId": "Obj3499",
    "Attribute1": "Attr1",
    "Attribute2": "Attr2",
    "Attribute3": "Attr3",
    "Transaction": 35
  },
  {
    "Index": 3500,
    "ObjectId": "Obj3500",
    "Attribute1": "Attr1",
    "Attribute2": "Attr2",
    "Attribute3": "Attr3",
    "Transaction": 35
  }
]