[
  {
    "Index": 8201,
    "ObjectId": "Obj8201",
    "Attribute1": "Attr1",
    "Attribute2": "Attr2",
    "Attribute3": "Attr3",
    "Transaction": 83
  },
  {
    "Index": 8202,
    "ObjectId": "Obj8202",
    "Attribute1": "Attr1",
    "Attribute2": "Attr2",
    "Attribute3": "Attr3",
    "Transaction": 83
  },
  {
    "Index": 8203,
    "ObjectId": "Obj8203",
    "Attribute1": "Attr1",
    "Attribute2": "Attr2",
    "Attribute3": "Attr3",
    "Transaction": 83
  },
  {
    "Index": 8204,
    "ObjectId": "Obj8204",
    "Attribute1": "Attr1",
    "Attribute2": "Attr2",
    "Attribute3": "Attr3",
    "Transaction": 83
  },
  {
    "Index": 8205,
    "ObjectId": "Obj8205",
    "Attribute1": "Attr1",
    "Attribute2": "Attr2",
    "Attribute3": "Attr3",
    "Transaction": 83
  },
  {
    "Index": 8206,
    "ObjectId": "Obj8206",
    "Attribute1": "Attr1",
    "Attribute2": "Attr2",
    "Attribute3": "Attr3",
    "Transaction": 83
  },
  {
    "Index": 8207,
    "ObjectId": "Obj8207",
    "Attribute1": "Attr1",
    "Attribute2": "Attr2",
    "Attribute3": "Attr3",
    "Transaction": 83
  },
  {
    "Index": 8208,
    "ObjectId": "Obj8208",
    "Attribute1": "Attr1",
    "Attribute2": "Attr2",
    "Attribute3": "Attr3",
    "Transaction": 83
  },
  {
    "Index": 8209,
    "ObjectId": "Obj8209",
    "Attribute1": "Attr1",
    "Attribute2": "Attr2",
    "Attribute3": "Attr3",
    "Transaction": 83
  },
  {
    "Index": 8210,
    "ObjectId": "Obj8210",
    "Attribute1": "Attr1",
    "Attribute2": "Attr2",
    "Attribute3": "Attr3",
    "Transaction": 83
  },
  {
    "Index": 8211,
    "ObjectId": "Obj8211",
    "Attribute1": "Attr1",
    "Attribute2": "Attr2",
    "Attribute3": "Attr3",
    "Transaction": 83
  },
  {
    "Index": 8212,
    "ObjectId": "Obj8212",
    "Attribute1": "Attr1",
    "Attribute2": "Attr2",
    "Attribute3": "Attr3",
    "Transaction": 83
  },
  {
    "Index": 8213,
    "ObjectId": "Obj8213",
    "Attribute1": "Attr1",
    "Attribute2": "Attr2",
    "Attribute3": "Attr3",
    "Transaction": 83
  },
  {
    "Index": 8214,
    "ObjectId": "Obj8214",
    "Attribute1": "Attr1",
    "Attribute2": "Attr2",
    "Attribute3": "Attr3",
    "Transaction": 83
  },
  {
    "Index": 8215,
    "ObjectId": "Obj8215",
    "Attribute1": "Attr1",
    "Attribute2": "Attr2",
    "Attribute3": "Attr3",
    "Transaction": 83
  },
  {
    "Index": 8216,
    "ObjectId": "Obj8216",
    "Attribute1": "Attr1",
    "Attribute2": "Attr2",
    "Attribute3": "Attr3",
    "Transaction": 83
  },
  {
    "Index": 8217,
    "ObjectId": "Obj8217",
    "Attribute1": "Attr1",
    "Attribute2": "Attr2",
    "Attribute3": "Attr3",
    "Transaction": 83
  },
  {
    "Index": 8218,
    "ObjectId": "Obj8218",
    "Attribute1": "Attr1",
    "Attribute2": "Attr2",
    "Attribute3": "Attr3",
    "Transaction": 83
  },
  {
    "Index": 8219,
    "ObjectId": "Obj8219",
    "Attribute1": "Attr1",
    "Attribute2": "Attr2",
    "Attribute3": "Attr3",
    "Transaction": 83
  },
  {
    "Index": 8220,
    "ObjectId": "Obj8220",
    "Attribute1": "Attr1",
    "Attribute2": "Attr2",
    "Attribute3": "Attr3",
    "Transaction": 83
  },
  {
    "Index": 8221,
    "ObjectId": "Obj8221",
    "Attribute1": "Attr1",
    "Attribute2": "Attr2",
    "Attribute3": "Attr3",
    "Transaction": 83
  },
  {
    "Index": 8222,
    "ObjectId": "Obj8222",
    "Attribute1": "Attr1",
    "Attribute2": "Attr2",
    "Attribute3": "Attr3",
    "Transaction": 83
  },
  {
    "Index": 8223,
    "ObjectId": "Obj8223",
    "Attribute1": "Attr1",
    "Attribute2": "Attr2",
    "Attribute3": "Attr3",
    "Transaction": 83
  },
  {
    "Index": 8224,
    "ObjectId": "Obj8224",
    "Attribute1": "Attr1",
    "Attribute2": "Attr2",
    "Attribute3": "Attr3",
    "Transaction": 83
  },
  {
    "Index": 8225,
    "ObjectId": "Obj8225",
    "Attribute1": "Attr1",
    "Attribute2": "Attr2",
    "Attribute3": "Attr3",
    "Transaction": 83
  },
  {
    "Index": 8226,
    "ObjectId": "Obj8226",
    "Attribute1": "Attr1",
    "Attribute2": "Attr2",
    "Attribute3": "Attr3",
    "Transaction": 83
  },
  {
    "Index": 8227,
    "ObjectId": "Obj8227",
    "Attribute1": "Attr1",
    "Attribute2": "Attr2",
    "Attribute3": "Attr3",
    "Transaction": 83
  },
  {
    "Index": 8228,
    "ObjectId": "Obj8228",
    "Attribute1": "Attr1",
    "Attribute2": "Attr2",
    "Attribute3": "Attr3",
    "Transaction": 83
  },
  {
    "Index": 8229,
    "ObjectId": "Obj8229",
    "Attribute1": "Attr1",
    "Attribute2": "Attr2",
    "Attribute3": "Attr3",
    "Transaction": 83
  },
  {
    "Index": 8230,
    "ObjectId": "Obj8230",
    "Attribute1": "Attr1",
    "Attribute2": "Attr2",
    "Attribute3": "Attr3",
    "Transaction": 83
  },
  {
    "Index": 8231,
    "ObjectId": "Obj8231",
    "Attribute1": "Attr1",
    "Attribute2": "Attr2",
    "Attribute3": "Attr3",
    "Transaction": 83
  },
  {
    "Index": 8232,
    "ObjectId": "Obj8232",
    "Attribute1": "Attr1",
    "Attribute2": "Attr2",
    "Attribute3": "Attr3",
    "Transaction": 83
  },
  {
    "Index": 8233,
    "ObjectId": "Obj8233",
    "Attribute1": "Attr1",
    "Attribute2": "Attr2",
    "Attribute3": "Attr3",
    "Transaction": 83
  },
  {
    "Index": 8234,
    "ObjectId": "Obj8234",
    "Attribute1": "Attr1",
    "Attribute2": "Attr2",
    "Attribute3": "Attr3",
    "Transaction": 83
  },
  {
    "Index": 8235,
    "ObjectId": "Obj8235",
    "Attribute1": "Attr1",
    "Attribute2": "Attr2",
    "Attribute3": "Attr3",
    "Transaction": 83
  },
  {
    "Index": 8236,
    "ObjectId": "Obj8236",
    "Attribute1": "Attr1",
    "Attribute2": "Attr2",
    "Attribute3": "Attr3",
    "Transaction": 83
  },
  {
    "Index": 8237,
    "ObjectId": "Obj8237",
    "Attribute1": "Attr1",
    "Attribute2": "Attr2",
    "Attribute3": "Attr3",
    "Transaction": 83
  },
  {
    "Index": 8238,
    "ObjectId": "Obj8238",
    "Attribute1": "Attr1",
    "Attribute2": "Attr2",
    "Attribute3": "Attr3",
    "Transaction": 83
  },
  {
    "Index": 8239,
    "ObjectId": "Obj8239",
    "Attribute1": "Attr1",
    "Attribute2": "Attr2",
    "Attribute3": "Attr3",
    "Transaction": 83
  },
  {
    "Index": 8240,
    "ObjectId": "Obj8240",
    "Attribute1": "Attr1",
    "Attribute2": "Attr2",
    "Attribute3": "Attr3",
    "Transaction": 83
  },
  {
    "Index": 8241,
    "ObjectId": "Obj8241",
    "Attribute1": "Attr1",
    "Attribute2": "Attr2",
    "Attribute3": "Attr3",
    "Transaction": 83
  },
  {
    "Index": 8242,
    "ObjectId": "Obj8242",
    "Attribute1": "Attr1",
    "Attribute2": "Attr2",
    "Attribute3": "Attr3",
    "Transaction": 83
  },
  {
    "Index": 8243,
    "ObjectId": "Obj8243",
    "Attribute1": "Attr1",
    "Attribute2": "Attr2",
    "Attribute3": "Attr3",
    "Transaction": 83
  },
  {
    "Index": 8244,
    "ObjectId": "Obj8244",
    "Attribute1": "Attr1",
    "Attribute2": "Attr2",
    "Attribute3": "Attr3",
    "Transaction": 83
  },
  {
    "Index": 8245,
    "ObjectId": "Obj8245",
    "Attribute1": "Attr1",
    "Attribute2": "Attr2",
    "Attribute3": "Attr3",
    "Transaction": 83
  },
  {
    "Index": 8246,
    "ObjectId": "Obj8246",
    "Attribute1": "Attr1",
    "Attribute2": "Attr2",
    "Attribute3": "Attr3",
    "Transaction": 83
  },
  {
    "Index": 8247,
    "ObjectId": "Obj8247",
    "Attribute1": "Attr1",
    "Attribute2": "Attr2",
    "Attribute3": "Attr3",
    "Transaction": 83
  },
  {
    "Index": 8248,
    "ObjectId": "Obj8248",
    "Attribute1": "Attr1",
    "Attribute2": "Attr2",
    "Attribute3": "Attr3",
    "Transaction": 83
  },
  {
    "Index": 8249,
    "ObjectId": "Obj8249",
    "Attribute1": "Attr1",
    "Attribute2": "Attr2",
    "Attribute3": "Attr3",
    "Transaction": 83
  },
  {
    "Index": 8250,
    "ObjectId": "Obj8250",
    "Attribute1": "Attr1",
    "Attribute2": "Attr2",
    "Attribute3": "Attr3",
    "Transaction": 83
  },
  {
    "Index": 8251,
    "ObjectId": "Obj8251",
    "Attribute1": "Attr1",
    "Attribute2": "Attr2",
    "Attribute3": "Attr3",
    "Transaction": 83
  },
  {
    "Index": 8252,
    "ObjectId": "Obj8252",
    "Attribute1": "Attr1",
    "Attribute2": "Attr2",
    "Attribute3": "Attr3",
    "Transaction": 83
  },
  {
    "Index": 8253,
    "ObjectId": "Obj8253",
    "Attribute1": "Attr1",
    "Attribute2": "Attr2",
    "Attribute3": "Attr3",
    "Transaction": 83
  },
  {
    "Index": 8254,
    "ObjectId": "Obj8254",
    "Attribute1": "Attr1",
    "Attribute2": "Attr2",
    "Attribute3": "Attr3",
    "Transaction": 83
  },
  {
    "Index": 8255,
    "ObjectId": "Obj8255",
    "Attribute1": "Attr1",
    "Attribute2": "Attr2",
    "Attribute3": "Attr3",
    "Transaction": 83
  },
  {
    "Index": 8256,
    "ObjectId": "Obj8256",
    "Attribute1": "Attr1",
    "Attribute2": "Attr2",
    "Attribute3": "Attr3",
    "Transaction": 83
  },
  {
    "Index": 8257,
    "ObjectId": "Obj8257",
    "Attribute1": "Attr1",
    "Attribute2": "Attr2",
    "Attribute3": "Attr3",
    "Transaction": 83
  },
  {
    "Index": 8258,
    "ObjectId": "Obj8258",
    "Attribute1": "Attr1",
    "Attribute2": "Attr2",
    "Attribute3": "Attr3",
    "Transaction": 83
  },
  {
    "Index": 8259,
    "ObjectId": "Obj8259",
    "Attribute1": "Attr1",
    "Attribute2": "Attr2",
    "Attribute3": "Attr3",
    "Transaction": 83
  },
  {
    "Index": 8260,
    "ObjectId": "Obj8260",
    "Attribute1": "Attr1",
    "Attribute2": "Attr2",
    "Attribute3": "Attr3",
    "Transaction": 83
  },
  {
    "Index": 8261,
    "ObjectId": "Obj8261",
    "Attribute1": "Attr1",
    "Attribute2": "Attr2",
    "Attribute3": "Attr3",
    "Transaction": 83
  },
  {
    "Index": 8262,
    "ObjectId": "Obj8262",
    "Attribute1": "Attr1",
    "Attribute2": "Attr2",
    "Attribute3": "Attr3",
    "Transaction": 83
  },
  {
    "Index": 8263,
    "ObjectId": "Obj8263",
    "Attribute1": "Attr1",
    "Attribute2": "Attr2",
    "Attribute3": "Attr3",
    "Transaction": 83
  },
  {
    "Index": 8264,
    "ObjectId": "Obj8264",
    "Attribute1": "Attr1",
    "Attribute2": "Attr2",
    "Attribute3": "Attr3",
    "Transaction": 83
  },
  {
    "Index": 8265,
    "ObjectId": "Obj8265",
    "Attribute1": "Attr1",
    "Attribute2": "Attr2",
    "Attribute3": "Attr3",
    "Transaction": 83
  },
  {
    "Index": 8266,
    "ObjectId": "Obj8266",
    "Attribute1": "Attr1",
    "Attribute2": "Attr2",
    "Attribute3": "Attr3",
    "Transaction": 83
  },
  {
    "Index": 8267,
    "ObjectId": "Obj8267",
    "Attribute1": "Attr1",
    "Attribute2": "Attr2",
    "Attribute3": "Attr3",
    "Transaction": 83
  },
  {
    "Index": 8268,
    "ObjectId": "Obj8268",
    "Attribute1": "Attr1",
    "Attribute2": "Attr2",
    "Attribute3": "Attr3",
    "Transaction": 83
  },
  {
    "Index": 8269,
    "ObjectId": "Obj8269",
    "Attribute1": "Attr1",
    "Attribute2": "Attr2",
    "Attribute3": "Attr3",
    "Transaction": 83
  },
  {
    "Index": 8270,
    "ObjectId": "Obj8270",
    "Attribute1": "Attr1",
    "Attribute2": "Attr2",
    "Attribute3": "Attr3",
    "Transaction": 83
  },
  {
    "Index": 8271,
    "ObjectId": "Obj8271",
    "Attribute1": "Attr1",
    "Attribute2": "Attr2",
    "Attribute3": "Attr3",
    "Transaction": 83
  },
  {
    "Index": 8272,
    "ObjectId": "Obj8272",
    "Attribute1": "Attr1",
    "Attribute2": "Attr2",
    "Attribute3": "Attr3",
    "Transaction": 83
  },
  {
    "Index": 8273,
    "ObjectId": "Obj8273",
    "Attribute1": "Attr1",
    "Attribute2": "Attr2",
    "Attribute3": "Attr3",
    "Transaction": 83
  },
  {
    "Index": 8274,
    "ObjectId": "Obj8274",
    "Attribute1": "Attr1",
    "Attribute2": "Attr2",
    "Attribute3": "Attr3",
    "Transaction": 83
  },
  {
    "Index": 8275,
    "ObjectId": "Obj8275",
    "Attribute1": "Attr1",
    "Attribute2": "Attr2",
    "Attribute3": "Attr3",
    "Transaction": 83
  },
  {
    "Index": 8276,
    "ObjectId": "Obj8276",
    "Attribute1": "Attr1",
    "Attribute2": "Attr2",
    "Attribute3": "Attr3",
    "Transaction": 83
  },
  {
    "Index": 8277,
    "ObjectId": "Obj8277",
    "Attribute1": "Attr1",
    "Attribute2": "Attr2",
    "Attribute3": "Attr3",
    "Transaction": 83
  },
  {
    "Index": 8278,
    "ObjectId": "Obj8278",
    "Attribute1": "Attr1",
    "Attribute2": "Attr2",
    "Attribute3": "Attr3",
    "Transaction": 83
  },
  {
    "Index": 8279,
    "ObjectId": "Obj8279",
    "Attribute1": "Attr1",
    "Attribute2": "Attr2",
    "Attribute3": "Attr3",
    "Transaction": 83
  },
  {
    "Index": 8280,
    "ObjectId": "Obj8280",
    "Attribute1": "Attr1",
    "Attribute2": "Attr2",
    "Attribute3": "Attr3",
    "Transaction": 83
  },
  {
    "Index": 8281,
    "ObjectId": "Obj8281",
    "Attribute1": "Attr1",
    "Attribute2": "Attr2",
    "Attribute3": "Attr3",
    "Transaction": 83
  },
  {
    "Index": 8282,
    "ObjectId": "Obj8282",
    "Attribute1": "Attr1",
    "Attribute2": "Attr2",
    "Attribute3": "Attr3",
    "Transaction": 83
  },
  {
    "Index": 8283,
    "ObjectId": "Obj8283",
    "Attribute1": "Attr1",
    "Attribute2": "Attr2",
    "Attribute3": "Attr3",
    "Transaction": 83
  },
  {
    "Index": 8284,
    "ObjectId": "Obj8284",
    "Attribute1": "Attr1",
    "Attribute2": "Attr2",
    "Attribute3": "Attr3",
    "Transaction": 83
  },
  {
    "Index": 8285,
    "ObjectId": "Obj8285",
    "Attribute1": "Attr1",
    "Attribute2": "Attr2",
    "Attribute3": "Attr3",
    "Transaction": 83
  },
  {
    "Index": 8286,
    "ObjectId": "Obj8286",
    "Attribute1": "Attr1",
    "Attribute2": "Attr2",
    "Attribute3": "Attr3",
    "Transaction": 83
  },
  {
    "Index": 8287,
    "ObjectId": "Obj8287",
    "Attribute1": "Attr1",
    "Attribute2": "Attr2",
    "Attribute3": "Attr3",
    "Transaction": 83
  },
  {
    "Index": 8288,
    "ObjectId": "Obj8288",
    "Attribute1": "Attr1",
    "Attribute2": "Attr2",
    "Attribute3": "Attr3",
    "Transaction": 83
  },
  {
    "Index": 8289,
    "ObjectId": "Obj8289",
    "Attribute1": "Attr1",
    "Attribute2": "Attr2",
    "Attribute3": "Attr3",
    "Transaction": 83
  },
  {
    "Index": 8290,
    "ObjectId": "Obj8290",
    "Attribute1": "Attr1",
    "Attribute2": "Attr2",
    "Attribute3": "Attr3",
    "Transaction": 83
  },
  {
    "Index": 8291,
    "ObjectId": "Obj8291",
    "Attribute1": "Attr1",
    "Attribute2": "Attr2",
    "Attribute3": "Attr3",
    "Transaction": 83
  },
  {
    "Index": 8292,
    "ObjectId": "Obj8292",
    "Attribute1": "Attr1",
    "Attribute2": "Attr2",
    "Attribute3": "Attr3",
    "Transaction": 83
  },
  {
    "Index": 8293,
    "ObjectId": "Obj8293",
    "Attribute1": "Attr1",
    "Attribute2": "Attr2",
    "Attribute3": "Attr3",
    "Transaction": 83
  },
  {
    "Index": 8294,
    "ObjectId": "Obj8294",
    "Attribute1": "Attr1",
    "Attribute2": "Attr2",
    "Attribute3": "Attr3",
    "Transaction": 83
  },
  {
    "Index": 8295,
    "ObjectId": "Obj8295",
    "Attribute1": "Attr1",
    "Attribute2": "Attr2",
    "Attribute3": "Attr3",
    "Transaction": 83
  },
  {
    "Index": 8296,
    "ObjectId": "Obj8296",
    "Attribute1": "Attr1",
    "Attribute2": "Attr2",
    "Attribute3": "Attr3",
    "Transaction": 83
  },
  {
    "Index": 8297,
    "ObjectId": "Obj8297",
    "Attribute1": "Attr1",
    "Attribute2": "Attr2",
    "Attribute3": "Attr3",
    "Transaction": 83
  },
  {
    "Index": 8298,
    "ObjectId": "Obj8298",
    "Attribute1": "Attr1",
    "Attribute2": "Attr2",
    "Attribute3": "Attr3",
    "Transaction": 83
  },
  {
    "Index": 8299,
    "ObjectId": "Obj8299",
    "Attribute1": "Attr1",
    "Attribute2": "Attr2",
    "Attribute3": "Attr3",
    "Transaction": 83
  },
  {
    "Index": 8300,
    "ObjectId": "Obj8300",
    "Attribute1": "Attr1",
    "Attribute2": "Attr2",
    "Attribute3": "Attr3",
    "Transaction": 83
  }
]