[
  {
    "Index": 901,
    "ObjectId": "Obj901",
    "Attribute1": "Attr1",
    "Attribute2": "Attr2",
    "Attribute3": "Attr3",
    "Transaction": 10
  },
  {
    "Index": 902,
    "ObjectId": "Obj902",
    "Attribute1": "Attr1",
    "Attribute2": "Attr2",
    "Attribute3": "Attr3",
    "Transaction": 10
  },
  {
    "Index": 903,
    "ObjectId": "Obj903",
    "Attribute1": "Attr1",
    "Attribute2": "Attr2",
    "Attribute3": "Attr3",
    "Transaction": 10
  },
  {
    "Index": 904,
    "ObjectId": "Obj904",
    "Attribute1": "Attr1",
    "Attribute2": "Attr2",
    "Attribute3": "Attr3",
    "Transaction": 10
  },
  {
    "Index": 905,
    "ObjectId": "Obj905",
    "Attribute1": "Attr1",
    "Attribute2": "Attr2",
    "Attribute3": "Attr3",
    "Transaction": 10
  },
  {
    "Index": 906,
    "ObjectId": "Obj906",
    "Attribute1": "Attr1",
    "Attribute2": "Attr2",
    "Attribute3": "Attr3",
    "Transaction": 10
  },
  {
    "Index": 907,
    "ObjectId": "Obj907",
    "Attribute1": "Attr1",
    "Attribute2": "Attr2",
    "Attribute3": "Attr3",
    "Transaction": 10
  },
  {
    "Index": 908,
    "ObjectId": "Obj908",
    "Attribute1": "Attr1",
    "Attribute2": "Attr2",
    "Attribute3": "Attr3",
    "Transaction": 10
  },
  {
    "Index": 909,
    "ObjectId": "Obj909",
    "Attribute1": "Attr1",
    "Attribute2": "Attr2",
    "Attribute3": "Attr3",
    "Transaction": 10
  },
  {
    "Index": 910,
    "ObjectId": "Obj910",
    "Attribute1": "Attr1",
    "Attribute2": "Attr2",
    "Attribute3": "Attr3",
    "Transaction": 10
  },
  {
    "Index": 911,
    "ObjectId": "Obj911",
    "Attribute1": "Attr1",
    "Attribute2": "Attr2",
    "Attribute3": "Attr3",
    "Transaction": 10
  },
  {
    "Index": 912,
    "ObjectId": "Obj912",
    "Attribute1": "Attr1",
    "Attribute2": "Attr2",
    "Attribute3": "Attr3",
    "Transaction": 10
  },
  {
    "Index": 913,
    "ObjectId": "Obj913",
    "Attribute1": "Attr1",
    "Attribute2": "Attr2",
    "Attribute3": "Attr3",
    "Transaction": 10
  },
  {
    "Index": 914,
    "ObjectId": "Obj914",
    "Attribute1": "Attr1",
    "Attribute2": "Attr2",
    "Attribute3": "Attr3",
    "Transaction": 10
  },
  {
    "Index": 915,
    "ObjectId": "Obj915",
    "Attribute1": "Attr1",
    "Attribute2": "Attr2",
    "Attribute3": "Attr3",
    "Transaction": 10
  },
  {
    "Index": 916,
    "ObjectId": "Obj916",
    "Attribute1": "Attr1",
    "Attribute2": "Attr2",
    "Attribute3": "Attr3",
    "Transaction": 10
  },
  {
    "Index": 917,
    "ObjectId": "Obj917",
    "Attribute1": "Attr1",
    "Attribute2": "Attr2",
    "Attribute3": "Attr3",
    "Transaction": 10
  },
  {
    "Index": 918,
    "ObjectId": "Obj918",
    "Attribute1": "Attr1",
    "Attribute2": "Attr2",
    "Attribute3": "Attr3",
    "Transaction": 10
  },
  {
    "Index": 919,
    "ObjectId": "Obj919",
    "Attribute1": "Attr1",
    "Attribute2": "Attr2",
    "Attribute3": "Attr3",
    "Transaction": 10
  },
  {
    "Index": 920,
    "ObjectId": "Obj920",
    "Attribute1": "Attr1",
    "Attribute2": "Attr2",
    "Attribute3": "Attr3",
    "Transaction": 10
  },
  {
    "Index": 921,
    "ObjectId": "Obj921",
    "Attribute1": "Attr1",
    "Attribute2": "Attr2",
    "Attribute3": "Attr3",
    "Transaction": 10
  },
  {
    "Index": 922,
    "ObjectId": "Obj922",
    "Attribute1": "Attr1",
    "Attribute2": "Attr2",
    "Attribute3": "Attr3",
    "Transaction": 10
  },
  {
    "Index": 923,
    "ObjectId": "Obj923",
    "Attribute1": "Attr1",
    "Attribute2": "Attr2",
    "Attribute3": "Attr3",
    "Transaction": 10
  },
  {
    "Index": 924,
    "ObjectId": "Obj924",
    "Attribute1": "Attr1",
    "Attribute2": "Attr2",
    "Attribute3": "Attr3",
    "Transaction": 10
  },
  {
    "Index": 925,
    "ObjectId": "Obj925",
    "Attribute1": "Attr1",
    "Attribute2": "Attr2",
    "Attribute3": "Attr3",
    "Transaction": 10
  },
  {
    "Index": 926,
    "ObjectId": "Obj926",
    "Attribute1": "Attr1",
    "Attribute2": "Attr2",
    "Attribute3": "Attr3",
    "Transaction": 10
  },
  {
    "Index": 927,
    "ObjectId": "Obj927",
    "Attribute1": "Attr1",
    "Attribute2": "Attr2",
    "Attribute3": "Attr3",
    "Transaction": 10
  },
  {
    "Index": 928,
    "ObjectId": "Obj928",
    "Attribute1": "Attr1",
    "Attribute2": "Attr2",
    "Attribute3": "Attr3",
    "Transaction": 10
  },
  {
    "Index": 929,
    "ObjectId": "Obj929",
    "Attribute1": "Attr1",
    "Attribute2": "Attr2",
    "Attribute3": "Attr3",
    "Transaction": 10
  },
  {
    "Index": 930,
    "ObjectId": "Obj930",
    "Attribute1": "Attr1",
    "Attribute2": "Attr2",
    "Attribute3": "Attr3",
    "Transaction": 10
  },
  {
    "Index": 931,
    "ObjectId": "Obj931",
    "Attribute1": "Attr1",
    "Attribute2": "Attr2",
    "Attribute3": "Attr3",
    "Transaction": 10
  },
  {
    "Index": 932,
    "ObjectId": "Obj932",
    "Attribute1": "Attr1",
    "Attribute2": "Attr2",
    "Attribute3": "Attr3",
    "Transaction": 10
  },
  {
    "Index": 933,
    "ObjectId": "Obj933",
    "Attribute1": "Attr1",
    "Attribute2": "Attr2",
    "Attribute3": "Attr3",
    "Transaction": 10
  },
  {
    "Index": 934,
    "ObjectId": "Obj934",
    "Attribute1": "Attr1",
    "Attribute2": "Attr2",
    "Attribute3": "Attr3",
    "Transaction": 10
  },
  {
    "Index": 935,
    "ObjectId": "Obj935",
    "Attribute1": "Attr1",
    "Attribute2": "Attr2",
    "Attribute3": "Attr3",
    "Transaction": 10
  },
  {
    "Index": 936,
    "ObjectId": "Obj936",
    "Attribute1": "Attr1",
    "Attribute2": "Attr2",
    "Attribute3": "Attr3",
    "Transaction": 10
  },
  {
    "Index": 937,
    "ObjectId": "Obj937",
    "Attribute1": "Attr1",
    "Attribute2": "Attr2",
    "Attribute3": "Attr3",
    "Transaction": 10
  },
  {
    "Index": 938,
    "ObjectId": "Obj938",
    "Attribute1": "Attr1",
    "Attribute2": "Attr2",
    "Attribute3": "Attr3",
    "Transaction": 10
  },
  {
    "Index": 939,
    "ObjectId": "Obj939",
    "Attribute1": "Attr1",
    "Attribute2": "Attr2",
    "Attribute3": "Attr3",
    "Transaction": 10
  },
  {
    "Index": 940,
    "ObjectId": "Obj940",
    "Attribute1": "Attr1",
    "Attribute2": "Attr2",
    "Attribute3": "Attr3",
    "Transaction": 10
  },
  {
    "Index": 941,
    "ObjectId": "Obj941",
    "Attribute1": "Attr1",
    "Attribute2": "Attr2",
    "Attribute3": "Attr3",
    "Transaction": 10
  },
  {
    "Index": 942,
    "ObjectId": "Obj942",
    "Attribute1": "Attr1",
    "Attribute2": "Attr2",
    "Attribute3": "Attr3",
    "Transaction": 10
  },
  {
    "Index": 943,
    "ObjectId": "Obj943",
    "Attribute1": "Attr1",
    "Attribute2": "Attr2",
    "Attribute3": "Attr3",
    "Transaction": 10
  },
  {
    "Index": 944,
    "ObjectId": "Obj944",
    "Attribute1": "Attr1",
    "Attribute2": "Attr2",
    "Attribute3": "Attr3",
    "Transaction": 10
  },
  {
    "Index": 945,
    "ObjectId": "Obj945",
    "Attribute1": "Attr1",
    "Attribute2": "Attr2",
    "Attribute3": "Attr3",
    "Transaction": 10
  },
  {
    "Index": 946,
    "ObjectId": "Obj946",
    "Attribute1": "Attr1",
    "Attribute2": "Attr2",
    "Attribute3": "Attr3",
    "Transaction": 10
  },
  {
    "Index": 947,
    "ObjectId": "Obj947",
    "Attribute1": "Attr1",
    "Attribute2": "Attr2",
    "Attribute3": "Attr3",
    "Transaction": 10
  },
  {
    "Index": 948,
    "ObjectId": "Obj948",
    "Attribute1": "Attr1",
    "Attribute2": "Attr2",
    "Attribute3": "Attr3",
    "Transaction": 10
  },
  {
    "Index": 949,
    "ObjectId": "Obj949",
    "Attribute1": "Attr1",
    "Attribute2": "Attr2",
    "Attribute3": "Attr3",
    "Transaction": 10
  },
  {
    "Index": 950,
    "ObjectId": "Obj950",
    "Attribute1": "Attr1",
    "Attribute2": "Attr2",
    "Attribute3": "Attr3",
    "Transaction": 10
  },
  {
    "Index": 951,
    "ObjectId": "Obj951",
    "Attribute1": "Attr1",
    "Attribute2": "Attr2",
    "Attribute3": "Attr3",
    "Transaction": 10
  },
  {
    "Index": 952,
    "ObjectId": "Obj952",
    "Attribute1": "Attr1",
    "Attribute2": "Attr2",
    "Attribute3": "Attr3",
    "Transaction": 10
  },
  {
    "Index": 953,
    "ObjectId": "Obj953",
    "Attribute1": "Attr1",
    "Attribute2": "Attr2",
    "Attribute3": "Attr3",
    "Transaction": 10
  },
  {
    "Index": 954,
    "ObjectId": "Obj954",
    "Attribute1": "Attr1",
    "Attribute2": "Attr2",
    "Attribute3": "Attr3",
    "Transaction": 10
  },
  {
    "Index": 955,
    "ObjectId": "Obj955",
    "Attribute1": "Attr1",
    "Attribute2": "Attr2",
    "Attribute3": "Attr3",
    "Transaction": 10
  },
  {
    "Index": 956,
    "ObjectId": "Obj956",
    "Attribute1": "Attr1",
    "Attribute2": "Attr2",
    "Attribute3": "Attr3",
    "Transaction": 10
  },
  {
    "Index": 957,
    "ObjectId": "Obj957",
    "Attribute1": "Attr1",
    "Attribute2": "Attr2",
    "Attribute3": "Attr3",
    "Transaction": 10
  },
  {
    "Index": 958,
    "ObjectId": "Obj958",
    "Attribute1": "Attr1",
    "Attribute2": "Attr2",
    "Attribute3": "Attr3",
    "Transaction": 10
  },
  {
    "Index": 959,
    "ObjectId": "Obj959",
    "Attribute1": "Attr1",
    "Attribute2": "Attr2",
    "Attribute3": "Attr3",
    "Transaction": 10
  },
  {
    "Index": 960,
    "ObjectId": "Obj960",
    "Attribute1": "Attr1",
    "Attribute2": "Attr2",
    "Attribute3": "Attr3",
    "Transaction": 10
  },
  {
    "Index": 961,
    "ObjectId": "Obj961",
    "Attribute1": "Attr1",
    "Attribute2": "Attr2",
    "Attribute3": "Attr3",
    "Transaction": 10
  },
  {
    "Index": 962,
    "ObjectId": "Obj962",
    "Attribute1": "Attr1",
    "Attribute2": "Attr2",
    "Attribute3": "Attr3",
    "Transaction": 10
  },
  {
    "Index": 963,
    "ObjectId": "Obj963",
    "Attribute1": "Attr1",
    "Attribute2": "Attr2",
    "Attribute3": "Attr3",
    "Transaction": 10
  },
  {
    "Index": 964,
    "ObjectId": "Obj964",
    "Attribute1": "Attr1",
    "Attribute2": "Attr2",
    "Attribute3": "Attr3",
    "Transaction": 10
  },
  {
    "Index": 965,
    "ObjectId": "Obj965",
    "Attribute1": "Attr1",
    "Attribute2": "Attr2",
    "Attribute3": "Attr3",
    "Transaction": 10
  },
  {
    "Index": 966,
    "ObjectId": "Obj966",
    "Attribute1": "Attr1",
    "Attribute2": "Attr2",
    "Attribute3": "Attr3",
    "Transaction": 10
  },
  {
    "Index": 967,
    "ObjectId": "Obj967",
    "Attribute1": "Attr1",
    "Attribute2": "Attr2",
    "Attribute3": "Attr3",
    "Transaction": 10
  },
  {
    "Index": 968,
    "ObjectId": "Obj968",
    "Attribute1": "Attr1",
    "Attribute2": "Attr2",
    "Attribute3": "Attr3",
    "Transaction": 10
  },
  {
    "Index": 969,
    "ObjectId": "Obj969",
    "Attribute1": "Attr1",
    "Attribute2": "Attr2",
    "Attribute3": "Attr3",
    "Transaction": 10
  },
  {
    "Index": 970,
    "ObjectId": "Obj970",
    "Attribute1": "Attr1",
    "Attribute2": "Attr2",
    "Attribute3": "Attr3",
    "Transaction": 10
  },
  {
    "Index": 971,
    "ObjectId": "Obj971",
    "Attribute1": "Attr1",
    "Attribute2": "Attr2",
    "Attribute3": "Attr3",
    "Transaction": 10
  },
  {
    "Index": 972,
    "ObjectId": "Obj972",
    "Attribute1": "Attr1",
    "Attribute2": "Attr2",
    "Attribute3": "Attr3",
    "Transaction": 10
  },
  {
    "Index": 973,
    "ObjectId": "Obj973",
    "Attribute1": "Attr1",
    "Attribute2": "Attr2",
    "Attribute3": "Attr3",
    "Transaction": 10
  },
  {
    "Index": 974,
    "ObjectId": "Obj974",
    "Attribute1": "Attr1",
    "Attribute2": "Attr2",
    "Attribute3": "Attr3",
    "Transaction": 10
  },
  {
    "Index": 975,
    "ObjectId": "Obj975",
    "Attribute1": "Attr1",
    "Attribute2": "Attr2",
    "Attribute3": "Attr3",
    "Transaction": 10
  },
  {
    "Index": 976,
    "ObjectId": "Obj976",
    "Attribute1": "Attr1",
    "Attribute2": "Attr2",
    "Attribute3": "Attr3",
    "Transaction": 10
  },
  {
    "Index": 977,
    "ObjectId": "Obj977",
    "Attribute1": "Attr1",
    "Attribute2": "Attr2",
    "Attribute3": "Attr3",
    "Transaction": 10
  },
  {
    "Index": 978,
    "ObjectId": "Obj978",
    "Attribute1": "Attr1",
    "Attribute2": "Attr2",
    "Attribute3": "Attr3",
    "Transaction": 10
  },
  {
    "Index": 979,
    "ObjectId": "Obj979",
    "Attribute1": "Attr1",
    "Attribute2": "Attr2",
    "Attribute3": "Attr3",
    "Transaction": 10
  },
  {
    "Index": 980,
    "ObjectId": "Obj980",
    "Attribute1": "Attr1",
    "Attribute2": "Attr2",
    "Attribute3": "Attr3",
    "Transaction": 10
  },
  {
    "Index": 981,
    "ObjectId": "Obj981",
    "Attribute1": "Attr1",
    "Attribute2": "Attr2",
    "Attribute3": "Attr3",
    "Transaction": 10
  },
  {
    "Index": 982,
    "ObjectId": "Obj982",
    "Attribute1": "Attr1",
    "Attribute2": "Attr2",
    "Attribute3": "Attr3",
    "Transaction": 10
  },
  {
    "Index": 983,
    "ObjectId": "Obj983",
    "Attribute1": "Attr1",
    "Attribute2": "Attr2",
    "Attribute3": "Attr3",
    "Transaction": 10
  },
  {
    "Index": 984,
    "ObjectId": "Obj984",
    "Attribute1": "Attr1",
    "Attribute2": "Attr2",
    "Attribute3": "Attr3",
    "Transaction": 10
  },
  {
    "Index": 985,
    "ObjectId": "Obj985",
    "Attribute1": "Attr1",
    "Attribute2": "Attr2",
    "Attribute3": "Attr3",
    "Transaction": 10
  },
  {
    "Index": 986,
    "ObjectId": "Obj986",
    "Attribute1": "Attr1",
    "Attribute2": "Attr2",
    "Attribute3": "Attr3",
    "Transaction": 10
  },
  {
    "Index": 987,
    "ObjectId": "Obj987",
    "Attribute1": "Attr1",
    "Attribute2": "Attr2",
    "Attribute3": "Attr3",
    "Transaction": 10
  },
  {
    "Index": 988,
    "ObjectId": "Obj988",
    "Attribute1": "Attr1",
    "Attribute2": "Attr2",
    "Attribute3": "Attr3",
    "Transaction": 10
  },
  {
    "Index": 989,
    "ObjectId": "Obj989",
    "Attribute1": "Attr1",
    "Attribute2": "Attr2",
    "Attribute3": "Attr3",
    "Transaction": 10
  },
  {
    "Index": 990,
    "ObjectId": "Obj990",
    "Attribute1": "Attr1",
    "Attribute2": "Attr2",
    "Attribute3": "Attr3",
    "Transaction": 10
  },
  {
    "Index": 991,
    "ObjectId": "Obj991",
    "Attribute1": "Attr1",
    "Attribute2": "Attr2",
    "Attribute3": "Attr3",
    "Transaction": 10
  },
  {
    "Index": 992,
    "ObjectId": "Obj992",
    "Attribute1": "Attr1",
    "Attribute2": "Attr2",
    "Attribute3": "Attr3",
    "Transaction": 10
  },
  {
    "Index": 993,
    "ObjectId": "Obj993",
    "Attribute1": "Attr1",
    "Attribute2": "Attr2",
    "Attribute3": "Attr3",
    "Transaction": 10
  },
  {
    "Index": 994,
    "ObjectId": "Obj994",
    "Attribute1": "Attr1",
    "Attribute2": "Attr2",
    "Attribute3": "Attr3",
    "Transaction": 10
  },
  {
    "Index": 995,
    "ObjectId": "Obj995",
    "Attribute1": "Attr1",
    "Attribute2": "Attr2",
    "Attribute3": "Attr3",
    "Transaction": 10
  },
  {
    "Index": 996,
    "ObjectId": "Obj996",
    "Attribute1": "Attr1",
    "Attribute2": "Attr2",
    "Attribute3": "Attr3",
    "Transaction": 10
  },
  {
    "Index": 997,
    "ObjectId": "Obj997",
    "Attribute1": "Attr1",
    "Attribute2": "Attr2",
    "Attribute3": "Attr3",
    "Transaction": 10
  },
  {
    "Index": 998,
    "ObjectId": "Obj998",
    "Attribute1": "Attr1",
    "Attribute2": "Attr2",
    "Attribute3": "Attr3",
    "Transaction": 10
  },
  {
    "Index": 999,
    "ObjectId": "Obj999",
    "Attribute1": "Attr1",
    "Attribute2": "Attr2",
    "Attribute3": "Attr3",
    "Transaction": 10
  },
  {
    "Index": 1000,
    "ObjectId": "Obj1000",
    "Attribute1": "Attr1",
    "Attribute2": "Attr2",
    "Attribute3": "Attr3",
    "Transaction": 10
  }
]