[
  {
    "Index": 5801,
    "ObjectId": "Obj5801",
    "Attribute1": "Attr1",
    "Attribute2": "Attr2",
    "Attribute3": "Attr3",
    "Transaction": 59
  },
  {
    "Index": 5802,
    "ObjectId": "Obj5802",
    "Attribute1": "Attr1",
    "Attribute2": "Attr2",
    "Attribute3": "Attr3",
    "Transaction": 59
  },
  {
    "Index": 5803,
    "ObjectId": "Obj5803",
    "Attribute1": "Attr1",
    "Attribute2": "Attr2",
    "Attribute3": "Attr3",
    "Transaction": 59
  },
  {
    "Index": 5804,
    "ObjectId": "Obj5804",
    "Attribute1": "Attr1",
    "Attribute2": "Attr2",
    "Attribute3": "Attr3",
    "Transaction": 59
  },
  {
    "Index": 5805,
    "ObjectId": "Obj5805",
    "Attribute1": "Attr1",
    "Attribute2": "Attr2",
    "Attribute3": "Attr3",
    "Transaction": 59
  },
  {
    "Index": 5806,
    "ObjectId": "Obj5806",
    "Attribute1": "Attr1",
    "Attribute2": "Attr2",
    "Attribute3": "Attr3",
    "Transaction": 59
  },
  {
    "Index": 5807,
    "ObjectId": "Obj5807",
    "Attribute1": "Attr1",
    "Attribute2": "Attr2",
    "Attribute3": "Attr3",
    "Transaction": 59
  },
  {
    "Index": 5808,
    "ObjectId": "Obj5808",
    "Attribute1": "Attr1",
    "Attribute2": "Attr2",
    "Attribute3": "Attr3",
    "Transaction": 59
  },
  {
    "Index": 5809,
    "ObjectId": "Obj5809",
    "Attribute1": "Attr1",
    "Attribute2": "Attr2",
    "Attribute3": "Attr3",
    "Transaction": 59
  },
  {
    "Index": 5810,
    "ObjectId": "Obj5810",
    "Attribute1": "Attr1",
    "Attribute2": "Attr2",
    "Attribute3": "Attr3",
    "Transaction": 59
  },
  {
    "Index": 5811,
    "ObjectId": "Obj5811",
    "Attribute1": "Attr1",
    "Attribute2": "Attr2",
    "Attribute3": "Attr3",
    "Transaction": 59
  },
  {
    "Index": 5812,
    "ObjectId": "Obj5812",
    "Attribute1": "Attr1",
    "Attribute2": "Attr2",
    "Attribute3": "Attr3",
    "Transaction": 59
  },
  {
    "Index": 5813,
    "ObjectId": "Obj5813",
    "Attribute1": "Attr1",
    "Attribute2": "Attr2",
    "Attribute3": "Attr3",
    "Transaction": 59
  },
  {
    "Index": 5814,
    "ObjectId": "Obj5814",
    "Attribute1": "Attr1",
    "Attribute2": "Attr2",
    "Attribute3": "Attr3",
    "Transaction": 59
  },
  {
    "Index": 5815,
    "ObjectId": "Obj5815",
    "Attribute1": "Attr1",
    "Attribute2": "Attr2",
    "Attribute3": "Attr3",
    "Transaction": 59
  },
  {
    "Index": 5816,
    "ObjectId": "Obj5816",
    "Attribute1": "Attr1",
    "Attribute2": "Attr2",
    "Attribute3": "Attr3",
    "Transaction": 59
  },
  {
    "Index": 5817,
    "ObjectId": "Obj5817",
    "Attribute1": "Attr1",
    "Attribute2": "Attr2",
    "Attribute3": "Attr3",
    "Transaction": 59
  },
  {
    "Index": 5818,
    "ObjectId": "Obj5818",
    "Attribute1": "Attr1",
    "Attribute2": "Attr2",
    "Attribute3": "Attr3",
    "Transaction": 59
  },
  {
    "Index": 5819,
    "ObjectId": "Obj5819",
    "Attribute1": "Attr1",
    "Attribute2": "Attr2",
    "Attribute3": "Attr3",
    "Transaction": 59
  },
  {
    "Index": 5820,
    "ObjectId": "Obj5820",
    "Attribute1": "Attr1",
    "Attribute2": "Attr2",
    "Attribute3": "Attr3",
    "Transaction": 59
  },
  {
    "Index": 5821,
    "ObjectId": "Obj5821",
    "Attribute1": "Attr1",
    "Attribute2": "Attr2",
    "Attribute3": "Attr3",
    "Transaction": 59
  },
  {
    "Index": 5822,
    "ObjectId": "Obj5822",
    "Attribute1": "Attr1",
    "Attribute2": "Attr2",
    "Attribute3": "Attr3",
    "Transaction": 59
  },
  {
    "Index": 5823,
    "ObjectId": "Obj5823",
    "Attribute1": "Attr1",
    "Attribute2": "Attr2",
    "Attribute3": "Attr3",
    "Transaction": 59
  },
  {
    "Index": 5824,
    "ObjectId": "Obj5824",
    "Attribute1": "Attr1",
    "Attribute2": "Attr2",
    "Attribute3": "Attr3",
    "Transaction": 59
  },
  {
    "Index": 5825,
    "ObjectId": "Obj5825",
    "Attribute1": "Attr1",
    "Attribute2": "Attr2",
    "Attribute3": "Attr3",
    "Transaction": 59
  },
  {
    "Index": 5826,
    "ObjectId": "Obj5826",
    "Attribute1": "Attr1",
    "Attribute2": "Attr2",
    "Attribute3": "Attr3",
    "Transaction": 59
  },
  {
    "Index": 5827,
    "ObjectId": "Obj5827",
    "Attribute1": "Attr1",
    "Attribute2": "Attr2",
    "Attribute3": "Attr3",
    "Transaction": 59
  },
  {
    "Index": 5828,
    "ObjectId": "Obj5828",
    "Attribute1": "Attr1",
    "Attribute2": "Attr2",
    "Attribute3": "Attr3",
    "Transaction": 59
  },
  {
    "Index": 5829,
    "ObjectId": "Obj5829",
    "Attribute1": "Attr1",
    "Attribute2": "Attr2",
    "Attribute3": "Attr3",
    "Transaction": 59
  },
  {
    "Index": 5830,
    "ObjectId": "Obj5830",
    "Attribute1": "Attr1",
    "Attribute2": "Attr2",
    "Attribute3": "Attr3",
    "Transaction": 59
  },
  {
    "Index": 5831,
    "ObjectId": "Obj5831",
    "Attribute1": "Attr1",
    "Attribute2": "Attr2",
    "Attribute3": "Attr3",
    "Transaction": 59
  },
  {
    "Index": 5832,
    "ObjectId": "Obj5832",
    "Attribute1": "Attr1",
    "Attribute2": "Attr2",
    "Attribute3": "Attr3",
    "Transaction": 59
  },
  {
    "Index": 5833,
    "ObjectId": "Obj5833",
    "Attribute1": "Attr1",
    "Attribute2": "Attr2",
    "Attribute3": "Attr3",
    "Transaction": 59
  },
  {
    "Index": 5834,
    "ObjectId": "Obj5834",
    "Attribute1": "Attr1",
    "Attribute2": "Attr2",
    "Attribute3": "Attr3",
    "Transaction": 59
  },
  {
    "Index": 5835,
    "ObjectId": "Obj5835",
    "Attribute1": "Attr1",
    "Attribute2": "Attr2",
    "Attribute3": "Attr3",
    "Transaction": 59
  },
  {
    "Index": 5836,
    "ObjectId": "Obj5836",
    "Attribute1": "Attr1",
    "Attribute2": "Attr2",
    "Attribute3": "Attr3",
    "Transaction": 59
  },
  {
    "Index": 5837,
    "ObjectId": "Obj5837",
    "Attribute1": "Attr1",
    "Attribute2": "Attr2",
    "Attribute3": "Attr3",
    "Transaction": 59
  },
  {
    "Index": 5838,
    "ObjectId": "Obj5838",
    "Attribute1": "Attr1",
    "Attribute2": "Attr2",
    "Attribute3": "Attr3",
    "Transaction": 59
  },
  {
    "Index": 5839,
    "ObjectId": "Obj5839",
    "Attribute1": "Attr1",
    "Attribute2": "Attr2",
    "Attribute3": "Attr3",
    "Transaction": 59
  },
  {
    "Index": 5840,
    "ObjectId": "Obj5840",
    "Attribute1": "Attr1",
    "Attribute2": "Attr2",
    "Attribute3": "Attr3",
    "Transaction": 59
  },
  {
    "Index": 5841,
    "ObjectId": "Obj5841",
    "Attribute1": "Attr1",
    "Attribute2": "Attr2",
    "Attribute3": "Attr3",
    "Transaction": 59
  },
  {
    "Index": 5842,
    "ObjectId": "Obj5842",
    "Attribute1": "Attr1",
    "Attribute2": "Attr2",
    "Attribute3": "Attr3",
    "Transaction": 59
  },
  {
    "Index": 5843,
    "ObjectId": "Obj5843",
    "Attribute1": "Attr1",
    "Attribute2": "Attr2",
    "Attribute3": "Attr3",
    "Transaction": 59
  },
  {
    "Index": 5844,
    "ObjectId": "Obj5844",
    "Attribute1": "Attr1",
    "Attribute2": "Attr2",
    "Attribute3": "Attr3",
    "Transaction": 59
  },
  {
    "Index": 5845,
    "ObjectId": "Obj5845",
    "Attribute1": "Attr1",
    "Attribute2": "Attr2",
    "Attribute3": "Attr3",
    "Transaction": 59
  },
  {
    "Index": 5846,
    "ObjectId": "Obj5846",
    "Attribute1": "Attr1",
    "Attribute2": "Attr2",
    "Attribute3": "Attr3",
    "Transaction": 59
  },
  {
    "Index": 5847,
    "ObjectId": "Obj5847",
    "Attribute1": "Attr1",
    "Attribute2": "Attr2",
    "Attribute3": "Attr3",
    "Transaction": 59
  },
  {
    "Index": 5848,
    "ObjectId": "Obj5848",
    "Attribute1": "Attr1",
    "Attribute2": "Attr2",
    "Attribute3": "Attr3",
    "Transaction": 59
  },
  {
    "Index": 5849,
    "ObjectId": "Obj5849",
    "Attribute1": "Attr1",
    "Attribute2": "Attr2",
    "Attribute3": "Attr3",
    "Transaction": 59
  },
  {
    "Index": 5850,
    "ObjectId": "Obj5850",
    "Attribute1": "Attr1",
    "Attribute2": "Attr2",
    "Attribute3": "Attr3",
    "Transaction": 59
  },
  {
    "Index": 5851,
    "ObjectId": "Obj5851",
    "Attribute1": "Attr1",
    "Attribute2": "Attr2",
    "Attribute3": "Attr3",
    "Transaction": 59
  },
  {
    "Index": 5852,
    "ObjectId": "Obj5852",
    "Attribute1": "Attr1",
    "Attribute2": "Attr2",
    "Attribute3": "Attr3",
    "Transaction": 59
  },
  {
    "Index": 5853,
    "ObjectId": "Obj5853",
    "Attribute1": "Attr1",
    "Attribute2": "Attr2",
    "Attribute3": "Attr3",
    "Transaction": 59
  },
  {
    "Index": 5854,
    "ObjectId": "Obj5854",
    "Attribute1": "Attr1",
    "Attribute2": "Attr2",
    "Attribute3": "Attr3",
    "Transaction": 59
  },
  {
    "Index": 5855,
    "ObjectId": "Obj5855",
    "Attribute1": "Attr1",
    "Attribute2": "Attr2",
    "Attribute3": "Attr3",
    "Transaction": 59
  },
  {
    "Index": 5856,
    "ObjectId": "Obj5856",
    "Attribute1": "Attr1",
    "Attribute2": "Attr2",
    "Attribute3": "Attr3",
    "Transaction": 59
  },
  {
    "Index": 5857,
    "ObjectId": "Obj5857",
    "Attribute1": "Attr1",
    "Attribute2": "Attr2",
    "Attribute3": "Attr3",
    "Transaction": 59
  },
  {
    "Index": 5858,
    "ObjectId": "Obj5858",
    "Attribute1": "Attr1",
    "Attribute2": "Attr2",
    "Attribute3": "Attr3",
    "Transaction": 59
  },
  {
    "Index": 5859,
    "ObjectId": "Obj5859",
    "Attribute1": "Attr1",
    "Attribute2": "Attr2",
    "Attribute3": "Attr3",
    "Transaction": 59
  },
  {
    "Index": 5860,
    "ObjectId": "Obj5860",
    "Attribute1": "Attr1",
    "Attribute2": "Attr2",
    "Attribute3": "Attr3",
    "Transaction": 59
  },
  {
    "Index": 5861,
    "ObjectId": "Obj5861",
    "Attribute1": "Attr1",
    "Attribute2": "Attr2",
    "Attribute3": "Attr3",
    "Transaction": 59
  },
  {
    "Index": 5862,
    "ObjectId": "Obj5862",
    "Attribute1": "Attr1",
    "Attribute2": "Attr2",
    "Attribute3": "Attr3",
    "Transaction": 59
  },
  {
    "Index": 5863,
    "ObjectId": "Obj5863",
    "Attribute1": "Attr1",
    "Attribute2": "Attr2",
    "Attribute3": "Attr3",
    "Transaction": 59
  },
  {
    "Index": 5864,
    "ObjectId": "Obj5864",
    "Attribute1": "Attr1",
    "Attribute2": "Attr2",
    "Attribute3": "Attr3",
    "Transaction": 59
  },
  {
    "Index": 5865,
    "ObjectId": "Obj5865",
    "Attribute1": "Attr1",
    "Attribute2": "Attr2",
    "Attribute3": "Attr3",
    "Transaction": 59
  },
  {
    "Index": 5866,
    "ObjectId": "Obj5866",
    "Attribute1": "Attr1",
    "Attribute2": "Attr2",
    "Attribute3": "Attr3",
    "Transaction": 59
  },
  {
    "Index": 5867,
    "ObjectId": "Obj5867",
    "Attribute1": "Attr1",
    "Attribute2": "Attr2",
    "Attribute3": "Attr3",
    "Transaction": 59
  },
  {
    "Index": 5868,
    "ObjectId": "Obj5868",
    "Attribute1": "Attr1",
    "Attribute2": "Attr2",
    "Attribute3": "Attr3",
    "Transaction": 59
  },
  {
    "Index": 5869,
    "ObjectId": "Obj5869",
    "Attribute1": "Attr1",
    "Attribute2": "Attr2",
    "Attribute3": "Attr3",
    "Transaction": 59
  },
  {
    "Index": 5870,
    "ObjectId": "Obj5870",
    "Attribute1": "Attr1",
    "Attribute2": "Attr2",
    "Attribute3": "Attr3",
    "Transaction": 59
  },
  {
    "Index": 5871,
    "ObjectId": "Obj5871",
    "Attribute1": "Attr1",
    "Attribute2": "Attr2",
    "Attribute3": "Attr3",
    "Transaction": 59
  },
  {
    "Index": 5872,
    "ObjectId": "Obj5872",
    "Attribute1": "Attr1",
    "Attribute2": "Attr2",
    "Attribute3": "Attr3",
    "Transaction": 59
  },
  {
    "Index": 5873,
    "ObjectId": "Obj5873",
    "Attribute1": "Attr1",
    "Attribute2": "Attr2",
    "Attribute3": "Attr3",
    "Transaction": 59
  },
  {
    "Index": 5874,
    "ObjectId": "Obj5874",
    "Attribute1": "Attr1",
    "Attribute2": "Attr2",
    "Attribute3": "Attr3",
    "Transaction": 59
  },
  {
    "Index": 5875,
    "ObjectId": "Obj5875",
    "Attribute1": "Attr1",
    "Attribute2": "Attr2",
    "Attribute3": "Attr3",
    "Transaction": 59
  },
  {
    "Index": 5876,
    "ObjectId": "Obj5876",
    "Attribute1": "Attr1",
    "Attribute2": "Attr2",
    "Attribute3": "Attr3",
    "Transaction": 59
  },
  {
    "Index": 5877,
    "ObjectId": "Obj5877",
    "Attribute1": "Attr1",
    "Attribute2": "Attr2",
    "Attribute3": "Attr3",
    "Transaction": 59
  },
  {
    "Index": 5878,
    "ObjectId": "Obj5878",
    "Attribute1": "Attr1",
    "Attribute2": "Attr2",
    "Attribute3": "Attr3",
    "Transaction": 59
  },
  {
    "Index": 5879,
    "ObjectId": "Obj5879",
    "Attribute1": "Attr1",
    "Attribute2": "Attr2",
    "Attribute3": "Attr3",
    "Transaction": 59
  },
  {
    "Index": 5880,
    "ObjectId": "Obj5880",
    "Attribute1": "Attr1",
    "Attribute2": "Attr2",
    "Attribute3": "Attr3",
    "Transaction": 59
  },
  {
    "Index": 5881,
    "ObjectId": "Obj5881",
    "Attribute1": "Attr1",
    "Attribute2": "Attr2",
    "Attribute3": "Attr3",
    "Transaction": 59
  },
  {
    "Index": 5882,
    "ObjectId": "Obj5882",
    "Attribute1": "Attr1",
    "Attribute2": "Attr2",
    "Attribute3": "Attr3",
    "Transaction": 59
  },
  {
    "Index": 5883,
    "ObjectId": "Obj5883",
    "Attribute1": "Attr1",
    "Attribute2": "Attr2",
    "Attribute3": "Attr3",
    "Transaction": 59
  },
  {
    "Index": 5884,
    "ObjectId": "Obj5884",
    "Attribute1": "Attr1",
    "Attribute2": "Attr2",
    "Attribute3": "Attr3",
    "Transaction": 59
  },
  {
    "Index": 5885,
    "ObjectId": "Obj5885",
    "Attribute1": "Attr1",
    "Attribute2": "Attr2",
    "Attribute3": "Attr3",
    "Transaction": 59
  },
  {
    "Index": 5886,
    "ObjectId": "Obj5886",
    "Attribute1": "Attr1",
    "Attribute2": "Attr2",
    "Attribute3": "Attr3",
    "Transaction": 59
  },
  {
    "Index": 5887,
    "ObjectId": "Obj5887",
    "Attribute1": "Attr1",
    "Attribute2": "Attr2",
    "Attribute3": "Attr3",
    "Transaction": 59
  },
  {
    "Index": 5888,
    "ObjectId": "Obj5888",
    "Attribute1": "Attr1",
    "Attribute2": "Attr2",
    "Attribute3": "Attr3",
    "Transaction": 59
  },
  {
    "Index": 5889,
    "ObjectId": "Obj5889",
    "Attribute1": "Attr1",
    "Attribute2": "Attr2",
    "Attribute3": "Attr3",
    "Transaction": 59
  },
  {
    "Index": 5890,
    "ObjectId": "Obj5890",
    "Attribute1": "Attr1",
    "Attribute2": "Attr2",
    "Attribute3": "Attr3",
    "Transaction": 59
  },
  {
    "Index": 5891,
    "ObjectId": "Obj5891",
    "Attribute1": "Attr1",
    "Attribute2": "Attr2",
    "Attribute3": "Attr3",
    "Transaction": 59
  },
  {
    "Index": 5892,
    "ObjectId": "Obj5892",
    "Attribute1": "Attr1",
    "Attribute2": "Attr2",
    "Attribute3": "Attr3",
    "Transaction": 59
  },
  {
    "Index": 5893,
    "ObjectId": "Obj5893",
    "Attribute1": "Attr1",
    "Attribute2": "Attr2",
    "Attribute3": "Attr3",
    "Transaction": 59
  },
  {
    "Index": 5894,
    "ObjectId": "Obj5894",
    "Attribute1": "Attr1",
    "Attribute2": "Attr2",
    "Attribute3": "Attr3",
    "Transaction": 59
  },
  {
    "Index": 5895,
    "ObjectId": "Obj5895",
    "Attribute1": "Attr1",
    "Attribute2": "Attr2",
    "Attribute3": "Attr3",
    "Transaction": 59
  },
  {
    "Index": 5896,
    "ObjectId": "Obj5896",
    "Attribute1": "Attr1",
    "Attribute2": "Attr2",
    "Attribute3": "Attr3",
    "Transaction": 59
  },
  {
    "Index": 5897,
    "ObjectId": "Obj5897",
    "Attribute1": "Attr1",
    "Attribute2": "Attr2",
    "Attribute3": "Attr3",
    "Transaction": 59
  },
  {
    "Index": 5898,
    "ObjectId": "Obj5898",
    "Attribute1": "Attr1",
    "Attribute2": "Attr2",
    "Attribute3": "Attr3",
    "Transaction": 59
  },
  {
    "Index": 5899,
    "ObjectId": "Obj5899",
    "Attribute1": "Attr1",
    "Attribute2": "Attr2",
    "Attribute3": "Attr3",
    "Transaction": 59
  },
  {
    "Index": 5900,
    "ObjectId": "Obj5900",
    "Attribute1": "Attr1",
    "Attribute2": "Attr2",
    "Attribute3": "Attr3",
    "Transaction": 59
  }
]