[
  {
    "Index": 3701,
    "ObjectId": "Obj3701",
    "Attribute1": "Attr1",
    "Attribute2": "Attr2",
    "Attribute3": "Attr3",
    "Transaction": 38
  },
  {
    "Index": 3702,
    "ObjectId": "Obj3702",
    "Attribute1": "Attr1",
    "Attribute2": "Attr2",
    "Attribute3": "Attr3",
    "Transaction": 38
  },
  {
    "Index": 3703,
    "ObjectId": "Obj3703",
    "Attribute1": "Attr1",
    "Attribute2": "Attr2",
    "Attribute3": "Attr3",
    "Transaction": 38
  },
  {
    "Index": 3704,
    "ObjectId": "Obj3704",
    "Attribute1": "Attr1",
    "Attribute2": "Attr2",
    "Attribute3": "Attr3",
    "Transaction": 38
  },
  {
    "Index": 3705,
    "ObjectId": "Obj3705",
    "Attribute1": "Attr1",
    "Attribute2": "Attr2",
    "Attribute3": "Attr3",
    "Transaction": 38
  },
  {
    "Index": 3706,
    "ObjectId": "Obj3706",
    "Attribute1": "Attr1",
    "Attribute2": "Attr2",
    "Attribute3": "Attr3",
    "Transaction": 38
  },
  {
    "Index": 3707,
    "ObjectId": "Obj3707",
    "Attribute1": "Attr1",
    "Attribute2": "Attr2",
    "Attribute3": "Attr3",
    "Transaction": 38
  },
  {
    "Index": 3708,
    "ObjectId": "Obj3708",
    "Attribute1": "Attr1",
    "Attribute2": "Attr2",
    "Attribute3": "Attr3",
    "Transaction": 38
  },
  {
    "Index": 3709,
    "ObjectId": "Obj3709",
    "Attribute1": "Attr1",
    "Attribute2": "Attr2",
    "Attribute3": "Attr3",
    "Transaction": 38
  },
  {
    "Index": 3710,
    "ObjectId": "Obj3710",
    "Attribute1": "Attr1",
    "Attribute2": "Attr2",
    "Attribute3": "Attr3",
    "Transaction": 38
  },
  {
    "Index": 3711,
    "ObjectId": "Obj3711",
    "Attribute1": "Attr1",
    "Attribute2": "Attr2",
    "Attribute3": "Attr3",
    "Transaction": 38
  },
  {
    "Index": 3712,
    "ObjectId": "Obj3712",
    "Attribute1": "Attr1",
    "Attribute2": "Attr2",
    "Attribute3": "Attr3",
    "Transaction": 38
  },
  {
    "Index": 3713,
    "ObjectId": "Obj3713",
    "Attribute1": "Attr1",
    "Attribute2": "Attr2",
    "Attribute3": "Attr3",
    "Transaction": 38
  },
  {
    "Index": 3714,
    "ObjectId": "Obj3714",
    "Attribute1": "Attr1",
    "Attribute2": "Attr2",
    "Attribute3": "Attr3",
    "Transaction": 38
  },
  {
    "Index": 3715,
    "ObjectId": "Obj3715",
    "Attribute1": "Attr1",
    "Attribute2": "Attr2",
    "Attribute3": "Attr3",
    "Transaction": 38
  },
  {
    "Index": 3716,
    "ObjectId": "Obj3716",
    "Attribute1": "Attr1",
    "Attribute2": "Attr2",
    "Attribute3": "Attr3",
    "Transaction": 38
  },
  {
    "Index": 3717,
    "ObjectId": "Obj3717",
    "Attribute1": "Attr1",
    "Attribute2": "Attr2",
    "Attribute3": "Attr3",
    "Transaction": 38
  },
  {
    "Index": 3718,
    "ObjectId": "Obj3718",
    "Attribute1": "Attr1",
    "Attribute2": "Attr2",
    "Attribute3": "Attr3",
    "Transaction": 38
  },
  {
    "Index": 3719,
    "ObjectId": "Obj3719",
    "Attribute1": "Attr1",
    "Attribute2": "Attr2",
    "Attribute3": "Attr3",
    "Transaction": 38
  },
  {
    "Index": 3720,
    "ObjectId": "Obj3720",
    "Attribute1": "Attr1",
    "Attribute2": "Attr2",
    "Attribute3": "Attr3",
    "Transaction": 38
  },
  {
    "Index": 3721,
    "ObjectId": "Obj3721",
    "Attribute1": "Attr1",
    "Attribute2": "Attr2",
    "Attribute3": "Attr3",
    "Transaction": 38
  },
  {
    "Index": 3722,
    "ObjectId": "Obj3722",
    "Attribute1": "Attr1",
    "Attribute2": "Attr2",
    "Attribute3": "Attr3",
    "Transaction": 38
  },
  {
    "Index": 3723,
    "ObjectId": "Obj3723",
    "Attribute1": "Attr1",
    "Attribute2": "Attr2",
    "Attribute3": "Attr3",
    "Transaction": 38
  },
  {
    "Index": 3724,
    "ObjectId": "Obj3724",
    "Attribute1": "Attr1",
    "Attribute2": "Attr2",
    "Attribute3": "Attr3",
    "Transaction": 38
  },
  {
    "Index": 3725,
    "ObjectId": "Obj3725",
    "Attribute1": "Attr1",
    "Attribute2": "Attr2",
    "Attribute3": "Attr3",
    "Transaction": 38
  },
  {
    "Index": 3726,
    "ObjectId": "Obj3726",
    "Attribute1": "Attr1",
    "Attribute2": "Attr2",
    "Attribute3": "Attr3",
    "Transaction": 38
  },
  {
    "Index": 3727,
    "ObjectId": "Obj3727",
    "Attribute1": "Attr1",
    "Attribute2": "Attr2",
    "Attribute3": "Attr3",
    "Transaction": 38
  },
  {
    "Index": 3728,
    "ObjectId": "Obj3728",
    "Attribute1": "Attr1",
    "Attribute2": "Attr2",
    "Attribute3": "Attr3",
    "Transaction": 38
  },
  {
    "Index": 3729,
    "ObjectId": "Obj3729",
    "Attribute1": "Attr1",
    "Attribute2": "Attr2",
    "Attribute3": "Attr3",
    "Transaction": 38
  },
  {
    "Index": 3730,
    "ObjectId": "Obj3730",
    "Attribute1": "Attr1",
    "Attribute2": "Attr2",
    "Attribute3": "Attr3",
    "Transaction": 38
  },
  {
    "Index": 3731,
    "ObjectId": "Obj3731",
    "Attribute1": "Attr1",
    "Attribute2": "Attr2",
    "Attribute3": "Attr3",
    "Transaction": 38
  },
  {
    "Index": 3732,
    "ObjectId": "Obj3732",
    "Attribute1": "Attr1",
    "Attribute2": "Attr2",
    "Attribute3": "Attr3",
    "Transaction": 38
  },
  {
    "Index": 3733,
    "ObjectId": "Obj3733",
    "Attribute1": "Attr1",
    "Attribute2": "Attr2",
    "Attribute3": "Attr3",
    "Transaction": 38
  },
  {
    "Index": 3734,
    "ObjectId": "Obj3734",
    "Attribute1": "Attr1",
    "Attribute2": "Attr2",
    "Attribute3": "Attr3",
    "Transaction": 38
  },
  {
    "Index": 3735,
    "ObjectId": "Obj3735",
    "Attribute1": "Attr1",
    "Attribute2": "Attr2",
    "Attribute3": "Attr3",
    "Transaction": 38
  },
  {
    "Index": 3736,
    "ObjectId": "Obj3736",
    "Attribute1": "Attr1",
    "Attribute2": "Attr2",
    "Attribute3": "Attr3",
    "Transaction": 38
  },
  {
    "Index": 3737,
    "ObjectId": "Obj3737",
    "Attribute1": "Attr1",
    "Attribute2": "Attr2",
    "Attribute3": "Attr3",
    "Transaction": 38
  },
  {
    "Index": 3738,
    "ObjectId": "Obj3738",
    "Attribute1": "Attr1",
    "Attribute2": "Attr2",
    "Attribute3": "Attr3",
    "Transaction": 38
  },
  {
    "Index": 3739,
    "ObjectId": "Obj3739",
    "Attribute1": "Attr1",
    "Attribute2": "Attr2",
    "Attribute3": "Attr3",
    "Transaction": 38
  },
  {
    "Index": 3740,
    "ObjectId": "Obj3740",
    "Attribute1": "Attr1",
    "Attribute2": "Attr2",
    "Attribute3": "Attr3",
    "Transaction": 38
  },
  {
    "Index": 3741,
    "ObjectId": "Obj3741",
    "Attribute1": "Attr1",
    "Attribute2": "Attr2",
    "Attribute3": "Attr3",
    "Transaction": 38
  },
  {
    "Index": 3742,
    "ObjectId": "Obj3742",
    "Attribute1": "Attr1",
    "Attribute2": "Attr2",
    "Attribute3": "Attr3",
    "Transaction": 38
  },
  {
    "Index": 3743,
    "ObjectId": "Obj3743",
    "Attribute1": "Attr1",
    "Attribute2": "Attr2",
    "Attribute3": "Attr3",
    "Transaction": 38
  },
  {
    "Index": 3744,
    "ObjectId": "Obj3744",
    "Attribute1": "Attr1",
    "Attribute2": "Attr2",
    "Attribute3": "Attr3",
    "Transaction": 38
  },
  {
    "Index": 3745,
    "ObjectId": "Obj3745",
    "Attribute1": "Attr1",
    "Attribute2": "Attr2",
    "Attribute3": "Attr3",
    "Transaction": 38
  },
  {
    "Index": 3746,
    "ObjectId": "Obj3746",
    "Attribute1": "Attr1",
    "Attribute2": "Attr2",
    "Attribute3": "Attr3",
    "Transaction": 38
  },
  {
    "Index": 3747,
    "ObjectId": "Obj3747",
    "Attribute1": "Attr1",
    "Attribute2": "Attr2",
    "Attribute3": "Attr3",
    "Transaction": 38
  },
  {
    "Index": 3748,
    "ObjectId": "Obj3748",
    "Attribute1": "Attr1",
    "Attribute2": "Attr2",
    "Attribute3": "Attr3",
    "Transaction": 38
  },
  {
    "Index": 3749,
    "ObjectId": "Obj3749",
    "Attribute1": "Attr1",
    "Attribute2": "Attr2",
    "Attribute3": "Attr3",
    "Transaction": 38
  },
  {
    "Index": 3750,
    "ObjectId": "Obj3750",
    "Attribute1": "Attr1",
    "Attribute2": "Attr2",
    "Attribute3": "Attr3",
    "Transaction": 38
  },
  {
    "Index": 3751,
    "ObjectId": "Obj3751",
    "Attribute1": "Attr1",
    "Attribute2": "Attr2",
    "Attribute3": "Attr3",
    "Transaction": 38
  },
  {
    "Index": 3752,
    "ObjectId": "Obj3752",
    "Attribute1": "Attr1",
    "Attribute2": "Attr2",
    "Attribute3": "Attr3",
    "Transaction": 38
  },
  {
    "Index": 3753,
    "ObjectId": "Obj3753",
    "Attribute1": "Attr1",
    "Attribute2": "Attr2",
    "Attribute3": "Attr3",
    "Transaction": 38
  },
  {
    "Index": 3754,
    "ObjectId": "Obj3754",
    "Attribute1": "Attr1",
    "Attribute2": "Attr2",
    "Attribute3": "Attr3",
    "Transaction": 38
  },
  {
    "Index": 3755,
    "ObjectId": "Obj3755",
    "Attribute1": "Attr1",
    "Attribute2": "Attr2",
    "Attribute3": "Attr3",
    "Transaction": 38
  },
  {
    "Index": 3756,
    "ObjectId": "Obj3756",
    "Attribute1": "Attr1",
    "Attribute2": "Attr2",
    "Attribute3": "Attr3",
    "Transaction": 38
  },
  {
    "Index": 3757,
    "ObjectId": "Obj3757",
    "Attribute1": "Attr1",
    "Attribute2": "Attr2",
    "Attribute3": "Attr3",
    "Transaction": 38
  },
  {
    "Index": 3758,
    "ObjectId": "Obj3758",
    "Attribute1": "Attr1",
    "Attribute2": "Attr2",
    "Attribute3": "Attr3",
    "Transaction": 38
  },
  {
    "Index": 3759,
    "ObjectId": "Obj3759",
    "Attribute1": "Attr1",
    "Attribute2": "Attr2",
    "Attribute3": "Attr3",
    "Transaction": 38
  },
  {
    "Index": 3760,
    "ObjectId": "Obj3760",
    "Attribute1": "Attr1",
    "Attribute2": "Attr2",
    "Attribute3": "Attr3",
    "Transaction": 38
  },
  {
    "Index": 3761,
    "ObjectId": "Obj3761",
    "Attribute1": "Attr1",
    "Attribute2": "Attr2",
    "Attribute3": "Attr3",
    "Transaction": 38
  },
  {
    "Index": 3762,
    "ObjectId": "Obj3762",
    "Attribute1": "Attr1",
    "Attribute2": "Attr2",
    "Attribute3": "Attr3",
    "Transaction": 38
  },
  {
    "Index": 3763,
    "ObjectId": "Obj3763",
    "Attribute1": "Attr1",
    "Attribute2": "Attr2",
    "Attribute3": "Attr3",
    "Transaction": 38
  },
  {
    "Index": 3764,
    "ObjectId": "Obj3764",
    "Attribute1": "Attr1",
    "Attribute2": "Attr2",
    "Attribute3": "Attr3",
    "Transaction": 38
  },
  {
    "Index": 3765,
    "ObjectId": "Obj3765",
    "Attribute1": "Attr1",
    "Attribute2": "Attr2",
    "Attribute3": "Attr3",
    "Transaction": 38
  },
  {
    "Index": 3766,
    "ObjectId": "Obj3766",
    "Attribute1": "Attr1",
    "Attribute2": "Attr2",
    "Attribute3": "Attr3",
    "Transaction": 38
  },
  {
    "Index": 3767,
    "ObjectId": "Obj3767",
    "Attribute1": "Attr1",
    "Attribute2": "Attr2",
    "Attribute3": "Attr3",
    "Transaction": 38
  },
  {
    "Index": 3768,
    "ObjectId": "Obj3768",
    "Attribute1": "Attr1",
    "Attribute2": "Attr2",
    "Attribute3": "Attr3",
    "Transaction": 38
  },
  {
    "Index": 3769,
    "ObjectId": "Obj3769",
    "Attribute1": "Attr1",
    "Attribute2": "Attr2",
    "Attribute3": "Attr3",
    "Transaction": 38
  },
  {
    "Index": 3770,
    "ObjectId": "Obj3770",
    "Attribute1": "Attr1",
    "Attribute2": "Attr2",
    "Attribute3": "Attr3",
    "Transaction": 38
  },
  {
    "Index": 3771,
    "ObjectId": "Obj3771",
    "Attribute1": "Attr1",
    "Attribute2": "Attr2",
    "Attribute3": "Attr3",
    "Transaction": 38
  },
  {
    "Index": 3772,
    "ObjectId": "Obj3772",
    "Attribute1": "Attr1",
    "Attribute2": "Attr2",
    "Attribute3": "Attr3",
    "Transaction": 38
  },
  {
    "Index": 3773,
    "ObjectId": "Obj3773",
    "Attribute1": "Attr1",
    "Attribute2": "Attr2",
    "Attribute3": "Attr3",
    "Transaction": 38
  },
  {
    "Index": 3774,
    "ObjectId": "Obj3774",
    "Attribute1": "Attr1",
    "Attribute2": "Attr2",
    "Attribute3": "Attr3",
    "Transaction": 38
  },
  {
    "Index": 3775,
    "ObjectId": "Obj3775",
    "Attribute1": "Attr1",
    "Attribute2": "Attr2",
    "Attribute3": "Attr3",
    "Transaction": 38
  },
  {
    "Index": 3776,
    "ObjectId": "Obj3776",
    "Attribute1": "Attr1",
    "Attribute2": "Attr2",
    "Attribute3": "Attr3",
    "Transaction": 38
  },
  {
    "Index": 3777,
    "ObjectId": "Obj3777",
    "Attribute1": "Attr1",
    "Attribute2": "Attr2",
    "Attribute3": "Attr3",
    "Transaction": 38
  },
  {
    "Index": 3778,
    "ObjectId": "Obj3778",
    "Attribute1": "Attr1",
    "Attribute2": "Attr2",
    "Attribute3": "Attr3",
    "Transaction": 38
  },
  {
    "Index": 3779,
    "ObjectId": "Obj3779",
    "Attribute1": "Attr1",
    "Attribute2": "Attr2",
    "Attribute3": "Attr3",
    "Transaction": 38
  },
  {
    "Index": 3780,
    "ObjectId": "Obj3780",
    "Attribute1": "Attr1",
    "Attribute2": "Attr2",
    "Attribute3": "Attr3",
    "Transaction": 38
  },
  {
    "Index": 3781,
    "ObjectId": "Obj3781",
    "Attribute1": "Attr1",
    "Attribute2": "Attr2",
    "Attribute3": "Attr3",
    "Transaction": 38
  },
  {
    "Index": 3782,
    "ObjectId": "Obj3782",
    "Attribute1": "Attr1",
    "Attribute2": "Attr2",
    "Attribute3": "Attr3",
    "Transaction": 38
  },
  {
    "Index": 3783,
    "ObjectId": "Obj3783",
    "Attribute1": "Attr1",
    "Attribute2": "Attr2",
    "Attribute3": "Attr3",
    "Transaction": 38
  },
  {
    "Index": 3784,
    "ObjectId": "Obj3784",
    "Attribute1": "Attr1",
    "Attribute2": "Attr2",
    "Attribute3": "Attr3",
    "Transaction": 38
  },
  {
    "Index": 3785,
    "ObjectId": "Obj3785",
    "Attribute1": "Attr1",
    "Attribute2": "Attr2",
    "Attribute3": "Attr3",
    "Transaction": 38
  },
  {
    "Index": 3786,
    "ObjectId": "Obj3786",
    "Attribute1": "Attr1",
    "Attribute2": "Attr2",
    "Attribute3": "Attr3",
    "Transaction": 38
  },
  {
    "Index": 3787,
    "ObjectId": "Obj3787",
    "Attribute1": "Attr1",
    "Attribute2": "Attr2",
    "Attribute3": "Attr3",
    "Transaction": 38
  },
  {
    "Index": 3788,
    "ObjectId": "Obj3788",
    "Attribute1": "Attr1",
    "Attribute2": "Attr2",
    "Attribute3": "Attr3",
    "Transaction": 38
  },
  {
    "Index": 3789,
    "ObjectId": "Obj3789",
    "Attribute1": "Attr1",
    "Attribute2": "Attr2",
    "Attribute3": "Attr3",
    "Transaction": 38
  },
  {
    "Index": 3790,
    "ObjectId": "Obj3790",
    "Attribute1": "Attr1",
    "Attribute2": "Attr2",
    "Attribute3": "Attr3",
    "Transaction": 38
  },
  {
    "Index": 3791,
    "ObjectId": "Obj3791",
    "Attribute1": "Attr1",
    "Attribute2": "Attr2",
    "Attribute3": "Attr3",
    "Transaction": 38
  },
  {
    "Index": 3792,
    "ObjectId": "Obj3792",
    "Attribute1": "Attr1",
    "Attribute2": "Attr2",
    "Attribute3": "Attr3",
    "Transaction": 38
  },
  {
    "Index": 3793,
    "ObjectId": "Obj3793",
    "Attribute1": "Attr1",
    "Attribute2": "Attr2",
    "Attribute3": "Attr3",
    "Transaction": 38
  },
  {
    "Index": 3794,
    "ObjectId": "Obj3794",
    "Attribute1": "Attr1",
    "Attribute2": "Attr2",
    "Attribute3": "Attr3",
    "Transaction": 38
  },
  {
    "Index": 3795,
    "ObjectId": "Obj3795",
    "Attribute1": "Attr1",
    "Attribute2": "Attr2",
    "Attribute3": "Attr3",
    "Transaction": 38
  },
  {
    "Index": 3796,
    "ObjectId": "Obj3796",
    "Attribute1": "Attr1",
    "Attribute2": "Attr2",
    "Attribute3": "Attr3",
    "Transaction": 38
  },
  {
    "Index": 3797,
    "ObjectId": "Obj3797",
    "Attribute1": "Attr1",
    "Attribute2": "Attr2",
    "Attribute3": "Attr3",
    "Transaction": 38
  },
  {
    "Index": 3798,
    "ObjectId": "Obj3798",
    "Attribute1": "Attr1",
    "Attribute2": "Attr2",
    "Attribute3": "Attr3",
    "Transaction": 38
  },
  {
    "Index": 3799,
    "ObjectId": "Obj3799",
    "Attribute1": "Attr1",
    "Attribute2": "Attr2",
    "Attribute3": "Attr3",
    "Transaction": 38
  },
  {
    "Index": 3800,
    "ObjectId": "Obj3800",
    "Attribute1": "Attr1",
    "Attribute2": "Attr2",
    "Attribute3": "Attr3",
    "Transaction": 38
  }
]