[
  {
    "Index": 801,
    "ObjectId": "Obj801",
    "Attribute1": "Attr1",
    "Attribute2": "Attr2",
    "Attribute3": "Attr3",
    "Transaction": 9
  },
  {
    "Index": 802,
    "ObjectId": "Obj802",
    "Attribute1": "Attr1",
    "Attribute2": "Attr2",
    "Attribute3": "Attr3",
    "Transaction": 9
  },
  {
    "Index": 803,
    "ObjectId": "Obj803",
    "Attribute1": "Attr1",
    "Attribute2": "Attr2",
    "Attribute3": "Attr3",
    "Transaction": 9
  },
  {
    "Index": 804,
    "ObjectId": "Obj804",
    "Attribute1": "Attr1",
    "Attribute2": "Attr2",
    "Attribute3": "Attr3",
    "Transaction": 9
  },
  {
    "Index": 805,
    "ObjectId": "Obj805",
    "Attribute1": "Attr1",
    "Attribute2": "Attr2",
    "Attribute3": "Attr3",
    "Transaction": 9
  },
  {
    "Index": 806,
    "ObjectId": "Obj806",
    "Attribute1": "Attr1",
    "Attribute2": "Attr2",
    "Attribute3": "Attr3",
    "Transaction": 9
  },
  {
    "Index": 807,
    "ObjectId": "Obj807",
    "Attribute1": "Attr1",
    "Attribute2": "Attr2",
    "Attribute3": "Attr3",
    "Transaction": 9
  },
  {
    "Index": 808,
    "ObjectId": "Obj808",
    "Attribute1": "Attr1",
    "Attribute2": "Attr2",
    "Attribute3": "Attr3",
    "Transaction": 9
  },
  {
    "Index": 809,
    "ObjectId": "Obj809",
    "Attribute1": "Attr1",
    "Attribute2": "Attr2",
    "Attribute3": "Attr3",
    "Transaction": 9
  },
  {
    "Index": 810,
    "ObjectId": "Obj810",
    "Attribute1": "Attr1",
    "Attribute2": "Attr2",
    "Attribute3": "Attr3",
    "Transaction": 9
  },
  {
    "Index": 811,
    "ObjectId": "Obj811",
    "Attribute1": "Attr1",
    "Attribute2": "Attr2",
    "Attribute3": "Attr3",
    "Transaction": 9
  },
  {
    "Index": 812,
    "ObjectId": "Obj812",
    "Attribute1": "Attr1",
    "Attribute2": "Attr2",
    "Attribute3": "Attr3",
    "Transaction": 9
  },
  {
    "Index": 813,
    "ObjectId": "Obj813",
    "Attribute1": "Attr1",
    "Attribute2": "Attr2",
    "Attribute3": "Attr3",
    "Transaction": 9
  },
  {
    "Index": 814,
    "ObjectId": "Obj814",
    "Attribute1": "Attr1",
    "Attribute2": "Attr2",
    "Attribute3": "Attr3",
    "Transaction": 9
  },
  {
    "Index": 815,
    "ObjectId": "Obj815",
    "Attribute1": "Attr1",
    "Attribute2": "Attr2",
    "Attribute3": "Attr3",
    "Transaction": 9
  },
  {
    "Index": 816,
    "ObjectId": "Obj816",
    "Attribute1": "Attr1",
    "Attribute2": "Attr2",
    "Attribute3": "Attr3",
    "Transaction": 9
  },
  {
    "Index": 817,
    "ObjectId": "Obj817",
    "Attribute1": "Attr1",
    "Attribute2": "Attr2",
    "Attribute3": "Attr3",
    "Transaction": 9
  },
  {
    "Index": 818,
    "ObjectId": "Obj818",
    "Attribute1": "Attr1",
    "Attribute2": "Attr2",
    "Attribute3": "Attr3",
    "Transaction": 9
  },
  {
    "Index": 819,
    "ObjectId": "Obj819",
    "Attribute1": "Attr1",
    "Attribute2": "Attr2",
    "Attribute3": "Attr3",
    "Transaction": 9
  },
  {
    "Index": 820,
    "ObjectId": "Obj820",
    "Attribute1": "Attr1",
    "Attribute2": "Attr2",
    "Attribute3": "Attr3",
    "Transaction": 9
  },
  {
    "Index": 821,
    "ObjectId": "Obj821",
    "Attribute1": "Attr1",
    "Attribute2": "Attr2",
    "Attribute3": "Attr3",
    "Transaction": 9
  },
  {
    "Index": 822,
    "ObjectId": "Obj822",
    "Attribute1": "Attr1",
    "Attribute2": "Attr2",
    "Attribute3": "Attr3",
    "Transaction": 9
  },
  {
    "Index": 823,
    "ObjectId": "Obj823",
    "Attribute1": "Attr1",
    "Attribute2": "Attr2",
    "Attribute3": "Attr3",
    "Transaction": 9
  },
  {
    "Index": 824,
    "ObjectId": "Obj824",
    "Attribute1": "Attr1",
    "Attribute2": "Attr2",
    "Attribute3": "Attr3",
    "Transaction": 9
  },
  {
    "Index": 825,
    "ObjectId": "Obj825",
    "Attribute1": "Attr1",
    "Attribute2": "Attr2",
    "Attribute3": "Attr3",
    "Transaction": 9
  },
  {
    "Index": 826,
    "ObjectId": "Obj826",
    "Attribute1": "Attr1",
    "Attribute2": "Attr2",
    "Attribute3": "Attr3",
    "Transaction": 9
  },
  {
    "Index": 827,
    "ObjectId": "Obj827",
    "Attribute1": "Attr1",
    "Attribute2": "Attr2",
    "Attribute3": "Attr3",
    "Transaction": 9
  },
  {
    "Index": 828,
    "ObjectId": "Obj828",
    "Attribute1": "Attr1",
    "Attribute2": "Attr2",
    "Attribute3": "Attr3",
    "Transaction": 9
  },
  {
    "Index": 829,
    "ObjectId": "Obj829",
    "Attribute1": "Attr1",
    "Attribute2": "Attr2",
    "Attribute3": "Attr3",
    "Transaction": 9
  },
  {
    "Index": 830,
    "ObjectId": "Obj830",
    "Attribute1": "Attr1",
    "Attribute2": "Attr2",
    "Attribute3": "Attr3",
    "Transaction": 9
  },
  {
    "Index": 831,
    "ObjectId": "Obj831",
    "Attribute1": "Attr1",
    "Attribute2": "Attr2",
    "Attribute3": "Attr3",
    "Transaction": 9
  },
  {
    "Index": 832,
    "ObjectId": "Obj832",
    "Attribute1": "Attr1",
    "Attribute2": "Attr2",
    "Attribute3": "Attr3",
    "Transaction": 9
  },
  {
    "Index": 833,
    "ObjectId": "Obj833",
    "Attribute1": "Attr1",
    "Attribute2": "Attr2",
    "Attribute3": "Attr3",
    "Transaction": 9
  },
  {
    "Index": 834,
    "ObjectId": "Obj834",
    "Attribute1": "Attr1",
    "Attribute2": "Attr2",
    "Attribute3": "Attr3",
    "Transaction": 9
  },
  {
    "Index": 835,
    "ObjectId": "Obj835",
    "Attribute1": "Attr1",
    "Attribute2": "Attr2",
    "Attribute3": "Attr3",
    "Transaction": 9
  },
  {
    "Index": 836,
    "ObjectId": "Obj836",
    "Attribute1": "Attr1",
    "Attribute2": "Attr2",
    "Attribute3": "Attr3",
    "Transaction": 9
  },
  {
    "Index": 837,
    "ObjectId": "Obj837",
    "Attribute1": "Attr1",
    "Attribute2": "Attr2",
    "Attribute3": "Attr3",
    "Transaction": 9
  },
  {
    "Index": 838,
    "ObjectId": "Obj838",
    "Attribute1": "Attr1",
    "Attribute2": "Attr2",
    "Attribute3": "Attr3",
    "Transaction": 9
  },
  {
    "Index": 839,
    "ObjectId": "Obj839",
    "Attribute1": "Attr1",
    "Attribute2": "Attr2",
    "Attribute3": "Attr3",
    "Transaction": 9
  },
  {
    "Index": 840,
    "ObjectId": "Obj840",
    "Attribute1": "Attr1",
    "Attribute2": "Attr2",
    "Attribute3": "Attr3",
    "Transaction": 9
  },
  {
    "Index": 841,
    "ObjectId": "Obj841",
    "Attribute1": "Attr1",
    "Attribute2": "Attr2",
    "Attribute3": "Attr3",
    "Transaction": 9
  },
  {
    "Index": 842,
    "ObjectId": "Obj842",
    "Attribute1": "Attr1",
    "Attribute2": "Attr2",
    "Attribute3": "Attr3",
    "Transaction": 9
  },
  {
    "Index": 843,
    "ObjectId": "Obj843",
    "Attribute1": "Attr1",
    "Attribute2": "Attr2",
    "Attribute3": "Attr3",
    "Transaction": 9
  },
  {
    "Index": 844,
    "ObjectId": "Obj844",
    "Attribute1": "Attr1",
    "Attribute2": "Attr2",
    "Attribute3": "Attr3",
    "Transaction": 9
  },
  {
    "Index": 845,
    "ObjectId": "Obj845",
    "Attribute1": "Attr1",
    "Attribute2": "Attr2",
    "Attribute3": "Attr3",
    "Transaction": 9
  },
  {
    "Index": 846,
    "ObjectId": "Obj846",
    "Attribute1": "Attr1",
    "Attribute2": "Attr2",
    "Attribute3": "Attr3",
    "Transaction": 9
  },
  {
    "Index": 847,
    "ObjectId": "Obj847",
    "Attribute1": "Attr1",
    "Attribute2": "Attr2",
    "Attribute3": "Attr3",
    "Transaction": 9
  },
  {
    "Index": 848,
    "ObjectId": "Obj848",
    "Attribute1": "Attr1",
    "Attribute2": "Attr2",
    "Attribute3": "Attr3",
    "Transaction": 9
  },
  {
    "Index": 849,
    "ObjectId": "Obj849",
    "Attribute1": "Attr1",
    "Attribute2": "Attr2",
    "Attribute3": "Attr3",
    "Transaction": 9
  },
  {
    "Index": 850,
    "ObjectId": "Obj850",
    "Attribute1": "Attr1",
    "Attribute2": "Attr2",
    "Attribute3": "Attr3",
    "Transaction": 9
  },
  {
    "Index": 851,
    "ObjectId": "Obj851",
    "Attribute1": "Attr1",
    "Attribute2": "Attr2",
    "Attribute3": "Attr3",
    "Transaction": 9
  },
  {
    "Index": 852,
    "ObjectId": "Obj852",
    "Attribute1": "Attr1",
    "Attribute2": "Attr2",
    "Attribute3": "Attr3",
    "Transaction": 9
  },
  {
    "Index": 853,
    "ObjectId": "Obj853",
    "Attribute1": "Attr1",
    "Attribute2": "Attr2",
    "Attribute3": "Attr3",
    "Transaction": 9
  },
  {
    "Index": 854,
    "ObjectId": "Obj854",
    "Attribute1": "Attr1",
    "Attribute2": "Attr2",
    "Attribute3": "Attr3",
    "Transaction": 9
  },
  {
    "Index": 855,
    "ObjectId": "Obj855",
    "Attribute1": "Attr1",
    "Attribute2": "Attr2",
    "Attribute3": "Attr3",
    "Transaction": 9
  },
  {
    "Index": 856,
    "ObjectId": "Obj856",
    "Attribute1": "Attr1",
    "Attribute2": "Attr2",
    "Attribute3": "Attr3",
    "Transaction": 9
  },
  {
    "Index": 857,
    "ObjectId": "Obj857",
    "Attribute1": "Attr1",
    "Attribute2": "Attr2",
    "Attribute3": "Attr3",
    "Transaction": 9
  },
  {
    "Index": 858,
    "ObjectId": "Obj858",
    "Attribute1": "Attr1",
    "Attribute2": "Attr2",
    "Attribute3": "Attr3",
    "Transaction": 9
  },
  {
    "Index": 859,
    "ObjectId": "Obj859",
    "Attribute1": "Attr1",
    "Attribute2": "Attr2",
    "Attribute3": "Attr3",
    "Transaction": 9
  },
  {
    "Index": 860,
    "ObjectId": "Obj860",
    "Attribute1": "Attr1",
    "Attribute2": "Attr2",
    "Attribute3": "Attr3",
    "Transaction": 9
  },
  {
    "Index": 861,
    "ObjectId": "Obj861",
    "Attribute1": "Attr1",
    "Attribute2": "Attr2",
    "Attribute3": "Attr3",
    "Transaction": 9
  },
  {
    "Index": 862,
    "ObjectId": "Obj862",
    "Attribute1": "Attr1",
    "Attribute2": "Attr2",
    "Attribute3": "Attr3",
    "Transaction": 9
  },
  {
    "Index": 863,
    "ObjectId": "Obj863",
    "Attribute1": "Attr1",
    "Attribute2": "Attr2",
    "Attribute3": "Attr3",
    "Transaction": 9
  },
  {
    "Index": 864,
    "ObjectId": "Obj864",
    "Attribute1": "Attr1",
    "Attribute2": "Attr2",
    "Attribute3": "Attr3",
    "Transaction": 9
  },
  {
    "Index": 865,
    "ObjectId": "Obj865",
    "Attribute1": "Attr1",
    "Attribute2": "Attr2",
    "Attribute3": "Attr3",
    "Transaction": 9
  },
  {
    "Index": 866,
    "ObjectId": "Obj866",
    "Attribute1": "Attr1",
    "Attribute2": "Attr2",
    "Attribute3": "Attr3",
    "Transaction": 9
  },
  {
    "Index": 867,
    "ObjectId": "Obj867",
    "Attribute1": "Attr1",
    "Attribute2": "Attr2",
    "Attribute3": "Attr3",
    "Transaction": 9
  },
  {
    "Index": 868,
    "ObjectId": "Obj868",
    "Attribute1": "Attr1",
    "Attribute2": "Attr2",
    "Attribute3": "Attr3",
    "Transaction": 9
  },
  {
    "Index": 869,
    "ObjectId": "Obj869",
    "Attribute1": "Attr1",
    "Attribute2": "Attr2",
    "Attribute3": "Attr3",
    "Transaction": 9
  },
  {
    "Index": 870,
    "ObjectId": "Obj870",
    "Attribute1": "Attr1",
    "Attribute2": "Attr2",
    "Attribute3": "Attr3",
    "Transaction": 9
  },
  {
    "Index": 871,
    "ObjectId": "Obj871",
    "Attribute1": "Attr1",
    "Attribute2": "Attr2",
    "Attribute3": "Attr3",
    "Transaction": 9
  },
  {
    "Index": 872,
    "ObjectId": "Obj872",
    "Attribute1": "Attr1",
    "Attribute2": "Attr2",
    "Attribute3": "Attr3",
    "Transaction": 9
  },
  {
    "Index": 873,
    "ObjectId": "Obj873",
    "Attribute1": "Attr1",
    "Attribute2": "Attr2",
    "Attribute3": "Attr3",
    "Transaction": 9
  },
  {
    "Index": 874,
    "ObjectId": "Obj874",
    "Attribute1": "Attr1",
    "Attribute2": "Attr2",
    "Attribute3": "Attr3",
    "Transaction": 9
  },
  {
    "Index": 875,
    "ObjectId": "Obj875",
    "Attribute1": "Attr1",
    "Attribute2": "Attr2",
    "Attribute3": "Attr3",
    "Transaction": 9
  },
  {
    "Index": 876,
    "ObjectId": "Obj876",
    "Attribute1": "Attr1",
    "Attribute2": "Attr2",
    "Attribute3": "Attr3",
    "Transaction": 9
  },
  {
    "Index": 877,
    "ObjectId": "Obj877",
    "Attribute1": "Attr1",
    "Attribute2": "Attr2",
    "Attribute3": "Attr3",
    "Transaction": 9
  },
  {
    "Index": 878,
    "ObjectId": "Obj878",
    "Attribute1": "Attr1",
    "Attribute2": "Attr2",
    "Attribute3": "Attr3",
    "Transaction": 9
  },
  {
    "Index": 879,
    "ObjectId": "Obj879",
    "Attribute1": "Attr1",
    "Attribute2": "Attr2",
    "Attribute3": "Attr3",
    "Transaction": 9
  },
  {
    "Index": 880,
    "ObjectId": "Obj880",
    "Attribute1": "Attr1",
    "Attribute2": "Attr2",
    "Attribute3": "Attr3",
    "Transaction": 9
  },
  {
    "Index": 881,
    "ObjectId": "Obj881",
    "Attribute1": "Attr1",
    "Attribute2": "Attr2",
    "Attribute3": "Attr3",
    "Transaction": 9
  },
  {
    "Index": 882,
    "ObjectId": "Obj882",
    "Attribute1": "Attr1",
    "Attribute2": "Attr2",
    "Attribute3": "Attr3",
    "Transaction": 9
  },
  {
    "Index": 883,
    "ObjectId": "Obj883",
    "Attribute1": "Attr1",
    "Attribute2": "Attr2",
    "Attribute3": "Attr3",
    "Transaction": 9
  },
  {
    "Index": 884,
    "ObjectId": "Obj884",
    "Attribute1": "Attr1",
    "Attribute2": "Attr2",
    "Attribute3": "Attr3",
    "Transaction": 9
  },
  {
    "Index": 885,
    "ObjectId": "Obj885",
    "Attribute1": "Attr1",
    "Attribute2": "Attr2",
    "Attribute3": "Attr3",
    "Transaction": 9
  },
  {
    "Index": 886,
    "ObjectId": "Obj886",
    "Attribute1": "Attr1",
    "Attribute2": "Attr2",
    "Attribute3": "Attr3",
    "Transaction": 9
  },
  {
    "Index": 887,
    "ObjectId": "Obj887",
    "Attribute1": "Attr1",
    "Attribute2": "Attr2",
    "Attribute3": "Attr3",
    "Transaction": 9
  },
  {
    "Index": 888,
    "ObjectId": "Obj888",
    "Attribute1": "Attr1",
    "Attribute2": "Attr2",
    "Attribute3": "Attr3",
    "Transaction": 9
  },
  {
    "Index": 889,
    "ObjectId": "Obj889",
    "Attribute1": "Attr1",
    "Attribute2": "Attr2",
    "Attribute3": "Attr3",
    "Transaction": 9
  },
  {
    "Index": 890,
    "ObjectId": "Obj890",
    "Attribute1": "Attr1",
    "Attribute2": "Attr2",
    "Attribute3": "Attr3",
    "Transaction": 9
  },
  {
    "Index": 891,
    "ObjectId": "Obj891",
    "Attribute1": "Attr1",
    "Attribute2": "Attr2",
    "Attribute3": "Attr3",
    "Transaction": 9
  },
  {
    "Index": 892,
    "ObjectId": "Obj892",
    "Attribute1": "Attr1",
    "Attribute2": "Attr2",
    "Attribute3": "Attr3",
    "Transaction": 9
  },
  {
    "Index": 893,
    "ObjectId": "Obj893",
    "Attribute1": "Attr1",
    "Attribute2": "Attr2",
    "Attribute3": "Attr3",
    "Transaction": 9
  },
  {
    "Index": 894,
    "ObjectId": "Obj894",
    "Attribute1": "Attr1",
    "Attribute2": "Attr2",
    "Attribute3": "Attr3",
    "Transaction": 9
  },
  {
    "Index": 895,
    "ObjectId": "Obj895",
    "Attribute1": "Attr1",
    "Attribute2": "Attr2",
    "Attribute3": "Attr3",
    "Transaction": 9
  },
  {
    "Index": 896,
    "ObjectId": "Obj896",
    "Attribute1": "Attr1",
    "Attribute2": "Attr2",
    "Attribute3": "Attr3",
    "Transaction": 9
  },
  {
    "Index": 897,
    "ObjectId": "Obj897",
    "Attribute1": "Attr1",
    "Attribute2": "Attr2",
    "Attribute3": "Attr3",
    "Transaction": 9
  },
  {
    "Index": 898,
    "ObjectId": "Obj898",
    "Attribute1": "Attr1",
    "Attribute2": "Attr2",
    "Attribute3": "Attr3",
    "Transaction": 9
  },
  {
    "Index": 899,
    "ObjectId": "Obj899",
    "Attribute1": "Attr1",
    "Attribute2": "Attr2",
    "Attribute3": "Attr3",
    "Transaction": 9
  },
  {
    "Index": 900,
    "ObjectId": "Obj900",
    "Attribute1": "Attr1",
    "Attribute2": "Attr2",
    "Attribute3": "Attr3",
    "Transaction": 9
  }
]