[
  {
    "Index": 8401,
    "ObjectId": "Obj8401",
    "Attribute1": "Attr1",
    "Attribute2": "Attr2",
    "Attribute3": "Attr3",
    "Transaction": 85
  },
  {
    "Index": 8402,
    "ObjectId": "Obj8402",
    "Attribute1": "Attr1",
    "Attribute2": "Attr2",
    "Attribute3": "Attr3",
    "Transaction": 85
  },
  {
    "Index": 8403,
    "ObjectId": "Obj8403",
    "Attribute1": "Attr1",
    "Attribute2": "Attr2",
    "Attribute3": "Attr3",
    "Transaction": 85
  },
  {
    "Index": 8404,
    "ObjectId": "Obj8404",
    "Attribute1": "Attr1",
    "Attribute2": "Attr2",
    "Attribute3": "Attr3",
    "Transaction": 85
  },
  {
    "Index": 8405,
    "ObjectId": "Obj8405",
    "Attribute1": "Attr1",
    "Attribute2": "Attr2",
    "Attribute3": "Attr3",
    "Transaction": 85
  },
  {
    "Index": 8406,
    "ObjectId": "Obj8406",
    "Attribute1": "Attr1",
    "Attribute2": "Attr2",
    "Attribute3": "Attr3",
    "Transaction": 85
  },
  {
    "Index": 8407,
    "ObjectId": "Obj8407",
    "Attribute1": "Attr1",
    "Attribute2": "Attr2",
    "Attribute3": "Attr3",
    "Transaction": 85
  },
  {
    "Index": 8408,
    "ObjectId": "Obj8408",
    "Attribute1": "Attr1",
    "Attribute2": "Attr2",
    "Attribute3": "Attr3",
    "Transaction": 85
  },
  {
    "Index": 8409,
    "ObjectId": "Obj8409",
    "Attribute1": "Attr1",
    "Attribute2": "Attr2",
    "Attribute3": "Attr3",
    "Transaction": 85
  },
  {
    "Index": 8410,
    "ObjectId": "Obj8410",
    "Attribute1": "Attr1",
    "Attribute2": "Attr2",
    "Attribute3": "Attr3",
    "Transaction": 85
  },
  {
    "Index": 8411,
    "ObjectId": "Obj8411",
    "Attribute1": "Attr1",
    "Attribute2": "Attr2",
    "Attribute3": "Attr3",
    "Transaction": 85
  },
  {
    "Index": 8412,
    "ObjectId": "Obj8412",
    "Attribute1": "Attr1",
    "Attribute2": "Attr2",
    "Attribute3": "Attr3",
    "Transaction": 85
  },
  {
    "Index": 8413,
    "ObjectId": "Obj8413",
    "Attribute1": "Attr1",
    "Attribute2": "Attr2",
    "Attribute3": "Attr3",
    "Transaction": 85
  },
  {
    "Index": 8414,
    "ObjectId": "Obj8414",
    "Attribute1": "Attr1",
    "Attribute2": "Attr2",
    "Attribute3": "Attr3",
    "Transaction": 85
  },
  {
    "Index": 8415,
    "ObjectId": "Obj8415",
    "Attribute1": "Attr1",
    "Attribute2": "Attr2",
    "Attribute3": "Attr3",
    "Transaction": 85
  },
  {
    "Index": 8416,
    "ObjectId": "Obj8416",
    "Attribute1": "Attr1",
    "Attribute2": "Attr2",
    "Attribute3": "Attr3",
    "Transaction": 85
  },
  {
    "Index": 8417,
    "ObjectId": "Obj8417",
    "Attribute1": "Attr1",
    "Attribute2": "Attr2",
    "Attribute3": "Attr3",
    "Transaction": 85
  },
  {
    "Index": 8418,
    "ObjectId": "Obj8418",
    "Attribute1": "Attr1",
    "Attribute2": "Attr2",
    "Attribute3": "Attr3",
    "Transaction": 85
  },
  {
    "Index": 8419,
    "ObjectId": "Obj8419",
    "Attribute1": "Attr1",
    "Attribute2": "Attr2",
    "Attribute3": "Attr3",
    "Transaction": 85
  },
  {
    "Index": 8420,
    "ObjectId": "Obj8420",
    "Attribute1": "Attr1",
    "Attribute2": "Attr2",
    "Attribute3": "Attr3",
    "Transaction": 85
  },
  {
    "Index": 8421,
    "ObjectId": "Obj8421",
    "Attribute1": "Attr1",
    "Attribute2": "Attr2",
    "Attribute3": "Attr3",
    "Transaction": 85
  },
  {
    "Index": 8422,
    "ObjectId": "Obj8422",
    "Attribute1": "Attr1",
    "Attribute2": "Attr2",
    "Attribute3": "Attr3",
    "Transaction": 85
  },
  {
    "Index": 8423,
    "ObjectId": "Obj8423",
    "Attribute1": "Attr1",
    "Attribute2": "Attr2",
    "Attribute3": "Attr3",
    "Transaction": 85
  },
  {
    "Index": 8424,
    "ObjectId": "Obj8424",
    "Attribute1": "Attr1",
    "Attribute2": "Attr2",
    "Attribute3": "Attr3",
    "Transaction": 85
  },
  {
    "Index": 8425,
    "ObjectId": "Obj8425",
    "Attribute1": "Attr1",
    "Attribute2": "Attr2",
    "Attribute3": "Attr3",
    "Transaction": 85
  },
  {
    "Index": 8426,
    "ObjectId": "Obj8426",
    "Attribute1": "Attr1",
    "Attribute2": "Attr2",
    "Attribute3": "Attr3",
    "Transaction": 85
  },
  {
    "Index": 8427,
    "ObjectId": "Obj8427",
    "Attribute1": "Attr1",
    "Attribute2": "Attr2",
    "Attribute3": "Attr3",
    "Transaction": 85
  },
  {
    "Index": 8428,
    "ObjectId": "Obj8428",
    "Attribute1": "Attr1",
    "Attribute2": "Attr2",
    "Attribute3": "Attr3",
    "Transaction": 85
  },
  {
    "Index": 8429,
    "ObjectId": "Obj8429",
    "Attribute1": "Attr1",
    "Attribute2": "Attr2",
    "Attribute3": "Attr3",
    "Transaction": 85
  },
  {
    "Index": 8430,
    "ObjectId": "Obj8430",
    "Attribute1": "Attr1",
    "Attribute2": "Attr2",
    "Attribute3": "Attr3",
    "Transaction": 85
  },
  {
    "Index": 8431,
    "ObjectId": "Obj8431",
    "Attribute1": "Attr1",
    "Attribute2": "Attr2",
    "Attribute3": "Attr3",
    "Transaction": 85
  },
  {
    "Index": 8432,
    "ObjectId": "Obj8432",
    "Attribute1": "Attr1",
    "Attribute2": "Attr2",
    "Attribute3": "Attr3",
    "Transaction": 85
  },
  {
    "Index": 8433,
    "ObjectId": "Obj8433",
    "Attribute1": "Attr1",
    "Attribute2": "Attr2",
    "Attribute3": "Attr3",
    "Transaction": 85
  },
  {
    "Index": 8434,
    "ObjectId": "Obj8434",
    "Attribute1": "Attr1",
    "Attribute2": "Attr2",
    "Attribute3": "Attr3",
    "Transaction": 85
  },
  {
    "Index": 8435,
    "ObjectId": "Obj8435",
    "Attribute1": "Attr1",
    "Attribute2": "Attr2",
    "Attribute3": "Attr3",
    "Transaction": 85
  },
  {
    "Index": 8436,
    "ObjectId": "Obj8436",
    "Attribute1": "Attr1",
    "Attribute2": "Attr2",
    "Attribute3": "Attr3",
    "Transaction": 85
  },
  {
    "Index": 8437,
    "ObjectId": "Obj8437",
    "Attribute1": "Attr1",
    "Attribute2": "Attr2",
    "Attribute3": "Attr3",
    "Transaction": 85
  },
  {
    "Index": 8438,
    "ObjectId": "Obj8438",
    "Attribute1": "Attr1",
    "Attribute2": "Attr2",
    "Attribute3": "Attr3",
    "Transaction": 85
  },
  {
    "Index": 8439,
    "ObjectId": "Obj8439",
    "Attribute1": "Attr1",
    "Attribute2": "Attr2",
    "Attribute3": "Attr3",
    "Transaction": 85
  },
  {
    "Index": 8440,
    "ObjectId": "Obj8440",
    "Attribute1": "Attr1",
    "Attribute2": "Attr2",
    "Attribute3": "Attr3",
    "Transaction": 85
  },
  {
    "Index": 8441,
    "ObjectId": "Obj8441",
    "Attribute1": "Attr1",
    "Attribute2": "Attr2",
    "Attribute3": "Attr3",
    "Transaction": 85
  },
  {
    "Index": 8442,
    "ObjectId": "Obj8442",
    "Attribute1": "Attr1",
    "Attribute2": "Attr2",
    "Attribute3": "Attr3",
    "Transaction": 85
  },
  {
    "Index": 8443,
    "ObjectId": "Obj8443",
    "Attribute1": "Attr1",
    "Attribute2": "Attr2",
    "Attribute3": "Attr3",
    "Transaction": 85
  },
  {
    "Index": 8444,
    "ObjectId": "Obj8444",
    "Attribute1": "Attr1",
    "Attribute2": "Attr2",
    "Attribute3": "Attr3",
    "Transaction": 85
  },
  {
    "Index": 8445,
    "ObjectId": "Obj8445",
    "Attribute1": "Attr1",
    "Attribute2": "Attr2",
    "Attribute3": "Attr3",
    "Transaction": 85
  },
  {
    "Index": 8446,
    "ObjectId": "Obj8446",
    "Attribute1": "Attr1",
    "Attribute2": "Attr2",
    "Attribute3": "Attr3",
    "Transaction": 85
  },
  {
    "Index": 8447,
    "ObjectId": "Obj8447",
    "Attribute1": "Attr1",
    "Attribute2": "Attr2",
    "Attribute3": "Attr3",
    "Transaction": 85
  },
  {
    "Index": 8448,
    "ObjectId": "Obj8448",
    "Attribute1": "Attr1",
    "Attribute2": "Attr2",
    "Attribute3": "Attr3",
    "Transaction": 85
  },
  {
    "Index": 8449,
    "ObjectId": "Obj8449",
    "Attribute1": "Attr1",
    "Attribute2": "Attr2",
    "Attribute3": "Attr3",
    "Transaction": 85
  },
  {
    "Index": 8450,
    "ObjectId": "Obj8450",
    "Attribute1": "Attr1",
    "Attribute2": "Attr2",
    "Attribute3": "Attr3",
    "Transaction": 85
  },
  {
    "Index": 8451,
    "ObjectId": "Obj8451",
    "Attribute1": "Attr1",
    "Attribute2": "Attr2",
    "Attribute3": "Attr3",
    "Transaction": 85
  },
  {
    "Index": 8452,
    "ObjectId": "Obj8452",
    "Attribute1": "Attr1",
    "Attribute2": "Attr2",
    "Attribute3": "Attr3",
    "Transaction": 85
  },
  {
    "Index": 8453,
    "ObjectId": "Obj8453",
    "Attribute1": "Attr1",
    "Attribute2": "Attr2",
    "Attribute3": "Attr3",
    "Transaction": 85
  },
  {
    "Index": 8454,
    "ObjectId": "Obj8454",
    "Attribute1": "Attr1",
    "Attribute2": "Attr2",
    "Attribute3": "Attr3",
    "Transaction": 85
  },
  {
    "Index": 8455,
    "ObjectId": "Obj8455",
    "Attribute1": "Attr1",
    "Attribute2": "Attr2",
    "Attribute3": "Attr3",
    "Transaction": 85
  },
  {
    "Index": 8456,
    "ObjectId": "Obj8456",
    "Attribute1": "Attr1",
    "Attribute2": "Attr2",
    "Attribute3": "Attr3",
    "Transaction": 85
  },
  {
    "Index": 8457,
    "ObjectId": "Obj8457",
    "Attribute1": "Attr1",
    "Attribute2": "Attr2",
    "Attribute3": "Attr3",
    "Transaction": 85
  },
  {
    "Index": 8458,
    "ObjectId": "Obj8458",
    "Attribute1": "Attr1",
    "Attribute2": "Attr2",
    "Attribute3": "Attr3",
    "Transaction": 85
  },
  {
    "Index": 8459,
    "ObjectId": "Obj8459",
    "Attribute1": "Attr1",
    "Attribute2": "Attr2",
    "Attribute3": "Attr3",
    "Transaction": 85
  },
  {
    "Index": 8460,
    "ObjectId": "Obj8460",
    "Attribute1": "Attr1",
    "Attribute2": "Attr2",
    "Attribute3": "Attr3",
    "Transaction": 85
  },
  {
    "Index": 8461,
    "ObjectId": "Obj8461",
    "Attribute1": "Attr1",
    "Attribute2": "Attr2",
    "Attribute3": "Attr3",
    "Transaction": 85
  },
  {
    "Index": 8462,
    "ObjectId": "Obj8462",
    "Attribute1": "Attr1",
    "Attribute2": "Attr2",
    "Attribute3": "Attr3",
    "Transaction": 85
  },
  {
    "Index": 8463,
    "ObjectId": "Obj8463",
    "Attribute1": "Attr1",
    "Attribute2": "Attr2",
    "Attribute3": "Attr3",
    "Transaction": 85
  },
  {
    "Index": 8464,
    "ObjectId": "Obj8464",
    "Attribute1": "Attr1",
    "Attribute2": "Attr2",
    "Attribute3": "Attr3",
    "Transaction": 85
  },
  {
    "Index": 8465,
    "ObjectId": "Obj8465",
    "Attribute1": "Attr1",
    "Attribute2": "Attr2",
    "Attribute3": "Attr3",
    "Transaction": 85
  },
  {
    "Index": 8466,
    "ObjectId": "Obj8466",
    "Attribute1": "Attr1",
    "Attribute2": "Attr2",
    "Attribute3": "Attr3",
    "Transaction": 85
  },
  {
    "Index": 8467,
    "ObjectId": "Obj8467",
    "Attribute1": "Attr1",
    "Attribute2": "Attr2",
    "Attribute3": "Attr3",
    "Transaction": 85
  },
  {
    "Index": 8468,
    "ObjectId": "Obj8468",
    "Attribute1": "Attr1",
    "Attribute2": "Attr2",
    "Attribute3": "Attr3",
    "Transaction": 85
  },
  {
    "Index": 8469,
    "ObjectId": "Obj8469",
    "Attribute1": "Attr1",
    "Attribute2": "Attr2",
    "Attribute3": "Attr3",
    "Transaction": 85
  },
  {
    "Index": 8470,
    "ObjectId": "Obj8470",
    "Attribute1": "Attr1",
    "Attribute2": "Attr2",
    "Attribute3": "Attr3",
    "Transaction": 85
  },
  {
    "Index": 8471,
    "ObjectId": "Obj8471",
    "Attribute1": "Attr1",
    "Attribute2": "Attr2",
    "Attribute3": "Attr3",
    "Transaction": 85
  },
  {
    "Index": 8472,
    "ObjectId": "Obj8472",
    "Attribute1": "Attr1",
    "Attribute2": "Attr2",
    "Attribute3": "Attr3",
    "Transaction": 85
  },
  {
    "Index": 8473,
    "ObjectId": "Obj8473",
    "Attribute1": "Attr1",
    "Attribute2": "Attr2",
    "Attribute3": "Attr3",
    "Transaction": 85
  },
  {
    "Index": 8474,
    "ObjectId": "Obj8474",
    "Attribute1": "Attr1",
    "Attribute2": "Attr2",
    "Attribute3": "Attr3",
    "Transaction": 85
  },
  {
    "Index": 8475,
    "ObjectId": "Obj8475",
    "Attribute1": "Attr1",
    "Attribute2": "Attr2",
    "Attribute3": "Attr3",
    "Transaction": 85
  },
  {
    "Index": 8476,
    "ObjectId": "Obj8476",
    "Attribute1": "Attr1",
    "Attribute2": "Attr2",
    "Attribute3": "Attr3",
    "Transaction": 85
  },
  {
    "Index": 8477,
    "ObjectId": "Obj8477",
    "Attribute1": "Attr1",
    "Attribute2": "Attr2",
    "Attribute3": "Attr3",
    "Transaction": 85
  },
  {
    "Index": 8478,
    "ObjectId": "Obj8478",
    "Attribute1": "Attr1",
    "Attribute2": "Attr2",
    "Attribute3": "Attr3",
    "Transaction": 85
  },
  {
    "Index": 8479,
    "ObjectId": "Obj8479",
    "Attribute1": "Attr1",
    "Attribute2": "Attr2",
    "Attribute3": "Attr3",
    "Transaction": 85
  },
  {
    "Index": 8480,
    "ObjectId": "Obj8480",
    "Attribute1": "Attr1",
    "Attribute2": "Attr2",
    "Attribute3": "Attr3",
    "Transaction": 85
  },
  {
    "Index": 8481,
    "ObjectId": "Obj8481",
    "Attribute1": "Attr1",
    "Attribute2": "Attr2",
    "Attribute3": "Attr3",
    "Transaction": 85
  },
  {
    "Index": 8482,
    "ObjectId": "Obj8482",
    "Attribute1": "Attr1",
    "Attribute2": "Attr2",
    "Attribute3": "Attr3",
    "Transaction": 85
  },
  {
    "Index": 8483,
    "ObjectId": "Obj8483",
    "Attribute1": "Attr1",
    "Attribute2": "Attr2",
    "Attribute3": "Attr3",
    "Transaction": 85
  },
  {
    "Index": 8484,
    "ObjectId": "Obj8484",
    "Attribute1": "Attr1",
    "Attribute2": "Attr2",
    "Attribute3": "Attr3",
    "Transaction": 85
  },
  {
    "Index": 8485,
    "ObjectId": "Obj8485",
    "Attribute1": "Attr1",
    "Attribute2": "Attr2",
    "Attribute3": "Attr3",
    "Transaction": 85
  },
  {
    "Index": 8486,
    "ObjectId": "Obj8486",
    "Attribute1": "Attr1",
    "Attribute2": "Attr2",
    "Attribute3": "Attr3",
    "Transaction": 85
  },
  {
    "Index": 8487,
    "ObjectId": "Obj8487",
    "Attribute1": "Attr1",
    "Attribute2": "Attr2",
    "Attribute3": "Attr3",
    "Transaction": 85
  },
  {
    "Index": 8488,
    "ObjectId": "Obj8488",
    "Attribute1": "Attr1",
    "Attribute2": "Attr2",
    "Attribute3": "Attr3",
    "Transaction": 85
  },
  {
    "Index": 8489,
    "ObjectId": "Obj8489",
    "Attribute1": "Attr1",
    "Attribute2": "Attr2",
    "Attribute3": "Attr3",
    "Transaction": 85
  },
  {
    "Index": 8490,
    "ObjectId": "Obj8490",
    "Attribute1": "Attr1",
    "Attribute2": "Attr2",
    "Attribute3": "Attr3",
    "Transaction": 85
  },
  {
    "Index": 8491,
    "ObjectId": "Obj8491",
    "Attribute1": "Attr1",
    "Attribute2": "Attr2",
    "Attribute3": "Attr3",
    "Transaction": 85
  },
  {
    "Index": 8492,
    "ObjectId": "Obj8492",
    "Attribute1": "Attr1",
    "Attribute2": "Attr2",
    "Attribute3": "Attr3",
    "Transaction": 85
  },
  {
    "Index": 8493,
    "ObjectId": "Obj8493",
    "Attribute1": "Attr1",
    "Attribute2": "Attr2",
    "Attribute3": "Attr3",
    "Transaction": 85
  },
  {
    "Index": 8494,
    "ObjectId": "Obj8494",
    "Attribute1": "Attr1",
    "Attribute2": "Attr2",
    "Attribute3": "Attr3",
    "Transaction": 85
  },
  {
    "Index": 8495,
    "ObjectId": "Obj8495",
    "Attribute1": "Attr1",
    "Attribute2": "Attr2",
    "Attribute3": "Attr3",
    "Transaction": 85
  },
  {
    "Index": 8496,
    "ObjectId": "Obj8496",
    "Attribute1": "Attr1",
    "Attribute2": "Attr2",
    "Attribute3": "Attr3",
    "Transaction": 85
  },
  {
    "Index": 8497,
    "ObjectId": "Obj8497",
    "Attribute1": "Attr1",
    "Attribute2": "Attr2",
    "Attribute3": "Attr3",
    "Transaction": 85
  },
  {
    "Index": 8498,
    "ObjectId": "Obj8498",
    "Attribute1": "Attr1",
    "Attribute2": "Attr2",
    "Attribute3": "Attr3",
    "Transaction": 85
  },
  {
    "Index": 8499,
    "ObjectId": "Obj8499",
    "Attribute1": "Attr1",
    "Attribute2": "Attr2",
    "Attribute3": "Attr3",
    "Transaction": 85
  },
  {
    "Index": 8500,
    "ObjectId": "Obj8500",
    "Attribute1": "Attr1",
    "Attribute2": "Attr2",
    "Attribute3": "Attr3",
    "Transaction": 85
  }
]