[
  {
    "Index": 7201,
    "ObjectId": "Obj7201",
    "Attribute1": "Attr1",
    "Attribute2": "Attr2",
    "Attribute3": "Attr3",
    "Transaction": 73
  },
  {
    "Index": 7202,
    "ObjectId": "Obj7202",
    "Attribute1": "Attr1",
    "Attribute2": "Attr2",
    "Attribute3": "Attr3",
    "Transaction": 73
  },
  {
    "Index": 7203,
    "ObjectId": "Obj7203",
    "Attribute1": "Attr1",
    "Attribute2": "Attr2",
    "Attribute3": "Attr3",
    "Transaction": 73
  },
  {
    "Index": 7204,
    "ObjectId": "Obj7204",
    "Attribute1": "Attr1",
    "Attribute2": "Attr2",
    "Attribute3": "Attr3",
    "Transaction": 73
  },
  {
    "Index": 7205,
    "ObjectId": "Obj7205",
    "Attribute1": "Attr1",
    "Attribute2": "Attr2",
    "Attribute3": "Attr3",
    "Transaction": 73
  },
  {
    "Index": 7206,
    "ObjectId": "Obj7206",
    "Attribute1": "Attr1",
    "Attribute2": "Attr2",
    "Attribute3": "Attr3",
    "Transaction": 73
  },
  {
    "Index": 7207,
    "ObjectId": "Obj7207",
    "Attribute1": "Attr1",
    "Attribute2": "Attr2",
    "Attribute3": "Attr3",
    "Transaction": 73
  },
  {
    "Index": 7208,
    "ObjectId": "Obj7208",
    "Attribute1": "Attr1",
    "Attribute2": "Attr2",
    "Attribute3": "Attr3",
    "Transaction": 73
  },
  {
    "Index": 7209,
    "ObjectId": "Obj7209",
    "Attribute1": "Attr1",
    "Attribute2": "Attr2",
    "Attribute3": "Attr3",
    "Transaction": 73
  },
  {
    "Index": 7210,
    "ObjectId": "Obj7210",
    "Attribute1": "Attr1",
    "Attribute2": "Attr2",
    "Attribute3": "Attr3",
    "Transaction": 73
  },
  {
    "Index": 7211,
    "ObjectId": "Obj7211",
    "Attribute1": "Attr1",
    "Attribute2": "Attr2",
    "Attribute3": "Attr3",
    "Transaction": 73
  },
  {
    "Index": 7212,
    "ObjectId": "Obj7212",
    "Attribute1": "Attr1",
    "Attribute2": "Attr2",
    "Attribute3": "Attr3",
    "Transaction": 73
  },
  {
    "Index": 7213,
    "ObjectId": "Obj7213",
    "Attribute1": "Attr1",
    "Attribute2": "Attr2",
    "Attribute3": "Attr3",
    "Transaction": 73
  },
  {
    "Index": 7214,
    "ObjectId": "Obj7214",
    "Attribute1": "Attr1",
    "Attribute2": "Attr2",
    "Attribute3": "Attr3",
    "Transaction": 73
  },
  {
    "Index": 7215,
    "ObjectId": "Obj7215",
    "Attribute1": "Attr1",
    "Attribute2": "Attr2",
    "Attribute3": "Attr3",
    "Transaction": 73
  },
  {
    "Index": 7216,
    "ObjectId": "Obj7216",
    "Attribute1": "Attr1",
    "Attribute2": "Attr2",
    "Attribute3": "Attr3",
    "Transaction": 73
  },
  {
    "Index": 7217,
    "ObjectId": "Obj7217",
    "Attribute1": "Attr1",
    "Attribute2": "Attr2",
    "Attribute3": "Attr3",
    "Transaction": 73
  },
  {
    "Index": 7218,
    "ObjectId": "Obj7218",
    "Attribute1": "Attr1",
    "Attribute2": "Attr2",
    "Attribute3": "Attr3",
    "Transaction": 73
  },
  {
    "Index": 7219,
    "ObjectId": "Obj7219",
    "Attribute1": "Attr1",
    "Attribute2": "Attr2",
    "Attribute3": "Attr3",
    "Transaction": 73
  },
  {
    "Index": 7220,
    "ObjectId": "Obj7220",
    "Attribute1": "Attr1",
    "Attribute2": "Attr2",
    "Attribute3": "Attr3",
    "Transaction": 73
  },
  {
    "Index": 7221,
    "ObjectId": "Obj7221",
    "Attribute1": "Attr1",
    "Attribute2": "Attr2",
    "Attribute3": "Attr3",
    "Transaction": 73
  },
  {
    "Index": 7222,
    "ObjectId": "Obj7222",
    "Attribute1": "Attr1",
    "Attribute2": "Attr2",
    "Attribute3": "Attr3",
    "Transaction": 73
  },
  {
    "Index": 7223,
    "ObjectId": "Obj7223",
    "Attribute1": "Attr1",
    "Attribute2": "Attr2",
    "Attribute3": "Attr3",
    "Transaction": 73
  },
  {
    "Index": 7224,
    "ObjectId": "Obj7224",
    "Attribute1": "Attr1",
    "Attribute2": "Attr2",
    "Attribute3": "Attr3",
    "Transaction": 73
  },
  {
    "Index": 7225,
    "ObjectId": "Obj7225",
    "Attribute1": "Attr1",
    "Attribute2": "Attr2",
    "Attribute3": "Attr3",
    "Transaction": 73
  },
  {
    "Index": 7226,
    "ObjectId": "Obj7226",
    "Attribute1": "Attr1",
    "Attribute2": "Attr2",
    "Attribute3": "Attr3",
    "Transaction": 73
  },
  {
    "Index": 7227,
    "ObjectId": "Obj7227",
    "Attribute1": "Attr1",
    "Attribute2": "Attr2",
    "Attribute3": "Attr3",
    "Transaction": 73
  },
  {
    "Index": 7228,
    "ObjectId": "Obj7228",
    "Attribute1": "Attr1",
    "Attribute2": "Attr2",
    "Attribute3": "Attr3",
    "Transaction": 73
  },
  {
    "Index": 7229,
    "ObjectId": "Obj7229",
    "Attribute1": "Attr1",
    "Attribute2": "Attr2",
    "Attribute3": "Attr3",
    "Transaction": 73
  },
  {
    "Index": 7230,
    "ObjectId": "Obj7230",
    "Attribute1": "Attr1",
    "Attribute2": "Attr2",
    "Attribute3": "Attr3",
    "Transaction": 73
  },
  {
    "Index": 7231,
    "ObjectId": "Obj7231",
    "Attribute1": "Attr1",
    "Attribute2": "Attr2",
    "Attribute3": "Attr3",
    "Transaction": 73
  },
  {
    "Index": 7232,
    "ObjectId": "Obj7232",
    "Attribute1": "Attr1",
    "Attribute2": "Attr2",
    "Attribute3": "Attr3",
    "Transaction": 73
  },
  {
    "Index": 7233,
    "ObjectId": "Obj7233",
    "Attribute1": "Attr1",
    "Attribute2": "Attr2",
    "Attribute3": "Attr3",
    "Transaction": 73
  },
  {
    "Index": 7234,
    "ObjectId": "Obj7234",
    "Attribute1": "Attr1",
    "Attribute2": "Attr2",
    "Attribute3": "Attr3",
    "Transaction": 73
  },
  {
    "Index": 7235,
    "ObjectId": "Obj7235",
    "Attribute1": "Attr1",
    "Attribute2": "Attr2",
    "Attribute3": "Attr3",
    "Transaction": 73
  },
  {
    "Index": 7236,
    "ObjectId": "Obj7236",
    "Attribute1": "Attr1",
    "Attribute2": "Attr2",
    "Attribute3": "Attr3",
    "Transaction": 73
  },
  {
    "Index": 7237,
    "ObjectId": "Obj7237",
    "Attribute1": "Attr1",
    "Attribute2": "Attr2",
    "Attribute3": "Attr3",
    "Transaction": 73
  },
  {
    "Index": 7238,
    "ObjectId": "Obj7238",
    "Attribute1": "Attr1",
    "Attribute2": "Attr2",
    "Attribute3": "Attr3",
    "Transaction": 73
  },
  {
    "Index": 7239,
    "ObjectId": "Obj7239",
    "Attribute1": "Attr1",
    "Attribute2": "Attr2",
    "Attribute3": "Attr3",
    "Transaction": 73
  },
  {
    "Index": 7240,
    "ObjectId": "Obj7240",
    "Attribute1": "Attr1",
    "Attribute2": "Attr2",
    "Attribute3": "Attr3",
    "Transaction": 73
  },
  {
    "Index": 7241,
    "ObjectId": "Obj7241",
    "Attribute1": "Attr1",
    "Attribute2": "Attr2",
    "Attribute3": "Attr3",
    "Transaction": 73
  },
  {
    "Index": 7242,
    "ObjectId": "Obj7242",
    "Attribute1": "Attr1",
    "Attribute2": "Attr2",
    "Attribute3": "Attr3",
    "Transaction": 73
  },
  {
    "Index": 7243,
    "ObjectId": "Obj7243",
    "Attribute1": "Attr1",
    "Attribute2": "Attr2",
    "Attribute3": "Attr3",
    "Transaction": 73
  },
  {
    "Index": 7244,
    "ObjectId": "Obj7244",
    "Attribute1": "Attr1",
    "Attribute2": "Attr2",
    "Attribute3": "Attr3",
    "Transaction": 73
  },
  {
    "Index": 7245,
    "ObjectId": "Obj7245",
    "Attribute1": "Attr1",
    "Attribute2": "Attr2",
    "Attribute3": "Attr3",
    "Transaction": 73
  },
  {
    "Index": 7246,
    "ObjectId": "Obj7246",
    "Attribute1": "Attr1",
    "Attribute2": "Attr2",
    "Attribute3": "Attr3",
    "Transaction": 73
  },
  {
    "Index": 7247,
    "ObjectId": "Obj7247",
    "Attribute1": "Attr1",
    "Attribute2": "Attr2",
    "Attribute3": "Attr3",
    "Transaction": 73
  },
  {
    "Index": 7248,
    "ObjectId": "Obj7248",
    "Attribute1": "Attr1",
    "Attribute2": "Attr2",
    "Attribute3": "Attr3",
    "Transaction": 73
  },
  {
    "Index": 7249,
    "ObjectId": "Obj7249",
    "Attribute1": "Attr1",
    "Attribute2": "Attr2",
    "Attribute3": "Attr3",
    "Transaction": 73
  },
  {
    "Index": 7250,
    "ObjectId": "Obj7250",
    "Attribute1": "Attr1",
    "Attribute2": "Attr2",
    "Attribute3": "Attr3",
    "Transaction": 73
  },
  {
    "Index": 7251,
    "ObjectId": "Obj7251",
    "Attribute1": "Attr1",
    "Attribute2": "Attr2",
    "Attribute3": "Attr3",
    "Transaction": 73
  },
  {
    "Index": 7252,
    "ObjectId": "Obj7252",
    "Attribute1": "Attr1",
    "Attribute2": "Attr2",
    "Attribute3": "Attr3",
    "Transaction": 73
  },
  {
    "Index": 7253,
    "ObjectId": "Obj7253",
    "Attribute1": "Attr1",
    "Attribute2": "Attr2",
    "Attribute3": "Attr3",
    "Transaction": 73
  },
  {
    "Index": 7254,
    "ObjectId": "Obj7254",
    "Attribute1": "Attr1",
    "Attribute2": "Attr2",
    "Attribute3": "Attr3",
    "Transaction": 73
  },
  {
    "Index": 7255,
    "ObjectId": "Obj7255",
    "Attribute1": "Attr1",
    "Attribute2": "Attr2",
    "Attribute3": "Attr3",
    "Transaction": 73
  },
  {
    "Index": 7256,
    "ObjectId": "Obj7256",
    "Attribute1": "Attr1",
    "Attribute2": "Attr2",
    "Attribute3": "Attr3",
    "Transaction": 73
  },
  {
    "Index": 7257,
    "ObjectId": "Obj7257",
    "Attribute1": "Attr1",
    "Attribute2": "Attr2",
    "Attribute3": "Attr3",
    "Transaction": 73
  },
  {
    "Index": 7258,
    "ObjectId": "Obj7258",
    "Attribute1": "Attr1",
    "Attribute2": "Attr2",
    "Attribute3": "Attr3",
    "Transaction": 73
  },
  {
    "Index": 7259,
    "ObjectId": "Obj7259",
    "Attribute1": "Attr1",
    "Attribute2": "Attr2",
    "Attribute3": "Attr3",
    "Transaction": 73
  },
  {
    "Index": 7260,
    "ObjectId": "Obj7260",
    "Attribute1": "Attr1",
    "Attribute2": "Attr2",
    "Attribute3": "Attr3",
    "Transaction": 73
  },
  {
    "Index": 7261,
    "ObjectId": "Obj7261",
    "Attribute1": "Attr1",
    "Attribute2": "Attr2",
    "Attribute3": "Attr3",
    "Transaction": 73
  },
  {
    "Index": 7262,
    "ObjectId": "Obj7262",
    "Attribute1": "Attr1",
    "Attribute2": "Attr2",
    "Attribute3": "Attr3",
    "Transaction": 73
  },
  {
    "Index": 7263,
    "ObjectId": "Obj7263",
    "Attribute1": "Attr1",
    "Attribute2": "Attr2",
    "Attribute3": "Attr3",
    "Transaction": 73
  },
  {
    "Index": 7264,
    "ObjectId": "Obj7264",
    "Attribute1": "Attr1",
    "Attribute2": "Attr2",
    "Attribute3": "Attr3",
    "Transaction": 73
  },
  {
    "Index": 7265,
    "ObjectId": "Obj7265",
    "Attribute1": "Attr1",
    "Attribute2": "Attr2",
    "Attribute3": "Attr3",
    "Transaction": 73
  },
  {
    "Index": 7266,
    "ObjectId": "Obj7266",
    "Attribute1": "Attr1",
    "Attribute2": "Attr2",
    "Attribute3": "Attr3",
    "Transaction": 73
  },
  {
    "Index": 7267,
    "ObjectId": "Obj7267",
    "Attribute1": "Attr1",
    "Attribute2": "Attr2",
    "Attribute3": "Attr3",
    "Transaction": 73
  },
  {
    "Index": 7268,
    "ObjectId": "Obj7268",
    "Attribute1": "Attr1",
    "Attribute2": "Attr2",
    "Attribute3": "Attr3",
    "Transaction": 73
  },
  {
    "Index": 7269,
    "ObjectId": "Obj7269",
    "Attribute1": "Attr1",
    "Attribute2": "Attr2",
    "Attribute3": "Attr3",
    "Transaction": 73
  },
  {
    "Index": 7270,
    "ObjectId": "Obj7270",
    "Attribute1": "Attr1",
    "Attribute2": "Attr2",
    "Attribute3": "Attr3",
    "Transaction": 73
  },
  {
    "Index": 7271,
    "ObjectId": "Obj7271",
    "Attribute1": "Attr1",
    "Attribute2": "Attr2",
    "Attribute3": "Attr3",
    "Transaction": 73
  },
  {
    "Index": 7272,
    "ObjectId": "Obj7272",
    "Attribute1": "Attr1",
    "Attribute2": "Attr2",
    "Attribute3": "Attr3",
    "Transaction": 73
  },
  {
    "Index": 7273,
    "ObjectId": "Obj7273",
    "Attribute1": "Attr1",
    "Attribute2": "Attr2",
    "Attribute3": "Attr3",
    "Transaction": 73
  },
  {
    "Index": 7274,
    "ObjectId": "Obj7274",
    "Attribute1": "Attr1",
    "Attribute2": "Attr2",
    "Attribute3": "Attr3",
    "Transaction": 73
  },
  {
    "Index": 7275,
    "ObjectId": "Obj7275",
    "Attribute1": "Attr1",
    "Attribute2": "Attr2",
    "Attribute3": "Attr3",
    "Transaction": 73
  },
  {
    "Index": 7276,
    "ObjectId": "Obj7276",
    "Attribute1": "Attr1",
    "Attribute2": "Attr2",
    "Attribute3": "Attr3",
    "Transaction": 73
  },
  {
    "Index": 7277,
    "ObjectId": "Obj7277",
    "Attribute1": "Attr1",
    "Attribute2": "Attr2",
    "Attribute3": "Attr3",
    "Transaction": 73
  },
  {
    "Index": 7278,
    "ObjectId": "Obj7278",
    "Attribute1": "Attr1",
    "Attribute2": "Attr2",
    "Attribute3": "Attr3",
    "Transaction": 73
  },
  {
    "Index": 7279,
    "ObjectId": "Obj7279",
    "Attribute1": "Attr1",
    "Attribute2": "Attr2",
    "Attribute3": "Attr3",
    "Transaction": 73
  },
  {
    "Index": 7280,
    "ObjectId": "Obj7280",
    "Attribute1": "Attr1",
    "Attribute2": "Attr2",
    "Attribute3": "Attr3",
    "Transaction": 73
  },
  {
    "Index": 7281,
    "ObjectId": "Obj7281",
    "Attribute1": "Attr1",
    "Attribute2": "Attr2",
    "Attribute3": "Attr3",
    "Transaction": 73
  },
  {
    "Index": 7282,
    "ObjectId": "Obj7282",
    "Attribute1": "Attr1",
    "Attribute2": "Attr2",
    "Attribute3": "Attr3",
    "Transaction": 73
  },
  {
    "Index": 7283,
    "ObjectId": "Obj7283",
    "Attribute1": "Attr1",
    "Attribute2": "Attr2",
    "Attribute3": "Attr3",
    "Transaction": 73
  },
  {
    "Index": 7284,
    "ObjectId": "Obj7284",
    "Attribute1": "Attr1",
    "Attribute2": "Attr2",
    "Attribute3": "Attr3",
    "Transaction": 73
  },
  {
    "Index": 7285,
    "ObjectId": "Obj7285",
    "Attribute1": "Attr1",
    "Attribute2": "Attr2",
    "Attribute3": "Attr3",
    "Transaction": 73
  },
  {
    "Index": 7286,
    "ObjectId": "Obj7286",
    "Attribute1": "Attr1",
    "Attribute2": "Attr2",
    "Attribute3": "Attr3",
    "Transaction": 73
  },
  {
    "Index": 7287,
    "ObjectId": "Obj7287",
    "Attribute1": "Attr1",
    "Attribute2": "Attr2",
    "Attribute3": "Attr3",
    "Transaction": 73
  },
  {
    "Index": 7288,
    "ObjectId": "Obj7288",
    "Attribute1": "Attr1",
    "Attribute2": "Attr2",
    "Attribute3": "Attr3",
    "Transaction": 73
  },
  {
    "Index": 7289,
    "ObjectId": "Obj7289",
    "Attribute1": "Attr1",
    "Attribute2": "Attr2",
    "Attribute3": "Attr3",
    "Transaction": 73
  },
  {
    "Index": 7290,
    "ObjectId": "Obj7290",
    "Attribute1": "Attr1",
    "Attribute2": "Attr2",
    "Attribute3": "Attr3",
    "Transaction": 73
  },
  {
    "Index": 7291,
    "ObjectId": "Obj7291",
    "Attribute1": "Attr1",
    "Attribute2": "Attr2",
    "Attribute3": "Attr3",
    "Transaction": 73
  },
  {
    "Index": 7292,
    "ObjectId": "Obj7292",
    "Attribute1": "Attr1",
    "Attribute2": "Attr2",
    "Attribute3": "Attr3",
    "Transaction": 73
  },
  {
    "Index": 7293,
    "ObjectId": "Obj7293",
    "Attribute1": "Attr1",
    "Attribute2": "Attr2",
    "Attribute3": "Attr3",
    "Transaction": 73
  },
  {
    "Index": 7294,
    "ObjectId": "Obj7294",
    "Attribute1": "Attr1",
    "Attribute2": "Attr2",
    "Attribute3": "Attr3",
    "Transaction": 73
  },
  {
    "Index": 7295,
    "ObjectId": "Obj7295",
    "Attribute1": "Attr1",
    "Attribute2": "Attr2",
    "Attribute3": "Attr3",
    "Transaction": 73
  },
  {
    "Index": 7296,
    "ObjectId": "Obj7296",
    "Attribute1": "Attr1",
    "Attribute2": "Attr2",
    "Attribute3": "Attr3",
    "Transaction": 73
  },
  {
    "Index": 7297,
    "ObjectId": "Obj7297",
    "Attribute1": "Attr1",
    "Attribute2": "Attr2",
    "Attribute3": "Attr3",
    "Transaction": 73
  },
  {
    "Index": 7298,
    "ObjectId": "Obj7298",
    "Attribute1": "Attr1",
    "Attribute2": "Attr2",
    "Attribute3": "Attr3",
    "Transaction": 73
  },
  {
    "Index": 7299,
    "ObjectId": "Obj7299",
    "Attribute1": "Attr1",
    "Attribute2": "Attr2",
    "Attribute3": "Attr3",
    "Transaction": 73
  },
  {
    "Index": 7300,
    "ObjectId": "Obj7300",
    "Attribute1": "Attr1",
    "Attribute2": "Attr2",
    "Attribute3": "Attr3",
    "Transaction": 73
  }
]