[
  {
    "Index": 4001,
    "ObjectId": "Obj4001",
    "Attribute1": "Attr1",
    "Attribute2": "Attr2",
    "Attribute3": "Attr3",
    "Transaction": 41
  },
  {
    "Index": 4002,
    "ObjectId": "Obj4002",
    "Attribute1": "Attr1",
    "Attribute2": "Attr2",
    "Attribute3": "Attr3",
    "Transaction": 41
  },
  {
    "Index": 4003,
    "ObjectId": "Obj4003",
    "Attribute1": "Attr1",
    "Attribute2": "Attr2",
    "Attribute3": "Attr3",
    "Transaction": 41
  },
  {
    "Index": 4004,
    "ObjectId": "Obj4004",
    "Attribute1": "Attr1",
    "Attribute2": "Attr2",
    "Attribute3": "Attr3",
    "Transaction": 41
  },
  {
    "Index": 4005,
    "ObjectId": "Obj4005",
    "Attribute1": "Attr1",
    "Attribute2": "Attr2",
    "Attribute3": "Attr3",
    "Transaction": 41
  },
  {
    "Index": 4006,
    "ObjectId": "Obj4006",
    "Attribute1": "Attr1",
    "Attribute2": "Attr2",
    "Attribute3": "Attr3",
    "Transaction": 41
  },
  {
    "Index": 4007,
    "ObjectId": "Obj4007",
    "Attribute1": "Attr1",
    "Attribute2": "Attr2",
    "Attribute3": "Attr3",
    "Transaction": 41
  },
  {
    "Index": 4008,
    "ObjectId": "Obj4008",
    "Attribute1": "Attr1",
    "Attribute2": "Attr2",
    "Attribute3": "Attr3",
    "Transaction": 41
  },
  {
    "Index": 4009,
    "ObjectId": "Obj4009",
    "Attribute1": "Attr1",
    "Attribute2": "Attr2",
    "Attribute3": "Attr3",
    "Transaction": 41
  },
  {
    "Index": 4010,
    "ObjectId": "Obj4010",
    "Attribute1": "Attr1",
    "Attribute2": "Attr2",
    "Attribute3": "Attr3",
    "Transaction": 41
  },
  {
    "Index": 4011,
    "ObjectId": "Obj4011",
    "Attribute1": "Attr1",
    "Attribute2": "Attr2",
    "Attribute3": "Attr3",
    "Transaction": 41
  },
  {
    "Index": 4012,
    "ObjectId": "Obj4012",
    "Attribute1": "Attr1",
    "Attribute2": "Attr2",
    "Attribute3": "Attr3",
    "Transaction": 41
  },
  {
    "Index": 4013,
    "ObjectId": "Obj4013",
    "Attribute1": "Attr1",
    "Attribute2": "Attr2",
    "Attribute3": "Attr3",
    "Transaction": 41
  },
  {
    "Index": 4014,
    "ObjectId": "Obj4014",
    "Attribute1": "Attr1",
    "Attribute2": "Attr2",
    "Attribute3": "Attr3",
    "Transaction": 41
  },
  {
    "Index": 4015,
    "ObjectId": "Obj4015",
    "Attribute1": "Attr1",
    "Attribute2": "Attr2",
    "Attribute3": "Attr3",
    "Transaction": 41
  },
  {
    "Index": 4016,
    "ObjectId": "Obj4016",
    "Attribute1": "Attr1",
    "Attribute2": "Attr2",
    "Attribute3": "Attr3",
    "Transaction": 41
  },
  {
    "Index": 4017,
    "ObjectId": "Obj4017",
    "Attribute1": "Attr1",
    "Attribute2": "Attr2",
    "Attribute3": "Attr3",
    "Transaction": 41
  },
  {
    "Index": 4018,
    "ObjectId": "Obj4018",
    "Attribute1": "Attr1",
    "Attribute2": "Attr2",
    "Attribute3": "Attr3",
    "Transaction": 41
  },
  {
    "Index": 4019,
    "ObjectId": "Obj4019",
    "Attribute1": "Attr1",
    "Attribute2": "Attr2",
    "Attribute3": "Attr3",
    "Transaction": 41
  },
  {
    "Index": 4020,
    "ObjectId": "Obj4020",
    "Attribute1": "Attr1",
    "Attribute2": "Attr2",
    "Attribute3": "Attr3",
    "Transaction": 41
  },
  {
    "Index": 4021,
    "ObjectId": "Obj4021",
    "Attribute1": "Attr1",
    "Attribute2": "Attr2",
    "Attribute3": "Attr3",
    "Transaction": 41
  },
  {
    "Index": 4022,
    "ObjectId": "Obj4022",
    "Attribute1": "Attr1",
    "Attribute2": "Attr2",
    "Attribute3": "Attr3",
    "Transaction": 41
  },
  {
    "Index": 4023,
    "ObjectId": "Obj4023",
    "Attribute1": "Attr1",
    "Attribute2": "Attr2",
    "Attribute3": "Attr3",
    "Transaction": 41
  },
  {
    "Index": 4024,
    "ObjectId": "Obj4024",
    "Attribute1": "Attr1",
    "Attribute2": "Attr2",
    "Attribute3": "Attr3",
    "Transaction": 41
  },
  {
    "Index": 4025,
    "ObjectId": "Obj4025",
    "Attribute1": "Attr1",
    "Attribute2": "Attr2",
    "Attribute3": "Attr3",
    "Transaction": 41
  },
  {
    "Index": 4026,
    "ObjectId": "Obj4026",
    "Attribute1": "Attr1",
    "Attribute2": "Attr2",
    "Attribute3": "Attr3",
    "Transaction": 41
  },
  {
    "Index": 4027,
    "ObjectId": "Obj4027",
    "Attribute1": "Attr1",
    "Attribute2": "Attr2",
    "Attribute3": "Attr3",
    "Transaction": 41
  },
  {
    "Index": 4028,
    "ObjectId": "Obj4028",
    "Attribute1": "Attr1",
    "Attribute2": "Attr2",
    "Attribute3": "Attr3",
    "Transaction": 41
  },
  {
    "Index": 4029,
    "ObjectId": "Obj4029",
    "Attribute1": "Attr1",
    "Attribute2": "Attr2",
    "Attribute3": "Attr3",
    "Transaction": 41
  },
  {
    "Index": 4030,
    "ObjectId": "Obj4030",
    "Attribute1": "Attr1",
    "Attribute2": "Attr2",
    "Attribute3": "Attr3",
    "Transaction": 41
  },
  {
    "Index": 4031,
    "ObjectId": "Obj4031",
    "Attribute1": "Attr1",
    "Attribute2": "Attr2",
    "Attribute3": "Attr3",
    "Transaction": 41
  },
  {
    "Index": 4032,
    "ObjectId": "Obj4032",
    "Attribute1": "Attr1",
    "Attribute2": "Attr2",
    "Attribute3": "Attr3",
    "Transaction": 41
  },
  {
    "Index": 4033,
    "ObjectId": "Obj4033",
    "Attribute1": "Attr1",
    "Attribute2": "Attr2",
    "Attribute3": "Attr3",
    "Transaction": 41
  },
  {
    "Index": 4034,
    "ObjectId": "Obj4034",
    "Attribute1": "Attr1",
    "Attribute2": "Attr2",
    "Attribute3": "Attr3",
    "Transaction": 41
  },
  {
    "Index": 4035,
    "ObjectId": "Obj4035",
    "Attribute1": "Attr1",
    "Attribute2": "Attr2",
    "Attribute3": "Attr3",
    "Transaction": 41
  },
  {
    "Index": 4036,
    "ObjectId": "Obj4036",
    "Attribute1": "Attr1",
    "Attribute2": "Attr2",
    "Attribute3": "Attr3",
    "Transaction": 41
  },
  {
    "Index": 4037,
    "ObjectId": "Obj4037",
    "Attribute1": "Attr1",
    "Attribute2": "Attr2",
    "Attribute3": "Attr3",
    "Transaction": 41
  },
  {
    "Index": 4038,
    "ObjectId": "Obj4038",
    "Attribute1": "Attr1",
    "Attribute2": "Attr2",
    "Attribute3": "Attr3",
    "Transaction": 41
  },
  {
    "Index": 4039,
    "ObjectId": "Obj4039",
    "Attribute1": "Attr1",
    "Attribute2": "Attr2",
    "Attribute3": "Attr3",
    "Transaction": 41
  },
  {
    "Index": 4040,
    "ObjectId": "Obj4040",
    "Attribute1": "Attr1",
    "Attribute2": "Attr2",
    "Attribute3": "Attr3",
    "Transaction": 41
  },
  {
    "Index": 4041,
    "ObjectId": "Obj4041",
    "Attribute1": "Attr1",
    "Attribute2": "Attr2",
    "Attribute3": "Attr3",
    "Transaction": 41
  },
  {
    "Index": 4042,
    "ObjectId": "Obj4042",
    "Attribute1": "Attr1",
    "Attribute2": "Attr2",
    "Attribute3": "Attr3",
    "Transaction": 41
  },
  {
    "Index": 4043,
    "ObjectId": "Obj4043",
    "Attribute1": "Attr1",
    "Attribute2": "Attr2",
    "Attribute3": "Attr3",
    "Transaction": 41
  },
  {
    "Index": 4044,
    "ObjectId": "Obj4044",
    "Attribute1": "Attr1",
    "Attribute2": "Attr2",
    "Attribute3": "Attr3",
    "Transaction": 41
  },
  {
    "Index": 4045,
    "ObjectId": "Obj4045",
    "Attribute1": "Attr1",
    "Attribute2": "Attr2",
    "Attribute3": "Attr3",
    "Transaction": 41
  },
  {
    "Index": 4046,
    "ObjectId": "Obj4046",
    "Attribute1": "Attr1",
    "Attribute2": "Attr2",
    "Attribute3": "Attr3",
    "Transaction": 41
  },
  {
    "Index": 4047,
    "ObjectId": "Obj4047",
    "Attribute1": "Attr1",
    "Attribute2": "Attr2",
    "Attribute3": "Attr3",
    "Transaction": 41
  },
  {
    "Index": 4048,
    "ObjectId": "Obj4048",
    "Attribute1": "Attr1",
    "Attribute2": "Attr2",
    "Attribute3": "Attr3",
    "Transaction": 41
  },
  {
    "Index": 4049,
    "ObjectId": "Obj4049",
    "Attribute1": "Attr1",
    "Attribute2": "Attr2",
    "Attribute3": "Attr3",
    "Transaction": 41
  },
  {
    "Index": 4050,
    "ObjectId": "Obj4050",
    "Attribute1": "Attr1",
    "Attribute2": "Attr2",
    "Attribute3": "Attr3",
    "Transaction": 41
  },
  {
    "Index": 4051,
    "ObjectId": "Obj4051",
    "Attribute1": "Attr1",
    "Attribute2": "Attr2",
    "Attribute3": "Attr3",
    "Transaction": 41
  },
  {
    "Index": 4052,
    "ObjectId": "Obj4052",
    "Attribute1": "Attr1",
    "Attribute2": "Attr2",
    "Attribute3": "Attr3",
    "Transaction": 41
  },
  {
    "Index": 4053,
    "ObjectId": "Obj4053",
    "Attribute1": "Attr1",
    "Attribute2": "Attr2",
    "Attribute3": "Attr3",
    "Transaction": 41
  },
  {
    "Index": 4054,
    "ObjectId": "Obj4054",
    "Attribute1": "Attr1",
    "Attribute2": "Attr2",
    "Attribute3": "Attr3",
    "Transaction": 41
  },
  {
    "Index": 4055,
    "ObjectId": "Obj4055",
    "Attribute1": "Attr1",
    "Attribute2": "Attr2",
    "Attribute3": "Attr3",
    "Transaction": 41
  },
  {
    "Index": 4056,
    "ObjectId": "Obj4056",
    "Attribute1": "Attr1",
    "Attribute2": "Attr2",
    "Attribute3": "Attr3",
    "Transaction": 41
  },
  {
    "Index": 4057,
    "ObjectId": "Obj4057",
    "Attribute1": "Attr1",
    "Attribute2": "Attr2",
    "Attribute3": "Attr3",
    "Transaction": 41
  },
  {
    "Index": 4058,
    "ObjectId": "Obj4058",
    "Attribute1": "Attr1",
    "Attribute2": "Attr2",
    "Attribute3": "Attr3",
    "Transaction": 41
  },
  {
    "Index": 4059,
    "ObjectId": "Obj4059",
    "Attribute1": "Attr1",
    "Attribute2": "Attr2",
    "Attribute3": "Attr3",
    "Transaction": 41
  },
  {
    "Index": 4060,
    "ObjectId": "Obj4060",
    "Attribute1": "Attr1",
    "Attribute2": "Attr2",
    "Attribute3": "Attr3",
    "Transaction": 41
  },
  {
    "Index": 4061,
    "ObjectId": "Obj4061",
    "Attribute1": "Attr1",
    "Attribute2": "Attr2",
    "Attribute3": "Attr3",
    "Transaction": 41
  },
  {
    "Index": 4062,
    "ObjectId": "Obj4062",
    "Attribute1": "Attr1",
    "Attribute2": "Attr2",
    "Attribute3": "Attr3",
    "Transaction": 41
  },
  {
    "Index": 4063,
    "ObjectId": "Obj4063",
    "Attribute1": "Attr1",
    "Attribute2": "Attr2",
    "Attribute3": "Attr3",
    "Transaction": 41
  },
  {
    "Index": 4064,
    "ObjectId": "Obj4064",
    "Attribute1": "Attr1",
    "Attribute2": "Attr2",
    "Attribute3": "Attr3",
    "Transaction": 41
  },
  {
    "Index": 4065,
    "ObjectId": "Obj4065",
    "Attribute1": "Attr1",
    "Attribute2": "Attr2",
    "Attribute3": "Attr3",
    "Transaction": 41
  },
  {
    "Index": 4066,
    "ObjectId": "Obj4066",
    "Attribute1": "Attr1",
    "Attribute2": "Attr2",
    "Attribute3": "Attr3",
    "Transaction": 41
  },
  {
    "Index": 4067,
    "ObjectId": "Obj4067",
    "Attribute1": "Attr1",
    "Attribute2": "Attr2",
    "Attribute3": "Attr3",
    "Transaction": 41
  },
  {
    "Index": 4068,
    "ObjectId": "Obj4068",
    "Attribute1": "Attr1",
    "Attribute2": "Attr2",
    "Attribute3": "Attr3",
    "Transaction": 41
  },
  {
    "Index": 4069,
    "ObjectId": "Obj4069",
    "Attribute1": "Attr1",
    "Attribute2": "Attr2",
    "Attribute3": "Attr3",
    "Transaction": 41
  },
  {
    "Index": 4070,
    "ObjectId": "Obj4070",
    "Attribute1": "Attr1",
    "Attribute2": "Attr2",
    "Attribute3": "Attr3",
    "Transaction": 41
  },
  {
    "Index": 4071,
    "ObjectId": "Obj4071",
    "Attribute1": "Attr1",
    "Attribute2": "Attr2",
    "Attribute3": "Attr3",
    "Transaction": 41
  },
  {
    "Index": 4072,
    "ObjectId": "Obj4072",
    "Attribute1": "Attr1",
    "Attribute2": "Attr2",
    "Attribute3": "Attr3",
    "Transaction": 41
  },
  {
    "Index": 4073,
    "ObjectId": "Obj4073",
    "Attribute1": "Attr1",
    "Attribute2": "Attr2",
    "Attribute3": "Attr3",
    "Transaction": 41
  },
  {
    "Index": 4074,
    "ObjectId": "Obj4074",
    "Attribute1": "Attr1",
    "Attribute2": "Attr2",
    "Attribute3": "Attr3",
    "Transaction": 41
  },
  {
    "Index": 4075,
    "ObjectId": "Obj4075",
    "Attribute1": "Attr1",
    "Attribute2": "Attr2",
    "Attribute3": "Attr3",
    "Transaction": 41
  },
  {
    "Index": 4076,
    "ObjectId": "Obj4076",
    "Attribute1": "Attr1",
    "Attribute2": "Attr2",
    "Attribute3": "Attr3",
    "Transaction": 41
  },
  {
    "Index": 4077,
    "ObjectId": "Obj4077",
    "Attribute1": "Attr1",
    "Attribute2": "Attr2",
    "Attribute3": "Attr3",
    "Transaction": 41
  },
  {
    "Index": 4078,
    "ObjectId": "Obj4078",
    "Attribute1": "Attr1",
    "Attribute2": "Attr2",
    "Attribute3": "Attr3",
    "Transaction": 41
  },
  {
    "Index": 4079,
    "ObjectId": "Obj4079",
    "Attribute1": "Attr1",
    "Attribute2": "Attr2",
    "Attribute3": "Attr3",
    "Transaction": 41
  },
  {
    "Index": 4080,
    "ObjectId": "Obj4080",
    "Attribute1": "Attr1",
    "Attribute2": "Attr2",
    "Attribute3": "Attr3",
    "Transaction": 41
  },
  {
    "Index": 4081,
    "ObjectId": "Obj4081",
    "Attribute1": "Attr1",
    "Attribute2": "Attr2",
    "Attribute3": "Attr3",
    "Transaction": 41
  },
  {
    "Index": 4082,
    "ObjectId": "Obj4082",
    "Attribute1": "Attr1",
    "Attribute2": "Attr2",
    "Attribute3": "Attr3",
    "Transaction": 41
  },
  {
    "Index": 4083,
    "ObjectId": "Obj4083",
    "Attribute1": "Attr1",
    "Attribute2": "Attr2",
    "Attribute3": "Attr3",
    "Transaction": 41
  },
  {
    "Index": 4084,
    "ObjectId": "Obj4084",
    "Attribute1": "Attr1",
    "Attribute2": "Attr2",
    "Attribute3": "Attr3",
    "Transaction": 41
  },
  {
    "Index": 4085,
    "ObjectId": "Obj4085",
    "Attribute1": "Attr1",
    "Attribute2": "Attr2",
    "Attribute3": "Attr3",
    "Transaction": 41
  },
  {
    "Index": 4086,
    "ObjectId": "Obj4086",
    "Attribute1": "Attr1",
    "Attribute2": "Attr2",
    "Attribute3": "Attr3",
    "Transaction": 41
  },
  {
    "Index": 4087,
    "ObjectId": "Obj4087",
    "Attribute1": "Attr1",
    "Attribute2": "Attr2",
    "Attribute3": "Attr3",
    "Transaction": 41
  },
  {
    "Index": 4088,
    "ObjectId": "Obj4088",
    "Attribute1": "Attr1",
    "Attribute2": "Attr2",
    "Attribute3": "Attr3",
    "Transaction": 41
  },
  {
    "Index": 4089,
    "ObjectId": "Obj4089",
    "Attribute1": "Attr1",
    "Attribute2": "Attr2",
    "Attribute3": "Attr3",
    "Transaction": 41
  },
  {
    "Index": 4090,
    "ObjectId": "Obj4090",
    "Attribute1": "Attr1",
    "Attribute2": "Attr2",
    "Attribute3": "Attr3",
    "Transaction": 41
  },
  {
    "Index": 4091,
    "ObjectId": "Obj4091",
    "Attribute1": "Attr1",
    "Attribute2": "Attr2",
    "Attribute3": "Attr3",
    "Transaction": 41
  },
  {
    "Index": 4092,
    "ObjectId": "Obj4092",
    "Attribute1": "Attr1",
    "Attribute2": "Attr2",
    "Attribute3": "Attr3",
    "Transaction": 41
  },
  {
    "Index": 4093,
    "ObjectId": "Obj4093",
    "Attribute1": "Attr1",
    "Attribute2": "Attr2",
    "Attribute3": "Attr3",
    "Transaction": 41
  },
  {
    "Index": 4094,
    "ObjectId": "Obj4094",
    "Attribute1": "Attr1",
    "Attribute2": "Attr2",
    "Attribute3": "Attr3",
    "Transaction": 41
  },
  {
    "Index": 4095,
    "ObjectId": "Obj4095",
    "Attribute1": "Attr1",
    "Attribute2": "Attr2",
    "Attribute3": "Attr3",
    "Transaction": 41
  },
  {
    "Index": 4096,
    "ObjectId": "Obj4096",
    "Attribute1": "Attr1",
    "Attribute2": "Attr2",
    "Attribute3": "Attr3",
    "Transaction": 41
  },
  {
    "Index": 4097,
    "ObjectId": "Obj4097",
    "Attribute1": "Attr1",
    "Attribute2": "Attr2",
    "Attribute3": "Attr3",
    "Transaction": 41
  },
  {
    "Index": 4098,
    "ObjectId": "Obj4098",
    "Attribute1": "Attr1",
    "Attribute2": "Attr2",
    "Attribute3": "Attr3",
    "Transaction": 41
  },
  {
    "Index": 4099,
    "ObjectId": "Obj4099",
    "Attribute1": "Attr1",
    "Attribute2": "Attr2",
    "Attribute3": "Attr3",
    "Transaction": 41
  },
  {
    "Index": 4100,
    "ObjectId": "Obj4100",
    "Attribute1": "Attr1",
    "Attribute2": "Attr2",
    "Attribute3": "Attr3",
    "Transaction": 41
  }
]