[
  {
    "Index": 6501,
    "ObjectId": "Obj6501",
    "Attribute1": "Attr1",
    "Attribute2": "Attr2",
    "Attribute3": "Attr3",
    "Transaction": 66
  },
  {
    "Index": 6502,
    "ObjectId": "Obj6502",
    "Attribute1": "Attr1",
    "Attribute2": "Attr2",
    "Attribute3": "Attr3",
    "Transaction": 66
  },
  {
    "Index": 6503,
    "ObjectId": "Obj6503",
    "Attribute1": "Attr1",
    "Attribute2": "Attr2",
    "Attribute3": "Attr3",
    "Transaction": 66
  },
  {
    "Index": 6504,
    "ObjectId": "Obj6504",
    "Attribute1": "Attr1",
    "Attribute2": "Attr2",
    "Attribute3": "Attr3",
    "Transaction": 66
  },
  {
    "Index": 6505,
    "ObjectId": "Obj6505",
    "Attribute1": "Attr1",
    "Attribute2": "Attr2",
    "Attribute3": "Attr3",
    "Transaction": 66
  },
  {
    "Index": 6506,
    "ObjectId": "Obj6506",
    "Attribute1": "Attr1",
    "Attribute2": "Attr2",
    "Attribute3": "Attr3",
    "Transaction": 66
  },
  {
    "Index": 6507,
    "ObjectId": "Obj6507",
    "Attribute1": "Attr1",
    "Attribute2": "Attr2",
    "Attribute3": "Attr3",
    "Transaction": 66
  },
  {
    "Index": 6508,
    "ObjectId": "Obj6508",
    "Attribute1": "Attr1",
    "Attribute2": "Attr2",
    "Attribute3": "Attr3",
    "Transaction": 66
  },
  {
    "Index": 6509,
    "ObjectId": "Obj6509",
    "Attribute1": "Attr1",
    "Attribute2": "Attr2",
    "Attribute3": "Attr3",
    "Transaction": 66
  },
  {
    "Index": 6510,
    "ObjectId": "Obj6510",
    "Attribute1": "Attr1",
    "Attribute2": "Attr2",
    "Attribute3": "Attr3",
    "Transaction": 66
  },
  {
    "Index": 6511,
    "ObjectId": "Obj6511",
    "Attribute1": "Attr1",
    "Attribute2": "Attr2",
    "Attribute3": "Attr3",
    "Transaction": 66
  },
  {
    "Index": 6512,
    "ObjectId": "Obj6512",
    "Attribute1": "Attr1",
    "Attribute2": "Attr2",
    "Attribute3": "Attr3",
    "Transaction": 66
  },
  {
    "Index": 6513,
    "ObjectId": "Obj6513",
    "Attribute1": "Attr1",
    "Attribute2": "Attr2",
    "Attribute3": "Attr3",
    "Transaction": 66
  },
  {
    "Index": 6514,
    "ObjectId": "Obj6514",
    "Attribute1": "Attr1",
    "Attribute2": "Attr2",
    "Attribute3": "Attr3",
    "Transaction": 66
  },
  {
    "Index": 6515,
    "ObjectId": "Obj6515",
    "Attribute1": "Attr1",
    "Attribute2": "Attr2",
    "Attribute3": "Attr3",
    "Transaction": 66
  },
  {
    "Index": 6516,
    "ObjectId": "Obj6516",
    "Attribute1": "Attr1",
    "Attribute2": "Attr2",
    "Attribute3": "Attr3",
    "Transaction": 66
  },
  {
    "Index": 6517,
    "ObjectId": "Obj6517",
    "Attribute1": "Attr1",
    "Attribute2": "Attr2",
    "Attribute3": "Attr3",
    "Transaction": 66
  },
  {
    "Index": 6518,
    "ObjectId": "Obj6518",
    "Attribute1": "Attr1",
    "Attribute2": "Attr2",
    "Attribute3": "Attr3",
    "Transaction": 66
  },
  {
    "Index": 6519,
    "ObjectId": "Obj6519",
    "Attribute1": "Attr1",
    "Attribute2": "Attr2",
    "Attribute3": "Attr3",
    "Transaction": 66
  },
  {
    "Index": 6520,
    "ObjectId": "Obj6520",
    "Attribute1": "Attr1",
    "Attribute2": "Attr2",
    "Attribute3": "Attr3",
    "Transaction": 66
  },
  {
    "Index": 6521,
    "ObjectId": "Obj6521",
    "Attribute1": "Attr1",
    "Attribute2": "Attr2",
    "Attribute3": "Attr3",
    "Transaction": 66
  },
  {
    "Index": 6522,
    "ObjectId": "Obj6522",
    "Attribute1": "Attr1",
    "Attribute2": "Attr2",
    "Attribute3": "Attr3",
    "Transaction": 66
  },
  {
    "Index": 6523,
    "ObjectId": "Obj6523",
    "Attribute1": "Attr1",
    "Attribute2": "Attr2",
    "Attribute3": "Attr3",
    "Transaction": 66
  },
  {
    "Index": 6524,
    "ObjectId": "Obj6524",
    "Attribute1": "Attr1",
    "Attribute2": "Attr2",
    "Attribute3": "Attr3",
    "Transaction": 66
  },
  {
    "Index": 6525,
    "ObjectId": "Obj6525",
    "Attribute1": "Attr1",
    "Attribute2": "Attr2",
    "Attribute3": "Attr3",
    "Transaction": 66
  },
  {
    "Index": 6526,
    "ObjectId": "Obj6526",
    "Attribute1": "Attr1",
    "Attribute2": "Attr2",
    "Attribute3": "Attr3",
    "Transaction": 66
  },
  {
    "Index": 6527,
    "ObjectId": "Obj6527",
    "Attribute1": "Attr1",
    "Attribute2": "Attr2",
    "Attribute3": "Attr3",
    "Transaction": 66
  },
  {
    "Index": 6528,
    "ObjectId": "Obj6528",
    "Attribute1": "Attr1",
    "Attribute2": "Attr2",
    "Attribute3": "Attr3",
    "Transaction": 66
  },
  {
    "Index": 6529,
    "ObjectId": "Obj6529",
    "Attribute1": "Attr1",
    "Attribute2": "Attr2",
    "Attribute3": "Attr3",
    "Transaction": 66
  },
  {
    "Index": 6530,
    "ObjectId": "Obj6530",
    "Attribute1": "Attr1",
    "Attribute2": "Attr2",
    "Attribute3": "Attr3",
    "Transaction": 66
  },
  {
    "Index": 6531,
    "ObjectId": "Obj6531",
    "Attribute1": "Attr1",
    "Attribute2": "Attr2",
    "Attribute3": "Attr3",
    "Transaction": 66
  },
  {
    "Index": 6532,
    "ObjectId": "Obj6532",
    "Attribute1": "Attr1",
    "Attribute2": "Attr2",
    "Attribute3": "Attr3",
    "Transaction": 66
  },
  {
    "Index": 6533,
    "ObjectId": "Obj6533",
    "Attribute1": "Attr1",
    "Attribute2": "Attr2",
    "Attribute3": "Attr3",
    "Transaction": 66
  },
  {
    "Index": 6534,
    "ObjectId": "Obj6534",
    "Attribute1": "Attr1",
    "Attribute2": "Attr2",
    "Attribute3": "Attr3",
    "Transaction": 66
  },
  {
    "Index": 6535,
    "ObjectId": "Obj6535",
    "Attribute1": "Attr1",
    "Attribute2": "Attr2",
    "Attribute3": "Attr3",
    "Transaction": 66
  },
  {
    "Index": 6536,
    "ObjectId": "Obj6536",
    "Attribute1": "Attr1",
    "Attribute2": "Attr2",
    "Attribute3": "Attr3",
    "Transaction": 66
  },
  {
    "Index": 6537,
    "ObjectId": "Obj6537",
    "Attribute1": "Attr1",
    "Attribute2": "Attr2",
    "Attribute3": "Attr3",
    "Transaction": 66
  },
  {
    "Index": 6538,
    "ObjectId": "Obj6538",
    "Attribute1": "Attr1",
    "Attribute2": "Attr2",
    "Attribute3": "Attr3",
    "Transaction": 66
  },
  {
    "Index": 6539,
    "ObjectId": "Obj6539",
    "Attribute1": "Attr1",
    "Attribute2": "Attr2",
    "Attribute3": "Attr3",
    "Transaction": 66
  },
  {
    "Index": 6540,
    "ObjectId": "Obj6540",
    "Attribute1": "Attr1",
    "Attribute2": "Attr2",
    "Attribute3": "Attr3",
    "Transaction": 66
  },
  {
    "Index": 6541,
    "ObjectId": "Obj6541",
    "Attribute1": "Attr1",
    "Attribute2": "Attr2",
    "Attribute3": "Attr3",
    "Transaction": 66
  },
  {
    "Index": 6542,
    "ObjectId": "Obj6542",
    "Attribute1": "Attr1",
    "Attribute2": "Attr2",
    "Attribute3": "Attr3",
    "Transaction": 66
  },
  {
    "Index": 6543,
    "ObjectId": "Obj6543",
    "Attribute1": "Attr1",
    "Attribute2": "Attr2",
    "Attribute3": "Attr3",
    "Transaction": 66
  },
  {
    "Index": 6544,
    "ObjectId": "Obj6544",
    "Attribute1": "Attr1",
    "Attribute2": "Attr2",
    "Attribute3": "Attr3",
    "Transaction": 66
  },
  {
    "Index": 6545,
    "ObjectId": "Obj6545",
    "Attribute1": "Attr1",
    "Attribute2": "Attr2",
    "Attribute3": "Attr3",
    "Transaction": 66
  },
  {
    "Index": 6546,
    "ObjectId": "Obj6546",
    "Attribute1": "Attr1",
    "Attribute2": "Attr2",
    "Attribute3": "Attr3",
    "Transaction": 66
  },
  {
    "Index": 6547,
    "ObjectId": "Obj6547",
    "Attribute1": "Attr1",
    "Attribute2": "Attr2",
    "Attribute3": "Attr3",
    "Transaction": 66
  },
  {
    "Index": 6548,
    "ObjectId": "Obj6548",
    "Attribute1": "Attr1",
    "Attribute2": "Attr2",
    "Attribute3": "Attr3",
    "Transaction": 66
  },
  {
    "Index": 6549,
    "ObjectId": "Obj6549",
    "Attribute1": "Attr1",
    "Attribute2": "Attr2",
    "Attribute3": "Attr3",
    "Transaction": 66
  },
  {
    "Index": 6550,
    "ObjectId": "Obj6550",
    "Attribute1": "Attr1",
    "Attribute2": "Attr2",
    "Attribute3": "Attr3",
    "Transaction": 66
  },
  {
    "Index": 6551,
    "ObjectId": "Obj6551",
    "Attribute1": "Attr1",
    "Attribute2": "Attr2",
    "Attribute3": "Attr3",
    "Transaction": 66
  },
  {
    "Index": 6552,
    "ObjectId": "Obj6552",
    "Attribute1": "Attr1",
    "Attribute2": "Attr2",
    "Attribute3": "Attr3",
    "Transaction": 66
  },
  {
    "Index": 6553,
    "ObjectId": "Obj6553",
    "Attribute1": "Attr1",
    "Attribute2": "Attr2",
    "Attribute3": "Attr3",
    "Transaction": 66
  },
  {
    "Index": 6554,
    "ObjectId": "Obj6554",
    "Attribute1": "Attr1",
    "Attribute2": "Attr2",
    "Attribute3": "Attr3",
    "Transaction": 66
  },
  {
    "Index": 6555,
    "ObjectId": "Obj6555",
    "Attribute1": "Attr1",
    "Attribute2": "Attr2",
    "Attribute3": "Attr3",
    "Transaction": 66
  },
  {
    "Index": 6556,
    "ObjectId": "Obj6556",
    "Attribute1": "Attr1",
    "Attribute2": "Attr2",
    "Attribute3": "Attr3",
    "Transaction": 66
  },
  {
    "Index": 6557,
    "ObjectId": "Obj6557",
    "Attribute1": "Attr1",
    "Attribute2": "Attr2",
    "Attribute3": "Attr3",
    "Transaction": 66
  },
  {
    "Index": 6558,
    "ObjectId": "Obj6558",
    "Attribute1": "Attr1",
    "Attribute2": "Attr2",
    "Attribute3": "Attr3",
    "Transaction": 66
  },
  {
    "Index": 6559,
    "ObjectId": "Obj6559",
    "Attribute1": "Attr1",
    "Attribute2": "Attr2",
    "Attribute3": "Attr3",
    "Transaction": 66
  },
  {
    "Index": 6560,
    "ObjectId": "Obj6560",
    "Attribute1": "Attr1",
    "Attribute2": "Attr2",
    "Attribute3": "Attr3",
    "Transaction": 66
  },
  {
    "Index": 6561,
    "ObjectId": "Obj6561",
    "Attribute1": "Attr1",
    "Attribute2": "Attr2",
    "Attribute3": "Attr3",
    "Transaction": 66
  },
  {
    "Index": 6562,
    "ObjectId": "Obj6562",
    "Attribute1": "Attr1",
    "Attribute2": "Attr2",
    "Attribute3": "Attr3",
    "Transaction": 66
  },
  {
    "Index": 6563,
    "ObjectId": "Obj6563",
    "Attribute1": "Attr1",
    "Attribute2": "Attr2",
    "Attribute3": "Attr3",
    "Transaction": 66
  },
  {
    "Index": 6564,
    "ObjectId": "Obj6564",
    "Attribute1": "Attr1",
    "Attribute2": "Attr2",
    "Attribute3": "Attr3",
    "Transaction": 66
  },
  {
    "Index": 6565,
    "ObjectId": "Obj6565",
    "Attribute1": "Attr1",
    "Attribute2": "Attr2",
    "Attribute3": "Attr3",
    "Transaction": 66
  },
  {
    "Index": 6566,
    "ObjectId": "Obj6566",
    "Attribute1": "Attr1",
    "Attribute2": "Attr2",
    "Attribute3": "Attr3",
    "Transaction": 66
  },
  {
    "Index": 6567,
    "ObjectId": "Obj6567",
    "Attribute1": "Attr1",
    "Attribute2": "Attr2",
    "Attribute3": "Attr3",
    "Transaction": 66
  },
  {
    "Index": 6568,
    "ObjectId": "Obj6568",
    "Attribute1": "Attr1",
    "Attribute2": "Attr2",
    "Attribute3": "Attr3",
    "Transaction": 66
  },
  {
    "Index": 6569,
    "ObjectId": "Obj6569",
    "Attribute1": "Attr1",
    "Attribute2": "Attr2",
    "Attribute3": "Attr3",
    "Transaction": 66
  },
  {
    "Index": 6570,
    "ObjectId": "Obj6570",
    "Attribute1": "Attr1",
    "Attribute2": "Attr2",
    "Attribute3": "Attr3",
    "Transaction": 66
  },
  {
    "Index": 6571,
    "ObjectId": "Obj6571",
    "Attribute1": "Attr1",
    "Attribute2": "Attr2",
    "Attribute3": "Attr3",
    "Transaction": 66
  },
  {
    "Index": 6572,
    "ObjectId": "Obj6572",
    "Attribute1": "Attr1",
    "Attribute2": "Attr2",
    "Attribute3": "Attr3",
    "Transaction": 66
  },
  {
    "Index": 6573,
    "ObjectId": "Obj6573",
    "Attribute1": "Attr1",
    "Attribute2": "Attr2",
    "Attribute3": "Attr3",
    "Transaction": 66
  },
  {
    "Index": 6574,
    "ObjectId": "Obj6574",
    "Attribute1": "Attr1",
    "Attribute2": "Attr2",
    "Attribute3": "Attr3",
    "Transaction": 66
  },
  {
    "Index": 6575,
    "ObjectId": "Obj6575",
    "Attribute1": "Attr1",
    "Attribute2": "Attr2",
    "Attribute3": "Attr3",
    "Transaction": 66
  },
  {
    "Index": 6576,
    "ObjectId": "Obj6576",
    "Attribute1": "Attr1",
    "Attribute2": "Attr2",
    "Attribute3": "Attr3",
    "Transaction": 66
  },
  {
    "Index": 6577,
    "ObjectId": "Obj6577",
    "Attribute1": "Attr1",
    "Attribute2": "Attr2",
    "Attribute3": "Attr3",
    "Transaction": 66
  },
  {
    "Index": 6578,
    "ObjectId": "Obj6578",
    "Attribute1": "Attr1",
    "Attribute2": "Attr2",
    "Attribute3": "Attr3",
    "Transaction": 66
  },
  {
    "Index": 6579,
    "ObjectId": "Obj6579",
    "Attribute1": "Attr1",
    "Attribute2": "Attr2",
    "Attribute3": "Attr3",
    "Transaction": 66
  },
  {
    "Index": 6580,
    "ObjectId": "Obj6580",
    "Attribute1": "Attr1",
    "Attribute2": "Attr2",
    "Attribute3": "Attr3",
    "Transaction": 66
  },
  {
    "Index": 6581,
    "ObjectId": "Obj6581",
    "Attribute1": "Attr1",
    "Attribute2": "Attr2",
    "Attribute3": "Attr3",
    "Transaction": 66
  },
  {
    "Index": 6582,
    "ObjectId": "Obj6582",
    "Attribute1": "Attr1",
    "Attribute2": "Attr2",
    "Attribute3": "Attr3",
    "Transaction": 66
  },
  {
    "Index": 6583,
    "ObjectId": "Obj6583",
    "Attribute1": "Attr1",
    "Attribute2": "Attr2",
    "Attribute3": "Attr3",
    "Transaction": 66
  },
  {
    "Index": 6584,
    "ObjectId": "Obj6584",
    "Attribute1": "Attr1",
    "Attribute2": "Attr2",
    "Attribute3": "Attr3",
    "Transaction": 66
  },
  {
    "Index": 6585,
    "ObjectId": "Obj6585",
    "Attribute1": "Attr1",
    "Attribute2": "Attr2",
    "Attribute3": "Attr3",
    "Transaction": 66
  },
  {
    "Index": 6586,
    "ObjectId": "Obj6586",
    "Attribute1": "Attr1",
    "Attribute2": "Attr2",
    "Attribute3": "Attr3",
    "Transaction": 66
  },
  {
    "Index": 6587,
    "ObjectId": "Obj6587",
    "Attribute1": "Attr1",
    "Attribute2": "Attr2",
    "Attribute3": "Attr3",
    "Transaction": 66
  },
  {
    "Index": 6588,
    "ObjectId": "Obj6588",
    "Attribute1": "Attr1",
    "Attribute2": "Attr2",
    "Attribute3": "Attr3",
    "Transaction": 66
  },
  {
    "Index": 6589,
    "ObjectId": "Obj6589",
    "Attribute1": "Attr1",
    "Attribute2": "Attr2",
    "Attribute3": "Attr3",
    "Transaction": 66
  },
  {
    "Index": 6590,
    "ObjectId": "Obj6590",
    "Attribute1": "Attr1",
    "Attribute2": "Attr2",
    "Attribute3": "Attr3",
    "Transaction": 66
  },
  {
    "Index": 6591,
    "ObjectId": "Obj6591",
    "Attribute1": "Attr1",
    "Attribute2": "Attr2",
    "Attribute3": "Attr3",
    "Transaction": 66
  },
  {
    "Index": 6592,
    "ObjectId": "Obj6592",
    "Attribute1": "Attr1",
    "Attribute2": "Attr2",
    "Attribute3": "Attr3",
    "Transaction": 66
  },
  {
    "Index": 6593,
    "ObjectId": "Obj6593",
    "Attribute1": "Attr1",
    "Attribute2": "Attr2",
    "Attribute3": "Attr3",
    "Transaction": 66
  },
  {
    "Index": 6594,
    "ObjectId": "Obj6594",
    "Attribute1": "Attr1",
    "Attribute2": "Attr2",
    "Attribute3": "Attr3",
    "Transaction": 66
  },
  {
    "Index": 6595,
    "ObjectId": "Obj6595",
    "Attribute1": "Attr1",
    "Attribute2": "Attr2",
    "Attribute3": "Attr3",
    "Transaction": 66
  },
  {
    "Index": 6596,
    "ObjectId": "Obj6596",
    "Attribute1": "Attr1",
    "Attribute2": "Attr2",
    "Attribute3": "Attr3",
    "Transaction": 66
  },
  {
    "Index": 6597,
    "ObjectId": "Obj6597",
    "Attribute1": "Attr1",
    "Attribute2": "Attr2",
    "Attribute3": "Attr3",
    "Transaction": 66
  },
  {
    "Index": 6598,
    "ObjectId": "Obj6598",
    "Attribute1": "Attr1",
    "Attribute2": "Attr2",
    "Attribute3": "Attr3",
    "Transaction": 66
  },
  {
    "Index": 6599,
    "ObjectId": "Obj6599",
    "Attribute1": "Attr1",
    "Attribute2": "Attr2",
    "Attribute3": "Attr3",
    "Transaction": 66
  },
  {
    "Index": 6600,
    "ObjectId": "Obj6600",
    "Attribute1": "Attr1",
    "Attribute2": "Attr2",
    "Attribute3": "Attr3",
    "Transaction": 66
  }
]