[
  {
    "Index": 6401,
    "ObjectId": "Obj6401",
    "Attribute1": "Attr1",
    "Attribute2": "Attr2",
    "Attribute3": "Attr3",
    "Transaction": 65
  },
  {
    "Index": 6402,
    "ObjectId": "Obj6402",
    "Attribute1": "Attr1",
    "Attribute2": "Attr2",
    "Attribute3": "Attr3",
    "Transaction": 65
  },
  {
    "Index": 6403,
    "ObjectId": "Obj6403",
    "Attribute1": "Attr1",
    "Attribute2": "Attr2",
    "Attribute3": "Attr3",
    "Transaction": 65
  },
  {
    "Index": 6404,
    "ObjectId": "Obj6404",
    "Attribute1": "Attr1",
    "Attribute2": "Attr2",
    "Attribute3": "Attr3",
    "Transaction": 65
  },
  {
    "Index": 6405,
    "ObjectId": "Obj6405",
    "Attribute1": "Attr1",
    "Attribute2": "Attr2",
    "Attribute3": "Attr3",
    "Transaction": 65
  },
  {
    "Index": 6406,
    "ObjectId": "Obj6406",
    "Attribute1": "Attr1",
    "Attribute2": "Attr2",
    "Attribute3": "Attr3",
    "Transaction": 65
  },
  {
    "Index": 6407,
    "ObjectId": "Obj6407",
    "Attribute1": "Attr1",
    "Attribute2": "Attr2",
    "Attribute3": "Attr3",
    "Transaction": 65
  },
  {
    "Index": 6408,
    "ObjectId": "Obj6408",
    "Attribute1": "Attr1",
    "Attribute2": "Attr2",
    "Attribute3": "Attr3",
    "Transaction": 65
  },
  {
    "Index": 6409,
    "ObjectId": "Obj6409",
    "Attribute1": "Attr1",
    "Attribute2": "Attr2",
    "Attribute3": "Attr3",
    "Transaction": 65
  },
  {
    "Index": 6410,
    "ObjectId": "Obj6410",
    "Attribute1": "Attr1",
    "Attribute2": "Attr2",
    "Attribute3": "Attr3",
    "Transaction": 65
  },
  {
    "Index": 6411,
    "ObjectId": "Obj6411",
    "Attribute1": "Attr1",
    "Attribute2": "Attr2",
    "Attribute3": "Attr3",
    "Transaction": 65
  },
  {
    "Index": 6412,
    "ObjectId": "Obj6412",
    "Attribute1": "Attr1",
    "Attribute2": "Attr2",
    "Attribute3": "Attr3",
    "Transaction": 65
  },
  {
    "Index": 6413,
    "ObjectId": "Obj6413",
    "Attribute1": "Attr1",
    "Attribute2": "Attr2",
    "Attribute3": "Attr3",
    "Transaction": 65
  },
  {
    "Index": 6414,
    "ObjectId": "Obj6414",
    "Attribute1": "Attr1",
    "Attribute2": "Attr2",
    "Attribute3": "Attr3",
    "Transaction": 65
  },
  {
    "Index": 6415,
    "ObjectId": "Obj6415",
    "Attribute1": "Attr1",
    "Attribute2": "Attr2",
    "Attribute3": "Attr3",
    "Transaction": 65
  },
  {
    "Index": 6416,
    "ObjectId": "Obj6416",
    "Attribute1": "Attr1",
    "Attribute2": "Attr2",
    "Attribute3": "Attr3",
    "Transaction": 65
  },
  {
    "Index": 6417,
    "ObjectId": "Obj6417",
    "Attribute1": "Attr1",
    "Attribute2": "Attr2",
    "Attribute3": "Attr3",
    "Transaction": 65
  },
  {
    "Index": 6418,
    "ObjectId": "Obj6418",
    "Attribute1": "Attr1",
    "Attribute2": "Attr2",
    "Attribute3": "Attr3",
    "Transaction": 65
  },
  {
    "Index": 6419,
    "ObjectId": "Obj6419",
    "Attribute1": "Attr1",
    "Attribute2": "Attr2",
    "Attribute3": "Attr3",
    "Transaction": 65
  },
  {
    "Index": 6420,
    "ObjectId": "Obj6420",
    "Attribute1": "Attr1",
    "Attribute2": "Attr2",
    "Attribute3": "Attr3",
    "Transaction": 65
  },
  {
    "Index": 6421,
    "ObjectId": "Obj6421",
    "Attribute1": "Attr1",
    "Attribute2": "Attr2",
    "Attribute3": "Attr3",
    "Transaction": 65
  },
  {
    "Index": 6422,
    "ObjectId": "Obj6422",
    "Attribute1": "Attr1",
    "Attribute2": "Attr2",
    "Attribute3": "Attr3",
    "Transaction": 65
  },
  {
    "Index": 6423,
    "ObjectId": "Obj6423",
    "Attribute1": "Attr1",
    "Attribute2": "Attr2",
    "Attribute3": "Attr3",
    "Transaction": 65
  },
  {
    "Index": 6424,
    "ObjectId": "Obj6424",
    "Attribute1": "Attr1",
    "Attribute2": "Attr2",
    "Attribute3": "Attr3",
    "Transaction": 65
  },
  {
    "Index": 6425,
    "ObjectId": "Obj6425",
    "Attribute1": "Attr1",
    "Attribute2": "Attr2",
    "Attribute3": "Attr3",
    "Transaction": 65
  },
  {
    "Index": 6426,
    "ObjectId": "Obj6426",
    "Attribute1": "Attr1",
    "Attribute2": "Attr2",
    "Attribute3": "Attr3",
    "Transaction": 65
  },
  {
    "Index": 6427,
    "ObjectId": "Obj6427",
    "Attribute1": "Attr1",
    "Attribute2": "Attr2",
    "Attribute3": "Attr3",
    "Transaction": 65
  },
  {
    "Index": 6428,
    "ObjectId": "Obj6428",
    "Attribute1": "Attr1",
    "Attribute2": "Attr2",
    "Attribute3": "Attr3",
    "Transaction": 65
  },
  {
    "Index": 6429,
    "ObjectId": "Obj6429",
    "Attribute1": "Attr1",
    "Attribute2": "Attr2",
    "Attribute3": "Attr3",
    "Transaction": 65
  },
  {
    "Index": 6430,
    "ObjectId": "Obj6430",
    "Attribute1": "Attr1",
    "Attribute2": "Attr2",
    "Attribute3": "Attr3",
    "Transaction": 65
  },
  {
    "Index": 6431,
    "ObjectId": "Obj6431",
    "Attribute1": "Attr1",
    "Attribute2": "Attr2",
    "Attribute3": "Attr3",
    "Transaction": 65
  },
  {
    "Index": 6432,
    "ObjectId": "Obj6432",
    "Attribute1": "Attr1",
    "Attribute2": "Attr2",
    "Attribute3": "Attr3",
    "Transaction": 65
  },
  {
    "Index": 6433,
    "ObjectId": "Obj6433",
    "Attribute1": "Attr1",
    "Attribute2": "Attr2",
    "Attribute3": "Attr3",
    "Transaction": 65
  },
  {
    "Index": 6434,
    "ObjectId": "Obj6434",
    "Attribute1": "Attr1",
    "Attribute2": "Attr2",
    "Attribute3": "Attr3",
    "Transaction": 65
  },
  {
    "Index": 6435,
    "ObjectId": "Obj6435",
    "Attribute1": "Attr1",
    "Attribute2": "Attr2",
    "Attribute3": "Attr3",
    "Transaction": 65
  },
  {
    "Index": 6436,
    "ObjectId": "Obj6436",
    "Attribute1": "Attr1",
    "Attribute2": "Attr2",
    "Attribute3": "Attr3",
    "Transaction": 65
  },
  {
    "Index": 6437,
    "ObjectId": "Obj6437",
    "Attribute1": "Attr1",
    "Attribute2": "Attr2",
    "Attribute3": "Attr3",
    "Transaction": 65
  },
  {
    "Index": 6438,
    "ObjectId": "Obj6438",
    "Attribute1": "Attr1",
    "Attribute2": "Attr2",
    "Attribute3": "Attr3",
    "Transaction": 65
  },
  {
    "Index": 6439,
    "ObjectId": "Obj6439",
    "Attribute1": "Attr1",
    "Attribute2": "Attr2",
    "Attribute3": "Attr3",
    "Transaction": 65
  },
  {
    "Index": 6440,
    "ObjectId": "Obj6440",
    "Attribute1": "Attr1",
    "Attribute2": "Attr2",
    "Attribute3": "Attr3",
    "Transaction": 65
  },
  {
    "Index": 6441,
    "ObjectId": "Obj6441",
    "Attribute1": "Attr1",
    "Attribute2": "Attr2",
    "Attribute3": "Attr3",
    "Transaction": 65
  },
  {
    "Index": 6442,
    "ObjectId": "Obj6442",
    "Attribute1": "Attr1",
    "Attribute2": "Attr2",
    "Attribute3": "Attr3",
    "Transaction": 65
  },
  {
    "Index": 6443,
    "ObjectId": "Obj6443",
    "Attribute1": "Attr1",
    "Attribute2": "Attr2",
    "Attribute3": "Attr3",
    "Transaction": 65
  },
  {
    "Index": 6444,
    "ObjectId": "Obj6444",
    "Attribute1": "Attr1",
    "Attribute2": "Attr2",
    "Attribute3": "Attr3",
    "Transaction": 65
  },
  {
    "Index": 6445,
    "ObjectId": "Obj6445",
    "Attribute1": "Attr1",
    "Attribute2": "Attr2",
    "Attribute3": "Attr3",
    "Transaction": 65
  },
  {
    "Index": 6446,
    "ObjectId": "Obj6446",
    "Attribute1": "Attr1",
    "Attribute2": "Attr2",
    "Attribute3": "Attr3",
    "Transaction": 65
  },
  {
    "Index": 6447,
    "ObjectId": "Obj6447",
    "Attribute1": "Attr1",
    "Attribute2": "Attr2",
    "Attribute3": "Attr3",
    "Transaction": 65
  },
  {
    "Index": 6448,
    "ObjectId": "Obj6448",
    "Attribute1": "Attr1",
    "Attribute2": "Attr2",
    "Attribute3": "Attr3",
    "Transaction": 65
  },
  {
    "Index": 6449,
    "ObjectId": "Obj6449",
    "Attribute1": "Attr1",
    "Attribute2": "Attr2",
    "Attribute3": "Attr3",
    "Transaction": 65
  },
  {
    "Index": 6450,
    "ObjectId": "Obj6450",
    "Attribute1": "Attr1",
    "Attribute2": "Attr2",
    "Attribute3": "Attr3",
    "Transaction": 65
  },
  {
    "Index": 6451,
    "ObjectId": "Obj6451",
    "Attribute1": "Attr1",
    "Attribute2": "Attr2",
    "Attribute3": "Attr3",
    "Transaction": 65
  },
  {
    "Index": 6452,
    "ObjectId": "Obj6452",
    "Attribute1": "Attr1",
    "Attribute2": "Attr2",
    "Attribute3": "Attr3",
    "Transaction": 65
  },
  {
    "Index": 6453,
    "ObjectId": "Obj6453",
    "Attribute1": "Attr1",
    "Attribute2": "Attr2",
    "Attribute3": "Attr3",
    "Transaction": 65
  },
  {
    "Index": 6454,
    "ObjectId": "Obj6454",
    "Attribute1": "Attr1",
    "Attribute2": "Attr2",
    "Attribute3": "Attr3",
    "Transaction": 65
  },
  {
    "Index": 6455,
    "ObjectId": "Obj6455",
    "Attribute1": "Attr1",
    "Attribute2": "Attr2",
    "Attribute3": "Attr3",
    "Transaction": 65
  },
  {
    "Index": 6456,
    "ObjectId": "Obj6456",
    "Attribute1": "Attr1",
    "Attribute2": "Attr2",
    "Attribute3": "Attr3",
    "Transaction": 65
  },
  {
    "Index": 6457,
    "ObjectId": "Obj6457",
    "Attribute1": "Attr1",
    "Attribute2": "Attr2",
    "Attribute3": "Attr3",
    "Transaction": 65
  },
  {
    "Index": 6458,
    "ObjectId": "Obj6458",
    "Attribute1": "Attr1",
    "Attribute2": "Attr2",
    "Attribute3": "Attr3",
    "Transaction": 65
  },
  {
    "Index": 6459,
    "ObjectId": "Obj6459",
    "Attribute1": "Attr1",
    "Attribute2": "Attr2",
    "Attribute3": "Attr3",
    "Transaction": 65
  },
  {
    "Index": 6460,
    "ObjectId": "Obj6460",
    "Attribute1": "Attr1",
    "Attribute2": "Attr2",
    "Attribute3": "Attr3",
    "Transaction": 65
  },
  {
    "Index": 6461,
    "ObjectId": "Obj6461",
    "Attribute1": "Attr1",
    "Attribute2": "Attr2",
    "Attribute3": "Attr3",
    "Transaction": 65
  },
  {
    "Index": 6462,
    "ObjectId": "Obj6462",
    "Attribute1": "Attr1",
    "Attribute2": "Attr2",
    "Attribute3": "Attr3",
    "Transaction": 65
  },
  {
    "Index": 6463,
    "ObjectId": "Obj6463",
    "Attribute1": "Attr1",
    "Attribute2": "Attr2",
    "Attribute3": "Attr3",
    "Transaction": 65
  },
  {
    "Index": 6464,
    "ObjectId": "Obj6464",
    "Attribute1": "Attr1",
    "Attribute2": "Attr2",
    "Attribute3": "Attr3",
    "Transaction": 65
  },
  {
    "Index": 6465,
    "ObjectId": "Obj6465",
    "Attribute1": "Attr1",
    "Attribute2": "Attr2",
    "Attribute3": "Attr3",
    "Transaction": 65
  },
  {
    "Index": 6466,
    "ObjectId": "Obj6466",
    "Attribute1": "Attr1",
    "Attribute2": "Attr2",
    "Attribute3": "Attr3",
    "Transaction": 65
  },
  {
    "Index": 6467,
    "ObjectId": "Obj6467",
    "Attribute1": "Attr1",
    "Attribute2": "Attr2",
    "Attribute3": "Attr3",
    "Transaction": 65
  },
  {
    "Index": 6468,
    "ObjectId": "Obj6468",
    "Attribute1": "Attr1",
    "Attribute2": "Attr2",
    "Attribute3": "Attr3",
    "Transaction": 65
  },
  {
    "Index": 6469,
    "ObjectId": "Obj6469",
    "Attribute1": "Attr1",
    "Attribute2": "Attr2",
    "Attribute3": "Attr3",
    "Transaction": 65
  },
  {
    "Index": 6470,
    "ObjectId": "Obj6470",
    "Attribute1": "Attr1",
    "Attribute2": "Attr2",
    "Attribute3": "Attr3",
    "Transaction": 65
  },
  {
    "Index": 6471,
    "ObjectId": "Obj6471",
    "Attribute1": "Attr1",
    "Attribute2": "Attr2",
    "Attribute3": "Attr3",
    "Transaction": 65
  },
  {
    "Index": 6472,
    "ObjectId": "Obj6472",
    "Attribute1": "Attr1",
    "Attribute2": "Attr2",
    "Attribute3": "Attr3",
    "Transaction": 65
  },
  {
    "Index": 6473,
    "ObjectId": "Obj6473",
    "Attribute1": "Attr1",
    "Attribute2": "Attr2",
    "Attribute3": "Attr3",
    "Transaction": 65
  },
  {
    "Index": 6474,
    "ObjectId": "Obj6474",
    "Attribute1": "Attr1",
    "Attribute2": "Attr2",
    "Attribute3": "Attr3",
    "Transaction": 65
  },
  {
    "Index": 6475,
    "ObjectId": "Obj6475",
    "Attribute1": "Attr1",
    "Attribute2": "Attr2",
    "Attribute3": "Attr3",
    "Transaction": 65
  },
  {
    "Index": 6476,
    "ObjectId": "Obj6476",
    "Attribute1": "Attr1",
    "Attribute2": "Attr2",
    "Attribute3": "Attr3",
    "Transaction": 65
  },
  {
    "Index": 6477,
    "ObjectId": "Obj6477",
    "Attribute1": "Attr1",
    "Attribute2": "Attr2",
    "Attribute3": "Attr3",
    "Transaction": 65
  },
  {
    "Index": 6478,
    "ObjectId": "Obj6478",
    "Attribute1": "Attr1",
    "Attribute2": "Attr2",
    "Attribute3": "Attr3",
    "Transaction": 65
  },
  {
    "Index": 6479,
    "ObjectId": "Obj6479",
    "Attribute1": "Attr1",
    "Attribute2": "Attr2",
    "Attribute3": "Attr3",
    "Transaction": 65
  },
  {
    "Index": 6480,
    "ObjectId": "Obj6480",
    "Attribute1": "Attr1",
    "Attribute2": "Attr2",
    "Attribute3": "Attr3",
    "Transaction": 65
  },
  {
    "Index": 6481,
    "ObjectId": "Obj6481",
    "Attribute1": "Attr1",
    "Attribute2": "Attr2",
    "Attribute3": "Attr3",
    "Transaction": 65
  },
  {
    "Index": 6482,
    "ObjectId": "Obj6482",
    "Attribute1": "Attr1",
    "Attribute2": "Attr2",
    "Attribute3": "Attr3",
    "Transaction": 65
  },
  {
    "Index": 6483,
    "ObjectId": "Obj6483",
    "Attribute1": "Attr1",
    "Attribute2": "Attr2",
    "Attribute3": "Attr3",
    "Transaction": 65
  },
  {
    "Index": 6484,
    "ObjectId": "Obj6484",
    "Attribute1": "Attr1",
    "Attribute2": "Attr2",
    "Attribute3": "Attr3",
    "Transaction": 65
  },
  {
    "Index": 6485,
    "ObjectId": "Obj6485",
    "Attribute1": "Attr1",
    "Attribute2": "Attr2",
    "Attribute3": "Attr3",
    "Transaction": 65
  },
  {
    "Index": 6486,
    "ObjectId": "Obj6486",
    "Attribute1": "Attr1",
    "Attribute2": "Attr2",
    "Attribute3": "Attr3",
    "Transaction": 65
  },
  {
    "Index": 6487,
    "ObjectId": "Obj6487",
    "Attribute1": "Attr1",
    "Attribute2": "Attr2",
    "Attribute3": "Attr3",
    "Transaction": 65
  },
  {
    "Index": 6488,
    "ObjectId": "Obj6488",
    "Attribute1": "Attr1",
    "Attribute2": "Attr2",
    "Attribute3": "Attr3",
    "Transaction": 65
  },
  {
    "Index": 6489,
    "ObjectId": "Obj6489",
    "Attribute1": "Attr1",
    "Attribute2": "Attr2",
    "Attribute3": "Attr3",
    "Transaction": 65
  },
  {
    "Index": 6490,
    "ObjectId": "Obj6490",
    "Attribute1": "Attr1",
    "Attribute2": "Attr2",
    "Attribute3": "Attr3",
    "Transaction": 65
  },
  {
    "Index": 6491,
    "ObjectId": "Obj6491",
    "Attribute1": "Attr1",
    "Attribute2": "Attr2",
    "Attribute3": "Attr3",
    "Transaction": 65
  },
  {
    "Index": 6492,
    "ObjectId": "Obj6492",
    "Attribute1": "Attr1",
    "Attribute2": "Attr2",
    "Attribute3": "Attr3",
    "Transaction": 65
  },
  {
    "Index": 6493,
    "ObjectId": "Obj6493",
    "Attribute1": "Attr1",
    "Attribute2": "Attr2",
    "Attribute3": "Attr3",
    "Transaction": 65
  },
  {
    "Index": 6494,
    "ObjectId": "Obj6494",
    "Attribute1": "Attr1",
    "Attribute2": "Attr2",
    "Attribute3": "Attr3",
    "Transaction": 65
  },
  {
    "Index": 6495,
    "ObjectId": "Obj6495",
    "Attribute1": "Attr1",
    "Attribute2": "Attr2",
    "Attribute3": "Attr3",
    "Transaction": 65
  },
  {
    "Index": 6496,
    "ObjectId": "Obj6496",
    "Attribute1": "Attr1",
    "Attribute2": "Attr2",
    "Attribute3": "Attr3",
    "Transaction": 65
  },
  {
    "Index": 6497,
    "ObjectId": "Obj6497",
    "Attribute1": "Attr1",
    "Attribute2": "Attr2",
    "Attribute3": "Attr3",
    "Transaction": 65
  },
  {
    "Index": 6498,
    "ObjectId": "Obj6498",
    "Attribute1": "Attr1",
    "Attribute2": "Attr2",
    "Attribute3": "Attr3",
    "Transaction": 65
  },
  {
    "Index": 6499,
    "ObjectId": "Obj6499",
    "Attribute1": "Attr1",
    "Attribute2": "Attr2",
    "Attribute3": "Attr3",
    "Transaction": 65
  },
  {
    "Index": 6500,
    "ObjectId": "Obj6500",
    "Attribute1": "Attr1",
    "Attribute2": "Attr2",
    "Attribute3": "Attr3",
    "Transaction": 65
  }
]