[
  {
    "Index": 4401,
    "ObjectId": "Obj4401",
    "Attribute1": "Attr1",
    "Attribute2": "Attr2",
    "Attribute3": "Attr3",
    "Transaction": 45
  },
  {
    "Index": 4402,
    "ObjectId": "Obj4402",
    "Attribute1": "Attr1",
    "Attribute2": "Attr2",
    "Attribute3": "Attr3",
    "Transaction": 45
  },
  {
    "Index": 4403,
    "ObjectId": "Obj4403",
    "Attribute1": "Attr1",
    "Attribute2": "Attr2",
    "Attribute3": "Attr3",
    "Transaction": 45
  },
  {
    "Index": 4404,
    "ObjectId": "Obj4404",
    "Attribute1": "Attr1",
    "Attribute2": "Attr2",
    "Attribute3": "Attr3",
    "Transaction": 45
  },
  {
    "Index": 4405,
    "ObjectId": "Obj4405",
    "Attribute1": "Attr1",
    "Attribute2": "Attr2",
    "Attribute3": "Attr3",
    "Transaction": 45
  },
  {
    "Index": 4406,
    "ObjectId": "Obj4406",
    "Attribute1": "Attr1",
    "Attribute2": "Attr2",
    "Attribute3": "Attr3",
    "Transaction": 45
  },
  {
    "Index": 4407,
    "ObjectId": "Obj4407",
    "Attribute1": "Attr1",
    "Attribute2": "Attr2",
    "Attribute3": "Attr3",
    "Transaction": 45
  },
  {
    "Index": 4408,
    "ObjectId": "Obj4408",
    "Attribute1": "Attr1",
    "Attribute2": "Attr2",
    "Attribute3": "Attr3",
    "Transaction": 45
  },
  {
    "Index": 4409,
    "ObjectId": "Obj4409",
    "Attribute1": "Attr1",
    "Attribute2": "Attr2",
    "Attribute3": "Attr3",
    "Transaction": 45
  },
  {
    "Index": 4410,
    "ObjectId": "Obj4410",
    "Attribute1": "Attr1",
    "Attribute2": "Attr2",
    "Attribute3": "Attr3",
    "Transaction": 45
  },
  {
    "Index": 4411,
    "ObjectId": "Obj4411",
    "Attribute1": "Attr1",
    "Attribute2": "Attr2",
    "Attribute3": "Attr3",
    "Transaction": 45
  },
  {
    "Index": 4412,
    "ObjectId": "Obj4412",
    "Attribute1": "Attr1",
    "Attribute2": "Attr2",
    "Attribute3": "Attr3",
    "Transaction": 45
  },
  {
    "Index": 4413,
    "ObjectId": "Obj4413",
    "Attribute1": "Attr1",
    "Attribute2": "Attr2",
    "Attribute3": "Attr3",
    "Transaction": 45
  },
  {
    "Index": 4414,
    "ObjectId": "Obj4414",
    "Attribute1": "Attr1",
    "Attribute2": "Attr2",
    "Attribute3": "Attr3",
    "Transaction": 45
  },
  {
    "Index": 4415,
    "ObjectId": "Obj4415",
    "Attribute1": "Attr1",
    "Attribute2": "Attr2",
    "Attribute3": "Attr3",
    "Transaction": 45
  },
  {
    "Index": 4416,
    "ObjectId": "Obj4416",
    "Attribute1": "Attr1",
    "Attribute2": "Attr2",
    "Attribute3": "Attr3",
    "Transaction": 45
  },
  {
    "Index": 4417,
    "ObjectId": "Obj4417",
    "Attribute1": "Attr1",
    "Attribute2": "Attr2",
    "Attribute3": "Attr3",
    "Transaction": 45
  },
  {
    "Index": 4418,
    "ObjectId": "Obj4418",
    "Attribute1": "Attr1",
    "Attribute2": "Attr2",
    "Attribute3": "Attr3",
    "Transaction": 45
  },
  {
    "Index": 4419,
    "ObjectId": "Obj4419",
    "Attribute1": "Attr1",
    "Attribute2": "Attr2",
    "Attribute3": "Attr3",
    "Transaction": 45
  },
  {
    "Index": 4420,
    "ObjectId": "Obj4420",
    "Attribute1": "Attr1",
    "Attribute2": "Attr2",
    "Attribute3": "Attr3",
    "Transaction": 45
  },
  {
    "Index": 4421,
    "ObjectId": "Obj4421",
    "Attribute1": "Attr1",
    "Attribute2": "Attr2",
    "Attribute3": "Attr3",
    "Transaction": 45
  },
  {
    "Index": 4422,
    "ObjectId": "Obj4422",
    "Attribute1": "Attr1",
    "Attribute2": "Attr2",
    "Attribute3": "Attr3",
    "Transaction": 45
  },
  {
    "Index": 4423,
    "ObjectId": "Obj4423",
    "Attribute1": "Attr1",
    "Attribute2": "Attr2",
    "Attribute3": "Attr3",
    "Transaction": 45
  },
  {
    "Index": 4424,
    "ObjectId": "Obj4424",
    "Attribute1": "Attr1",
    "Attribute2": "Attr2",
    "Attribute3": "Attr3",
    "Transaction": 45
  },
  {
    "Index": 4425,
    "ObjectId": "Obj4425",
    "Attribute1": "Attr1",
    "Attribute2": "Attr2",
    "Attribute3": "Attr3",
    "Transaction": 45
  },
  {
    "Index": 4426,
    "ObjectId": "Obj4426",
    "Attribute1": "Attr1",
    "Attribute2": "Attr2",
    "Attribute3": "Attr3",
    "Transaction": 45
  },
  {
    "Index": 4427,
    "ObjectId": "Obj4427",
    "Attribute1": "Attr1",
    "Attribute2": "Attr2",
    "Attribute3": "Attr3",
    "Transaction": 45
  },
  {
    "Index": 4428,
    "ObjectId": "Obj4428",
    "Attribute1": "Attr1",
    "Attribute2": "Attr2",
    "Attribute3": "Attr3",
    "Transaction": 45
  },
  {
    "Index": 4429,
    "ObjectId": "Obj4429",
    "Attribute1": "Attr1",
    "Attribute2": "Attr2",
    "Attribute3": "Attr3",
    "Transaction": 45
  },
  {
    "Index": 4430,
    "ObjectId": "Obj4430",
    "Attribute1": "Attr1",
    "Attribute2": "Attr2",
    "Attribute3": "Attr3",
    "Transaction": 45
  },
  {
    "Index": 4431,
    "ObjectId": "Obj4431",
    "Attribute1": "Attr1",
    "Attribute2": "Attr2",
    "Attribute3": "Attr3",
    "Transaction": 45
  },
  {
    "Index": 4432,
    "ObjectId": "Obj4432",
    "Attribute1": "Attr1",
    "Attribute2": "Attr2",
    "Attribute3": "Attr3",
    "Transaction": 45
  },
  {
    "Index": 4433,
    "ObjectId": "Obj4433",
    "Attribute1": "Attr1",
    "Attribute2": "Attr2",
    "Attribute3": "Attr3",
    "Transaction": 45
  },
  {
    "Index": 4434,
    "ObjectId": "Obj4434",
    "Attribute1": "Attr1",
    "Attribute2": "Attr2",
    "Attribute3": "Attr3",
    "Transaction": 45
  },
  {
    "Index": 4435,
    "ObjectId": "Obj4435",
    "Attribute1": "Attr1",
    "Attribute2": "Attr2",
    "Attribute3": "Attr3",
    "Transaction": 45
  },
  {
    "Index": 4436,
    "ObjectId": "Obj4436",
    "Attribute1": "Attr1",
    "Attribute2": "Attr2",
    "Attribute3": "Attr3",
    "Transaction": 45
  },
  {
    "Index": 4437,
    "ObjectId": "Obj4437",
    "Attribute1": "Attr1",
    "Attribute2": "Attr2",
    "Attribute3": "Attr3",
    "Transaction": 45
  },
  {
    "Index": 4438,
    "ObjectId": "Obj4438",
    "Attribute1": "Attr1",
    "Attribute2": "Attr2",
    "Attribute3": "Attr3",
    "Transaction": 45
  },
  {
    "Index": 4439,
    "ObjectId": "Obj4439",
    "Attribute1": "Attr1",
    "Attribute2": "Attr2",
    "Attribute3": "Attr3",
    "Transaction": 45
  },
  {
    "Index": 4440,
    "ObjectId": "Obj4440",
    "Attribute1": "Attr1",
    "Attribute2": "Attr2",
    "Attribute3": "Attr3",
    "Transaction": 45
  },
  {
    "Index": 4441,
    "ObjectId": "Obj4441",
    "Attribute1": "Attr1",
    "Attribute2": "Attr2",
    "Attribute3": "Attr3",
    "Transaction": 45
  },
  {
    "Index": 4442,
    "ObjectId": "Obj4442",
    "Attribute1": "Attr1",
    "Attribute2": "Attr2",
    "Attribute3": "Attr3",
    "Transaction": 45
  },
  {
    "Index": 4443,
    "ObjectId": "Obj4443",
    "Attribute1": "Attr1",
    "Attribute2": "Attr2",
    "Attribute3": "Attr3",
    "Transaction": 45
  },
  {
    "Index": 4444,
    "ObjectId": "Obj4444",
    "Attribute1": "Attr1",
    "Attribute2": "Attr2",
    "Attribute3": "Attr3",
    "Transaction": 45
  },
  {
    "Index": 4445,
    "ObjectId": "Obj4445",
    "Attribute1": "Attr1",
    "Attribute2": "Attr2",
    "Attribute3": "Attr3",
    "Transaction": 45
  },
  {
    "Index": 4446,
    "ObjectId": "Obj4446",
    "Attribute1": "Attr1",
    "Attribute2": "Attr2",
    "Attribute3": "Attr3",
    "Transaction": 45
  },
  {
    "Index": 4447,
    "ObjectId": "Obj4447",
    "Attribute1": "Attr1",
    "Attribute2": "Attr2",
    "Attribute3": "Attr3",
    "Transaction": 45
  },
  {
    "Index": 4448,
    "ObjectId": "Obj4448",
    "Attribute1": "Attr1",
    "Attribute2": "Attr2",
    "Attribute3": "Attr3",
    "Transaction": 45
  },
  {
    "Index": 4449,
    "ObjectId": "Obj4449",
    "Attribute1": "Attr1",
    "Attribute2": "Attr2",
    "Attribute3": "Attr3",
    "Transaction": 45
  },
  {
    "Index": 4450,
    "ObjectId": "Obj4450",
    "Attribute1": "Attr1",
    "Attribute2": "Attr2",
    "Attribute3": "Attr3",
    "Transaction": 45
  },
  {
    "Index": 4451,
    "ObjectId": "Obj4451",
    "Attribute1": "Attr1",
    "Attribute2": "Attr2",
    "Attribute3": "Attr3",
    "Transaction": 45
  },
  {
    "Index": 4452,
    "ObjectId": "Obj4452",
    "Attribute1": "Attr1",
    "Attribute2": "Attr2",
    "Attribute3": "Attr3",
    "Transaction": 45
  },
  {
    "Index": 4453,
    "ObjectId": "Obj4453",
    "Attribute1": "Attr1",
    "Attribute2": "Attr2",
    "Attribute3": "Attr3",
    "Transaction": 45
  },
  {
    "Index": 4454,
    "ObjectId": "Obj4454",
    "Attribute1": "Attr1",
    "Attribute2": "Attr2",
    "Attribute3": "Attr3",
    "Transaction": 45
  },
  {
    "Index": 4455,
    "ObjectId": "Obj4455",
    "Attribute1": "Attr1",
    "Attribute2": "Attr2",
    "Attribute3": "Attr3",
    "Transaction": 45
  },
  {
    "Index": 4456,
    "ObjectId": "Obj4456",
    "Attribute1": "Attr1",
    "Attribute2": "Attr2",
    "Attribute3": "Attr3",
    "Transaction": 45
  },
  {
    "Index": 4457,
    "ObjectId": "Obj4457",
    "Attribute1": "Attr1",
    "Attribute2": "Attr2",
    "Attribute3": "Attr3",
    "Transaction": 45
  },
  {
    "Index": 4458,
    "ObjectId": "Obj4458",
    "Attribute1": "Attr1",
    "Attribute2": "Attr2",
    "Attribute3": "Attr3",
    "Transaction": 45
  },
  {
    "Index": 4459,
    "ObjectId": "Obj4459",
    "Attribute1": "Attr1",
    "Attribute2": "Attr2",
    "Attribute3": "Attr3",
    "Transaction": 45
  },
  {
    "Index": 4460,
    "ObjectId": "Obj4460",
    "Attribute1": "Attr1",
    "Attribute2": "Attr2",
    "Attribute3": "Attr3",
    "Transaction": 45
  },
  {
    "Index": 4461,
    "ObjectId": "Obj4461",
    "Attribute1": "Attr1",
    "Attribute2": "Attr2",
    "Attribute3": "Attr3",
    "Transaction": 45
  },
  {
    "Index": 4462,
    "ObjectId": "Obj4462",
    "Attribute1": "Attr1",
    "Attribute2": "Attr2",
    "Attribute3": "Attr3",
    "Transaction": 45
  },
  {
    "Index": 4463,
    "ObjectId": "Obj4463",
    "Attribute1": "Attr1",
    "Attribute2": "Attr2",
    "Attribute3": "Attr3",
    "Transaction": 45
  },
  {
    "Index": 4464,
    "ObjectId": "Obj4464",
    "Attribute1": "Attr1",
    "Attribute2": "Attr2",
    "Attribute3": "Attr3",
    "Transaction": 45
  },
  {
    "Index": 4465,
    "ObjectId": "Obj4465",
    "Attribute1": "Attr1",
    "Attribute2": "Attr2",
    "Attribute3": "Attr3",
    "Transaction": 45
  },
  {
    "Index": 4466,
    "ObjectId": "Obj4466",
    "Attribute1": "Attr1",
    "Attribute2": "Attr2",
    "Attribute3": "Attr3",
    "Transaction": 45
  },
  {
    "Index": 4467,
    "ObjectId": "Obj4467",
    "Attribute1": "Attr1",
    "Attribute2": "Attr2",
    "Attribute3": "Attr3",
    "Transaction": 45
  },
  {
    "Index": 4468,
    "ObjectId": "Obj4468",
    "Attribute1": "Attr1",
    "Attribute2": "Attr2",
    "Attribute3": "Attr3",
    "Transaction": 45
  },
  {
    "Index": 4469,
    "ObjectId": "Obj4469",
    "Attribute1": "Attr1",
    "Attribute2": "Attr2",
    "Attribute3": "Attr3",
    "Transaction": 45
  },
  {
    "Index": 4470,
    "ObjectId": "Obj4470",
    "Attribute1": "Attr1",
    "Attribute2": "Attr2",
    "Attribute3": "Attr3",
    "Transaction": 45
  },
  {
    "Index": 4471,
    "ObjectId": "Obj4471",
    "Attribute1": "Attr1",
    "Attribute2": "Attr2",
    "Attribute3": "Attr3",
    "Transaction": 45
  },
  {
    "Index": 4472,
    "ObjectId": "Obj4472",
    "Attribute1": "Attr1",
    "Attribute2": "Attr2",
    "Attribute3": "Attr3",
    "Transaction": 45
  },
  {
    "Index": 4473,
    "ObjectId": "Obj4473",
    "Attribute1": "Attr1",
    "Attribute2": "Attr2",
    "Attribute3": "Attr3",
    "Transaction": 45
  },
  {
    "Index": 4474,
    "ObjectId": "Obj4474",
    "Attribute1": "Attr1",
    "Attribute2": "Attr2",
    "Attribute3": "Attr3",
    "Transaction": 45
  },
  {
    "Index": 4475,
    "ObjectId": "Obj4475",
    "Attribute1": "Attr1",
    "Attribute2": "Attr2",
    "Attribute3": "Attr3",
    "Transaction": 45
  },
  {
    "Index": 4476,
    "ObjectId": "Obj4476",
    "Attribute1": "Attr1",
    "Attribute2": "Attr2",
    "Attribute3": "Attr3",
    "Transaction": 45
  },
  {
    "Index": 4477,
    "ObjectId": "Obj4477",
    "Attribute1": "Attr1",
    "Attribute2": "Attr2",
    "Attribute3": "Attr3",
    "Transaction": 45
  },
  {
    "Index": 4478,
    "ObjectId": "Obj4478",
    "Attribute1": "Attr1",
    "Attribute2": "Attr2",
    "Attribute3": "Attr3",
    "Transaction": 45
  },
  {
    "Index": 4479,
    "ObjectId": "Obj4479",
    "Attribute1": "Attr1",
    "Attribute2": "Attr2",
    "Attribute3": "Attr3",
    "Transaction": 45
  },
  {
    "Index": 4480,
    "ObjectId": "Obj4480",
    "Attribute1": "Attr1",
    "Attribute2": "Attr2",
    "Attribute3": "Attr3",
    "Transaction": 45
  },
  {
    "Index": 4481,
    "ObjectId": "Obj4481",
    "Attribute1": "Attr1",
    "Attribute2": "Attr2",
    "Attribute3": "Attr3",
    "Transaction": 45
  },
  {
    "Index": 4482,
    "ObjectId": "Obj4482",
    "Attribute1": "Attr1",
    "Attribute2": "Attr2",
    "Attribute3": "Attr3",
    "Transaction": 45
  },
  {
    "Index": 4483,
    "ObjectId": "Obj4483",
    "Attribute1": "Attr1",
    "Attribute2": "Attr2",
    "Attribute3": "Attr3",
    "Transaction": 45
  },
  {
    "Index": 4484,
    "ObjectId": "Obj4484",
    "Attribute1": "Attr1",
    "Attribute2": "Attr2",
    "Attribute3": "Attr3",
    "Transaction": 45
  },
  {
    "Index": 4485,
    "ObjectId": "Obj4485",
    "Attribute1": "Attr1",
    "Attribute2": "Attr2",
    "Attribute3": "Attr3",
    "Transaction": 45
  },
  {
    "Index": 4486,
    "ObjectId": "Obj4486",
    "Attribute1": "Attr1",
    "Attribute2": "Attr2",
    "Attribute3": "Attr3",
    "Transaction": 45
  },
  {
    "Index": 4487,
    "ObjectId": "Obj4487",
    "Attribute1": "Attr1",
    "Attribute2": "Attr2",
    "Attribute3": "Attr3",
    "Transaction": 45
  },
  {
    "Index": 4488,
    "ObjectId": "Obj4488",
    "Attribute1": "Attr1",
    "Attribute2": "Attr2",
    "Attribute3": "Attr3",
    "Transaction": 45
  },
  {
    "Index": 4489,
    "ObjectId": "Obj4489",
    "Attribute1": "Attr1",
    "Attribute2": "Attr2",
    "Attribute3": "Attr3",
    "Transaction": 45
  },
  {
    "Index": 4490,
    "ObjectId": "Obj4490",
    "Attribute1": "Attr1",
    "Attribute2": "Attr2",
    "Attribute3": "Attr3",
    "Transaction": 45
  },
  {
    "Index": 4491,
    "ObjectId": "Obj4491",
    "Attribute1": "Attr1",
    "Attribute2": "Attr2",
    "Attribute3": "Attr3",
    "Transaction": 45
  },
  {
    "Index": 4492,
    "ObjectId": "Obj4492",
    "Attribute1": "Attr1",
    "Attribute2": "Attr2",
    "Attribute3": "Attr3",
    "Transaction": 45
  },
  {
    "Index": 4493,
    "ObjectId": "Obj4493",
    "Attribute1": "Attr1",
    "Attribute2": "Attr2",
    "Attribute3": "Attr3",
    "Transaction": 45
  },
  {
    "Index": 4494,
    "ObjectId": "Obj4494",
    "Attribute1": "Attr1",
    "Attribute2": "Attr2",
    "Attribute3": "Attr3",
    "Transaction": 45
  },
  {
    "Index": 4495,
    "ObjectId": "Obj4495",
    "Attribute1": "Attr1",
    "Attribute2": "Attr2",
    "Attribute3": "Attr3",
    "Transaction": 45
  },
  {
    "Index": 4496,
    "ObjectId": "Obj4496",
    "Attribute1": "Attr1",
    "Attribute2": "Attr2",
    "Attribute3": "Attr3",
    "Transaction": 45
  },
  {
    "Index": 4497,
    "ObjectId": "Obj4497",
    "Attribute1": "Attr1",
    "Attribute2": "Attr2",
    "Attribute3": "Attr3",
    "Transaction": 45
  },
  {
    "Index": 4498,
    "ObjectId": "Obj4498",
    "Attribute1": "Attr1",
    "Attribute2": "Attr2",
    "Attribute3": "Attr3",
    "Transaction": 45
  },
  {
    "Index": 4499,
    "ObjectId": "Obj4499",
    "Attribute1": "Attr1",
    "Attribute2": "Attr2",
    "Attribute3": "Attr3",
    "Transaction": 45
  },
  {
    "Index": 4500,
    "ObjectId": "Obj4500",
    "Attribute1": "Attr1",
    "Attribute2": "Attr2",
    "Attribute3": "Attr3",
    "Transaction": 45
  }
]