[
  {
    "Index": 101,
    "ObjectId": "Obj101",
    "Attribute1": "Attr1",
    "Attribute2": "Attr2",
    "Attribute3": "Attr3",
    "Transaction": 2
  },
  {
    "Index": 102,
    "ObjectId": "Obj102",
    "Attribute1": "Attr1",
    "Attribute2": "Attr2",
    "Attribute3": "Attr3",
    "Transaction": 2
  },
  {
    "Index": 103,
    "ObjectId": "Obj103",
    "Attribute1": "Attr1",
    "Attribute2": "Attr2",
    "Attribute3": "Attr3",
    "Transaction": 2
  },
  {
    "Index": 104,
    "ObjectId": "Obj104",
    "Attribute1": "Attr1",
    "Attribute2": "Attr2",
    "Attribute3": "Attr3",
    "Transaction": 2
  },
  {
    "Index": 105,
    "ObjectId": "Obj105",
    "Attribute1": "Attr1",
    "Attribute2": "Attr2",
    "Attribute3": "Attr3",
    "Transaction": 2
  },
  {
    "Index": 106,
    "ObjectId": "Obj106",
    "Attribute1": "Attr1",
    "Attribute2": "Attr2",
    "Attribute3": "Attr3",
    "Transaction": 2
  },
  {
    "Index": 107,
    "ObjectId": "Obj107",
    "Attribute1": "Attr1",
    "Attribute2": "Attr2",
    "Attribute3": "Attr3",
    "Transaction": 2
  },
  {
    "Index": 108,
    "ObjectId": "Obj108",
    "Attribute1": "Attr1",
    "Attribute2": "Attr2",
    "Attribute3": "Attr3",
    "Transaction": 2
  },
  {
    "Index": 109,
    "ObjectId": "Obj109",
    "Attribute1": "Attr1",
    "Attribute2": "Attr2",
    "Attribute3": "Attr3",
    "Transaction": 2
  },
  {
    "Index": 110,
    "ObjectId": "Obj110",
    "Attribute1": "Attr1",
    "Attribute2": "Attr2",
    "Attribute3": "Attr3",
    "Transaction": 2
  },
  {
    "Index": 111,
    "ObjectId": "Obj111",
    "Attribute1": "Attr1",
    "Attribute2": "Attr2",
    "Attribute3": "Attr3",
    "Transaction": 2
  },
  {
    "Index": 112,
    "ObjectId": "Obj112",
    "Attribute1": "Attr1",
    "Attribute2": "Attr2",
    "Attribute3": "Attr3",
    "Transaction": 2
  },
  {
    "Index": 113,
    "ObjectId": "Obj113",
    "Attribute1": "Attr1",
    "Attribute2": "Attr2",
    "Attribute3": "Attr3",
    "Transaction": 2
  },
  {
    "Index": 114,
    "ObjectId": "Obj114",
    "Attribute1": "Attr1",
    "Attribute2": "Attr2",
    "Attribute3": "Attr3",
    "Transaction": 2
  },
  {
    "Index": 115,
    "ObjectId": "Obj115",
    "Attribute1": "Attr1",
    "Attribute2": "Attr2",
    "Attribute3": "Attr3",
    "Transaction": 2
  },
  {
    "Index": 116,
    "ObjectId": "Obj116",
    "Attribute1": "Attr1",
    "Attribute2": "Attr2",
    "Attribute3": "Attr3",
    "Transaction": 2
  },
  {
    "Index": 117,
    "ObjectId": "Obj117",
    "Attribute1": "Attr1",
    "Attribute2": "Attr2",
    "Attribute3": "Attr3",
    "Transaction": 2
  },
  {
    "Index": 118,
    "ObjectId": "Obj118",
    "Attribute1": "Attr1",
    "Attribute2": "Attr2",
    "Attribute3": "Attr3",
    "Transaction": 2
  },
  {
    "Index": 119,
    "ObjectId": "Obj119",
    "Attribute1": "Attr1",
    "Attribute2": "Attr2",
    "Attribute3": "Attr3",
    "Transaction": 2
  },
  {
    "Index": 120,
    "ObjectId": "Obj120",
    "Attribute1": "Attr1",
    "Attribute2": "Attr2",
    "Attribute3": "Attr3",
    "Transaction": 2
  },
  {
    "Index": 121,
    "ObjectId": "Obj121",
    "Attribute1": "Attr1",
    "Attribute2": "Attr2",
    "Attribute3": "Attr3",
    "Transaction": 2
  },
  {
    "Index": 122,
    "ObjectId": "Obj122",
    "Attribute1": "Attr1",
    "Attribute2": "Attr2",
    "Attribute3": "Attr3",
    "Transaction": 2
  },
  {
    "Index": 123,
    "ObjectId": "Obj123",
    "Attribute1": "Attr1",
    "Attribute2": "Attr2",
    "Attribute3": "Attr3",
    "Transaction": 2
  },
  {
    "Index": 124,
    "ObjectId": "Obj124",
    "Attribute1": "Attr1",
    "Attribute2": "Attr2",
    "Attribute3": "Attr3",
    "Transaction": 2
  },
  {
    "Index": 125,
    "ObjectId": "Obj125",
    "Attribute1": "Attr1",
    "Attribute2": "Attr2",
    "Attribute3": "Attr3",
    "Transaction": 2
  },
  {
    "Index": 126,
    "ObjectId": "Obj126",
    "Attribute1": "Attr1",
    "Attribute2": "Attr2",
    "Attribute3": "Attr3",
    "Transaction": 2
  },
  {
    "Index": 127,
    "ObjectId": "Obj127",
    "Attribute1": "Attr1",
    "Attribute2": "Attr2",
    "Attribute3": "Attr3",
    "Transaction": 2
  },
  {
    "Index": 128,
    "ObjectId": "Obj128",
    "Attribute1": "Attr1",
    "Attribute2": "Attr2",
    "Attribute3": "Attr3",
    "Transaction": 2
  },
  {
    "Index": 129,
    "ObjectId": "Obj129",
    "Attribute1": "Attr1",
    "Attribute2": "Attr2",
    "Attribute3": "Attr3",
    "Transaction": 2
  },
  {
    "Index": 130,
    "ObjectId": "Obj130",
    "Attribute1": "Attr1",
    "Attribute2": "Attr2",
    "Attribute3": "Attr3",
    "Transaction": 2
  },
  {
    "Index": 131,
    "ObjectId": "Obj131",
    "Attribute1": "Attr1",
    "Attribute2": "Attr2",
    "Attribute3": "Attr3",
    "Transaction": 2
  },
  {
    "Index": 132,
    "ObjectId": "Obj132",
    "Attribute1": "Attr1",
    "Attribute2": "Attr2",
    "Attribute3": "Attr3",
    "Transaction": 2
  },
  {
    "Index": 133,
    "ObjectId": "Obj133",
    "Attribute1": "Attr1",
    "Attribute2": "Attr2",
    "Attribute3": "Attr3",
    "Transaction": 2
  },
  {
    "Index": 134,
    "ObjectId": "Obj134",
    "Attribute1": "Attr1",
    "Attribute2": "Attr2",
    "Attribute3": "Attr3",
    "Transaction": 2
  },
  {
    "Index": 135,
    "ObjectId": "Obj135",
    "Attribute1": "Attr1",
    "Attribute2": "Attr2",
    "Attribute3": "Attr3",
    "Transaction": 2
  },
  {
    "Index": 136,
    "ObjectId": "Obj136",
    "Attribute1": "Attr1",
    "Attribute2": "Attr2",
    "Attribute3": "Attr3",
    "Transaction": 2
  },
  {
    "Index": 137,
    "ObjectId": "Obj137",
    "Attribute1": "Attr1",
    "Attribute2": "Attr2",
    "Attribute3": "Attr3",
    "Transaction": 2
  },
  {
    "Index": 138,
    "ObjectId": "Obj138",
    "Attribute1": "Attr1",
    "Attribute2": "Attr2",
    "Attribute3": "Attr3",
    "Transaction": 2
  },
  {
    "Index": 139,
    "ObjectId": "Obj139",
    "Attribute1": "Attr1",
    "Attribute2": "Attr2",
    "Attribute3": "Attr3",
    "Transaction": 2
  },
  {
    "Index": 140,
    "ObjectId": "Obj140",
    "Attribute1": "Attr1",
    "Attribute2": "Attr2",
    "Attribute3": "Attr3",
    "Transaction": 2
  },
  {
    "Index": 141,
    "ObjectId": "Obj141",
    "Attribute1": "Attr1",
    "Attribute2": "Attr2",
    "Attribute3": "Attr3",
    "Transaction": 2
  },
  {
    "Index": 142,
    "ObjectId": "Obj142",
    "Attribute1": "Attr1",
    "Attribute2": "Attr2",
    "Attribute3": "Attr3",
    "Transaction": 2
  },
  {
    "Index": 143,
    "ObjectId": "Obj143",
    "Attribute1": "Attr1",
    "Attribute2": "Attr2",
    "Attribute3": "Attr3",
    "Transaction": 2
  },
  {
    "Index": 144,
    "ObjectId": "Obj144",
    "Attribute1": "Attr1",
    "Attribute2": "Attr2",
    "Attribute3": "Attr3",
    "Transaction": 2
  },
  {
    "Index": 145,
    "ObjectId": "Obj145",
    "Attribute1": "Attr1",
    "Attribute2": "Attr2",
    "Attribute3": "Attr3",
    "Transaction": 2
  },
  {
    "Index": 146,
    "ObjectId": "Obj146",
    "Attribute1": "Attr1",
    "Attribute2": "Attr2",
    "Attribute3": "Attr3",
    "Transaction": 2
  },
  {
    "Index": 147,
    "ObjectId": "Obj147",
    "Attribute1": "Attr1",
    "Attribute2": "Attr2",
    "Attribute3": "Attr3",
    "Transaction": 2
  },
  {
    "Index": 148,
    "ObjectId": "Obj148",
    "Attribute1": "Attr1",
    "Attribute2": "Attr2",
    "Attribute3": "Attr3",
    "Transaction": 2
  },
  {
    "Index": 149,
    "ObjectId": "Obj149",
    "Attribute1": "Attr1",
    "Attribute2": "Attr2",
    "Attribute3": "Attr3",
    "Transaction": 2
  },
  {
    "Index": 150,
    "ObjectId": "Obj150",
    "Attribute1": "Attr1",
    "Attribute2": "Attr2",
    "Attribute3": "Attr3",
    "Transaction": 2
  },
  {
    "Index": 151,
    "ObjectId": "Obj151",
    "Attribute1": "Attr1",
    "Attribute2": "Attr2",
    "Attribute3": "Attr3",
    "Transaction": 2
  },
  {
    "Index": 152,
    "ObjectId": "Obj152",
    "Attribute1": "Attr1",
    "Attribute2": "Attr2",
    "Attribute3": "Attr3",
    "Transaction": 2
  },
  {
    "Index": 153,
    "ObjectId": "Obj153",
    "Attribute1": "Attr1",
    "Attribute2": "Attr2",
    "Attribute3": "Attr3",
    "Transaction": 2
  },
  {
    "Index": 154,
    "ObjectId": "Obj154",
    "Attribute1": "Attr1",
    "Attribute2": "Attr2",
    "Attribute3": "Attr3",
    "Transaction": 2
  },
  {
    "Index": 155,
    "ObjectId": "Obj155",
    "Attribute1": "Attr1",
    "Attribute2": "Attr2",
    "Attribute3": "Attr3",
    "Transaction": 2
  },
  {
    "Index": 156,
    "ObjectId": "Obj156",
    "Attribute1": "Attr1",
    "Attribute2": "Attr2",
    "Attribute3": "Attr3",
    "Transaction": 2
  },
  {
    "Index": 157,
    "ObjectId": "Obj157",
    "Attribute1": "Attr1",
    "Attribute2": "Attr2",
    "Attribute3": "Attr3",
    "Transaction": 2
  },
  {
    "Index": 158,
    "ObjectId": "Obj158",
    "Attribute1": "Attr1",
    "Attribute2": "Attr2",
    "Attribute3": "Attr3",
    "Transaction": 2
  },
  {
    "Index": 159,
    "ObjectId": "Obj159",
    "Attribute1": "Attr1",
    "Attribute2": "Attr2",
    "Attribute3": "Attr3",
    "Transaction": 2
  },
  {
    "Index": 160,
    "ObjectId": "Obj160",
    "Attribute1": "Attr1",
    "Attribute2": "Attr2",
    "Attribute3": "Attr3",
    "Transaction": 2
  },
  {
    "Index": 161,
    "ObjectId": "Obj161",
    "Attribute1": "Attr1",
    "Attribute2": "Attr2",
    "Attribute3": "Attr3",
    "Transaction": 2
  },
  {
    "Index": 162,
    "ObjectId": "Obj162",
    "Attribute1": "Attr1",
    "Attribute2": "Attr2",
    "Attribute3": "Attr3",
    "Transaction": 2
  },
  {
    "Index": 163,
    "ObjectId": "Obj163",
    "Attribute1": "Attr1",
    "Attribute2": "Attr2",
    "Attribute3": "Attr3",
    "Transaction": 2
  },
  {
    "Index": 164,
    "ObjectId": "Obj164",
    "Attribute1": "Attr1",
    "Attribute2": "Attr2",
    "Attribute3": "Attr3",
    "Transaction": 2
  },
  {
    "Index": 165,
    "ObjectId": "Obj165",
    "Attribute1": "Attr1",
    "Attribute2": "Attr2",
    "Attribute3": "Attr3",
    "Transaction": 2
  },
  {
    "Index": 166,
    "ObjectId": "Obj166",
    "Attribute1": "Attr1",
    "Attribute2": "Attr2",
    "Attribute3": "Attr3",
    "Transaction": 2
  },
  {
    "Index": 167,
    "ObjectId": "Obj167",
    "Attribute1": "Attr1",
    "Attribute2": "Attr2",
    "Attribute3": "Attr3",
    "Transaction": 2
  },
  {
    "Index": 168,
    "ObjectId": "Obj168",
    "Attribute1": "Attr1",
    "Attribute2": "Attr2",
    "Attribute3": "Attr3",
    "Transaction": 2
  },
  {
    "Index": 169,
    "ObjectId": "Obj169",
    "Attribute1": "Attr1",
    "Attribute2": "Attr2",
    "Attribute3": "Attr3",
    "Transaction": 2
  },
  {
    "Index": 170,
    "ObjectId": "Obj170",
    "Attribute1": "Attr1",
    "Attribute2": "Attr2",
    "Attribute3": "Attr3",
    "Transaction": 2
  },
  {
    "Index": 171,
    "ObjectId": "Obj171",
    "Attribute1": "Attr1",
    "Attribute2": "Attr2",
    "Attribute3": "Attr3",
    "Transaction": 2
  },
  {
    "Index": 172,
    "ObjectId": "Obj172",
    "Attribute1": "Attr1",
    "Attribute2": "Attr2",
    "Attribute3": "Attr3",
    "Transaction": 2
  },
  {
    "Index": 173,
    "ObjectId": "Obj173",
    "Attribute1": "Attr1",
    "Attribute2": "Attr2",
    "Attribute3": "Attr3",
    "Transaction": 2
  },
  {
    "Index": 174,
    "ObjectId": "Obj174",
    "Attribute1": "Attr1",
    "Attribute2": "Attr2",
    "Attribute3": "Attr3",
    "Transaction": 2
  },
  {
    "Index": 175,
    "ObjectId": "Obj175",
    "Attribute1": "Attr1",
    "Attribute2": "Attr2",
    "Attribute3": "Attr3",
    "Transaction": 2
  },
  {
    "Index": 176,
    "ObjectId": "Obj176",
    "Attribute1": "Attr1",
    "Attribute2": "Attr2",
    "Attribute3": "Attr3",
    "Transaction": 2
  },
  {
    "Index": 177,
    "ObjectId": "Obj177",
    "Attribute1": "Attr1",
    "Attribute2": "Attr2",
    "Attribute3": "Attr3",
    "Transaction": 2
  },
  {
    "Index": 178,
    "ObjectId": "Obj178",
    "Attribute1": "Attr1",
    "Attribute2": "Attr2",
    "Attribute3": "Attr3",
    "Transaction": 2
  },
  {
    "Index": 179,
    "ObjectId": "Obj179",
    "Attribute1": "Attr1",
    "Attribute2": "Attr2",
    "Attribute3": "Attr3",
    "Transaction": 2
  },
  {
    "Index": 180,
    "ObjectId": "Obj180",
    "Attribute1": "Attr1",
    "Attribute2": "Attr2",
    "Attribute3": "Attr3",
    "Transaction": 2
  },
  {
    "Index": 181,
    "ObjectId": "Obj181",
    "Attribute1": "Attr1",
    "Attribute2": "Attr2",
    "Attribute3": "Attr3",
    "Transaction": 2
  },
  {
    "Index": 182,
    "ObjectId": "Obj182",
    "Attribute1": "Attr1",
    "Attribute2": "Attr2",
    "Attribute3": "Attr3",
    "Transaction": 2
  },
  {
    "Index": 183,
    "ObjectId": "Obj183",
    "Attribute1": "Attr1",
    "Attribute2": "Attr2",
    "Attribute3": "Attr3",
    "Transaction": 2
  },
  {
    "Index": 184,
    "ObjectId": "Obj184",
    "Attribute1": "Attr1",
    "Attribute2": "Attr2",
    "Attribute3": "Attr3",
    "Transaction": 2
  },
  {
    "Index": 185,
    "ObjectId": "Obj185",
    "Attribute1": "Attr1",
    "Attribute2": "Attr2",
    "Attribute3": "Attr3",
    "Transaction": 2
  },
  {
    "Index": 186,
    "ObjectId": "Obj186",
    "Attribute1": "Attr1",
    "Attribute2": "Attr2",
    "Attribute3": "Attr3",
    "Transaction": 2
  },
  {
    "Index": 187,
    "ObjectId": "Obj187",
    "Attribute1": "Attr1",
    "Attribute2": "Attr2",
    "Attribute3": "Attr3",
    "Transaction": 2
  },
  {
    "Index": 188,
    "ObjectId": "Obj188",
    "Attribute1": "Attr1",
    "Attribute2": "Attr2",
    "Attribute3": "Attr3",
    "Transaction": 2
  },
  {
    "Index": 189,
    "ObjectId": "Obj189",
    "Attribute1": "Attr1",
    "Attribute2": "Attr2",
    "Attribute3": "Attr3",
    "Transaction": 2
  },
  {
    "Index": 190,
    "ObjectId": "Obj190",
    "Attribute1": "Attr1",
    "Attribute2": "Attr2",
    "Attribute3": "Attr3",
    "Transaction": 2
  },
  {
    "Index": 191,
    "ObjectId": "Obj191",
    "Attribute1": "Attr1",
    "Attribute2": "Attr2",
    "Attribute3": "Attr3",
    "Transaction": 2
  },
  {
    "Index": 192,
    "ObjectId": "Obj192",
    "Attribute1": "Attr1",
    "Attribute2": "Attr2",
    "Attribute3": "Attr3",
    "Transaction": 2
  },
  {
    "Index": 193,
    "ObjectId": "Obj193",
    "Attribute1": "Attr1",
    "Attribute2": "Attr2",
    "Attribute3": "Attr3",
    "Transaction": 2
  },
  {
    "Index": 194,
    "ObjectId": "Obj194",
    "Attribute1": "Attr1",
    "Attribute2": "Attr2",
    "Attribute3": "Attr3",
    "Transaction": 2
  },
  {
    "Index": 195,
    "ObjectId": "Obj195",
    "Attribute1": "Attr1",
    "Attribute2": "Attr2",
    "Attribute3": "Attr3",
    "Transaction": 2
  },
  {
    "Index": 196,
    "ObjectId": "Obj196",
    "Attribute1": "Attr1",
    "Attribute2": "Attr2",
    "Attribute3": "Attr3",
    "Transaction": 2
  },
  {
    "Index": 197,
    "ObjectId": "Obj197",
    "Attribute1": "Attr1",
    "Attribute2": "Attr2",
    "Attribute3": "Attr3",
    "Transaction": 2
  },
  {
    "Index": 198,
    "ObjectId": "Obj198",
    "Attribute1": "Attr1",
    "Attribute2": "Attr2",
    "Attribute3": "Attr3",
    "Transaction": 2
  },
  {
    "Index": 199,
    "ObjectId": "Obj199",
    "Attribute1": "Attr1",
    "Attribute2": "Attr2",
    "Attribute3": "Attr3",
    "Transaction": 2
  },
  {
    "Index": 200,
    "ObjectId": "Obj200",
    "Attribute1": "Attr1",
    "Attribute2": "Attr2",
    "Attribute3": "Attr3",
    "Transaction": 2
  }
]