[
  {
    "Index": 6901,
    "ObjectId": "Obj6901",
    "Attribute1": "Attr1",
    "Attribute2": "Attr2",
    "Attribute3": "Attr3",
    "Transaction": 70
  },
  {
    "Index": 6902,
    "ObjectId": "Obj6902",
    "Attribute1": "Attr1",
    "Attribute2": "Attr2",
    "Attribute3": "Attr3",
    "Transaction": 70
  },
  {
    "Index": 6903,
    "ObjectId": "Obj6903",
    "Attribute1": "Attr1",
    "Attribute2": "Attr2",
    "Attribute3": "Attr3",
    "Transaction": 70
  },
  {
    "Index": 6904,
    "ObjectId": "Obj6904",
    "Attribute1": "Attr1",
    "Attribute2": "Attr2",
    "Attribute3": "Attr3",
    "Transaction": 70
  },
  {
    "Index": 6905,
    "ObjectId": "Obj6905",
    "Attribute1": "Attr1",
    "Attribute2": "Attr2",
    "Attribute3": "Attr3",
    "Transaction": 70
  },
  {
    "Index": 6906,
    "ObjectId": "Obj6906",
    "Attribute1": "Attr1",
    "Attribute2": "Attr2",
    "Attribute3": "Attr3",
    "Transaction": 70
  },
  {
    "Index": 6907,
    "ObjectId": "Obj6907",
    "Attribute1": "Attr1",
    "Attribute2": "Attr2",
    "Attribute3": "Attr3",
    "Transaction": 70
  },
  {
    "Index": 6908,
    "ObjectId": "Obj6908",
    "Attribute1": "Attr1",
    "Attribute2": "Attr2",
    "Attribute3": "Attr3",
    "Transaction": 70
  },
  {
    "Index": 6909,
    "ObjectId": "Obj6909",
    "Attribute1": "Attr1",
    "Attribute2": "Attr2",
    "Attribute3": "Attr3",
    "Transaction": 70
  },
  {
    "Index": 6910,
    "ObjectId": "Obj6910",
    "Attribute1": "Attr1",
    "Attribute2": "Attr2",
    "Attribute3": "Attr3",
    "Transaction": 70
  },
  {
    "Index": 6911,
    "ObjectId": "Obj6911",
    "Attribute1": "Attr1",
    "Attribute2": "Attr2",
    "Attribute3": "Attr3",
    "Transaction": 70
  },
  {
    "Index": 6912,
    "ObjectId": "Obj6912",
    "Attribute1": "Attr1",
    "Attribute2": "Attr2",
    "Attribute3": "Attr3",
    "Transaction": 70
  },
  {
    "Index": 6913,
    "ObjectId": "Obj6913",
    "Attribute1": "Attr1",
    "Attribute2": "Attr2",
    "Attribute3": "Attr3",
    "Transaction": 70
  },
  {
    "Index": 6914,
    "ObjectId": "Obj6914",
    "Attribute1": "Attr1",
    "Attribute2": "Attr2",
    "Attribute3": "Attr3",
    "Transaction": 70
  },
  {
    "Index": 6915,
    "ObjectId": "Obj6915",
    "Attribute1": "Attr1",
    "Attribute2": "Attr2",
    "Attribute3": "Attr3",
    "Transaction": 70
  },
  {
    "Index": 6916,
    "ObjectId": "Obj6916",
    "Attribute1": "Attr1",
    "Attribute2": "Attr2",
    "Attribute3": "Attr3",
    "Transaction": 70
  },
  {
    "Index": 6917,
    "ObjectId": "Obj6917",
    "Attribute1": "Attr1",
    "Attribute2": "Attr2",
    "Attribute3": "Attr3",
    "Transaction": 70
  },
  {
    "Index": 6918,
    "ObjectId": "Obj6918",
    "Attribute1": "Attr1",
    "Attribute2": "Attr2",
    "Attribute3": "Attr3",
    "Transaction": 70
  },
  {
    "Index": 6919,
    "ObjectId": "Obj6919",
    "Attribute1": "Attr1",
    "Attribute2": "Attr2",
    "Attribute3": "Attr3",
    "Transaction": 70
  },
  {
    "Index": 6920,
    "ObjectId": "Obj6920",
    "Attribute1": "Attr1",
    "Attribute2": "Attr2",
    "Attribute3": "Attr3",
    "Transaction": 70
  },
  {
    "Index": 6921,
    "ObjectId": "Obj6921",
    "Attribute1": "Attr1",
    "Attribute2": "Attr2",
    "Attribute3": "Attr3",
    "Transaction": 70
  },
  {
    "Index": 6922,
    "ObjectId": "Obj6922",
    "Attribute1": "Attr1",
    "Attribute2": "Attr2",
    "Attribute3": "Attr3",
    "Transaction": 70
  },
  {
    "Index": 6923,
    "ObjectId": "Obj6923",
    "Attribute1": "Attr1",
    "Attribute2": "Attr2",
    "Attribute3": "Attr3",
    "Transaction": 70
  },
  {
    "Index": 6924,
    "ObjectId": "Obj6924",
    "Attribute1": "Attr1",
    "Attribute2": "Attr2",
    "Attribute3": "Attr3",
    "Transaction": 70
  },
  {
    "Index": 6925,
    "ObjectId": "Obj6925",
    "Attribute1": "Attr1",
    "Attribute2": "Attr2",
    "Attribute3": "Attr3",
    "Transaction": 70
  },
  {
    "Index": 6926,
    "ObjectId": "Obj6926",
    "Attribute1": "Attr1",
    "Attribute2": "Attr2",
    "Attribute3": "Attr3",
    "Transaction": 70
  },
  {
    "Index": 6927,
    "ObjectId": "Obj6927",
    "Attribute1": "Attr1",
    "Attribute2": "Attr2",
    "Attribute3": "Attr3",
    "Transaction": 70
  },
  {
    "Index": 6928,
    "ObjectId": "Obj6928",
    "Attribute1": "Attr1",
    "Attribute2": "Attr2",
    "Attribute3": "Attr3",
    "Transaction": 70
  },
  {
    "Index": 6929,
    "ObjectId": "Obj6929",
    "Attribute1": "Attr1",
    "Attribute2": "Attr2",
    "Attribute3": "Attr3",
    "Transaction": 70
  },
  {
    "Index": 6930,
    "ObjectId": "Obj6930",
    "Attribute1": "Attr1",
    "Attribute2": "Attr2",
    "Attribute3": "Attr3",
    "Transaction": 70
  },
  {
    "Index": 6931,
    "ObjectId": "Obj6931",
    "Attribute1": "Attr1",
    "Attribute2": "Attr2",
    "Attribute3": "Attr3",
    "Transaction": 70
  },
  {
    "Index": 6932,
    "ObjectId": "Obj6932",
    "Attribute1": "Attr1",
    "Attribute2": "Attr2",
    "Attribute3": "Attr3",
    "Transaction": 70
  },
  {
    "Index": 6933,
    "ObjectId": "Obj6933",
    "Attribute1": "Attr1",
    "Attribute2": "Attr2",
    "Attribute3": "Attr3",
    "Transaction": 70
  },
  {
    "Index": 6934,
    "ObjectId": "Obj6934",
    "Attribute1": "Attr1",
    "Attribute2": "Attr2",
    "Attribute3": "Attr3",
    "Transaction": 70
  },
  {
    "Index": 6935,
    "ObjectId": "Obj6935",
    "Attribute1": "Attr1",
    "Attribute2": "Attr2",
    "Attribute3": "Attr3",
    "Transaction": 70
  },
  {
    "Index": 6936,
    "ObjectId": "Obj6936",
    "Attribute1": "Attr1",
    "Attribute2": "Attr2",
    "Attribute3": "Attr3",
    "Transaction": 70
  },
  {
    "Index": 6937,
    "ObjectId": "Obj6937",
    "Attribute1": "Attr1",
    "Attribute2": "Attr2",
    "Attribute3": "Attr3",
    "Transaction": 70
  },
  {
    "Index": 6938,
    "ObjectId": "Obj6938",
    "Attribute1": "Attr1",
    "Attribute2": "Attr2",
    "Attribute3": "Attr3",
    "Transaction": 70
  },
  {
    "Index": 6939,
    "ObjectId": "Obj6939",
    "Attribute1": "Attr1",
    "Attribute2": "Attr2",
    "Attribute3": "Attr3",
    "Transaction": 70
  },
  {
    "Index": 6940,
    "ObjectId": "Obj6940",
    "Attribute1": "Attr1",
    "Attribute2": "Attr2",
    "Attribute3": "Attr3",
    "Transaction": 70
  },
  {
    "Index": 6941,
    "ObjectId": "Obj6941",
    "Attribute1": "Attr1",
    "Attribute2": "Attr2",
    "Attribute3": "Attr3",
    "Transaction": 70
  },
  {
    "Index": 6942,
    "ObjectId": "Obj6942",
    "Attribute1": "Attr1",
    "Attribute2": "Attr2",
    "Attribute3": "Attr3",
    "Transaction": 70
  },
  {
    "Index": 6943,
    "ObjectId": "Obj6943",
    "Attribute1": "Attr1",
    "Attribute2": "Attr2",
    "Attribute3": "Attr3",
    "Transaction": 70
  },
  {
    "Index": 6944,
    "ObjectId": "Obj6944",
    "Attribute1": "Attr1",
    "Attribute2": "Attr2",
    "Attribute3": "Attr3",
    "Transaction": 70
  },
  {
    "Index": 6945,
    "ObjectId": "Obj6945",
    "Attribute1": "Attr1",
    "Attribute2": "Attr2",
    "Attribute3": "Attr3",
    "Transaction": 70
  },
  {
    "Index": 6946,
    "ObjectId": "Obj6946",
    "Attribute1": "Attr1",
    "Attribute2": "Attr2",
    "Attribute3": "Attr3",
    "Transaction": 70
  },
  {
    "Index": 6947,
    "ObjectId": "Obj6947",
    "Attribute1": "Attr1",
    "Attribute2": "Attr2",
    "Attribute3": "Attr3",
    "Transaction": 70
  },
  {
    "Index": 6948,
    "ObjectId": "Obj6948",
    "Attribute1": "Attr1",
    "Attribute2": "Attr2",
    "Attribute3": "Attr3",
    "Transaction": 70
  },
  {
    "Index": 6949,
    "ObjectId": "Obj6949",
    "Attribute1": "Attr1",
    "Attribute2": "Attr2",
    "Attribute3": "Attr3",
    "Transaction": 70
  },
  {
    "Index": 6950,
    "ObjectId": "Obj6950",
    "Attribute1": "Attr1",
    "Attribute2": "Attr2",
    "Attribute3": "Attr3",
    "Transaction": 70
  },
  {
    "Index": 6951,
    "ObjectId": "Obj6951",
    "Attribute1": "Attr1",
    "Attribute2": "Attr2",
    "Attribute3": "Attr3",
    "Transaction": 70
  },
  {
    "Index": 6952,
    "ObjectId": "Obj6952",
    "Attribute1": "Attr1",
    "Attribute2": "Attr2",
    "Attribute3": "Attr3",
    "Transaction": 70
  },
  {
    "Index": 6953,
    "ObjectId": "Obj6953",
    "Attribute1": "Attr1",
    "Attribute2": "Attr2",
    "Attribute3": "Attr3",
    "Transaction": 70
  },
  {
    "Index": 6954,
    "ObjectId": "Obj6954",
    "Attribute1": "Attr1",
    "Attribute2": "Attr2",
    "Attribute3": "Attr3",
    "Transaction": 70
  },
  {
    "Index": 6955,
    "ObjectId": "Obj6955",
    "Attribute1": "Attr1",
    "Attribute2": "Attr2",
    "Attribute3": "Attr3",
    "Transaction": 70
  },
  {
    "Index": 6956,
    "ObjectId": "Obj6956",
    "Attribute1": "Attr1",
    "Attribute2": "Attr2",
    "Attribute3": "Attr3",
    "Transaction": 70
  },
  {
    "Index": 6957,
    "ObjectId": "Obj6957",
    "Attribute1": "Attr1",
    "Attribute2": "Attr2",
    "Attribute3": "Attr3",
    "Transaction": 70
  },
  {
    "Index": 6958,
    "ObjectId": "Obj6958",
    "Attribute1": "Attr1",
    "Attribute2": "Attr2",
    "Attribute3": "Attr3",
    "Transaction": 70
  },
  {
    "Index": 6959,
    "ObjectId": "Obj6959",
    "Attribute1": "Attr1",
    "Attribute2": "Attr2",
    "Attribute3": "Attr3",
    "Transaction": 70
  },
  {
    "Index": 6960,
    "ObjectId": "Obj6960",
    "Attribute1": "Attr1",
    "Attribute2": "Attr2",
    "Attribute3": "Attr3",
    "Transaction": 70
  },
  {
    "Index": 6961,
    "ObjectId": "Obj6961",
    "Attribute1": "Attr1",
    "Attribute2": "Attr2",
    "Attribute3": "Attr3",
    "Transaction": 70
  },
  {
    "Index": 6962,
    "ObjectId": "Obj6962",
    "Attribute1": "Attr1",
    "Attribute2": "Attr2",
    "Attribute3": "Attr3",
    "Transaction": 70
  },
  {
    "Index": 6963,
    "ObjectId": "Obj6963",
    "Attribute1": "Attr1",
    "Attribute2": "Attr2",
    "Attribute3": "Attr3",
    "Transaction": 70
  },
  {
    "Index": 6964,
    "ObjectId": "Obj6964",
    "Attribute1": "Attr1",
    "Attribute2": "Attr2",
    "Attribute3": "Attr3",
    "Transaction": 70
  },
  {
    "Index": 6965,
    "ObjectId": "Obj6965",
    "Attribute1": "Attr1",
    "Attribute2": "Attr2",
    "Attribute3": "Attr3",
    "Transaction": 70
  },
  {
    "Index": 6966,
    "ObjectId": "Obj6966",
    "Attribute1": "Attr1",
    "Attribute2": "Attr2",
    "Attribute3": "Attr3",
    "Transaction": 70
  },
  {
    "Index": 6967,
    "ObjectId": "Obj6967",
    "Attribute1": "Attr1",
    "Attribute2": "Attr2",
    "Attribute3": "Attr3",
    "Transaction": 70
  },
  {
    "Index": 6968,
    "ObjectId": "Obj6968",
    "Attribute1": "Attr1",
    "Attribute2": "Attr2",
    "Attribute3": "Attr3",
    "Transaction": 70
  },
  {
    "Index": 6969,
    "ObjectId": "Obj6969",
    "Attribute1": "Attr1",
    "Attribute2": "Attr2",
    "Attribute3": "Attr3",
    "Transaction": 70
  },
  {
    "Index": 6970,
    "ObjectId": "Obj6970",
    "Attribute1": "Attr1",
    "Attribute2": "Attr2",
    "Attribute3": "Attr3",
    "Transaction": 70
  },
  {
    "Index": 6971,
    "ObjectId": "Obj6971",
    "Attribute1": "Attr1",
    "Attribute2": "Attr2",
    "Attribute3": "Attr3",
    "Transaction": 70
  },
  {
    "Index": 6972,
    "ObjectId": "Obj6972",
    "Attribute1": "Attr1",
    "Attribute2": "Attr2",
    "Attribute3": "Attr3",
    "Transaction": 70
  },
  {
    "Index": 6973,
    "ObjectId": "Obj6973",
    "Attribute1": "Attr1",
    "Attribute2": "Attr2",
    "Attribute3": "Attr3",
    "Transaction": 70
  },
  {
    "Index": 6974,
    "ObjectId": "Obj6974",
    "Attribute1": "Attr1",
    "Attribute2": "Attr2",
    "Attribute3": "Attr3",
    "Transaction": 70
  },
  {
    "Index": 6975,
    "ObjectId": "Obj6975",
    "Attribute1": "Attr1",
    "Attribute2": "Attr2",
    "Attribute3": "Attr3",
    "Transaction": 70
  },
  {
    "Index": 6976,
    "ObjectId": "Obj6976",
    "Attribute1": "Attr1",
    "Attribute2": "Attr2",
    "Attribute3": "Attr3",
    "Transaction": 70
  },
  {
    "Index": 6977,
    "ObjectId": "Obj6977",
    "Attribute1": "Attr1",
    "Attribute2": "Attr2",
    "Attribute3": "Attr3",
    "Transaction": 70
  },
  {
    "Index": 6978,
    "ObjectId": "Obj6978",
    "Attribute1": "Attr1",
    "Attribute2": "Attr2",
    "Attribute3": "Attr3",
    "Transaction": 70
  },
  {
    "Index": 6979,
    "ObjectId": "Obj6979",
    "Attribute1": "Attr1",
    "Attribute2": "Attr2",
    "Attribute3": "Attr3",
    "Transaction": 70
  },
  {
    "Index": 6980,
    "ObjectId": "Obj6980",
    "Attribute1": "Attr1",
    "Attribute2": "Attr2",
    "Attribute3": "Attr3",
    "Transaction": 70
  },
  {
    "Index": 6981,
    "ObjectId": "Obj6981",
    "Attribute1": "Attr1",
    "Attribute2": "Attr2",
    "Attribute3": "Attr3",
    "Transaction": 70
  },
  {
    "Index": 6982,
    "ObjectId": "Obj6982",
    "Attribute1": "Attr1",
    "Attribute2": "Attr2",
    "Attribute3": "Attr3",
    "Transaction": 70
  },
  {
    "Index": 6983,
    "ObjectId": "Obj6983",
    "Attribute1": "Attr1",
    "Attribute2": "Attr2",
    "Attribute3": "Attr3",
    "Transaction": 70
  },
  {
    "Index": 6984,
    "ObjectId": "Obj6984",
    "Attribute1": "Attr1",
    "Attribute2": "Attr2",
    "Attribute3": "Attr3",
    "Transaction": 70
  },
  {
    "Index": 6985,
    "ObjectId": "Obj6985",
    "Attribute1": "Attr1",
    "Attribute2": "Attr2",
    "Attribute3": "Attr3",
    "Transaction": 70
  },
  {
    "Index": 6986,
    "ObjectId": "Obj6986",
    "Attribute1": "Attr1",
    "Attribute2": "Attr2",
    "Attribute3": "Attr3",
    "Transaction": 70
  },
  {
    "Index": 6987,
    "ObjectId": "Obj6987",
    "Attribute1": "Attr1",
    "Attribute2": "Attr2",
    "Attribute3": "Attr3",
    "Transaction": 70
  },
  {
    "Index": 6988,
    "ObjectId": "Obj6988",
    "Attribute1": "Attr1",
    "Attribute2": "Attr2",
    "Attribute3": "Attr3",
    "Transaction": 70
  },
  {
    "Index": 6989,
    "ObjectId": "Obj6989",
    "Attribute1": "Attr1",
    "Attribute2": "Attr2",
    "Attribute3": "Attr3",
    "Transaction": 70
  },
  {
    "Index": 6990,
    "ObjectId": "Obj6990",
    "Attribute1": "Attr1",
    "Attribute2": "Attr2",
    "Attribute3": "Attr3",
    "Transaction": 70
  },
  {
    "Index": 6991,
    "ObjectId": "Obj6991",
    "Attribute1": "Attr1",
    "Attribute2": "Attr2",
    "Attribute3": "Attr3",
    "Transaction": 70
  },
  {
    "Index": 6992,
    "ObjectId": "Obj6992",
    "Attribute1": "Attr1",
    "Attribute2": "Attr2",
    "Attribute3": "Attr3",
    "Transaction": 70
  },
  {
    "Index": 6993,
    "ObjectId": "Obj6993",
    "Attribute1": "Attr1",
    "Attribute2": "Attr2",
    "Attribute3": "Attr3",
    "Transaction": 70
  },
  {
    "Index": 6994,
    "ObjectId": "Obj6994",
    "Attribute1": "Attr1",
    "Attribute2": "Attr2",
    "Attribute3": "Attr3",
    "Transaction": 70
  },
  {
    "Index": 6995,
    "ObjectId": "Obj6995",
    "Attribute1": "Attr1",
    "Attribute2": "Attr2",
    "Attribute3": "Attr3",
    "Transaction": 70
  },
  {
    "Index": 6996,
    "ObjectId": "Obj6996",
    "Attribute1": "Attr1",
    "Attribute2": "Attr2",
    "Attribute3": "Attr3",
    "Transaction": 70
  },
  {
    "Index": 6997,
    "ObjectId": "Obj6997",
    "Attribute1": "Attr1",
    "Attribute2": "Attr2",
    "Attribute3": "Attr3",
    "Transaction": 70
  },
  {
    "Index": 6998,
    "ObjectId": "Obj6998",
    "Attribute1": "Attr1",
    "Attribute2": "Attr2",
    "Attribute3": "Attr3",
    "Transaction": 70
  },
  {
    "Index": 6999,
    "ObjectId": "Obj6999",
    "Attribute1": "Attr1",
    "Attribute2": "Attr2",
    "Attribute3": "Attr3",
    "Transaction": 70
  },
  {
    "Index": 7000,
    "ObjectId": "Obj7000",
    "Attribute1": "Attr1",
    "Attribute2": "Attr2",
    "Attribute3": "Attr3",
    "Transaction": 70
  }
]