[
  {
    "Index": 2101,
    "ObjectId": "Obj2101",
    "Attribute1": "Attr1",
    "Attribute2": "Attr2",
    "Attribute3": "Attr3",
    "Transaction": 22
  },
  {
    "Index": 2102,
    "ObjectId": "Obj2102",
    "Attribute1": "Attr1",
    "Attribute2": "Attr2",
    "Attribute3": "Attr3",
    "Transaction": 22
  },
  {
    "Index": 2103,
    "ObjectId": "Obj2103",
    "Attribute1": "Attr1",
    "Attribute2": "Attr2",
    "Attribute3": "Attr3",
    "Transaction": 22
  },
  {
    "Index": 2104,
    "ObjectId": "Obj2104",
    "Attribute1": "Attr1",
    "Attribute2": "Attr2",
    "Attribute3": "Attr3",
    "Transaction": 22
  },
  {
    "Index": 2105,
    "ObjectId": "Obj2105",
    "Attribute1": "Attr1",
    "Attribute2": "Attr2",
    "Attribute3": "Attr3",
    "Transaction": 22
  },
  {
    "Index": 2106,
    "ObjectId": "Obj2106",
    "Attribute1": "Attr1",
    "Attribute2": "Attr2",
    "Attribute3": "Attr3",
    "Transaction": 22
  },
  {
    "Index": 2107,
    "ObjectId": "Obj2107",
    "Attribute1": "Attr1",
    "Attribute2": "Attr2",
    "Attribute3": "Attr3",
    "Transaction": 22
  },
  {
    "Index": 2108,
    "ObjectId": "Obj2108",
    "Attribute1": "Attr1",
    "Attribute2": "Attr2",
    "Attribute3": "Attr3",
    "Transaction": 22
  },
  {
    "Index": 2109,
    "ObjectId": "Obj2109",
    "Attribute1": "Attr1",
    "Attribute2": "Attr2",
    "Attribute3": "Attr3",
    "Transaction": 22
  },
  {
    "Index": 2110,
    "ObjectId": "Obj2110",
    "Attribute1": "Attr1",
    "Attribute2": "Attr2",
    "Attribute3": "Attr3",
    "Transaction": 22
  },
  {
    "Index": 2111,
    "ObjectId": "Obj2111",
    "Attribute1": "Attr1",
    "Attribute2": "Attr2",
    "Attribute3": "Attr3",
    "Transaction": 22
  },
  {
    "Index": 2112,
    "ObjectId": "Obj2112",
    "Attribute1": "Attr1",
    "Attribute2": "Attr2",
    "Attribute3": "Attr3",
    "Transaction": 22
  },
  {
    "Index": 2113,
    "ObjectId": "Obj2113",
    "Attribute1": "Attr1",
    "Attribute2": "Attr2",
    "Attribute3": "Attr3",
    "Transaction": 22
  },
  {
    "Index": 2114,
    "ObjectId": "Obj2114",
    "Attribute1": "Attr1",
    "Attribute2": "Attr2",
    "Attribute3": "Attr3",
    "Transaction": 22
  },
  {
    "Index": 2115,
    "ObjectId": "Obj2115",
    "Attribute1": "Attr1",
    "Attribute2": "Attr2",
    "Attribute3": "Attr3",
    "Transaction": 22
  },
  {
    "Index": 2116,
    "ObjectId": "Obj2116",
    "Attribute1": "Attr1",
    "Attribute2": "Attr2",
    "Attribute3": "Attr3",
    "Transaction": 22
  },
  {
    "Index": 2117,
    "ObjectId": "Obj2117",
    "Attribute1": "Attr1",
    "Attribute2": "Attr2",
    "Attribute3": "Attr3",
    "Transaction": 22
  },
  {
    "Index": 2118,
    "ObjectId": "Obj2118",
    "Attribute1": "Attr1",
    "Attribute2": "Attr2",
    "Attribute3": "Attr3",
    "Transaction": 22
  },
  {
    "Index": 2119,
    "ObjectId": "Obj2119",
    "Attribute1": "Attr1",
    "Attribute2": "Attr2",
    "Attribute3": "Attr3",
    "Transaction": 22
  },
  {
    "Index": 2120,
    "ObjectId": "Obj2120",
    "Attribute1": "Attr1",
    "Attribute2": "Attr2",
    "Attribute3": "Attr3",
    "Transaction": 22
  },
  {
    "Index": 2121,
    "ObjectId": "Obj2121",
    "Attribute1": "Attr1",
    "Attribute2": "Attr2",
    "Attribute3": "Attr3",
    "Transaction": 22
  },
  {
    "Index": 2122,
    "ObjectId": "Obj2122",
    "Attribute1": "Attr1",
    "Attribute2": "Attr2",
    "Attribute3": "Attr3",
    "Transaction": 22
  },
  {
    "Index": 2123,
    "ObjectId": "Obj2123",
    "Attribute1": "Attr1",
    "Attribute2": "Attr2",
    "Attribute3": "Attr3",
    "Transaction": 22
  },
  {
    "Index": 2124,
    "ObjectId": "Obj2124",
    "Attribute1": "Attr1",
    "Attribute2": "Attr2",
    "Attribute3": "Attr3",
    "Transaction": 22
  },
  {
    "Index": 2125,
    "ObjectId": "Obj2125",
    "Attribute1": "Attr1",
    "Attribute2": "Attr2",
    "Attribute3": "Attr3",
    "Transaction": 22
  },
  {
    "Index": 2126,
    "ObjectId": "Obj2126",
    "Attribute1": "Attr1",
    "Attribute2": "Attr2",
    "Attribute3": "Attr3",
    "Transaction": 22
  },
  {
    "Index": 2127,
    "ObjectId": "Obj2127",
    "Attribute1": "Attr1",
    "Attribute2": "Attr2",
    "Attribute3": "Attr3",
    "Transaction": 22
  },
  {
    "Index": 2128,
    "ObjectId": "Obj2128",
    "Attribute1": "Attr1",
    "Attribute2": "Attr2",
    "Attribute3": "Attr3",
    "Transaction": 22
  },
  {
    "Index": 2129,
    "ObjectId": "Obj2129",
    "Attribute1": "Attr1",
    "Attribute2": "Attr2",
    "Attribute3": "Attr3",
    "Transaction": 22
  },
  {
    "Index": 2130,
    "ObjectId": "Obj2130",
    "Attribute1": "Attr1",
    "Attribute2": "Attr2",
    "Attribute3": "Attr3",
    "Transaction": 22
  },
  {
    "Index": 2131,
    "ObjectId": "Obj2131",
    "Attribute1": "Attr1",
    "Attribute2": "Attr2",
    "Attribute3": "Attr3",
    "Transaction": 22
  },
  {
    "Index": 2132,
    "ObjectId": "Obj2132",
    "Attribute1": "Attr1",
    "Attribute2": "Attr2",
    "Attribute3": "Attr3",
    "Transaction": 22
  },
  {
    "Index": 2133,
    "ObjectId": "Obj2133",
    "Attribute1": "Attr1",
    "Attribute2": "Attr2",
    "Attribute3": "Attr3",
    "Transaction": 22
  },
  {
    "Index": 2134,
    "ObjectId": "Obj2134",
    "Attribute1": "Attr1",
    "Attribute2": "Attr2",
    "Attribute3": "Attr3",
    "Transaction": 22
  },
  {
    "Index": 2135,
    "ObjectId": "Obj2135",
    "Attribute1": "Attr1",
    "Attribute2": "Attr2",
    "Attribute3": "Attr3",
    "Transaction": 22
  },
  {
    "Index": 2136,
    "ObjectId": "Obj2136",
    "Attribute1": "Attr1",
    "Attribute2": "Attr2",
    "Attribute3": "Attr3",
    "Transaction": 22
  },
  {
    "Index": 2137,
    "ObjectId": "Obj2137",
    "Attribute1": "Attr1",
    "Attribute2": "Attr2",
    "Attribute3": "Attr3",
    "Transaction": 22
  },
  {
    "Index": 2138,
    "ObjectId": "Obj2138",
    "Attribute1": "Attr1",
    "Attribute2": "Attr2",
    "Attribute3": "Attr3",
    "Transaction": 22
  },
  {
    "Index": 2139,
    "ObjectId": "Obj2139",
    "Attribute1": "Attr1",
    "Attribute2": "Attr2",
    "Attribute3": "Attr3",
    "Transaction": 22
  },
  {
    "Index": 2140,
    "ObjectId": "Obj2140",
    "Attribute1": "Attr1",
    "Attribute2": "Attr2",
    "Attribute3": "Attr3",
    "Transaction": 22
  },
  {
    "Index": 2141,
    "ObjectId": "Obj2141",
    "Attribute1": "Attr1",
    "Attribute2": "Attr2",
    "Attribute3": "Attr3",
    "Transaction": 22
  },
  {
    "Index": 2142,
    "ObjectId": "Obj2142",
    "Attribute1": "Attr1",
    "Attribute2": "Attr2",
    "Attribute3": "Attr3",
    "Transaction": 22
  },
  {
    "Index": 2143,
    "ObjectId": "Obj2143",
    "Attribute1": "Attr1",
    "Attribute2": "Attr2",
    "Attribute3": "Attr3",
    "Transaction": 22
  },
  {
    "Index": 2144,
    "ObjectId": "Obj2144",
    "Attribute1": "Attr1",
    "Attribute2": "Attr2",
    "Attribute3": "Attr3",
    "Transaction": 22
  },
  {
    "Index": 2145,
    "ObjectId": "Obj2145",
    "Attribute1": "Attr1",
    "Attribute2": "Attr2",
    "Attribute3": "Attr3",
    "Transaction": 22
  },
  {
    "Index": 2146,
    "ObjectId": "Obj2146",
    "Attribute1": "Attr1",
    "Attribute2": "Attr2",
    "Attribute3": "Attr3",
    "Transaction": 22
  },
  {
    "Index": 2147,
    "ObjectId": "Obj2147",
    "Attribute1": "Attr1",
    "Attribute2": "Attr2",
    "Attribute3": "Attr3",
    "Transaction": 22
  },
  {
    "Index": 2148,
    "ObjectId": "Obj2148",
    "Attribute1": "Attr1",
    "Attribute2": "Attr2",
    "Attribute3": "Attr3",
    "Transaction": 22
  },
  {
    "Index": 2149,
    "ObjectId": "Obj2149",
    "Attribute1": "Attr1",
    "Attribute2": "Attr2",
    "Attribute3": "Attr3",
    "Transaction": 22
  },
  {
    "Index": 2150,
    "ObjectId": "Obj2150",
    "Attribute1": "Attr1",
    "Attribute2": "Attr2",
    "Attribute3": "Attr3",
    "Transaction": 22
  },
  {
    "Index": 2151,
    "ObjectId": "Obj2151",
    "Attribute1": "Attr1",
    "Attribute2": "Attr2",
    "Attribute3": "Attr3",
    "Transaction": 22
  },
  {
    "Index": 2152,
    "ObjectId": "Obj2152",
    "Attribute1": "Attr1",
    "Attribute2": "Attr2",
    "Attribute3": "Attr3",
    "Transaction": 22
  },
  {
    "Index": 2153,
    "ObjectId": "Obj2153",
    "Attribute1": "Attr1",
    "Attribute2": "Attr2",
    "Attribute3": "Attr3",
    "Transaction": 22
  },
  {
    "Index": 2154,
    "ObjectId": "Obj2154",
    "Attribute1": "Attr1",
    "Attribute2": "Attr2",
    "Attribute3": "Attr3",
    "Transaction": 22
  },
  {
    "Index": 2155,
    "ObjectId": "Obj2155",
    "Attribute1": "Attr1",
    "Attribute2": "Attr2",
    "Attribute3": "Attr3",
    "Transaction": 22
  },
  {
    "Index": 2156,
    "ObjectId": "Obj2156",
    "Attribute1": "Attr1",
    "Attribute2": "Attr2",
    "Attribute3": "Attr3",
    "Transaction": 22
  },
  {
    "Index": 2157,
    "ObjectId": "Obj2157",
    "Attribute1": "Attr1",
    "Attribute2": "Attr2",
    "Attribute3": "Attr3",
    "Transaction": 22
  },
  {
    "Index": 2158,
    "ObjectId": "Obj2158",
    "Attribute1": "Attr1",
    "Attribute2": "Attr2",
    "Attribute3": "Attr3",
    "Transaction": 22
  },
  {
    "Index": 2159,
    "ObjectId": "Obj2159",
    "Attribute1": "Attr1",
    "Attribute2": "Attr2",
    "Attribute3": "Attr3",
    "Transaction": 22
  },
  {
    "Index": 2160,
    "ObjectId": "Obj2160",
    "Attribute1": "Attr1",
    "Attribute2": "Attr2",
    "Attribute3": "Attr3",
    "Transaction": 22
  },
  {
    "Index": 2161,
    "ObjectId": "Obj2161",
    "Attribute1": "Attr1",
    "Attribute2": "Attr2",
    "Attribute3": "Attr3",
    "Transaction": 22
  },
  {
    "Index": 2162,
    "ObjectId": "Obj2162",
    "Attribute1": "Attr1",
    "Attribute2": "Attr2",
    "Attribute3": "Attr3",
    "Transaction": 22
  },
  {
    "Index": 2163,
    "ObjectId": "Obj2163",
    "Attribute1": "Attr1",
    "Attribute2": "Attr2",
    "Attribute3": "Attr3",
    "Transaction": 22
  },
  {
    "Index": 2164,
    "ObjectId": "Obj2164",
    "Attribute1": "Attr1",
    "Attribute2": "Attr2",
    "Attribute3": "Attr3",
    "Transaction": 22
  },
  {
    "Index": 2165,
    "ObjectId": "Obj2165",
    "Attribute1": "Attr1",
    "Attribute2": "Attr2",
    "Attribute3": "Attr3",
    "Transaction": 22
  },
  {
    "Index": 2166,
    "ObjectId": "Obj2166",
    "Attribute1": "Attr1",
    "Attribute2": "Attr2",
    "Attribute3": "Attr3",
    "Transaction": 22
  },
  {
    "Index": 2167,
    "ObjectId": "Obj2167",
    "Attribute1": "Attr1",
    "Attribute2": "Attr2",
    "Attribute3": "Attr3",
    "Transaction": 22
  },
  {
    "Index": 2168,
    "ObjectId": "Obj2168",
    "Attribute1": "Attr1",
    "Attribute2": "Attr2",
    "Attribute3": "Attr3",
    "Transaction": 22
  },
  {
    "Index": 2169,
    "ObjectId": "Obj2169",
    "Attribute1": "Attr1",
    "Attribute2": "Attr2",
    "Attribute3": "Attr3",
    "Transaction": 22
  },
  {
    "Index": 2170,
    "ObjectId": "Obj2170",
    "Attribute1": "Attr1",
    "Attribute2": "Attr2",
    "Attribute3": "Attr3",
    "Transaction": 22
  },
  {
    "Index": 2171,
    "ObjectId": "Obj2171",
    "Attribute1": "Attr1",
    "Attribute2": "Attr2",
    "Attribute3": "Attr3",
    "Transaction": 22
  },
  {
    "Index": 2172,
    "ObjectId": "Obj2172",
    "Attribute1": "Attr1",
    "Attribute2": "Attr2",
    "Attribute3": "Attr3",
    "Transaction": 22
  },
  {
    "Index": 2173,
    "ObjectId": "Obj2173",
    "Attribute1": "Attr1",
    "Attribute2": "Attr2",
    "Attribute3": "Attr3",
    "Transaction": 22
  },
  {
    "Index": 2174,
    "ObjectId": "Obj2174",
    "Attribute1": "Attr1",
    "Attribute2": "Attr2",
    "Attribute3": "Attr3",
    "Transaction": 22
  },
  {
    "Index": 2175,
    "ObjectId": "Obj2175",
    "Attribute1": "Attr1",
    "Attribute2": "Attr2",
    "Attribute3": "Attr3",
    "Transaction": 22
  },
  {
    "Index": 2176,
    "ObjectId": "Obj2176",
    "Attribute1": "Attr1",
    "Attribute2": "Attr2",
    "Attribute3": "Attr3",
    "Transaction": 22
  },
  {
    "Index": 2177,
    "ObjectId": "Obj2177",
    "Attribute1": "Attr1",
    "Attribute2": "Attr2",
    "Attribute3": "Attr3",
    "Transaction": 22
  },
  {
    "Index": 2178,
    "ObjectId": "Obj2178",
    "Attribute1": "Attr1",
    "Attribute2": "Attr2",
    "Attribute3": "Attr3",
    "Transaction": 22
  },
  {
    "Index": 2179,
    "ObjectId": "Obj2179",
    "Attribute1": "Attr1",
    "Attribute2": "Attr2",
    "Attribute3": "Attr3",
    "Transaction": 22
  },
  {
    "Index": 2180,
    "ObjectId": "Obj2180",
    "Attribute1": "Attr1",
    "Attribute2": "Attr2",
    "Attribute3": "Attr3",
    "Transaction": 22
  },
  {
    "Index": 2181,
    "ObjectId": "Obj2181",
    "Attribute1": "Attr1",
    "Attribute2": "Attr2",
    "Attribute3": "Attr3",
    "Transaction": 22
  },
  {
    "Index": 2182,
    "ObjectId": "Obj2182",
    "Attribute1": "Attr1",
    "Attribute2": "Attr2",
    "Attribute3": "Attr3",
    "Transaction": 22
  },
  {
    "Index": 2183,
    "ObjectId": "Obj2183",
    "Attribute1": "Attr1",
    "Attribute2": "Attr2",
    "Attribute3": "Attr3",
    "Transaction": 22
  },
  {
    "Index": 2184,
    "ObjectId": "Obj2184",
    "Attribute1": "Attr1",
    "Attribute2": "Attr2",
    "Attribute3": "Attr3",
    "Transaction": 22
  },
  {
    "Index": 2185,
    "ObjectId": "Obj2185",
    "Attribute1": "Attr1",
    "Attribute2": "Attr2",
    "Attribute3": "Attr3",
    "Transaction": 22
  },
  {
    "Index": 2186,
    "ObjectId": "Obj2186",
    "Attribute1": "Attr1",
    "Attribute2": "Attr2",
    "Attribute3": "Attr3",
    "Transaction": 22
  },
  {
    "Index": 2187,
    "ObjectId": "Obj2187",
    "Attribute1": "Attr1",
    "Attribute2": "Attr2",
    "Attribute3": "Attr3",
    "Transaction": 22
  },
  {
    "Index": 2188,
    "ObjectId": "Obj2188",
    "Attribute1": "Attr1",
    "Attribute2": "Attr2",
    "Attribute3": "Attr3",
    "Transaction": 22
  },
  {
    "Index": 2189,
    "ObjectId": "Obj2189",
    "Attribute1": "Attr1",
    "Attribute2": "Attr2",
    "Attribute3": "Attr3",
    "Transaction": 22
  },
  {
    "Index": 2190,
    "ObjectId": "Obj2190",
    "Attribute1": "Attr1",
    "Attribute2": "Attr2",
    "Attribute3": "Attr3",
    "Transaction": 22
  },
  {
    "Index": 2191,
    "ObjectId": "Obj2191",
    "Attribute1": "Attr1",
    "Attribute2": "Attr2",
    "Attribute3": "Attr3",
    "Transaction": 22
  },
  {
    "Index": 2192,
    "ObjectId": "Obj2192",
    "Attribute1": "Attr1",
    "Attribute2": "Attr2",
    "Attribute3": "Attr3",
    "Transaction": 22
  },
  {
    "Index": 2193,
    "ObjectId": "Obj2193",
    "Attribute1": "Attr1",
    "Attribute2": "Attr2",
    "Attribute3": "Attr3",
    "Transaction": 22
  },
  {
    "Index": 2194,
    "ObjectId": "Obj2194",
    "Attribute1": "Attr1",
    "Attribute2": "Attr2",
    "Attribute3": "Attr3",
    "Transaction": 22
  },
  {
    "Index": 2195,
    "ObjectId": "Obj2195",
    "Attribute1": "Attr1",
    "Attribute2": "Attr2",
    "Attribute3": "Attr3",
    "Transaction": 22
  },
  {
    "Index": 2196,
    "ObjectId": "Obj2196",
    "Attribute1": "Attr1",
    "Attribute2": "Attr2",
    "Attribute3": "Attr3",
    "Transaction": 22
  },
  {
    "Index": 2197,
    "ObjectId": "Obj2197",
    "Attribute1": "Attr1",
    "Attribute2": "Attr2",
    "Attribute3": "Attr3",
    "Transaction": 22
  },
  {
    "Index": 2198,
    "ObjectId": "Obj2198",
    "Attribute1": "Attr1",
    "Attribute2": "Attr2",
    "Attribute3": "Attr3",
    "Transaction": 22
  },
  {
    "Index": 2199,
    "ObjectId": "Obj2199",
    "Attribute1": "Attr1",
    "Attribute2": "Attr2",
    "Attribute3": "Attr3",
    "Transaction": 22
  },
  {
    "Index": 2200,
    "ObjectId": "Obj2200",
    "Attribute1": "Attr1",
    "Attribute2": "Attr2",
    "Attribute3": "Attr3",
    "Transaction": 22
  }
]