[
  {
    "Index": 2601,
    "ObjectId": "Obj2601",
    "Attribute1": "Attr1",
    "Attribute2": "Attr2",
    "Attribute3": "Attr3",
    "Transaction": 27
  },
  {
    "Index": 2602,
    "ObjectId": "Obj2602",
    "Attribute1": "Attr1",
    "Attribute2": "Attr2",
    "Attribute3": "Attr3",
    "Transaction": 27
  },
  {
    "Index": 2603,
    "ObjectId": "Obj2603",
    "Attribute1": "Attr1",
    "Attribute2": "Attr2",
    "Attribute3": "Attr3",
    "Transaction": 27
  },
  {
    "Index": 2604,
    "ObjectId": "Obj2604",
    "Attribute1": "Attr1",
    "Attribute2": "Attr2",
    "Attribute3": "Attr3",
    "Transaction": 27
  },
  {
    "Index": 2605,
    "ObjectId": "Obj2605",
    "Attribute1": "Attr1",
    "Attribute2": "Attr2",
    "Attribute3": "Attr3",
    "Transaction": 27
  },
  {
    "Index": 2606,
    "ObjectId": "Obj2606",
    "Attribute1": "Attr1",
    "Attribute2": "Attr2",
    "Attribute3": "Attr3",
    "Transaction": 27
  },
  {
    "Index": 2607,
    "ObjectId": "Obj2607",
    "Attribute1": "Attr1",
    "Attribute2": "Attr2",
    "Attribute3": "Attr3",
    "Transaction": 27
  },
  {
    "Index": 2608,
    "ObjectId": "Obj2608",
    "Attribute1": "Attr1",
    "Attribute2": "Attr2",
    "Attribute3": "Attr3",
    "Transaction": 27
  },
  {
    "Index": 2609,
    "ObjectId": "Obj2609",
    "Attribute1": "Attr1",
    "Attribute2": "Attr2",
    "Attribute3": "Attr3",
    "Transaction": 27
  },
  {
    "Index": 2610,
    "ObjectId": "Obj2610",
    "Attribute1": "Attr1",
    "Attribute2": "Attr2",
    "Attribute3": "Attr3",
    "Transaction": 27
  },
  {
    "Index": 2611,
    "ObjectId": "Obj2611",
    "Attribute1": "Attr1",
    "Attribute2": "Attr2",
    "Attribute3": "Attr3",
    "Transaction": 27
  },
  {
    "Index": 2612,
    "ObjectId": "Obj2612",
    "Attribute1": "Attr1",
    "Attribute2": "Attr2",
    "Attribute3": "Attr3",
    "Transaction": 27
  },
  {
    "Index": 2613,
    "ObjectId": "Obj2613",
    "Attribute1": "Attr1",
    "Attribute2": "Attr2",
    "Attribute3": "Attr3",
    "Transaction": 27
  },
  {
    "Index": 2614,
    "ObjectId": "Obj2614",
    "Attribute1": "Attr1",
    "Attribute2": "Attr2",
    "Attribute3": "Attr3",
    "Transaction": 27
  },
  {
    "Index": 2615,
    "ObjectId": "Obj2615",
    "Attribute1": "Attr1",
    "Attribute2": "Attr2",
    "Attribute3": "Attr3",
    "Transaction": 27
  },
  {
    "Index": 2616,
    "ObjectId": "Obj2616",
    "Attribute1": "Attr1",
    "Attribute2": "Attr2",
    "Attribute3": "Attr3",
    "Transaction": 27
  },
  {
    "Index": 2617,
    "ObjectId": "Obj2617",
    "Attribute1": "Attr1",
    "Attribute2": "Attr2",
    "Attribute3": "Attr3",
    "Transaction": 27
  },
  {
    "Index": 2618,
    "ObjectId": "Obj2618",
    "Attribute1": "Attr1",
    "Attribute2": "Attr2",
    "Attribute3": "Attr3",
    "Transaction": 27
  },
  {
    "Index": 2619,
    "ObjectId": "Obj2619",
    "Attribute1": "Attr1",
    "Attribute2": "Attr2",
    "Attribute3": "Attr3",
    "Transaction": 27
  },
  {
    "Index": 2620,
    "ObjectId": "Obj2620",
    "Attribute1": "Attr1",
    "Attribute2": "Attr2",
    "Attribute3": "Attr3",
    "Transaction": 27
  },
  {
    "Index": 2621,
    "ObjectId": "Obj2621",
    "Attribute1": "Attr1",
    "Attribute2": "Attr2",
    "Attribute3": "Attr3",
    "Transaction": 27
  },
  {
    "Index": 2622,
    "ObjectId": "Obj2622",
    "Attribute1": "Attr1",
    "Attribute2": "Attr2",
    "Attribute3": "Attr3",
    "Transaction": 27
  },
  {
    "Index": 2623,
    "ObjectId": "Obj2623",
    "Attribute1": "Attr1",
    "Attribute2": "Attr2",
    "Attribute3": "Attr3",
    "Transaction": 27
  },
  {
    "Index": 2624,
    "ObjectId": "Obj2624",
    "Attribute1": "Attr1",
    "Attribute2": "Attr2",
    "Attribute3": "Attr3",
    "Transaction": 27
  },
  {
    "Index": 2625,
    "ObjectId": "Obj2625",
    "Attribute1": "Attr1",
    "Attribute2": "Attr2",
    "Attribute3": "Attr3",
    "Transaction": 27
  },
  {
    "Index": 2626,
    "ObjectId": "Obj2626",
    "Attribute1": "Attr1",
    "Attribute2": "Attr2",
    "Attribute3": "Attr3",
    "Transaction": 27
  },
  {
    "Index": 2627,
    "ObjectId": "Obj2627",
    "Attribute1": "Attr1",
    "Attribute2": "Attr2",
    "Attribute3": "Attr3",
    "Transaction": 27
  },
  {
    "Index": 2628,
    "ObjectId": "Obj2628",
    "Attribute1": "Attr1",
    "Attribute2": "Attr2",
    "Attribute3": "Attr3",
    "Transaction": 27
  },
  {
    "Index": 2629,
    "ObjectId": "Obj2629",
    "Attribute1": "Attr1",
    "Attribute2": "Attr2",
    "Attribute3": "Attr3",
    "Transaction": 27
  },
  {
    "Index": 2630,
    "ObjectId": "Obj2630",
    "Attribute1": "Attr1",
    "Attribute2": "Attr2",
    "Attribute3": "Attr3",
    "Transaction": 27
  },
  {
    "Index": 2631,
    "ObjectId": "Obj2631",
    "Attribute1": "Attr1",
    "Attribute2": "Attr2",
    "Attribute3": "Attr3",
    "Transaction": 27
  },
  {
    "Index": 2632,
    "ObjectId": "Obj2632",
    "Attribute1": "Attr1",
    "Attribute2": "Attr2",
    "Attribute3": "Attr3",
    "Transaction": 27
  },
  {
    "Index": 2633,
    "ObjectId": "Obj2633",
    "Attribute1": "Attr1",
    "Attribute2": "Attr2",
    "Attribute3": "Attr3",
    "Transaction": 27
  },
  {
    "Index": 2634,
    "ObjectId": "Obj2634",
    "Attribute1": "Attr1",
    "Attribute2": "Attr2",
    "Attribute3": "Attr3",
    "Transaction": 27
  },
  {
    "Index": 2635,
    "ObjectId": "Obj2635",
    "Attribute1": "Attr1",
    "Attribute2": "Attr2",
    "Attribute3": "Attr3",
    "Transaction": 27
  },
  {
    "Index": 2636,
    "ObjectId": "Obj2636",
    "Attribute1": "Attr1",
    "Attribute2": "Attr2",
    "Attribute3": "Attr3",
    "Transaction": 27
  },
  {
    "Index": 2637,
    "ObjectId": "Obj2637",
    "Attribute1": "Attr1",
    "Attribute2": "Attr2",
    "Attribute3": "Attr3",
    "Transaction": 27
  },
  {
    "Index": 2638,
    "ObjectId": "Obj2638",
    "Attribute1": "Attr1",
    "Attribute2": "Attr2",
    "Attribute3": "Attr3",
    "Transaction": 27
  },
  {
    "Index": 2639,
    "ObjectId": "Obj2639",
    "Attribute1": "Attr1",
    "Attribute2": "Attr2",
    "Attribute3": "Attr3",
    "Transaction": 27
  },
  {
    "Index": 2640,
    "ObjectId": "Obj2640",
    "Attribute1": "Attr1",
    "Attribute2": "Attr2",
    "Attribute3": "Attr3",
    "Transaction": 27
  },
  {
    "Index": 2641,
    "ObjectId": "Obj2641",
    "Attribute1": "Attr1",
    "Attribute2": "Attr2",
    "Attribute3": "Attr3",
    "Transaction": 27
  },
  {
    "Index": 2642,
    "ObjectId": "Obj2642",
    "Attribute1": "Attr1",
    "Attribute2": "Attr2",
    "Attribute3": "Attr3",
    "Transaction": 27
  },
  {
    "Index": 2643,
    "ObjectId": "Obj2643",
    "Attribute1": "Attr1",
    "Attribute2": "Attr2",
    "Attribute3": "Attr3",
    "Transaction": 27
  },
  {
    "Index": 2644,
    "ObjectId": "Obj2644",
    "Attribute1": "Attr1",
    "Attribute2": "Attr2",
    "Attribute3": "Attr3",
    "Transaction": 27
  },
  {
    "Index": 2645,
    "ObjectId": "Obj2645",
    "Attribute1": "Attr1",
    "Attribute2": "Attr2",
    "Attribute3": "Attr3",
    "Transaction": 27
  },
  {
    "Index": 2646,
    "ObjectId": "Obj2646",
    "Attribute1": "Attr1",
    "Attribute2": "Attr2",
    "Attribute3": "Attr3",
    "Transaction": 27
  },
  {
    "Index": 2647,
    "ObjectId": "Obj2647",
    "Attribute1": "Attr1",
    "Attribute2": "Attr2",
    "Attribute3": "Attr3",
    "Transaction": 27
  },
  {
    "Index": 2648,
    "ObjectId": "Obj2648",
    "Attribute1": "Attr1",
    "Attribute2": "Attr2",
    "Attribute3": "Attr3",
    "Transaction": 27
  },
  {
    "Index": 2649,
    "ObjectId": "Obj2649",
    "Attribute1": "Attr1",
    "Attribute2": "Attr2",
    "Attribute3": "Attr3",
    "Transaction": 27
  },
  {
    "Index": 2650,
    "ObjectId": "Obj2650",
    "Attribute1": "Attr1",
    "Attribute2": "Attr2",
    "Attribute3": "Attr3",
    "Transaction": 27
  },
  {
    "Index": 2651,
    "ObjectId": "Obj2651",
    "Attribute1": "Attr1",
    "Attribute2": "Attr2",
    "Attribute3": "Attr3",
    "Transaction": 27
  },
  {
    "Index": 2652,
    "ObjectId": "Obj2652",
    "Attribute1": "Attr1",
    "Attribute2": "Attr2",
    "Attribute3": "Attr3",
    "Transaction": 27
  },
  {
    "Index": 2653,
    "ObjectId": "Obj2653",
    "Attribute1": "Attr1",
    "Attribute2": "Attr2",
    "Attribute3": "Attr3",
    "Transaction": 27
  },
  {
    "Index": 2654,
    "ObjectId": "Obj2654",
    "Attribute1": "Attr1",
    "Attribute2": "Attr2",
    "Attribute3": "Attr3",
    "Transaction": 27
  },
  {
    "Index": 2655,
    "ObjectId": "Obj2655",
    "Attribute1": "Attr1",
    "Attribute2": "Attr2",
    "Attribute3": "Attr3",
    "Transaction": 27
  },
  {
    "Index": 2656,
    "ObjectId": "Obj2656",
    "Attribute1": "Attr1",
    "Attribute2": "Attr2",
    "Attribute3": "Attr3",
    "Transaction": 27
  },
  {
    "Index": 2657,
    "ObjectId": "Obj2657",
    "Attribute1": "Attr1",
    "Attribute2": "Attr2",
    "Attribute3": "Attr3",
    "Transaction": 27
  },
  {
    "Index": 2658,
    "ObjectId": "Obj2658",
    "Attribute1": "Attr1",
    "Attribute2": "Attr2",
    "Attribute3": "Attr3",
    "Transaction": 27
  },
  {
    "Index": 2659,
    "ObjectId": "Obj2659",
    "Attribute1": "Attr1",
    "Attribute2": "Attr2",
    "Attribute3": "Attr3",
    "Transaction": 27
  },
  {
    "Index": 2660,
    "ObjectId": "Obj2660",
    "Attribute1": "Attr1",
    "Attribute2": "Attr2",
    "Attribute3": "Attr3",
    "Transaction": 27
  },
  {
    "Index": 2661,
    "ObjectId": "Obj2661",
    "Attribute1": "Attr1",
    "Attribute2": "Attr2",
    "Attribute3": "Attr3",
    "Transaction": 27
  },
  {
    "Index": 2662,
    "ObjectId": "Obj2662",
    "Attribute1": "Attr1",
    "Attribute2": "Attr2",
    "Attribute3": "Attr3",
    "Transaction": 27
  },
  {
    "Index": 2663,
    "ObjectId": "Obj2663",
    "Attribute1": "Attr1",
    "Attribute2": "Attr2",
    "Attribute3": "Attr3",
    "Transaction": 27
  },
  {
    "Index": 2664,
    "ObjectId": "Obj2664",
    "Attribute1": "Attr1",
    "Attribute2": "Attr2",
    "Attribute3": "Attr3",
    "Transaction": 27
  },
  {
    "Index": 2665,
    "ObjectId": "Obj2665",
    "Attribute1": "Attr1",
    "Attribute2": "Attr2",
    "Attribute3": "Attr3",
    "Transaction": 27
  },
  {
    "Index": 2666,
    "ObjectId": "Obj2666",
    "Attribute1": "Attr1",
    "Attribute2": "Attr2",
    "Attribute3": "Attr3",
    "Transaction": 27
  },
  {
    "Index": 2667,
    "ObjectId": "Obj2667",
    "Attribute1": "Attr1",
    "Attribute2": "Attr2",
    "Attribute3": "Attr3",
    "Transaction": 27
  },
  {
    "Index": 2668,
    "ObjectId": "Obj2668",
    "Attribute1": "Attr1",
    "Attribute2": "Attr2",
    "Attribute3": "Attr3",
    "Transaction": 27
  },
  {
    "Index": 2669,
    "ObjectId": "Obj2669",
    "Attribute1": "Attr1",
    "Attribute2": "Attr2",
    "Attribute3": "Attr3",
    "Transaction": 27
  },
  {
    "Index": 2670,
    "ObjectId": "Obj2670",
    "Attribute1": "Attr1",
    "Attribute2": "Attr2",
    "Attribute3": "Attr3",
    "Transaction": 27
  },
  {
    "Index": 2671,
    "ObjectId": "Obj2671",
    "Attribute1": "Attr1",
    "Attribute2": "Attr2",
    "Attribute3": "Attr3",
    "Transaction": 27
  },
  {
    "Index": 2672,
    "ObjectId": "Obj2672",
    "Attribute1": "Attr1",
    "Attribute2": "Attr2",
    "Attribute3": "Attr3",
    "Transaction": 27
  },
  {
    "Index": 2673,
    "ObjectId": "Obj2673",
    "Attribute1": "Attr1",
    "Attribute2": "Attr2",
    "Attribute3": "Attr3",
    "Transaction": 27
  },
  {
    "Index": 2674,
    "ObjectId": "Obj2674",
    "Attribute1": "Attr1",
    "Attribute2": "Attr2",
    "Attribute3": "Attr3",
    "Transaction": 27
  },
  {
    "Index": 2675,
    "ObjectId": "Obj2675",
    "Attribute1": "Attr1",
    "Attribute2": "Attr2",
    "Attribute3": "Attr3",
    "Transaction": 27
  },
  {
    "Index": 2676,
    "ObjectId": "Obj2676",
    "Attribute1": "Attr1",
    "Attribute2": "Attr2",
    "Attribute3": "Attr3",
    "Transaction": 27
  },
  {
    "Index": 2677,
    "ObjectId": "Obj2677",
    "Attribute1": "Attr1",
    "Attribute2": "Attr2",
    "Attribute3": "Attr3",
    "Transaction": 27
  },
  {
    "Index": 2678,
    "ObjectId": "Obj2678",
    "Attribute1": "Attr1",
    "Attribute2": "Attr2",
    "Attribute3": "Attr3",
    "Transaction": 27
  },
  {
    "Index": 2679,
    "ObjectId": "Obj2679",
    "Attribute1": "Attr1",
    "Attribute2": "Attr2",
    "Attribute3": "Attr3",
    "Transaction": 27
  },
  {
    "Index": 2680,
    "ObjectId": "Obj2680",
    "Attribute1": "Attr1",
    "Attribute2": "Attr2",
    "Attribute3": "Attr3",
    "Transaction": 27
  },
  {
    "Index": 2681,
    "ObjectId": "Obj2681",
    "Attribute1": "Attr1",
    "Attribute2": "Attr2",
    "Attribute3": "Attr3",
    "Transaction": 27
  },
  {
    "Index": 2682,
    "ObjectId": "Obj2682",
    "Attribute1": "Attr1",
    "Attribute2": "Attr2",
    "Attribute3": "Attr3",
    "Transaction": 27
  },
  {
    "Index": 2683,
    "ObjectId": "Obj2683",
    "Attribute1": "Attr1",
    "Attribute2": "Attr2",
    "Attribute3": "Attr3",
    "Transaction": 27
  },
  {
    "Index": 2684,
    "ObjectId": "Obj2684",
    "Attribute1": "Attr1",
    "Attribute2": "Attr2",
    "Attribute3": "Attr3",
    "Transaction": 27
  },
  {
    "Index": 2685,
    "ObjectId": "Obj2685",
    "Attribute1": "Attr1",
    "Attribute2": "Attr2",
    "Attribute3": "Attr3",
    "Transaction": 27
  },
  {
    "Index": 2686,
    "ObjectId": "Obj2686",
    "Attribute1": "Attr1",
    "Attribute2": "Attr2",
    "Attribute3": "Attr3",
    "Transaction": 27
  },
  {
    "Index": 2687,
    "ObjectId": "Obj2687",
    "Attribute1": "Attr1",
    "Attribute2": "Attr2",
    "Attribute3": "Attr3",
    "Transaction": 27
  },
  {
    "Index": 2688,
    "ObjectId": "Obj2688",
    "Attribute1": "Attr1",
    "Attribute2": "Attr2",
    "Attribute3": "Attr3",
    "Transaction": 27
  },
  {
    "Index": 2689,
    "ObjectId": "Obj2689",
    "Attribute1": "Attr1",
    "Attribute2": "Attr2",
    "Attribute3": "Attr3",
    "Transaction": 27
  },
  {
    "Index": 2690,
    "ObjectId": "Obj2690",
    "Attribute1": "Attr1",
    "Attribute2": "Attr2",
    "Attribute3": "Attr3",
    "Transaction": 27
  },
  {
    "Index": 2691,
    "ObjectId": "Obj2691",
    "Attribute1": "Attr1",
    "Attribute2": "Attr2",
    "Attribute3": "Attr3",
    "Transaction": 27
  },
  {
    "Index": 2692,
    "ObjectId": "Obj2692",
    "Attribute1": "Attr1",
    "Attribute2": "Attr2",
    "Attribute3": "Attr3",
    "Transaction": 27
  },
  {
    "Index": 2693,
    "ObjectId": "Obj2693",
    "Attribute1": "Attr1",
    "Attribute2": "Attr2",
    "Attribute3": "Attr3",
    "Transaction": 27
  },
  {
    "Index": 2694,
    "ObjectId": "Obj2694",
    "Attribute1": "Attr1",
    "Attribute2": "Attr2",
    "Attribute3": "Attr3",
    "Transaction": 27
  },
  {
    "Index": 2695,
    "ObjectId": "Obj2695",
    "Attribute1": "Attr1",
    "Attribute2": "Attr2",
    "Attribute3": "Attr3",
    "Transaction": 27
  },
  {
    "Index": 2696,
    "ObjectId": "Obj2696",
    "Attribute1": "Attr1",
    "Attribute2": "Attr2",
    "Attribute3": "Attr3",
    "Transaction": 27
  },
  {
    "Index": 2697,
    "ObjectId": "Obj2697",
    "Attribute1": "Attr1",
    "Attribute2": "Attr2",
    "Attribute3": "Attr3",
    "Transaction": 27
  },
  {
    "Index": 2698,
    "ObjectId": "Obj2698",
    "Attribute1": "Attr1",
    "Attribute2": "Attr2",
    "Attribute3": "Attr3",
    "Transaction": 27
  },
  {
    "Index": 2699,
    "ObjectId": "Obj2699",
    "Attribute1": "Attr1",
    "Attribute2": "Attr2",
    "Attribute3": "Attr3",
    "Transaction": 27
  },
  {
    "Index": 2700,
    "ObjectId": "Obj2700",
    "Attribute1": "Attr1",
    "Attribute2": "Attr2",
    "Attribute3": "Attr3",
    "Transaction": 27
  }
]