[
  {
    "Index": 8001,
    "ObjectId": "Obj8001",
    "Attribute1": "Attr1",
    "Attribute2": "Attr2",
    "Attribute3": "Attr3",
    "Transaction": 81
  },
  {
    "Index": 8002,
    "ObjectId": "Obj8002",
    "Attribute1": "Attr1",
    "Attribute2": "Attr2",
    "Attribute3": "Attr3",
    "Transaction": 81
  },
  {
    "Index": 8003,
    "ObjectId": "Obj8003",
    "Attribute1": "Attr1",
    "Attribute2": "Attr2",
    "Attribute3": "Attr3",
    "Transaction": 81
  },
  {
    "Index": 8004,
    "ObjectId": "Obj8004",
    "Attribute1": "Attr1",
    "Attribute2": "Attr2",
    "Attribute3": "Attr3",
    "Transaction": 81
  },
  {
    "Index": 8005,
    "ObjectId": "Obj8005",
    "Attribute1": "Attr1",
    "Attribute2": "Attr2",
    "Attribute3": "Attr3",
    "Transaction": 81
  },
  {
    "Index": 8006,
    "ObjectId": "Obj8006",
    "Attribute1": "Attr1",
    "Attribute2": "Attr2",
    "Attribute3": "Attr3",
    "Transaction": 81
  },
  {
    "Index": 8007,
    "ObjectId": "Obj8007",
    "Attribute1": "Attr1",
    "Attribute2": "Attr2",
    "Attribute3": "Attr3",
    "Transaction": 81
  },
  {
    "Index": 8008,
    "ObjectId": "Obj8008",
    "Attribute1": "Attr1",
    "Attribute2": "Attr2",
    "Attribute3": "Attr3",
    "Transaction": 81
  },
  {
    "Index": 8009,
    "ObjectId": "Obj8009",
    "Attribute1": "Attr1",
    "Attribute2": "Attr2",
    "Attribute3": "Attr3",
    "Transaction": 81
  },
  {
    "Index": 8010,
    "ObjectId": "Obj8010",
    "Attribute1": "Attr1",
    "Attribute2": "Attr2",
    "Attribute3": "Attr3",
    "Transaction": 81
  },
  {
    "Index": 8011,
    "ObjectId": "Obj8011",
    "Attribute1": "Attr1",
    "Attribute2": "Attr2",
    "Attribute3": "Attr3",
    "Transaction": 81
  },
  {
    "Index": 8012,
    "ObjectId": "Obj8012",
    "Attribute1": "Attr1",
    "Attribute2": "Attr2",
    "Attribute3": "Attr3",
    "Transaction": 81
  },
  {
    "Index": 8013,
    "ObjectId": "Obj8013",
    "Attribute1": "Attr1",
    "Attribute2": "Attr2",
    "Attribute3": "Attr3",
    "Transaction": 81
  },
  {
    "Index": 8014,
    "ObjectId": "Obj8014",
    "Attribute1": "Attr1",
    "Attribute2": "Attr2",
    "Attribute3": "Attr3",
    "Transaction": 81
  },
  {
    "Index": 8015,
    "ObjectId": "Obj8015",
    "Attribute1": "Attr1",
    "Attribute2": "Attr2",
    "Attribute3": "Attr3",
    "Transaction": 81
  },
  {
    "Index": 8016,
    "ObjectId": "Obj8016",
    "Attribute1": "Attr1",
    "Attribute2": "Attr2",
    "Attribute3": "Attr3",
    "Transaction": 81
  },
  {
    "Index": 8017,
    "ObjectId": "Obj8017",
    "Attribute1": "Attr1",
    "Attribute2": "Attr2",
    "Attribute3": "Attr3",
    "Transaction": 81
  },
  {
    "Index": 8018,
    "ObjectId": "Obj8018",
    "Attribute1": "Attr1",
    "Attribute2": "Attr2",
    "Attribute3": "Attr3",
    "Transaction": 81
  },
  {
    "Index": 8019,
    "ObjectId": "Obj8019",
    "Attribute1": "Attr1",
    "Attribute2": "Attr2",
    "Attribute3": "Attr3",
    "Transaction": 81
  },
  {
    "Index": 8020,
    "ObjectId": "Obj8020",
    "Attribute1": "Attr1",
    "Attribute2": "Attr2",
    "Attribute3": "Attr3",
    "Transaction": 81
  },
  {
    "Index": 8021,
    "ObjectId": "Obj8021",
    "Attribute1": "Attr1",
    "Attribute2": "Attr2",
    "Attribute3": "Attr3",
    "Transaction": 81
  },
  {
    "Index": 8022,
    "ObjectId": "Obj8022",
    "Attribute1": "Attr1",
    "Attribute2": "Attr2",
    "Attribute3": "Attr3",
    "Transaction": 81
  },
  {
    "Index": 8023,
    "ObjectId": "Obj8023",
    "Attribute1": "Attr1",
    "Attribute2": "Attr2",
    "Attribute3": "Attr3",
    "Transaction": 81
  },
  {
    "Index": 8024,
    "ObjectId": "Obj8024",
    "Attribute1": "Attr1",
    "Attribute2": "Attr2",
    "Attribute3": "Attr3",
    "Transaction": 81
  },
  {
    "Index": 8025,
    "ObjectId": "Obj8025",
    "Attribute1": "Attr1",
    "Attribute2": "Attr2",
    "Attribute3": "Attr3",
    "Transaction": 81
  },
  {
    "Index": 8026,
    "ObjectId": "Obj8026",
    "Attribute1": "Attr1",
    "Attribute2": "Attr2",
    "Attribute3": "Attr3",
    "Transaction": 81
  },
  {
    "Index": 8027,
    "ObjectId": "Obj8027",
    "Attribute1": "Attr1",
    "Attribute2": "Attr2",
    "Attribute3": "Attr3",
    "Transaction": 81
  },
  {
    "Index": 8028,
    "ObjectId": "Obj8028",
    "Attribute1": "Attr1",
    "Attribute2": "Attr2",
    "Attribute3": "Attr3",
    "Transaction": 81
  },
  {
    "Index": 8029,
    "ObjectId": "Obj8029",
    "Attribute1": "Attr1",
    "Attribute2": "Attr2",
    "Attribute3": "Attr3",
    "Transaction": 81
  },
  {
    "Index": 8030,
    "ObjectId": "Obj8030",
    "Attribute1": "Attr1",
    "Attribute2": "Attr2",
    "Attribute3": "Attr3",
    "Transaction": 81
  },
  {
    "Index": 8031,
    "ObjectId": "Obj8031",
    "Attribute1": "Attr1",
    "Attribute2": "Attr2",
    "Attribute3": "Attr3",
    "Transaction": 81
  },
  {
    "Index": 8032,
    "ObjectId": "Obj8032",
    "Attribute1": "Attr1",
    "Attribute2": "Attr2",
    "Attribute3": "Attr3",
    "Transaction": 81
  },
  {
    "Index": 8033,
    "ObjectId": "Obj8033",
    "Attribute1": "Attr1",
    "Attribute2": "Attr2",
    "Attribute3": "Attr3",
    "Transaction": 81
  },
  {
    "Index": 8034,
    "ObjectId": "Obj8034",
    "Attribute1": "Attr1",
    "Attribute2": "Attr2",
    "Attribute3": "Attr3",
    "Transaction": 81
  },
  {
    "Index": 8035,
    "ObjectId": "Obj8035",
    "Attribute1": "Attr1",
    "Attribute2": "Attr2",
    "Attribute3": "Attr3",
    "Transaction": 81
  },
  {
    "Index": 8036,
    "ObjectId": "Obj8036",
    "Attribute1": "Attr1",
    "Attribute2": "Attr2",
    "Attribute3": "Attr3",
    "Transaction": 81
  },
  {
    "Index": 8037,
    "ObjectId": "Obj8037",
    "Attribute1": "Attr1",
    "Attribute2": "Attr2",
    "Attribute3": "Attr3",
    "Transaction": 81
  },
  {
    "Index": 8038,
    "ObjectId": "Obj8038",
    "Attribute1": "Attr1",
    "Attribute2": "Attr2",
    "Attribute3": "Attr3",
    "Transaction": 81
  },
  {
    "Index": 8039,
    "ObjectId": "Obj8039",
    "Attribute1": "Attr1",
    "Attribute2": "Attr2",
    "Attribute3": "Attr3",
    "Transaction": 81
  },
  {
    "Index": 8040,
    "ObjectId": "Obj8040",
    "Attribute1": "Attr1",
    "Attribute2": "Attr2",
    "Attribute3": "Attr3",
    "Transaction": 81
  },
  {
    "Index": 8041,
    "ObjectId": "Obj8041",
    "Attribute1": "Attr1",
    "Attribute2": "Attr2",
    "Attribute3": "Attr3",
    "Transaction": 81
  },
  {
    "Index": 8042,
    "ObjectId": "Obj8042",
    "Attribute1": "Attr1",
    "Attribute2": "Attr2",
    "Attribute3": "Attr3",
    "Transaction": 81
  },
  {
    "Index": 8043,
    "ObjectId": "Obj8043",
    "Attribute1": "Attr1",
    "Attribute2": "Attr2",
    "Attribute3": "Attr3",
    "Transaction": 81
  },
  {
    "Index": 8044,
    "ObjectId": "Obj8044",
    "Attribute1": "Attr1",
    "Attribute2": "Attr2",
    "Attribute3": "Attr3",
    "Transaction": 81
  },
  {
    "Index": 8045,
    "ObjectId": "Obj8045",
    "Attribute1": "Attr1",
    "Attribute2": "Attr2",
    "Attribute3": "Attr3",
    "Transaction": 81
  },
  {
    "Index": 8046,
    "ObjectId": "Obj8046",
    "Attribute1": "Attr1",
    "Attribute2": "Attr2",
    "Attribute3": "Attr3",
    "Transaction": 81
  },
  {
    "Index": 8047,
    "ObjectId": "Obj8047",
    "Attribute1": "Attr1",
    "Attribute2": "Attr2",
    "Attribute3": "Attr3",
    "Transaction": 81
  },
  {
    "Index": 8048,
    "ObjectId": "Obj8048",
    "Attribute1": "Attr1",
    "Attribute2": "Attr2",
    "Attribute3": "Attr3",
    "Transaction": 81
  },
  {
    "Index": 8049,
    "ObjectId": "Obj8049",
    "Attribute1": "Attr1",
    "Attribute2": "Attr2",
    "Attribute3": "Attr3",
    "Transaction": 81
  },
  {
    "Index": 8050,
    "ObjectId": "Obj8050",
    "Attribute1": "Attr1",
    "Attribute2": "Attr2",
    "Attribute3": "Attr3",
    "Transaction": 81
  },
  {
    "Index": 8051,
    "ObjectId": "Obj8051",
    "Attribute1": "Attr1",
    "Attribute2": "Attr2",
    "Attribute3": "Attr3",
    "Transaction": 81
  },
  {
    "Index": 8052,
    "ObjectId": "Obj8052",
    "Attribute1": "Attr1",
    "Attribute2": "Attr2",
    "Attribute3": "Attr3",
    "Transaction": 81
  },
  {
    "Index": 8053,
    "ObjectId": "Obj8053",
    "Attribute1": "Attr1",
    "Attribute2": "Attr2",
    "Attribute3": "Attr3",
    "Transaction": 81
  },
  {
    "Index": 8054,
    "ObjectId": "Obj8054",
    "Attribute1": "Attr1",
    "Attribute2": "Attr2",
    "Attribute3": "Attr3",
    "Transaction": 81
  },
  {
    "Index": 8055,
    "ObjectId": "Obj8055",
    "Attribute1": "Attr1",
    "Attribute2": "Attr2",
    "Attribute3": "Attr3",
    "Transaction": 81
  },
  {
    "Index": 8056,
    "ObjectId": "Obj8056",
    "Attribute1": "Attr1",
    "Attribute2": "Attr2",
    "Attribute3": "Attr3",
    "Transaction": 81
  },
  {
    "Index": 8057,
    "ObjectId": "Obj8057",
    "Attribute1": "Attr1",
    "Attribute2": "Attr2",
    "Attribute3": "Attr3",
    "Transaction": 81
  },
  {
    "Index": 8058,
    "ObjectId": "Obj8058",
    "Attribute1": "Attr1",
    "Attribute2": "Attr2",
    "Attribute3": "Attr3",
    "Transaction": 81
  },
  {
    "Index": 8059,
    "ObjectId": "Obj8059",
    "Attribute1": "Attr1",
    "Attribute2": "Attr2",
    "Attribute3": "Attr3",
    "Transaction": 81
  },
  {
    "Index": 8060,
    "ObjectId": "Obj8060",
    "Attribute1": "Attr1",
    "Attribute2": "Attr2",
    "Attribute3": "Attr3",
    "Transaction": 81
  },
  {
    "Index": 8061,
    "ObjectId": "Obj8061",
    "Attribute1": "Attr1",
    "Attribute2": "Attr2",
    "Attribute3": "Attr3",
    "Transaction": 81
  },
  {
    "Index": 8062,
    "ObjectId": "Obj8062",
    "Attribute1": "Attr1",
    "Attribute2": "Attr2",
    "Attribute3": "Attr3",
    "Transaction": 81
  },
  {
    "Index": 8063,
    "ObjectId": "Obj8063",
    "Attribute1": "Attr1",
    "Attribute2": "Attr2",
    "Attribute3": "Attr3",
    "Transaction": 81
  },
  {
    "Index": 8064,
    "ObjectId": "Obj8064",
    "Attribute1": "Attr1",
    "Attribute2": "Attr2",
    "Attribute3": "Attr3",
    "Transaction": 81
  },
  {
    "Index": 8065,
    "ObjectId": "Obj8065",
    "Attribute1": "Attr1",
    "Attribute2": "Attr2",
    "Attribute3": "Attr3",
    "Transaction": 81
  },
  {
    "Index": 8066,
    "ObjectId": "Obj8066",
    "Attribute1": "Attr1",
    "Attribute2": "Attr2",
    "Attribute3": "Attr3",
    "Transaction": 81
  },
  {
    "Index": 8067,
    "ObjectId": "Obj8067",
    "Attribute1": "Attr1",
    "Attribute2": "Attr2",
    "Attribute3": "Attr3",
    "Transaction": 81
  },
  {
    "Index": 8068,
    "ObjectId": "Obj8068",
    "Attribute1": "Attr1",
    "Attribute2": "Attr2",
    "Attribute3": "Attr3",
    "Transaction": 81
  },
  {
    "Index": 8069,
    "ObjectId": "Obj8069",
    "Attribute1": "Attr1",
    "Attribute2": "Attr2",
    "Attribute3": "Attr3",
    "Transaction": 81
  },
  {
    "Index": 8070,
    "ObjectId": "Obj8070",
    "Attribute1": "Attr1",
    "Attribute2": "Attr2",
    "Attribute3": "Attr3",
    "Transaction": 81
  },
  {
    "Index": 8071,
    "ObjectId": "Obj8071",
    "Attribute1": "Attr1",
    "Attribute2": "Attr2",
    "Attribute3": "Attr3",
    "Transaction": 81
  },
  {
    "Index": 8072,
    "ObjectId": "Obj8072",
    "Attribute1": "Attr1",
    "Attribute2": "Attr2",
    "Attribute3": "Attr3",
    "Transaction": 81
  },
  {
    "Index": 8073,
    "ObjectId": "Obj8073",
    "Attribute1": "Attr1",
    "Attribute2": "Attr2",
    "Attribute3": "Attr3",
    "Transaction": 81
  },
  {
    "Index": 8074,
    "ObjectId": "Obj8074",
    "Attribute1": "Attr1",
    "Attribute2": "Attr2",
    "Attribute3": "Attr3",
    "Transaction": 81
  },
  {
    "Index": 8075,
    "ObjectId": "Obj8075",
    "Attribute1": "Attr1",
    "Attribute2": "Attr2",
    "Attribute3": "Attr3",
    "Transaction": 81
  },
  {
    "Index": 8076,
    "ObjectId": "Obj8076",
    "Attribute1": "Attr1",
    "Attribute2": "Attr2",
    "Attribute3": "Attr3",
    "Transaction": 81
  },
  {
    "Index": 8077,
    "ObjectId": "Obj8077",
    "Attribute1": "Attr1",
    "Attribute2": "Attr2",
    "Attribute3": "Attr3",
    "Transaction": 81
  },
  {
    "Index": 8078,
    "ObjectId": "Obj8078",
    "Attribute1": "Attr1",
    "Attribute2": "Attr2",
    "Attribute3": "Attr3",
    "Transaction": 81
  },
  {
    "Index": 8079,
    "ObjectId": "Obj8079",
    "Attribute1": "Attr1",
    "Attribute2": "Attr2",
    "Attribute3": "Attr3",
    "Transaction": 81
  },
  {
    "Index": 8080,
    "ObjectId": "Obj8080",
    "Attribute1": "Attr1",
    "Attribute2": "Attr2",
    "Attribute3": "Attr3",
    "Transaction": 81
  },
  {
    "Index": 8081,
    "ObjectId": "Obj8081",
    "Attribute1": "Attr1",
    "Attribute2": "Attr2",
    "Attribute3": "Attr3",
    "Transaction": 81
  },
  {
    "Index": 8082,
    "ObjectId": "Obj8082",
    "Attribute1": "Attr1",
    "Attribute2": "Attr2",
    "Attribute3": "Attr3",
    "Transaction": 81
  },
  {
    "Index": 8083,
    "ObjectId": "Obj8083",
    "Attribute1": "Attr1",
    "Attribute2": "Attr2",
    "Attribute3": "Attr3",
    "Transaction": 81
  },
  {
    "Index": 8084,
    "ObjectId": "Obj8084",
    "Attribute1": "Attr1",
    "Attribute2": "Attr2",
    "Attribute3": "Attr3",
    "Transaction": 81
  },
  {
    "Index": 8085,
    "ObjectId": "Obj8085",
    "Attribute1": "Attr1",
    "Attribute2": "Attr2",
    "Attribute3": "Attr3",
    "Transaction": 81
  },
  {
    "Index": 8086,
    "ObjectId": "Obj8086",
    "Attribute1": "Attr1",
    "Attribute2": "Attr2",
    "Attribute3": "Attr3",
    "Transaction": 81
  },
  {
    "Index": 8087,
    "ObjectId": "Obj8087",
    "Attribute1": "Attr1",
    "Attribute2": "Attr2",
    "Attribute3": "Attr3",
    "Transaction": 81
  },
  {
    "Index": 8088,
    "ObjectId": "Obj8088",
    "Attribute1": "Attr1",
    "Attribute2": "Attr2",
    "Attribute3": "Attr3",
    "Transaction": 81
  },
  {
    "Index": 8089,
    "ObjectId": "Obj8089",
    "Attribute1": "Attr1",
    "Attribute2": "Attr2",
    "Attribute3": "Attr3",
    "Transaction": 81
  },
  {
    "Index": 8090,
    "ObjectId": "Obj8090",
    "Attribute1": "Attr1",
    "Attribute2": "Attr2",
    "Attribute3": "Attr3",
    "Transaction": 81
  },
  {
    "Index": 8091,
    "ObjectId": "Obj8091",
    "Attribute1": "Attr1",
    "Attribute2": "Attr2",
    "Attribute3": "Attr3",
    "Transaction": 81
  },
  {
    "Index": 8092,
    "ObjectId": "Obj8092",
    "Attribute1": "Attr1",
    "Attribute2": "Attr2",
    "Attribute3": "Attr3",
    "Transaction": 81
  },
  {
    "Index": 8093,
    "ObjectId": "Obj8093",
    "Attribute1": "Attr1",
    "Attribute2": "Attr2",
    "Attribute3": "Attr3",
    "Transaction": 81
  },
  {
    "Index": 8094,
    "ObjectId": "Obj8094",
    "Attribute1": "Attr1",
    "Attribute2": "Attr2",
    "Attribute3": "Attr3",
    "Transaction": 81
  },
  {
    "Index": 8095,
    "ObjectId": "Obj8095",
    "Attribute1": "Attr1",
    "Attribute2": "Attr2",
    "Attribute3": "Attr3",
    "Transaction": 81
  },
  {
    "Index": 8096,
    "ObjectId": "Obj8096",
    "Attribute1": "Attr1",
    "Attribute2": "Attr2",
    "Attribute3": "Attr3",
    "Transaction": 81
  },
  {
    "Index": 8097,
    "ObjectId": "Obj8097",
    "Attribute1": "Attr1",
    "Attribute2": "Attr2",
    "Attribute3": "Attr3",
    "Transaction": 81
  },
  {
    "Index": 8098,
    "ObjectId": "Obj8098",
    "Attribute1": "Attr1",
    "Attribute2": "Attr2",
    "Attribute3": "Attr3",
    "Transaction": 81
  },
  {
    "Index": 8099,
    "ObjectId": "Obj8099",
    "Attribute1": "Attr1",
    "Attribute2": "Attr2",
    "Attribute3": "Attr3",
    "Transaction": 81
  },
  {
    "Index": 8100,
    "ObjectId": "Obj8100",
    "Attribute1": "Attr1",
    "Attribute2": "Attr2",
    "Attribute3": "Attr3",
    "Transaction": 81
  }
]