[
  {
    "Index": 8901,
    "ObjectId": "Obj8901",
    "Attribute1": "Attr1",
    "Attribute2": "Attr2",
    "Attribute3": "Attr3",
    "Transaction": 90
  },
  {
    "Index": 8902,
    "ObjectId": "Obj8902",
    "Attribute1": "Attr1",
    "Attribute2": "Attr2",
    "Attribute3": "Attr3",
    "Transaction": 90
  },
  {
    "Index": 8903,
    "ObjectId": "Obj8903",
    "Attribute1": "Attr1",
    "Attribute2": "Attr2",
    "Attribute3": "Attr3",
    "Transaction": 90
  },
  {
    "Index": 8904,
    "ObjectId": "Obj8904",
    "Attribute1": "Attr1",
    "Attribute2": "Attr2",
    "Attribute3": "Attr3",
    "Transaction": 90
  },
  {
    "Index": 8905,
    "ObjectId": "Obj8905",
    "Attribute1": "Attr1",
    "Attribute2": "Attr2",
    "Attribute3": "Attr3",
    "Transaction": 90
  },
  {
    "Index": 8906,
    "ObjectId": "Obj8906",
    "Attribute1": "Attr1",
    "Attribute2": "Attr2",
    "Attribute3": "Attr3",
    "Transaction": 90
  },
  {
    "Index": 8907,
    "ObjectId": "Obj8907",
    "Attribute1": "Attr1",
    "Attribute2": "Attr2",
    "Attribute3": "Attr3",
    "Transaction": 90
  },
  {
    "Index": 8908,
    "ObjectId": "Obj8908",
    "Attribute1": "Attr1",
    "Attribute2": "Attr2",
    "Attribute3": "Attr3",
    "Transaction": 90
  },
  {
    "Index": 8909,
    "ObjectId": "Obj8909",
    "Attribute1": "Attr1",
    "Attribute2": "Attr2",
    "Attribute3": "Attr3",
    "Transaction": 90
  },
  {
    "Index": 8910,
    "ObjectId": "Obj8910",
    "Attribute1": "Attr1",
    "Attribute2": "Attr2",
    "Attribute3": "Attr3",
    "Transaction": 90
  },
  {
    "Index": 8911,
    "ObjectId": "Obj8911",
    "Attribute1": "Attr1",
    "Attribute2": "Attr2",
    "Attribute3": "Attr3",
    "Transaction": 90
  },
  {
    "Index": 8912,
    "ObjectId": "Obj8912",
    "Attribute1": "Attr1",
    "Attribute2": "Attr2",
    "Attribute3": "Attr3",
    "Transaction": 90
  },
  {
    "Index": 8913,
    "ObjectId": "Obj8913",
    "Attribute1": "Attr1",
    "Attribute2": "Attr2",
    "Attribute3": "Attr3",
    "Transaction": 90
  },
  {
    "Index": 8914,
    "ObjectId": "Obj8914",
    "Attribute1": "Attr1",
    "Attribute2": "Attr2",
    "Attribute3": "Attr3",
    "Transaction": 90
  },
  {
    "Index": 8915,
    "ObjectId": "Obj8915",
    "Attribute1": "Attr1",
    "Attribute2": "Attr2",
    "Attribute3": "Attr3",
    "Transaction": 90
  },
  {
    "Index": 8916,
    "ObjectId": "Obj8916",
    "Attribute1": "Attr1",
    "Attribute2": "Attr2",
    "Attribute3": "Attr3",
    "Transaction": 90
  },
  {
    "Index": 8917,
    "ObjectId": "Obj8917",
    "Attribute1": "Attr1",
    "Attribute2": "Attr2",
    "Attribute3": "Attr3",
    "Transaction": 90
  },
  {
    "Index": 8918,
    "ObjectId": "Obj8918",
    "Attribute1": "Attr1",
    "Attribute2": "Attr2",
    "Attribute3": "Attr3",
    "Transaction": 90
  },
  {
    "Index": 8919,
    "ObjectId": "Obj8919",
    "Attribute1": "Attr1",
    "Attribute2": "Attr2",
    "Attribute3": "Attr3",
    "Transaction": 90
  },
  {
    "Index": 8920,
    "ObjectId": "Obj8920",
    "Attribute1": "Attr1",
    "Attribute2": "Attr2",
    "Attribute3": "Attr3",
    "Transaction": 90
  },
  {
    "Index": 8921,
    "ObjectId": "Obj8921",
    "Attribute1": "Attr1",
    "Attribute2": "Attr2",
    "Attribute3": "Attr3",
    "Transaction": 90
  },
  {
    "Index": 8922,
    "ObjectId": "Obj8922",
    "Attribute1": "Attr1",
    "Attribute2": "Attr2",
    "Attribute3": "Attr3",
    "Transaction": 90
  },
  {
    "Index": 8923,
    "ObjectId": "Obj8923",
    "Attribute1": "Attr1",
    "Attribute2": "Attr2",
    "Attribute3": "Attr3",
    "Transaction": 90
  },
  {
    "Index": 8924,
    "ObjectId": "Obj8924",
    "Attribute1": "Attr1",
    "Attribute2": "Attr2",
    "Attribute3": "Attr3",
    "Transaction": 90
  },
  {
    "Index": 8925,
    "ObjectId": "Obj8925",
    "Attribute1": "Attr1",
    "Attribute2": "Attr2",
    "Attribute3": "Attr3",
    "Transaction": 90
  },
  {
    "Index": 8926,
    "ObjectId": "Obj8926",
    "Attribute1": "Attr1",
    "Attribute2": "Attr2",
    "Attribute3": "Attr3",
    "Transaction": 90
  },
  {
    "Index": 8927,
    "ObjectId": "Obj8927",
    "Attribute1": "Attr1",
    "Attribute2": "Attr2",
    "Attribute3": "Attr3",
    "Transaction": 90
  },
  {
    "Index": 8928,
    "ObjectId": "Obj8928",
    "Attribute1": "Attr1",
    "Attribute2": "Attr2",
    "Attribute3": "Attr3",
    "Transaction": 90
  },
  {
    "Index": 8929,
    "ObjectId": "Obj8929",
    "Attribute1": "Attr1",
    "Attribute2": "Attr2",
    "Attribute3": "Attr3",
    "Transaction": 90
  },
  {
    "Index": 8930,
    "ObjectId": "Obj8930",
    "Attribute1": "Attr1",
    "Attribute2": "Attr2",
    "Attribute3": "Attr3",
    "Transaction": 90
  },
  {
    "Index": 8931,
    "ObjectId": "Obj8931",
    "Attribute1": "Attr1",
    "Attribute2": "Attr2",
    "Attribute3": "Attr3",
    "Transaction": 90
  },
  {
    "Index": 8932,
    "ObjectId": "Obj8932",
    "Attribute1": "Attr1",
    "Attribute2": "Attr2",
    "Attribute3": "Attr3",
    "Transaction": 90
  },
  {
    "Index": 8933,
    "ObjectId": "Obj8933",
    "Attribute1": "Attr1",
    "Attribute2": "Attr2",
    "Attribute3": "Attr3",
    "Transaction": 90
  },
  {
    "Index": 8934,
    "ObjectId": "Obj8934",
    "Attribute1": "Attr1",
    "Attribute2": "Attr2",
    "Attribute3": "Attr3",
    "Transaction": 90
  },
  {
    "Index": 8935,
    "ObjectId": "Obj8935",
    "Attribute1": "Attr1",
    "Attribute2": "Attr2",
    "Attribute3": "Attr3",
    "Transaction": 90
  },
  {
    "Index": 8936,
    "ObjectId": "Obj8936",
    "Attribute1": "Attr1",
    "Attribute2": "Attr2",
    "Attribute3": "Attr3",
    "Transaction": 90
  },
  {
    "Index": 8937,
    "ObjectId": "Obj8937",
    "Attribute1": "Attr1",
    "Attribute2": "Attr2",
    "Attribute3": "Attr3",
    "Transaction": 90
  },
  {
    "Index": 8938,
    "ObjectId": "Obj8938",
    "Attribute1": "Attr1",
    "Attribute2": "Attr2",
    "Attribute3": "Attr3",
    "Transaction": 90
  },
  {
    "Index": 8939,
    "ObjectId": "Obj8939",
    "Attribute1": "Attr1",
    "Attribute2": "Attr2",
    "Attribute3": "Attr3",
    "Transaction": 90
  },
  {
    "Index": 8940,
    "ObjectId": "Obj8940",
    "Attribute1": "Attr1",
    "Attribute2": "Attr2",
    "Attribute3": "Attr3",
    "Transaction": 90
  },
  {
    "Index": 8941,
    "ObjectId": "Obj8941",
    "Attribute1": "Attr1",
    "Attribute2": "Attr2",
    "Attribute3": "Attr3",
    "Transaction": 90
  },
  {
    "Index": 8942,
    "ObjectId": "Obj8942",
    "Attribute1": "Attr1",
    "Attribute2": "Attr2",
    "Attribute3": "Attr3",
    "Transaction": 90
  },
  {
    "Index": 8943,
    "ObjectId": "Obj8943",
    "Attribute1": "Attr1",
    "Attribute2": "Attr2",
    "Attribute3": "Attr3",
    "Transaction": 90
  },
  {
    "Index": 8944,
    "ObjectId": "Obj8944",
    "Attribute1": "Attr1",
    "Attribute2": "Attr2",
    "Attribute3": "Attr3",
    "Transaction": 90
  },
  {
    "Index": 8945,
    "ObjectId": "Obj8945",
    "Attribute1": "Attr1",
    "Attribute2": "Attr2",
    "Attribute3": "Attr3",
    "Transaction": 90
  },
  {
    "Index": 8946,
    "ObjectId": "Obj8946",
    "Attribute1": "Attr1",
    "Attribute2": "Attr2",
    "Attribute3": "Attr3",
    "Transaction": 90
  },
  {
    "Index": 8947,
    "ObjectId": "Obj8947",
    "Attribute1": "Attr1",
    "Attribute2": "Attr2",
    "Attribute3": "Attr3",
    "Transaction": 90
  },
  {
    "Index": 8948,
    "ObjectId": "Obj8948",
    "Attribute1": "Attr1",
    "Attribute2": "Attr2",
    "Attribute3": "Attr3",
    "Transaction": 90
  },
  {
    "Index": 8949,
    "ObjectId": "Obj8949",
    "Attribute1": "Attr1",
    "Attribute2": "Attr2",
    "Attribute3": "Attr3",
    "Transaction": 90
  },
  {
    "Index": 8950,
    "ObjectId": "Obj8950",
    "Attribute1": "Attr1",
    "Attribute2": "Attr2",
    "Attribute3": "Attr3",
    "Transaction": 90
  },
  {
    "Index": 8951,
    "ObjectId": "Obj8951",
    "Attribute1": "Attr1",
    "Attribute2": "Attr2",
    "Attribute3": "Attr3",
    "Transaction": 90
  },
  {
    "Index": 8952,
    "ObjectId": "Obj8952",
    "Attribute1": "Attr1",
    "Attribute2": "Attr2",
    "Attribute3": "Attr3",
    "Transaction": 90
  },
  {
    "Index": 8953,
    "ObjectId": "Obj8953",
    "Attribute1": "Attr1",
    "Attribute2": "Attr2",
    "Attribute3": "Attr3",
    "Transaction": 90
  },
  {
    "Index": 8954,
    "ObjectId": "Obj8954",
    "Attribute1": "Attr1",
    "Attribute2": "Attr2",
    "Attribute3": "Attr3",
    "Transaction": 90
  },
  {
    "Index": 8955,
    "ObjectId": "Obj8955",
    "Attribute1": "Attr1",
    "Attribute2": "Attr2",
    "Attribute3": "Attr3",
    "Transaction": 90
  },
  {
    "Index": 8956,
    "ObjectId": "Obj8956",
    "Attribute1": "Attr1",
    "Attribute2": "Attr2",
    "Attribute3": "Attr3",
    "Transaction": 90
  },
  {
    "Index": 8957,
    "ObjectId": "Obj8957",
    "Attribute1": "Attr1",
    "Attribute2": "Attr2",
    "Attribute3": "Attr3",
    "Transaction": 90
  },
  {
    "Index": 8958,
    "ObjectId": "Obj8958",
    "Attribute1": "Attr1",
    "Attribute2": "Attr2",
    "Attribute3": "Attr3",
    "Transaction": 90
  },
  {
    "Index": 8959,
    "ObjectId": "Obj8959",
    "Attribute1": "Attr1",
    "Attribute2": "Attr2",
    "Attribute3": "Attr3",
    "Transaction": 90
  },
  {
    "Index": 8960,
    "ObjectId": "Obj8960",
    "Attribute1": "Attr1",
    "Attribute2": "Attr2",
    "Attribute3": "Attr3",
    "Transaction": 90
  },
  {
    "Index": 8961,
    "ObjectId": "Obj8961",
    "Attribute1": "Attr1",
    "Attribute2": "Attr2",
    "Attribute3": "Attr3",
    "Transaction": 90
  },
  {
    "Index": 8962,
    "ObjectId": "Obj8962",
    "Attribute1": "Attr1",
    "Attribute2": "Attr2",
    "Attribute3": "Attr3",
    "Transaction": 90
  },
  {
    "Index": 8963,
    "ObjectId": "Obj8963",
    "Attribute1": "Attr1",
    "Attribute2": "Attr2",
    "Attribute3": "Attr3",
    "Transaction": 90
  },
  {
    "Index": 8964,
    "ObjectId": "Obj8964",
    "Attribute1": "Attr1",
    "Attribute2": "Attr2",
    "Attribute3": "Attr3",
    "Transaction": 90
  },
  {
    "Index": 8965,
    "ObjectId": "Obj8965",
    "Attribute1": "Attr1",
    "Attribute2": "Attr2",
    "Attribute3": "Attr3",
    "Transaction": 90
  },
  {
    "Index": 8966,
    "ObjectId": "Obj8966",
    "Attribute1": "Attr1",
    "Attribute2": "Attr2",
    "Attribute3": "Attr3",
    "Transaction": 90
  },
  {
    "Index": 8967,
    "ObjectId": "Obj8967",
    "Attribute1": "Attr1",
    "Attribute2": "Attr2",
    "Attribute3": "Attr3",
    "Transaction": 90
  },
  {
    "Index": 8968,
    "ObjectId": "Obj8968",
    "Attribute1": "Attr1",
    "Attribute2": "Attr2",
    "Attribute3": "Attr3",
    "Transaction": 90
  },
  {
    "Index": 8969,
    "ObjectId": "Obj8969",
    "Attribute1": "Attr1",
    "Attribute2": "Attr2",
    "Attribute3": "Attr3",
    "Transaction": 90
  },
  {
    "Index": 8970,
    "ObjectId": "Obj8970",
    "Attribute1": "Attr1",
    "Attribute2": "Attr2",
    "Attribute3": "Attr3",
    "Transaction": 90
  },
  {
    "Index": 8971,
    "ObjectId": "Obj8971",
    "Attribute1": "Attr1",
    "Attribute2": "Attr2",
    "Attribute3": "Attr3",
    "Transaction": 90
  },
  {
    "Index": 8972,
    "ObjectId": "Obj8972",
    "Attribute1": "Attr1",
    "Attribute2": "Attr2",
    "Attribute3": "Attr3",
    "Transaction": 90
  },
  {
    "Index": 8973,
    "ObjectId": "Obj8973",
    "Attribute1": "Attr1",
    "Attribute2": "Attr2",
    "Attribute3": "Attr3",
    "Transaction": 90
  },
  {
    "Index": 8974,
    "ObjectId": "Obj8974",
    "Attribute1": "Attr1",
    "Attribute2": "Attr2",
    "Attribute3": "Attr3",
    "Transaction": 90
  },
  {
    "Index": 8975,
    "ObjectId": "Obj8975",
    "Attribute1": "Attr1",
    "Attribute2": "Attr2",
    "Attribute3": "Attr3",
    "Transaction": 90
  },
  {
    "Index": 8976,
    "ObjectId": "Obj8976",
    "Attribute1": "Attr1",
    "Attribute2": "Attr2",
    "Attribute3": "Attr3",
    "Transaction": 90
  },
  {
    "Index": 8977,
    "ObjectId": "Obj8977",
    "Attribute1": "Attr1",
    "Attribute2": "Attr2",
    "Attribute3": "Attr3",
    "Transaction": 90
  },
  {
    "Index": 8978,
    "ObjectId": "Obj8978",
    "Attribute1": "Attr1",
    "Attribute2": "Attr2",
    "Attribute3": "Attr3",
    "Transaction": 90
  },
  {
    "Index": 8979,
    "ObjectId": "Obj8979",
    "Attribute1": "Attr1",
    "Attribute2": "Attr2",
    "Attribute3": "Attr3",
    "Transaction": 90
  },
  {
    "Index": 8980,
    "ObjectId": "Obj8980",
    "Attribute1": "Attr1",
    "Attribute2": "Attr2",
    "Attribute3": "Attr3",
    "Transaction": 90
  },
  {
    "Index": 8981,
    "ObjectId": "Obj8981",
    "Attribute1": "Attr1",
    "Attribute2": "Attr2",
    "Attribute3": "Attr3",
    "Transaction": 90
  },
  {
    "Index": 8982,
    "ObjectId": "Obj8982",
    "Attribute1": "Attr1",
    "Attribute2": "Attr2",
    "Attribute3": "Attr3",
    "Transaction": 90
  },
  {
    "Index": 8983,
    "ObjectId": "Obj8983",
    "Attribute1": "Attr1",
    "Attribute2": "Attr2",
    "Attribute3": "Attr3",
    "Transaction": 90
  },
  {
    "Index": 8984,
    "ObjectId": "Obj8984",
    "Attribute1": "Attr1",
    "Attribute2": "Attr2",
    "Attribute3": "Attr3",
    "Transaction": 90
  },
  {
    "Index": 8985,
    "ObjectId": "Obj8985",
    "Attribute1": "Attr1",
    "Attribute2": "Attr2",
    "Attribute3": "Attr3",
    "Transaction": 90
  },
  {
    "Index": 8986,
    "ObjectId": "Obj8986",
    "Attribute1": "Attr1",
    "Attribute2": "Attr2",
    "Attribute3": "Attr3",
    "Transaction": 90
  },
  {
    "Index": 8987,
    "ObjectId": "Obj8987",
    "Attribute1": "Attr1",
    "Attribute2": "Attr2",
    "Attribute3": "Attr3",
    "Transaction": 90
  },
  {
    "Index": 8988,
    "ObjectId": "Obj8988",
    "Attribute1": "Attr1",
    "Attribute2": "Attr2",
    "Attribute3": "Attr3",
    "Transaction": 90
  },
  {
    "Index": 8989,
    "ObjectId": "Obj8989",
    "Attribute1": "Attr1",
    "Attribute2": "Attr2",
    "Attribute3": "Attr3",
    "Transaction": 90
  },
  {
    "Index": 8990,
    "ObjectId": "Obj8990",
    "Attribute1": "Attr1",
    "Attribute2": "Attr2",
    "Attribute3": "Attr3",
    "Transaction": 90
  },
  {
    "Index": 8991,
    "ObjectId": "Obj8991",
    "Attribute1": "Attr1",
    "Attribute2": "Attr2",
    "Attribute3": "Attr3",
    "Transaction": 90
  },
  {
    "Index": 8992,
    "ObjectId": "Obj8992",
    "Attribute1": "Attr1",
    "Attribute2": "Attr2",
    "Attribute3": "Attr3",
    "Transaction": 90
  },
  {
    "Index": 8993,
    "ObjectId": "Obj8993",
    "Attribute1": "Attr1",
    "Attribute2": "Attr2",
    "Attribute3": "Attr3",
    "Transaction": 90
  },
  {
    "Index": 8994,
    "ObjectId": "Obj8994",
    "Attribute1": "Attr1",
    "Attribute2": "Attr2",
    "Attribute3": "Attr3",
    "Transaction": 90
  },
  {
    "Index": 8995,
    "ObjectId": "Obj8995",
    "Attribute1": "Attr1",
    "Attribute2": "Attr2",
    "Attribute3": "Attr3",
    "Transaction": 90
  },
  {
    "Index": 8996,
    "ObjectId": "Obj8996",
    "Attribute1": "Attr1",
    "Attribute2": "Attr2",
    "Attribute3": "Attr3",
    "Transaction": 90
  },
  {
    "Index": 8997,
    "ObjectId": "Obj8997",
    "Attribute1": "Attr1",
    "Attribute2": "Attr2",
    "Attribute3": "Attr3",
    "Transaction": 90
  },
  {
    "Index": 8998,
    "ObjectId": "Obj8998",
    "Attribute1": "Attr1",
    "Attribute2": "Attr2",
    "Attribute3": "Attr3",
    "Transaction": 90
  },
  {
    "Index": 8999,
    "ObjectId": "Obj8999",
    "Attribute1": "Attr1",
    "Attribute2": "Attr2",
    "Attribute3": "Attr3",
    "Transaction": 90
  },
  {
    "Index": 9000,
    "ObjectId": "Obj9000",
    "Attribute1": "Attr1",
    "Attribute2": "Attr2",
    "Attribute3": "Attr3",
    "Transaction": 90
  }
]