[
  {
    "Index": 1301,
    "ObjectId": "Obj1301",
    "Attribute1": "Attr1",
    "Attribute2": "Attr2",
    "Attribute3": "Attr3",
    "Transaction": 14
  },
  {
    "Index": 1302,
    "ObjectId": "Obj1302",
    "Attribute1": "Attr1",
    "Attribute2": "Attr2",
    "Attribute3": "Attr3",
    "Transaction": 14
  },
  {
    "Index": 1303,
    "ObjectId": "Obj1303",
    "Attribute1": "Attr1",
    "Attribute2": "Attr2",
    "Attribute3": "Attr3",
    "Transaction": 14
  },
  {
    "Index": 1304,
    "ObjectId": "Obj1304",
    "Attribute1": "Attr1",
    "Attribute2": "Attr2",
    "Attribute3": "Attr3",
    "Transaction": 14
  },
  {
    "Index": 1305,
    "ObjectId": "Obj1305",
    "Attribute1": "Attr1",
    "Attribute2": "Attr2",
    "Attribute3": "Attr3",
    "Transaction": 14
  },
  {
    "Index": 1306,
    "ObjectId": "Obj1306",
    "Attribute1": "Attr1",
    "Attribute2": "Attr2",
    "Attribute3": "Attr3",
    "Transaction": 14
  },
  {
    "Index": 1307,
    "ObjectId": "Obj1307",
    "Attribute1": "Attr1",
    "Attribute2": "Attr2",
    "Attribute3": "Attr3",
    "Transaction": 14
  },
  {
    "Index": 1308,
    "ObjectId": "Obj1308",
    "Attribute1": "Attr1",
    "Attribute2": "Attr2",
    "Attribute3": "Attr3",
    "Transaction": 14
  },
  {
    "Index": 1309,
    "ObjectId": "Obj1309",
    "Attribute1": "Attr1",
    "Attribute2": "Attr2",
    "Attribute3": "Attr3",
    "Transaction": 14
  },
  {
    "Index": 1310,
    "ObjectId": "Obj1310",
    "Attribute1": "Attr1",
    "Attribute2": "Attr2",
    "Attribute3": "Attr3",
    "Transaction": 14
  },
  {
    "Index": 1311,
    "ObjectId": "Obj1311",
    "Attribute1": "Attr1",
    "Attribute2": "Attr2",
    "Attribute3": "Attr3",
    "Transaction": 14
  },
  {
    "Index": 1312,
    "ObjectId": "Obj1312",
    "Attribute1": "Attr1",
    "Attribute2": "Attr2",
    "Attribute3": "Attr3",
    "Transaction": 14
  },
  {
    "Index": 1313,
    "ObjectId": "Obj1313",
    "Attribute1": "Attr1",
    "Attribute2": "Attr2",
    "Attribute3": "Attr3",
    "Transaction": 14
  },
  {
    "Index": 1314,
    "ObjectId": "Obj1314",
    "Attribute1": "Attr1",
    "Attribute2": "Attr2",
    "Attribute3": "Attr3",
    "Transaction": 14
  },
  {
    "Index": 1315,
    "ObjectId": "Obj1315",
    "Attribute1": "Attr1",
    "Attribute2": "Attr2",
    "Attribute3": "Attr3",
    "Transaction": 14
  },
  {
    "Index": 1316,
    "ObjectId": "Obj1316",
    "Attribute1": "Attr1",
    "Attribute2": "Attr2",
    "Attribute3": "Attr3",
    "Transaction": 14
  },
  {
    "Index": 1317,
    "ObjectId": "Obj1317",
    "Attribute1": "Attr1",
    "Attribute2": "Attr2",
    "Attribute3": "Attr3",
    "Transaction": 14
  },
  {
    "Index": 1318,
    "ObjectId": "Obj1318",
    "Attribute1": "Attr1",
    "Attribute2": "Attr2",
    "Attribute3": "Attr3",
    "Transaction": 14
  },
  {
    "Index": 1319,
    "ObjectId": "Obj1319",
    "Attribute1": "Attr1",
    "Attribute2": "Attr2",
    "Attribute3": "Attr3",
    "Transaction": 14
  },
  {
    "Index": 1320,
    "ObjectId": "Obj1320",
    "Attribute1": "Attr1",
    "Attribute2": "Attr2",
    "Attribute3": "Attr3",
    "Transaction": 14
  },
  {
    "Index": 1321,
    "ObjectId": "Obj1321",
    "Attribute1": "Attr1",
    "Attribute2": "Attr2",
    "Attribute3": "Attr3",
    "Transaction": 14
  },
  {
    "Index": 1322,
    "ObjectId": "Obj1322",
    "Attribute1": "Attr1",
    "Attribute2": "Attr2",
    "Attribute3": "Attr3",
    "Transaction": 14
  },
  {
    "Index": 1323,
    "ObjectId": "Obj1323",
    "Attribute1": "Attr1",
    "Attribute2": "Attr2",
    "Attribute3": "Attr3",
    "Transaction": 14
  },
  {
    "Index": 1324,
    "ObjectId": "Obj1324",
    "Attribute1": "Attr1",
    "Attribute2": "Attr2",
    "Attribute3": "Attr3",
    "Transaction": 14
  },
  {
    "Index": 1325,
    "ObjectId": "Obj1325",
    "Attribute1": "Attr1",
    "Attribute2": "Attr2",
    "Attribute3": "Attr3",
    "Transaction": 14
  },
  {
    "Index": 1326,
    "ObjectId": "Obj1326",
    "Attribute1": "Attr1",
    "Attribute2": "Attr2",
    "Attribute3": "Attr3",
    "Transaction": 14
  },
  {
    "Index": 1327,
    "ObjectId": "Obj1327",
    "Attribute1": "Attr1",
    "Attribute2": "Attr2",
    "Attribute3": "Attr3",
    "Transaction": 14
  },
  {
    "Index": 1328,
    "ObjectId": "Obj1328",
    "Attribute1": "Attr1",
    "Attribute2": "Attr2",
    "Attribute3": "Attr3",
    "Transaction": 14
  },
  {
    "Index": 1329,
    "ObjectId": "Obj1329",
    "Attribute1": "Attr1",
    "Attribute2": "Attr2",
    "Attribute3": "Attr3",
    "Transaction": 14
  },
  {
    "Index": 1330,
    "ObjectId": "Obj1330",
    "Attribute1": "Attr1",
    "Attribute2": "Attr2",
    "Attribute3": "Attr3",
    "Transaction": 14
  },
  {
    "Index": 1331,
    "ObjectId": "Obj1331",
    "Attribute1": "Attr1",
    "Attribute2": "Attr2",
    "Attribute3": "Attr3",
    "Transaction": 14
  },
  {
    "Index": 1332,
    "ObjectId": "Obj1332",
    "Attribute1": "Attr1",
    "Attribute2": "Attr2",
    "Attribute3": "Attr3",
    "Transaction": 14
  },
  {
    "Index": 1333,
    "ObjectId": "Obj1333",
    "Attribute1": "Attr1",
    "Attribute2": "Attr2",
    "Attribute3": "Attr3",
    "Transaction": 14
  },
  {
    "Index": 1334,
    "ObjectId": "Obj1334",
    "Attribute1": "Attr1",
    "Attribute2": "Attr2",
    "Attribute3": "Attr3",
    "Transaction": 14
  },
  {
    "Index": 1335,
    "ObjectId": "Obj1335",
    "Attribute1": "Attr1",
    "Attribute2": "Attr2",
    "Attribute3": "Attr3",
    "Transaction": 14
  },
  {
    "Index": 1336,
    "ObjectId": "Obj1336",
    "Attribute1": "Attr1",
    "Attribute2": "Attr2",
    "Attribute3": "Attr3",
    "Transaction": 14
  },
  {
    "Index": 1337,
    "ObjectId": "Obj1337",
    "Attribute1": "Attr1",
    "Attribute2": "Attr2",
    "Attribute3": "Attr3",
    "Transaction": 14
  },
  {
    "Index": 1338,
    "ObjectId": "Obj1338",
    "Attribute1": "Attr1",
    "Attribute2": "Attr2",
    "Attribute3": "Attr3",
    "Transaction": 14
  },
  {
    "Index": 1339,
    "ObjectId": "Obj1339",
    "Attribute1": "Attr1",
    "Attribute2": "Attr2",
    "Attribute3": "Attr3",
    "Transaction": 14
  },
  {
    "Index": 1340,
    "ObjectId": "Obj1340",
    "Attribute1": "Attr1",
    "Attribute2": "Attr2",
    "Attribute3": "Attr3",
    "Transaction": 14
  },
  {
    "Index": 1341,
    "ObjectId": "Obj1341",
    "Attribute1": "Attr1",
    "Attribute2": "Attr2",
    "Attribute3": "Attr3",
    "Transaction": 14
  },
  {
    "Index": 1342,
    "ObjectId": "Obj1342",
    "Attribute1": "Attr1",
    "Attribute2": "Attr2",
    "Attribute3": "Attr3",
    "Transaction": 14
  },
  {
    "Index": 1343,
    "ObjectId": "Obj1343",
    "Attribute1": "Attr1",
    "Attribute2": "Attr2",
    "Attribute3": "Attr3",
    "Transaction": 14
  },
  {
    "Index": 1344,
    "ObjectId": "Obj1344",
    "Attribute1": "Attr1",
    "Attribute2": "Attr2",
    "Attribute3": "Attr3",
    "Transaction": 14
  },
  {
    "Index": 1345,
    "ObjectId": "Obj1345",
    "Attribute1": "Attr1",
    "Attribute2": "Attr2",
    "Attribute3": "Attr3",
    "Transaction": 14
  },
  {
    "Index": 1346,
    "ObjectId": "Obj1346",
    "Attribute1": "Attr1",
    "Attribute2": "Attr2",
    "Attribute3": "Attr3",
    "Transaction": 14
  },
  {
    "Index": 1347,
    "ObjectId": "Obj1347",
    "Attribute1": "Attr1",
    "Attribute2": "Attr2",
    "Attribute3": "Attr3",
    "Transaction": 14
  },
  {
    "Index": 1348,
    "ObjectId": "Obj1348",
    "Attribute1": "Attr1",
    "Attribute2": "Attr2",
    "Attribute3": "Attr3",
    "Transaction": 14
  },
  {
    "Index": 1349,
    "ObjectId": "Obj1349",
    "Attribute1": "Attr1",
    "Attribute2": "Attr2",
    "Attribute3": "Attr3",
    "Transaction": 14
  },
  {
    "Index": 1350,
    "ObjectId": "Obj1350",
    "Attribute1": "Attr1",
    "Attribute2": "Attr2",
    "Attribute3": "Attr3",
    "Transaction": 14
  },
  {
    "Index": 1351,
    "ObjectId": "Obj1351",
    "Attribute1": "Attr1",
    "Attribute2": "Attr2",
    "Attribute3": "Attr3",
    "Transaction": 14
  },
  {
    "Index": 1352,
    "ObjectId": "Obj1352",
    "Attribute1": "Attr1",
    "Attribute2": "Attr2",
    "Attribute3": "Attr3",
    "Transaction": 14
  },
  {
    "Index": 1353,
    "ObjectId": "Obj1353",
    "Attribute1": "Attr1",
    "Attribute2": "Attr2",
    "Attribute3": "Attr3",
    "Transaction": 14
  },
  {
    "Index": 1354,
    "ObjectId": "Obj1354",
    "Attribute1": "Attr1",
    "Attribute2": "Attr2",
    "Attribute3": "Attr3",
    "Transaction": 14
  },
  {
    "Index": 1355,
    "ObjectId": "Obj1355",
    "Attribute1": "Attr1",
    "Attribute2": "Attr2",
    "Attribute3": "Attr3",
    "Transaction": 14
  },
  {
    "Index": 1356,
    "ObjectId": "Obj1356",
    "Attribute1": "Attr1",
    "Attribute2": "Attr2",
    "Attribute3": "Attr3",
    "Transaction": 14
  },
  {
    "Index": 1357,
    "ObjectId": "Obj1357",
    "Attribute1": "Attr1",
    "Attribute2": "Attr2",
    "Attribute3": "Attr3",
    "Transaction": 14
  },
  {
    "Index": 1358,
    "ObjectId": "Obj1358",
    "Attribute1": "Attr1",
    "Attribute2": "Attr2",
    "Attribute3": "Attr3",
    "Transaction": 14
  },
  {
    "Index": 1359,
    "ObjectId": "Obj1359",
    "Attribute1": "Attr1",
    "Attribute2": "Attr2",
    "Attribute3": "Attr3",
    "Transaction": 14
  },
  {
    "Index": 1360,
    "ObjectId": "Obj1360",
    "Attribute1": "Attr1",
    "Attribute2": "Attr2",
    "Attribute3": "Attr3",
    "Transaction": 14
  },
  {
    "Index": 1361,
    "ObjectId": "Obj1361",
    "Attribute1": "Attr1",
    "Attribute2": "Attr2",
    "Attribute3": "Attr3",
    "Transaction": 14
  },
  {
    "Index": 1362,
    "ObjectId": "Obj1362",
    "Attribute1": "Attr1",
    "Attribute2": "Attr2",
    "Attribute3": "Attr3",
    "Transaction": 14
  },
  {
    "Index": 1363,
    "ObjectId": "Obj1363",
    "Attribute1": "Attr1",
    "Attribute2": "Attr2",
    "Attribute3": "Attr3",
    "Transaction": 14
  },
  {
    "Index": 1364,
    "ObjectId": "Obj1364",
    "Attribute1": "Attr1",
    "Attribute2": "Attr2",
    "Attribute3": "Attr3",
    "Transaction": 14
  },
  {
    "Index": 1365,
    "ObjectId": "Obj1365",
    "Attribute1": "Attr1",
    "Attribute2": "Attr2",
    "Attribute3": "Attr3",
    "Transaction": 14
  },
  {
    "Index": 1366,
    "ObjectId": "Obj1366",
    "Attribute1": "Attr1",
    "Attribute2": "Attr2",
    "Attribute3": "Attr3",
    "Transaction": 14
  },
  {
    "Index": 1367,
    "ObjectId": "Obj1367",
    "Attribute1": "Attr1",
    "Attribute2": "Attr2",
    "Attribute3": "Attr3",
    "Transaction": 14
  },
  {
    "Index": 1368,
    "ObjectId": "Obj1368",
    "Attribute1": "Attr1",
    "Attribute2": "Attr2",
    "Attribute3": "Attr3",
    "Transaction": 14
  },
  {
    "Index": 1369,
    "ObjectId": "Obj1369",
    "Attribute1": "Attr1",
    "Attribute2": "Attr2",
    "Attribute3": "Attr3",
    "Transaction": 14
  },
  {
    "Index": 1370,
    "ObjectId": "Obj1370",
    "Attribute1": "Attr1",
    "Attribute2": "Attr2",
    "Attribute3": "Attr3",
    "Transaction": 14
  },
  {
    "Index": 1371,
    "ObjectId": "Obj1371",
    "Attribute1": "Attr1",
    "Attribute2": "Attr2",
    "Attribute3": "Attr3",
    "Transaction": 14
  },
  {
    "Index": 1372,
    "ObjectId": "Obj1372",
    "Attribute1": "Attr1",
    "Attribute2": "Attr2",
    "Attribute3": "Attr3",
    "Transaction": 14
  },
  {
    "Index": 1373,
    "ObjectId": "Obj1373",
    "Attribute1": "Attr1",
    "Attribute2": "Attr2",
    "Attribute3": "Attr3",
    "Transaction": 14
  },
  {
    "Index": 1374,
    "ObjectId": "Obj1374",
    "Attribute1": "Attr1",
    "Attribute2": "Attr2",
    "Attribute3": "Attr3",
    "Transaction": 14
  },
  {
    "Index": 1375,
    "ObjectId": "Obj1375",
    "Attribute1": "Attr1",
    "Attribute2": "Attr2",
    "Attribute3": "Attr3",
    "Transaction": 14
  },
  {
    "Index": 1376,
    "ObjectId": "Obj1376",
    "Attribute1": "Attr1",
    "Attribute2": "Attr2",
    "Attribute3": "Attr3",
    "Transaction": 14
  },
  {
    "Index": 1377,
    "ObjectId": "Obj1377",
    "Attribute1": "Attr1",
    "Attribute2": "Attr2",
    "Attribute3": "Attr3",
    "Transaction": 14
  },
  {
    "Index": 1378,
    "ObjectId": "Obj1378",
    "Attribute1": "Attr1",
    "Attribute2": "Attr2",
    "Attribute3": "Attr3",
    "Transaction": 14
  },
  {
    "Index": 1379,
    "ObjectId": "Obj1379",
    "Attribute1": "Attr1",
    "Attribute2": "Attr2",
    "Attribute3": "Attr3",
    "Transaction": 14
  },
  {
    "Index": 1380,
    "ObjectId": "Obj1380",
    "Attribute1": "Attr1",
    "Attribute2": "Attr2",
    "Attribute3": "Attr3",
    "Transaction": 14
  },
  {
    "Index": 1381,
    "ObjectId": "Obj1381",
    "Attribute1": "Attr1",
    "Attribute2": "Attr2",
    "Attribute3": "Attr3",
    "Transaction": 14
  },
  {
    "Index": 1382,
    "ObjectId": "Obj1382",
    "Attribute1": "Attr1",
    "Attribute2": "Attr2",
    "Attribute3": "Attr3",
    "Transaction": 14
  },
  {
    "Index": 1383,
    "ObjectId": "Obj1383",
    "Attribute1": "Attr1",
    "Attribute2": "Attr2",
    "Attribute3": "Attr3",
    "Transaction": 14
  },
  {
    "Index": 1384,
    "ObjectId": "Obj1384",
    "Attribute1": "Attr1",
    "Attribute2": "Attr2",
    "Attribute3": "Attr3",
    "Transaction": 14
  },
  {
    "Index": 1385,
    "ObjectId": "Obj1385",
    "Attribute1": "Attr1",
    "Attribute2": "Attr2",
    "Attribute3": "Attr3",
    "Transaction": 14
  },
  {
    "Index": 1386,
    "ObjectId": "Obj1386",
    "Attribute1": "Attr1",
    "Attribute2": "Attr2",
    "Attribute3": "Attr3",
    "Transaction": 14
  },
  {
    "Index": 1387,
    "ObjectId": "Obj1387",
    "Attribute1": "Attr1",
    "Attribute2": "Attr2",
    "Attribute3": "Attr3",
    "Transaction": 14
  },
  {
    "Index": 1388,
    "ObjectId": "Obj1388",
    "Attribute1": "Attr1",
    "Attribute2": "Attr2",
    "Attribute3": "Attr3",
    "Transaction": 14
  },
  {
    "Index": 1389,
    "ObjectId": "Obj1389",
    "Attribute1": "Attr1",
    "Attribute2": "Attr2",
    "Attribute3": "Attr3",
    "Transaction": 14
  },
  {
    "Index": 1390,
    "ObjectId": "Obj1390",
    "Attribute1": "Attr1",
    "Attribute2": "Attr2",
    "Attribute3": "Attr3",
    "Transaction": 14
  },
  {
    "Index": 1391,
    "ObjectId": "Obj1391",
    "Attribute1": "Attr1",
    "Attribute2": "Attr2",
    "Attribute3": "Attr3",
    "Transaction": 14
  },
  {
    "Index": 1392,
    "ObjectId": "Obj1392",
    "Attribute1": "Attr1",
    "Attribute2": "Attr2",
    "Attribute3": "Attr3",
    "Transaction": 14
  },
  {
    "Index": 1393,
    "ObjectId": "Obj1393",
    "Attribute1": "Attr1",
    "Attribute2": "Attr2",
    "Attribute3": "Attr3",
    "Transaction": 14
  },
  {
    "Index": 1394,
    "ObjectId": "Obj1394",
    "Attribute1": "Attr1",
    "Attribute2": "Attr2",
    "Attribute3": "Attr3",
    "Transaction": 14
  },
  {
    "Index": 1395,
    "ObjectId": "Obj1395",
    "Attribute1": "Attr1",
    "Attribute2": "Attr2",
    "Attribute3": "Attr3",
    "Transaction": 14
  },
  {
    "Index": 1396,
    "ObjectId": "Obj1396",
    "Attribute1": "Attr1",
    "Attribute2": "Attr2",
    "Attribute3": "Attr3",
    "Transaction": 14
  },
  {
    "Index": 1397,
    "ObjectId": "Obj1397",
    "Attribute1": "Attr1",
    "Attribute2": "Attr2",
    "Attribute3": "Attr3",
    "Transaction": 14
  },
  {
    "Index": 1398,
    "ObjectId": "Obj1398",
    "Attribute1": "Attr1",
    "Attribute2": "Attr2",
    "Attribute3": "Attr3",
    "Transaction": 14
  },
  {
    "Index": 1399,
    "ObjectId": "Obj1399",
    "Attribute1": "Attr1",
    "Attribute2": "Attr2",
    "Attribute3": "Attr3",
    "Transaction": 14
  },
  {
    "Index": 1400,
    "ObjectId": "Obj1400",
    "Attribute1": "Attr1",
    "Attribute2": "Attr2",
    "Attribute3": "Attr3",
    "Transaction": 14
  }
]