[
  {
    "Index": 7601,
    "ObjectId": "Obj7601",
    "Attribute1": "Attr1",
    "Attribute2": "Attr2",
    "Attribute3": "Attr3",
    "Transaction": 77
  },
  {
    "Index": 7602,
    "ObjectId": "Obj7602",
    "Attribute1": "Attr1",
    "Attribute2": "Attr2",
    "Attribute3": "Attr3",
    "Transaction": 77
  },
  {
    "Index": 7603,
    "ObjectId": "Obj7603",
    "Attribute1": "Attr1",
    "Attribute2": "Attr2",
    "Attribute3": "Attr3",
    "Transaction": 77
  },
  {
    "Index": 7604,
    "ObjectId": "Obj7604",
    "Attribute1": "Attr1",
    "Attribute2": "Attr2",
    "Attribute3": "Attr3",
    "Transaction": 77
  },
  {
    "Index": 7605,
    "ObjectId": "Obj7605",
    "Attribute1": "Attr1",
    "Attribute2": "Attr2",
    "Attribute3": "Attr3",
    "Transaction": 77
  },
  {
    "Index": 7606,
    "ObjectId": "Obj7606",
    "Attribute1": "Attr1",
    "Attribute2": "Attr2",
    "Attribute3": "Attr3",
    "Transaction": 77
  },
  {
    "Index": 7607,
    "ObjectId": "Obj7607",
    "Attribute1": "Attr1",
    "Attribute2": "Attr2",
    "Attribute3": "Attr3",
    "Transaction": 77
  },
  {
    "Index": 7608,
    "ObjectId": "Obj7608",
    "Attribute1": "Attr1",
    "Attribute2": "Attr2",
    "Attribute3": "Attr3",
    "Transaction": 77
  },
  {
    "Index": 7609,
    "ObjectId": "Obj7609",
    "Attribute1": "Attr1",
    "Attribute2": "Attr2",
    "Attribute3": "Attr3",
    "Transaction": 77
  },
  {
    "Index": 7610,
    "ObjectId": "Obj7610",
    "Attribute1": "Attr1",
    "Attribute2": "Attr2",
    "Attribute3": "Attr3",
    "Transaction": 77
  },
  {
    "Index": 7611,
    "ObjectId": "Obj7611",
    "Attribute1": "Attr1",
    "Attribute2": "Attr2",
    "Attribute3": "Attr3",
    "Transaction": 77
  },
  {
    "Index": 7612,
    "ObjectId": "Obj7612",
    "Attribute1": "Attr1",
    "Attribute2": "Attr2",
    "Attribute3": "Attr3",
    "Transaction": 77
  },
  {
    "Index": 7613,
    "ObjectId": "Obj7613",
    "Attribute1": "Attr1",
    "Attribute2": "Attr2",
    "Attribute3": "Attr3",
    "Transaction": 77
  },
  {
    "Index": 7614,
    "ObjectId": "Obj7614",
    "Attribute1": "Attr1",
    "Attribute2": "Attr2",
    "Attribute3": "Attr3",
    "Transaction": 77
  },
  {
    "Index": 7615,
    "ObjectId": "Obj7615",
    "Attribute1": "Attr1",
    "Attribute2": "Attr2",
    "Attribute3": "Attr3",
    "Transaction": 77
  },
  {
    "Index": 7616,
    "ObjectId": "Obj7616",
    "Attribute1": "Attr1",
    "Attribute2": "Attr2",
    "Attribute3": "Attr3",
    "Transaction": 77
  },
  {
    "Index": 7617,
    "ObjectId": "Obj7617",
    "Attribute1": "Attr1",
    "Attribute2": "Attr2",
    "Attribute3": "Attr3",
    "Transaction": 77
  },
  {
    "Index": 7618,
    "ObjectId": "Obj7618",
    "Attribute1": "Attr1",
    "Attribute2": "Attr2",
    "Attribute3": "Attr3",
    "Transaction": 77
  },
  {
    "Index": 7619,
    "ObjectId": "Obj7619",
    "Attribute1": "Attr1",
    "Attribute2": "Attr2",
    "Attribute3": "Attr3",
    "Transaction": 77
  },
  {
    "Index": 7620,
    "ObjectId": "Obj7620",
    "Attribute1": "Attr1",
    "Attribute2": "Attr2",
    "Attribute3": "Attr3",
    "Transaction": 77
  },
  {
    "Index": 7621,
    "ObjectId": "Obj7621",
    "Attribute1": "Attr1",
    "Attribute2": "Attr2",
    "Attribute3": "Attr3",
    "Transaction": 77
  },
  {
    "Index": 7622,
    "ObjectId": "Obj7622",
    "Attribute1": "Attr1",
    "Attribute2": "Attr2",
    "Attribute3": "Attr3",
    "Transaction": 77
  },
  {
    "Index": 7623,
    "ObjectId": "Obj7623",
    "Attribute1": "Attr1",
    "Attribute2": "Attr2",
    "Attribute3": "Attr3",
    "Transaction": 77
  },
  {
    "Index": 7624,
    "ObjectId": "Obj7624",
    "Attribute1": "Attr1",
    "Attribute2": "Attr2",
    "Attribute3": "Attr3",
    "Transaction": 77
  },
  {
    "Index": 7625,
    "ObjectId": "Obj7625",
    "Attribute1": "Attr1",
    "Attribute2": "Attr2",
    "Attribute3": "Attr3",
    "Transaction": 77
  },
  {
    "Index": 7626,
    "ObjectId": "Obj7626",
    "Attribute1": "Attr1",
    "Attribute2": "Attr2",
    "Attribute3": "Attr3",
    "Transaction": 77
  },
  {
    "Index": 7627,
    "ObjectId": "Obj7627",
    "Attribute1": "Attr1",
    "Attribute2": "Attr2",
    "Attribute3": "Attr3",
    "Transaction": 77
  },
  {
    "Index": 7628,
    "ObjectId": "Obj7628",
    "Attribute1": "Attr1",
    "Attribute2": "Attr2",
    "Attribute3": "Attr3",
    "Transaction": 77
  },
  {
    "Index": 7629,
    "ObjectId": "Obj7629",
    "Attribute1": "Attr1",
    "Attribute2": "Attr2",
    "Attribute3": "Attr3",
    "Transaction": 77
  },
  {
    "Index": 7630,
    "ObjectId": "Obj7630",
    "Attribute1": "Attr1",
    "Attribute2": "Attr2",
    "Attribute3": "Attr3",
    "Transaction": 77
  },
  {
    "Index": 7631,
    "ObjectId": "Obj7631",
    "Attribute1": "Attr1",
    "Attribute2": "Attr2",
    "Attribute3": "Attr3",
    "Transaction": 77
  },
  {
    "Index": 7632,
    "ObjectId": "Obj7632",
    "Attribute1": "Attr1",
    "Attribute2": "Attr2",
    "Attribute3": "Attr3",
    "Transaction": 77
  },
  {
    "Index": 7633,
    "ObjectId": "Obj7633",
    "Attribute1": "Attr1",
    "Attribute2": "Attr2",
    "Attribute3": "Attr3",
    "Transaction": 77
  },
  {
    "Index": 7634,
    "ObjectId": "Obj7634",
    "Attribute1": "Attr1",
    "Attribute2": "Attr2",
    "Attribute3": "Attr3",
    "Transaction": 77
  },
  {
    "Index": 7635,
    "ObjectId": "Obj7635",
    "Attribute1": "Attr1",
    "Attribute2": "Attr2",
    "Attribute3": "Attr3",
    "Transaction": 77
  },
  {
    "Index": 7636,
    "ObjectId": "Obj7636",
    "Attribute1": "Attr1",
    "Attribute2": "Attr2",
    "Attribute3": "Attr3",
    "Transaction": 77
  },
  {
    "Index": 7637,
    "ObjectId": "Obj7637",
    "Attribute1": "Attr1",
    "Attribute2": "Attr2",
    "Attribute3": "Attr3",
    "Transaction": 77
  },
  {
    "Index": 7638,
    "ObjectId": "Obj7638",
    "Attribute1": "Attr1",
    "Attribute2": "Attr2",
    "Attribute3": "Attr3",
    "Transaction": 77
  },
  {
    "Index": 7639,
    "ObjectId": "Obj7639",
    "Attribute1": "Attr1",
    "Attribute2": "Attr2",
    "Attribute3": "Attr3",
    "Transaction": 77
  },
  {
    "Index": 7640,
    "ObjectId": "Obj7640",
    "Attribute1": "Attr1",
    "Attribute2": "Attr2",
    "Attribute3": "Attr3",
    "Transaction": 77
  },
  {
    "Index": 7641,
    "ObjectId": "Obj7641",
    "Attribute1": "Attr1",
    "Attribute2": "Attr2",
    "Attribute3": "Attr3",
    "Transaction": 77
  },
  {
    "Index": 7642,
    "ObjectId": "Obj7642",
    "Attribute1": "Attr1",
    "Attribute2": "Attr2",
    "Attribute3": "Attr3",
    "Transaction": 77
  },
  {
    "Index": 7643,
    "ObjectId": "Obj7643",
    "Attribute1": "Attr1",
    "Attribute2": "Attr2",
    "Attribute3": "Attr3",
    "Transaction": 77
  },
  {
    "Index": 7644,
    "ObjectId": "Obj7644",
    "Attribute1": "Attr1",
    "Attribute2": "Attr2",
    "Attribute3": "Attr3",
    "Transaction": 77
  },
  {
    "Index": 7645,
    "ObjectId": "Obj7645",
    "Attribute1": "Attr1",
    "Attribute2": "Attr2",
    "Attribute3": "Attr3",
    "Transaction": 77
  },
  {
    "Index": 7646,
    "ObjectId": "Obj7646",
    "Attribute1": "Attr1",
    "Attribute2": "Attr2",
    "Attribute3": "Attr3",
    "Transaction": 77
  },
  {
    "Index": 7647,
    "ObjectId": "Obj7647",
    "Attribute1": "Attr1",
    "Attribute2": "Attr2",
    "Attribute3": "Attr3",
    "Transaction": 77
  },
  {
    "Index": 7648,
    "ObjectId": "Obj7648",
    "Attribute1": "Attr1",
    "Attribute2": "Attr2",
    "Attribute3": "Attr3",
    "Transaction": 77
  },
  {
    "Index": 7649,
    "ObjectId": "Obj7649",
    "Attribute1": "Attr1",
    "Attribute2": "Attr2",
    "Attribute3": "Attr3",
    "Transaction": 77
  },
  {
    "Index": 7650,
    "ObjectId": "Obj7650",
    "Attribute1": "Attr1",
    "Attribute2": "Attr2",
    "Attribute3": "Attr3",
    "Transaction": 77
  },
  {
    "Index": 7651,
    "ObjectId": "Obj7651",
    "Attribute1": "Attr1",
    "Attribute2": "Attr2",
    "Attribute3": "Attr3",
    "Transaction": 77
  },
  {
    "Index": 7652,
    "ObjectId": "Obj7652",
    "Attribute1": "Attr1",
    "Attribute2": "Attr2",
    "Attribute3": "Attr3",
    "Transaction": 77
  },
  {
    "Index": 7653,
    "ObjectId": "Obj7653",
    "Attribute1": "Attr1",
    "Attribute2": "Attr2",
    "Attribute3": "Attr3",
    "Transaction": 77
  },
  {
    "Index": 7654,
    "ObjectId": "Obj7654",
    "Attribute1": "Attr1",
    "Attribute2": "Attr2",
    "Attribute3": "Attr3",
    "Transaction": 77
  },
  {
    "Index": 7655,
    "ObjectId": "Obj7655",
    "Attribute1": "Attr1",
    "Attribute2": "Attr2",
    "Attribute3": "Attr3",
    "Transaction": 77
  },
  {
    "Index": 7656,
    "ObjectId": "Obj7656",
    "Attribute1": "Attr1",
    "Attribute2": "Attr2",
    "Attribute3": "Attr3",
    "Transaction": 77
  },
  {
    "Index": 7657,
    "ObjectId": "Obj7657",
    "Attribute1": "Attr1",
    "Attribute2": "Attr2",
    "Attribute3": "Attr3",
    "Transaction": 77
  },
  {
    "Index": 7658,
    "ObjectId": "Obj7658",
    "Attribute1": "Attr1",
    "Attribute2": "Attr2",
    "Attribute3": "Attr3",
    "Transaction": 77
  },
  {
    "Index": 7659,
    "ObjectId": "Obj7659",
    "Attribute1": "Attr1",
    "Attribute2": "Attr2",
    "Attribute3": "Attr3",
    "Transaction": 77
  },
  {
    "Index": 7660,
    "ObjectId": "Obj7660",
    "Attribute1": "Attr1",
    "Attribute2": "Attr2",
    "Attribute3": "Attr3",
    "Transaction": 77
  },
  {
    "Index": 7661,
    "ObjectId": "Obj7661",
    "Attribute1": "Attr1",
    "Attribute2": "Attr2",
    "Attribute3": "Attr3",
    "Transaction": 77
  },
  {
    "Index": 7662,
    "ObjectId": "Obj7662",
    "Attribute1": "Attr1",
    "Attribute2": "Attr2",
    "Attribute3": "Attr3",
    "Transaction": 77
  },
  {
    "Index": 7663,
    "ObjectId": "Obj7663",
    "Attribute1": "Attr1",
    "Attribute2": "Attr2",
    "Attribute3": "Attr3",
    "Transaction": 77
  },
  {
    "Index": 7664,
    "ObjectId": "Obj7664",
    "Attribute1": "Attr1",
    "Attribute2": "Attr2",
    "Attribute3": "Attr3",
    "Transaction": 77
  },
  {
    "Index": 7665,
    "ObjectId": "Obj7665",
    "Attribute1": "Attr1",
    "Attribute2": "Attr2",
    "Attribute3": "Attr3",
    "Transaction": 77
  },
  {
    "Index": 7666,
    "ObjectId": "Obj7666",
    "Attribute1": "Attr1",
    "Attribute2": "Attr2",
    "Attribute3": "Attr3",
    "Transaction": 77
  },
  {
    "Index": 7667,
    "ObjectId": "Obj7667",
    "Attribute1": "Attr1",
    "Attribute2": "Attr2",
    "Attribute3": "Attr3",
    "Transaction": 77
  },
  {
    "Index": 7668,
    "ObjectId": "Obj7668",
    "Attribute1": "Attr1",
    "Attribute2": "Attr2",
    "Attribute3": "Attr3",
    "Transaction": 77
  },
  {
    "Index": 7669,
    "ObjectId": "Obj7669",
    "Attribute1": "Attr1",
    "Attribute2": "Attr2",
    "Attribute3": "Attr3",
    "Transaction": 77
  },
  {
    "Index": 7670,
    "ObjectId": "Obj7670",
    "Attribute1": "Attr1",
    "Attribute2": "Attr2",
    "Attribute3": "Attr3",
    "Transaction": 77
  },
  {
    "Index": 7671,
    "ObjectId": "Obj7671",
    "Attribute1": "Attr1",
    "Attribute2": "Attr2",
    "Attribute3": "Attr3",
    "Transaction": 77
  },
  {
    "Index": 7672,
    "ObjectId": "Obj7672",
    "Attribute1": "Attr1",
    "Attribute2": "Attr2",
    "Attribute3": "Attr3",
    "Transaction": 77
  },
  {
    "Index": 7673,
    "ObjectId": "Obj7673",
    "Attribute1": "Attr1",
    "Attribute2": "Attr2",
    "Attribute3": "Attr3",
    "Transaction": 77
  },
  {
    "Index": 7674,
    "ObjectId": "Obj7674",
    "Attribute1": "Attr1",
    "Attribute2": "Attr2",
    "Attribute3": "Attr3",
    "Transaction": 77
  },
  {
    "Index": 7675,
    "ObjectId": "Obj7675",
    "Attribute1": "Attr1",
    "Attribute2": "Attr2",
    "Attribute3": "Attr3",
    "Transaction": 77
  },
  {
    "Index": 7676,
    "ObjectId": "Obj7676",
    "Attribute1": "Attr1",
    "Attribute2": "Attr2",
    "Attribute3": "Attr3",
    "Transaction": 77
  },
  {
    "Index": 7677,
    "ObjectId": "Obj7677",
    "Attribute1": "Attr1",
    "Attribute2": "Attr2",
    "Attribute3": "Attr3",
    "Transaction": 77
  },
  {
    "Index": 7678,
    "ObjectId": "Obj7678",
    "Attribute1": "Attr1",
    "Attribute2": "Attr2",
    "Attribute3": "Attr3",
    "Transaction": 77
  },
  {
    "Index": 7679,
    "ObjectId": "Obj7679",
    "Attribute1": "Attr1",
    "Attribute2": "Attr2",
    "Attribute3": "Attr3",
    "Transaction": 77
  },
  {
    "Index": 7680,
    "ObjectId": "Obj7680",
    "Attribute1": "Attr1",
    "Attribute2": "Attr2",
    "Attribute3": "Attr3",
    "Transaction": 77
  },
  {
    "Index": 7681,
    "ObjectId": "Obj7681",
    "Attribute1": "Attr1",
    "Attribute2": "Attr2",
    "Attribute3": "Attr3",
    "Transaction": 77
  },
  {
    "Index": 7682,
    "ObjectId": "Obj7682",
    "Attribute1": "Attr1",
    "Attribute2": "Attr2",
    "Attribute3": "Attr3",
    "Transaction": 77
  },
  {
    "Index": 7683,
    "ObjectId": "Obj7683",
    "Attribute1": "Attr1",
    "Attribute2": "Attr2",
    "Attribute3": "Attr3",
    "Transaction": 77
  },
  {
    "Index": 7684,
    "ObjectId": "Obj7684",
    "Attribute1": "Attr1",
    "Attribute2": "Attr2",
    "Attribute3": "Attr3",
    "Transaction": 77
  },
  {
    "Index": 7685,
    "ObjectId": "Obj7685",
    "Attribute1": "Attr1",
    "Attribute2": "Attr2",
    "Attribute3": "Attr3",
    "Transaction": 77
  },
  {
    "Index": 7686,
    "ObjectId": "Obj7686",
    "Attribute1": "Attr1",
    "Attribute2": "Attr2",
    "Attribute3": "Attr3",
    "Transaction": 77
  },
  {
    "Index": 7687,
    "ObjectId": "Obj7687",
    "Attribute1": "Attr1",
    "Attribute2": "Attr2",
    "Attribute3": "Attr3",
    "Transaction": 77
  },
  {
    "Index": 7688,
    "ObjectId": "Obj7688",
    "Attribute1": "Attr1",
    "Attribute2": "Attr2",
    "Attribute3": "Attr3",
    "Transaction": 77
  },
  {
    "Index": 7689,
    "ObjectId": "Obj7689",
    "Attribute1": "Attr1",
    "Attribute2": "Attr2",
    "Attribute3": "Attr3",
    "Transaction": 77
  },
  {
    "Index": 7690,
    "ObjectId": "Obj7690",
    "Attribute1": "Attr1",
    "Attribute2": "Attr2",
    "Attribute3": "Attr3",
    "Transaction": 77
  },
  {
    "Index": 7691,
    "ObjectId": "Obj7691",
    "Attribute1": "Attr1",
    "Attribute2": "Attr2",
    "Attribute3": "Attr3",
    "Transaction": 77
  },
  {
    "Index": 7692,
    "ObjectId": "Obj7692",
    "Attribute1": "Attr1",
    "Attribute2": "Attr2",
    "Attribute3": "Attr3",
    "Transaction": 77
  },
  {
    "Index": 7693,
    "ObjectId": "Obj7693",
    "Attribute1": "Attr1",
    "Attribute2": "Attr2",
    "Attribute3": "Attr3",
    "Transaction": 77
  },
  {
    "Index": 7694,
    "ObjectId": "Obj7694",
    "Attribute1": "Attr1",
    "Attribute2": "Attr2",
    "Attribute3": "Attr3",
    "Transaction": 77
  },
  {
    "Index": 7695,
    "ObjectId": "Obj7695",
    "Attribute1": "Attr1",
    "Attribute2": "Attr2",
    "Attribute3": "Attr3",
    "Transaction": 77
  },
  {
    "Index": 7696,
    "ObjectId": "Obj7696",
    "Attribute1": "Attr1",
    "Attribute2": "Attr2",
    "Attribute3": "Attr3",
    "Transaction": 77
  },
  {
    "Index": 7697,
    "ObjectId": "Obj7697",
    "Attribute1": "Attr1",
    "Attribute2": "Attr2",
    "Attribute3": "Attr3",
    "Transaction": 77
  },
  {
    "Index": 7698,
    "ObjectId": "Obj7698",
    "Attribute1": "Attr1",
    "Attribute2": "Attr2",
    "Attribute3": "Attr3",
    "Transaction": 77
  },
  {
    "Index": 7699,
    "ObjectId": "Obj7699",
    "Attribute1": "Attr1",
    "Attribute2": "Attr2",
    "Attribute3": "Attr3",
    "Transaction": 77
  },
  {
    "Index": 7700,
    "ObjectId": "Obj7700",
    "Attribute1": "Attr1",
    "Attribute2": "Attr2",
    "Attribute3": "Attr3",
    "Transaction": 77
  }
]