[
  {
    "Index": 4701,
    "ObjectId": "Obj4701",
    "Attribute1": "Attr1",
    "Attribute2": "Attr2",
    "Attribute3": "Attr3",
    "Transaction": 48
  },
  {
    "Index": 4702,
    "ObjectId": "Obj4702",
    "Attribute1": "Attr1",
    "Attribute2": "Attr2",
    "Attribute3": "Attr3",
    "Transaction": 48
  },
  {
    "Index": 4703,
    "ObjectId": "Obj4703",
    "Attribute1": "Attr1",
    "Attribute2": "Attr2",
    "Attribute3": "Attr3",
    "Transaction": 48
  },
  {
    "Index": 4704,
    "ObjectId": "Obj4704",
    "Attribute1": "Attr1",
    "Attribute2": "Attr2",
    "Attribute3": "Attr3",
    "Transaction": 48
  },
  {
    "Index": 4705,
    "ObjectId": "Obj4705",
    "Attribute1": "Attr1",
    "Attribute2": "Attr2",
    "Attribute3": "Attr3",
    "Transaction": 48
  },
  {
    "Index": 4706,
    "ObjectId": "Obj4706",
    "Attribute1": "Attr1",
    "Attribute2": "Attr2",
    "Attribute3": "Attr3",
    "Transaction": 48
  },
  {
    "Index": 4707,
    "ObjectId": "Obj4707",
    "Attribute1": "Attr1",
    "Attribute2": "Attr2",
    "Attribute3": "Attr3",
    "Transaction": 48
  },
  {
    "Index": 4708,
    "ObjectId": "Obj4708",
    "Attribute1": "Attr1",
    "Attribute2": "Attr2",
    "Attribute3": "Attr3",
    "Transaction": 48
  },
  {
    "Index": 4709,
    "ObjectId": "Obj4709",
    "Attribute1": "Attr1",
    "Attribute2": "Attr2",
    "Attribute3": "Attr3",
    "Transaction": 48
  },
  {
    "Index": 4710,
    "ObjectId": "Obj4710",
    "Attribute1": "Attr1",
    "Attribute2": "Attr2",
    "Attribute3": "Attr3",
    "Transaction": 48
  },
  {
    "Index": 4711,
    "ObjectId": "Obj4711",
    "Attribute1": "Attr1",
    "Attribute2": "Attr2",
    "Attribute3": "Attr3",
    "Transaction": 48
  },
  {
    "Index": 4712,
    "ObjectId": "Obj4712",
    "Attribute1": "Attr1",
    "Attribute2": "Attr2",
    "Attribute3": "Attr3",
    "Transaction": 48
  },
  {
    "Index": 4713,
    "ObjectId": "Obj4713",
    "Attribute1": "Attr1",
    "Attribute2": "Attr2",
    "Attribute3": "Attr3",
    "Transaction": 48
  },
  {
    "Index": 4714,
    "ObjectId": "Obj4714",
    "Attribute1": "Attr1",
    "Attribute2": "Attr2",
    "Attribute3": "Attr3",
    "Transaction": 48
  },
  {
    "Index": 4715,
    "ObjectId": "Obj4715",
    "Attribute1": "Attr1",
    "Attribute2": "Attr2",
    "Attribute3": "Attr3",
    "Transaction": 48
  },
  {
    "Index": 4716,
    "ObjectId": "Obj4716",
    "Attribute1": "Attr1",
    "Attribute2": "Attr2",
    "Attribute3": "Attr3",
    "Transaction": 48
  },
  {
    "Index": 4717,
    "ObjectId": "Obj4717",
    "Attribute1": "Attr1",
    "Attribute2": "Attr2",
    "Attribute3": "Attr3",
    "Transaction": 48
  },
  {
    "Index": 4718,
    "ObjectId": "Obj4718",
    "Attribute1": "Attr1",
    "Attribute2": "Attr2",
    "Attribute3": "Attr3",
    "Transaction": 48
  },
  {
    "Index": 4719,
    "ObjectId": "Obj4719",
    "Attribute1": "Attr1",
    "Attribute2": "Attr2",
    "Attribute3": "Attr3",
    "Transaction": 48
  },
  {
    "Index": 4720,
    "ObjectId": "Obj4720",
    "Attribute1": "Attr1",
    "Attribute2": "Attr2",
    "Attribute3": "Attr3",
    "Transaction": 48
  },
  {
    "Index": 4721,
    "ObjectId": "Obj4721",
    "Attribute1": "Attr1",
    "Attribute2": "Attr2",
    "Attribute3": "Attr3",
    "Transaction": 48
  },
  {
    "Index": 4722,
    "ObjectId": "Obj4722",
    "Attribute1": "Attr1",
    "Attribute2": "Attr2",
    "Attribute3": "Attr3",
    "Transaction": 48
  },
  {
    "Index": 4723,
    "ObjectId": "Obj4723",
    "Attribute1": "Attr1",
    "Attribute2": "Attr2",
    "Attribute3": "Attr3",
    "Transaction": 48
  },
  {
    "Index": 4724,
    "ObjectId": "Obj4724",
    "Attribute1": "Attr1",
    "Attribute2": "Attr2",
    "Attribute3": "Attr3",
    "Transaction": 48
  },
  {
    "Index": 4725,
    "ObjectId": "Obj4725",
    "Attribute1": "Attr1",
    "Attribute2": "Attr2",
    "Attribute3": "Attr3",
    "Transaction": 48
  },
  {
    "Index": 4726,
    "ObjectId": "Obj4726",
    "Attribute1": "Attr1",
    "Attribute2": "Attr2",
    "Attribute3": "Attr3",
    "Transaction": 48
  },
  {
    "Index": 4727,
    "ObjectId": "Obj4727",
    "Attribute1": "Attr1",
    "Attribute2": "Attr2",
    "Attribute3": "Attr3",
    "Transaction": 48
  },
  {
    "Index": 4728,
    "ObjectId": "Obj4728",
    "Attribute1": "Attr1",
    "Attribute2": "Attr2",
    "Attribute3": "Attr3",
    "Transaction": 48
  },
  {
    "Index": 4729,
    "ObjectId": "Obj4729",
    "Attribute1": "Attr1",
    "Attribute2": "Attr2",
    "Attribute3": "Attr3",
    "Transaction": 48
  },
  {
    "Index": 4730,
    "ObjectId": "Obj4730",
    "Attribute1": "Attr1",
    "Attribute2": "Attr2",
    "Attribute3": "Attr3",
    "Transaction": 48
  },
  {
    "Index": 4731,
    "ObjectId": "Obj4731",
    "Attribute1": "Attr1",
    "Attribute2": "Attr2",
    "Attribute3": "Attr3",
    "Transaction": 48
  },
  {
    "Index": 4732,
    "ObjectId": "Obj4732",
    "Attribute1": "Attr1",
    "Attribute2": "Attr2",
    "Attribute3": "Attr3",
    "Transaction": 48
  },
  {
    "Index": 4733,
    "ObjectId": "Obj4733",
    "Attribute1": "Attr1",
    "Attribute2": "Attr2",
    "Attribute3": "Attr3",
    "Transaction": 48
  },
  {
    "Index": 4734,
    "ObjectId": "Obj4734",
    "Attribute1": "Attr1",
    "Attribute2": "Attr2",
    "Attribute3": "Attr3",
    "Transaction": 48
  },
  {
    "Index": 4735,
    "ObjectId": "Obj4735",
    "Attribute1": "Attr1",
    "Attribute2": "Attr2",
    "Attribute3": "Attr3",
    "Transaction": 48
  },
  {
    "Index": 4736,
    "ObjectId": "Obj4736",
    "Attribute1": "Attr1",
    "Attribute2": "Attr2",
    "Attribute3": "Attr3",
    "Transaction": 48
  },
  {
    "Index": 4737,
    "ObjectId": "Obj4737",
    "Attribute1": "Attr1",
    "Attribute2": "Attr2",
    "Attribute3": "Attr3",
    "Transaction": 48
  },
  {
    "Index": 4738,
    "ObjectId": "Obj4738",
    "Attribute1": "Attr1",
    "Attribute2": "Attr2",
    "Attribute3": "Attr3",
    "Transaction": 48
  },
  {
    "Index": 4739,
    "ObjectId": "Obj4739",
    "Attribute1": "Attr1",
    "Attribute2": "Attr2",
    "Attribute3": "Attr3",
    "Transaction": 48
  },
  {
    "Index": 4740,
    "ObjectId": "Obj4740",
    "Attribute1": "Attr1",
    "Attribute2": "Attr2",
    "Attribute3": "Attr3",
    "Transaction": 48
  },
  {
    "Index": 4741,
    "ObjectId": "Obj4741",
    "Attribute1": "Attr1",
    "Attribute2": "Attr2",
    "Attribute3": "Attr3",
    "Transaction": 48
  },
  {
    "Index": 4742,
    "ObjectId": "Obj4742",
    "Attribute1": "Attr1",
    "Attribute2": "Attr2",
    "Attribute3": "Attr3",
    "Transaction": 48
  },
  {
    "Index": 4743,
    "ObjectId": "Obj4743",
    "Attribute1": "Attr1",
    "Attribute2": "Attr2",
    "Attribute3": "Attr3",
    "Transaction": 48
  },
  {
    "Index": 4744,
    "ObjectId": "Obj4744",
    "Attribute1": "Attr1",
    "Attribute2": "Attr2",
    "Attribute3": "Attr3",
    "Transaction": 48
  },
  {
    "Index": 4745,
    "ObjectId": "Obj4745",
    "Attribute1": "Attr1",
    "Attribute2": "Attr2",
    "Attribute3": "Attr3",
    "Transaction": 48
  },
  {
    "Index": 4746,
    "ObjectId": "Obj4746",
    "Attribute1": "Attr1",
    "Attribute2": "Attr2",
    "Attribute3": "Attr3",
    "Transaction": 48
  },
  {
    "Index": 4747,
    "ObjectId": "Obj4747",
    "Attribute1": "Attr1",
    "Attribute2": "Attr2",
    "Attribute3": "Attr3",
    "Transaction": 48
  },
  {
    "Index": 4748,
    "ObjectId": "Obj4748",
    "Attribute1": "Attr1",
    "Attribute2": "Attr2",
    "Attribute3": "Attr3",
    "Transaction": 48
  },
  {
    "Index": 4749,
    "ObjectId": "Obj4749",
    "Attribute1": "Attr1",
    "Attribute2": "Attr2",
    "Attribute3": "Attr3",
    "Transaction": 48
  },
  {
    "Index": 4750,
    "ObjectId": "Obj4750",
    "Attribute1": "Attr1",
    "Attribute2": "Attr2",
    "Attribute3": "Attr3",
    "Transaction": 48
  },
  {
    "Index": 4751,
    "ObjectId": "Obj4751",
    "Attribute1": "Attr1",
    "Attribute2": "Attr2",
    "Attribute3": "Attr3",
    "Transaction": 48
  },
  {
    "Index": 4752,
    "ObjectId": "Obj4752",
    "Attribute1": "Attr1",
    "Attribute2": "Attr2",
    "Attribute3": "Attr3",
    "Transaction": 48
  },
  {
    "Index": 4753,
    "ObjectId": "Obj4753",
    "Attribute1": "Attr1",
    "Attribute2": "Attr2",
    "Attribute3": "Attr3",
    "Transaction": 48
  },
  {
    "Index": 4754,
    "ObjectId": "Obj4754",
    "Attribute1": "Attr1",
    "Attribute2": "Attr2",
    "Attribute3": "Attr3",
    "Transaction": 48
  },
  {
    "Index": 4755,
    "ObjectId": "Obj4755",
    "Attribute1": "Attr1",
    "Attribute2": "Attr2",
    "Attribute3": "Attr3",
    "Transaction": 48
  },
  {
    "Index": 4756,
    "ObjectId": "Obj4756",
    "Attribute1": "Attr1",
    "Attribute2": "Attr2",
    "Attribute3": "Attr3",
    "Transaction": 48
  },
  {
    "Index": 4757,
    "ObjectId": "Obj4757",
    "Attribute1": "Attr1",
    "Attribute2": "Attr2",
    "Attribute3": "Attr3",
    "Transaction": 48
  },
  {
    "Index": 4758,
    "ObjectId": "Obj4758",
    "Attribute1": "Attr1",
    "Attribute2": "Attr2",
    "Attribute3": "Attr3",
    "Transaction": 48
  },
  {
    "Index": 4759,
    "ObjectId": "Obj4759",
    "Attribute1": "Attr1",
    "Attribute2": "Attr2",
    "Attribute3": "Attr3",
    "Transaction": 48
  },
  {
    "Index": 4760,
    "ObjectId": "Obj4760",
    "Attribute1": "Attr1",
    "Attribute2": "Attr2",
    "Attribute3": "Attr3",
    "Transaction": 48
  },
  {
    "Index": 4761,
    "ObjectId": "Obj4761",
    "Attribute1": "Attr1",
    "Attribute2": "Attr2",
    "Attribute3": "Attr3",
    "Transaction": 48
  },
  {
    "Index": 4762,
    "ObjectId": "Obj4762",
    "Attribute1": "Attr1",
    "Attribute2": "Attr2",
    "Attribute3": "Attr3",
    "Transaction": 48
  },
  {
    "Index": 4763,
    "ObjectId": "Obj4763",
    "Attribute1": "Attr1",
    "Attribute2": "Attr2",
    "Attribute3": "Attr3",
    "Transaction": 48
  },
  {
    "Index": 4764,
    "ObjectId": "Obj4764",
    "Attribute1": "Attr1",
    "Attribute2": "Attr2",
    "Attribute3": "Attr3",
    "Transaction": 48
  },
  {
    "Index": 4765,
    "ObjectId": "Obj4765",
    "Attribute1": "Attr1",
    "Attribute2": "Attr2",
    "Attribute3": "Attr3",
    "Transaction": 48
  },
  {
    "Index": 4766,
    "ObjectId": "Obj4766",
    "Attribute1": "Attr1",
    "Attribute2": "Attr2",
    "Attribute3": "Attr3",
    "Transaction": 48
  },
  {
    "Index": 4767,
    "ObjectId": "Obj4767",
    "Attribute1": "Attr1",
    "Attribute2": "Attr2",
    "Attribute3": "Attr3",
    "Transaction": 48
  },
  {
    "Index": 4768,
    "ObjectId": "Obj4768",
    "Attribute1": "Attr1",
    "Attribute2": "Attr2",
    "Attribute3": "Attr3",
    "Transaction": 48
  },
  {
    "Index": 4769,
    "ObjectId": "Obj4769",
    "Attribute1": "Attr1",
    "Attribute2": "Attr2",
    "Attribute3": "Attr3",
    "Transaction": 48
  },
  {
    "Index": 4770,
    "ObjectId": "Obj4770",
    "Attribute1": "Attr1",
    "Attribute2": "Attr2",
    "Attribute3": "Attr3",
    "Transaction": 48
  },
  {
    "Index": 4771,
    "ObjectId": "Obj4771",
    "Attribute1": "Attr1",
    "Attribute2": "Attr2",
    "Attribute3": "Attr3",
    "Transaction": 48
  },
  {
    "Index": 4772,
    "ObjectId": "Obj4772",
    "Attribute1": "Attr1",
    "Attribute2": "Attr2",
    "Attribute3": "Attr3",
    "Transaction": 48
  },
  {
    "Index": 4773,
    "ObjectId": "Obj4773",
    "Attribute1": "Attr1",
    "Attribute2": "Attr2",
    "Attribute3": "Attr3",
    "Transaction": 48
  },
  {
    "Index": 4774,
    "ObjectId": "Obj4774",
    "Attribute1": "Attr1",
    "Attribute2": "Attr2",
    "Attribute3": "Attr3",
    "Transaction": 48
  },
  {
    "Index": 4775,
    "ObjectId": "Obj4775",
    "Attribute1": "Attr1",
    "Attribute2": "Attr2",
    "Attribute3": "Attr3",
    "Transaction": 48
  },
  {
    "Index": 4776,
    "ObjectId": "Obj4776",
    "Attribute1": "Attr1",
    "Attribute2": "Attr2",
    "Attribute3": "Attr3",
    "Transaction": 48
  },
  {
    "Index": 4777,
    "ObjectId": "Obj4777",
    "Attribute1": "Attr1",
    "Attribute2": "Attr2",
    "Attribute3": "Attr3",
    "Transaction": 48
  },
  {
    "Index": 4778,
    "ObjectId": "Obj4778",
    "Attribute1": "Attr1",
    "Attribute2": "Attr2",
    "Attribute3": "Attr3",
    "Transaction": 48
  },
  {
    "Index": 4779,
    "ObjectId": "Obj4779",
    "Attribute1": "Attr1",
    "Attribute2": "Attr2",
    "Attribute3": "Attr3",
    "Transaction": 48
  },
  {
    "Index": 4780,
    "ObjectId": "Obj4780",
    "Attribute1": "Attr1",
    "Attribute2": "Attr2",
    "Attribute3": "Attr3",
    "Transaction": 48
  },
  {
    "Index": 4781,
    "ObjectId": "Obj4781",
    "Attribute1": "Attr1",
    "Attribute2": "Attr2",
    "Attribute3": "Attr3",
    "Transaction": 48
  },
  {
    "Index": 4782,
    "ObjectId": "Obj4782",
    "Attribute1": "Attr1",
    "Attribute2": "Attr2",
    "Attribute3": "Attr3",
    "Transaction": 48
  },
  {
    "Index": 4783,
    "ObjectId": "Obj4783",
    "Attribute1": "Attr1",
    "Attribute2": "Attr2",
    "Attribute3": "Attr3",
    "Transaction": 48
  },
  {
    "Index": 4784,
    "ObjectId": "Obj4784",
    "Attribute1": "Attr1",
    "Attribute2": "Attr2",
    "Attribute3": "Attr3",
    "Transaction": 48
  },
  {
    "Index": 4785,
    "ObjectId": "Obj4785",
    "Attribute1": "Attr1",
    "Attribute2": "Attr2",
    "Attribute3": "Attr3",
    "Transaction": 48
  },
  {
    "Index": 4786,
    "ObjectId": "Obj4786",
    "Attribute1": "Attr1",
    "Attribute2": "Attr2",
    "Attribute3": "Attr3",
    "Transaction": 48
  },
  {
    "Index": 4787,
    "ObjectId": "Obj4787",
    "Attribute1": "Attr1",
    "Attribute2": "Attr2",
    "Attribute3": "Attr3",
    "Transaction": 48
  },
  {
    "Index": 4788,
    "ObjectId": "Obj4788",
    "Attribute1": "Attr1",
    "Attribute2": "Attr2",
    "Attribute3": "Attr3",
    "Transaction": 48
  },
  {
    "Index": 4789,
    "ObjectId": "Obj4789",
    "Attribute1": "Attr1",
    "Attribute2": "Attr2",
    "Attribute3": "Attr3",
    "Transaction": 48
  },
  {
    "Index": 4790,
    "ObjectId": "Obj4790",
    "Attribute1": "Attr1",
    "Attribute2": "Attr2",
    "Attribute3": "Attr3",
    "Transaction": 48
  },
  {
    "Index": 4791,
    "ObjectId": "Obj4791",
    "Attribute1": "Attr1",
    "Attribute2": "Attr2",
    "Attribute3": "Attr3",
    "Transaction": 48
  },
  {
    "Index": 4792,
    "ObjectId": "Obj4792",
    "Attribute1": "Attr1",
    "Attribute2": "Attr2",
    "Attribute3": "Attr3",
    "Transaction": 48
  },
  {
    "Index": 4793,
    "ObjectId": "Obj4793",
    "Attribute1": "Attr1",
    "Attribute2": "Attr2",
    "Attribute3": "Attr3",
    "Transaction": 48
  },
  {
    "Index": 4794,
    "ObjectId": "Obj4794",
    "Attribute1": "Attr1",
    "Attribute2": "Attr2",
    "Attribute3": "Attr3",
    "Transaction": 48
  },
  {
    "Index": 4795,
    "ObjectId": "Obj4795",
    "Attribute1": "Attr1",
    "Attribute2": "Attr2",
    "Attribute3": "Attr3",
    "Transaction": 48
  },
  {
    "Index": 4796,
    "ObjectId": "Obj4796",
    "Attribute1": "Attr1",
    "Attribute2": "Attr2",
    "Attribute3": "Attr3",
    "Transaction": 48
  },
  {
    "Index": 4797,
    "ObjectId": "Obj4797",
    "Attribute1": "Attr1",
    "Attribute2": "Attr2",
    "Attribute3": "Attr3",
    "Transaction": 48
  },
  {
    "Index": 4798,
    "ObjectId": "Obj4798",
    "Attribute1": "Attr1",
    "Attribute2": "Attr2",
    "Attribute3": "Attr3",
    "Transaction": 48
  },
  {
    "Index": 4799,
    "ObjectId": "Obj4799",
    "Attribute1": "Attr1",
    "Attribute2": "Attr2",
    "Attribute3": "Attr3",
    "Transaction": 48
  },
  {
    "Index": 4800,
    "ObjectId": "Obj4800",
    "Attribute1": "Attr1",
    "Attribute2": "Attr2",
    "Attribute3": "Attr3",
    "Transaction": 48
  }
]